#
# There is insufficient memory for the Java Runtime Environment to continue.
# Native memory allocation (mmap) failed to map 1056964608 bytes. Error detail: G1 virtual space
# Possible reasons:
#   The system is out of physical RAM or swap space
#   This process is running with CompressedOops enabled, and the Java Heap may be blocking the growth of the native heap
# Possible solutions:
#   Reduce memory load on the system
#   Increase physical memory or swap space
#   Check if swap backing store is full
#   Decrease Java heap size (-Xmx/-Xms)
#   Decrease number of Java threads
#   Decrease Java thread stack sizes (-Xss)
#   Set larger code cache with -XX:ReservedCodeCacheSize=
#   JVM is running with Zero Based Compressed Oops mode in which the Java heap is
#     placed in the first 32GB address space. The Java Heap base address is the
#     maximum limit for the native heap growth. Please use -XX:HeapBaseMinAddress
#     to set the Java Heap base and to place the Java Heap above 32GB virtual address.
# This output file may be truncated or incomplete.
#
#  Out of Memory Error (os_windows.cpp:3690), pid=6004, tid=1916
#
# JRE version: OpenJDK Runtime Environment Microsoft-13106358 (17.0.18+8) (build 17.0.18+8-LTS)
# Java VM: OpenJDK 64-Bit Server VM Microsoft-13106358 (17.0.18+8-LTS, mixed mode, sharing, tiered, compressed oops, compressed class ptrs, g1 gc, windows-amd64)
# No core dump will be written. Minidumps are not enabled by default on client versions of Windows
#

---------------  S U M M A R Y ------------

Command Line: --add-opens=java.base/java.lang=ALL-UNNAMED --add-opens=java.base/java.lang.invoke=ALL-UNNAMED --add-opens=java.base/java.util=ALL-UNNAMED --add-opens=java.prefs/java.util.prefs=ALL-UNNAMED --add-exports=jdk.compiler/com.sun.tools.javac.api=ALL-UNNAMED --add-exports=jdk.compiler/com.sun.tools.javac.util=ALL-UNNAMED --add-opens=java.base/java.util=ALL-UNNAMED --add-opens=java.prefs/java.util.prefs=ALL-UNNAMED --add-opens=java.base/java.nio.charset=ALL-UNNAMED --add-opens=java.base/java.net=ALL-UNNAMED --add-opens=java.base/java.util.concurrent.atomic=ALL-UNNAMED --add-opens=java.xml/javax.xml.namespace=ALL-UNNAMED -XX:MaxMetaspaceSize=1024m --add-exports=jdk.compiler/com.sun.tools.javac.main=ALL-UNNAMED --add-exports=jdk.compiler/com.sun.tools.javac.file=ALL-UNNAMED --add-exports=jdk.compiler/com.sun.tools.javac.util=ALL-UNNAMED --add-exports=jdk.compiler/com.sun.tools.javac.tree=ALL-UNNAMED --add-exports=jdk.compiler/com.sun.tools.javac.api=ALL-UNNAMED -Xmx4096m -Dfile.encoding=UTF-8 -Duser.country=IN -Duser.language=en -Duser.variant -javaagent:C:\Users\ravip\.gradle\wrapper\dists\gradle-8.13-bin\5xuhj0ry160q40clulazy9h7d\gradle-8.13\lib\agents\gradle-instrumentation-agent-8.13.jar org.gradle.launcher.daemon.bootstrap.GradleDaemon 8.13

Host: 11th Gen Intel(R) Core(TM) i5-11500 @ 2.70GHz, 12 cores, 15G,  Windows 11 , 64 bit Build 26100 (10.0.26100.8246)
Time: Thu Apr 23 17:48:16 2026 India Standard Time elapsed time: 2046.408606 seconds (0d 0h 34m 6s)

---------------  T H R E A D  ---------------

Current thread (0x0000020c6d90e420):  VMThread "VM Thread" [stack: 0x000000acf6500000,0x000000acf6600000] [id=1916]

Stack: [0x000000acf6500000,0x000000acf6600000]
Native frames: (J=compiled Java code, j=interpreted, Vv=VM code, C=native code)
V  [jvm.dll+0x68c879]  (no source info available)
V  [jvm.dll+0x845979]  (no source info available)
V  [jvm.dll+0x8476e8]  (no source info available)
V  [jvm.dll+0x847d73]  (no source info available)
V  [jvm.dll+0x24cf6f]  (no source info available)
V  [jvm.dll+0x68bc79]  (no source info available)
V  [jvm.dll+0x68023a]  (no source info available)
V  [jvm.dll+0x3101a0]  (no source info available)
V  [jvm.dll+0x310042]  (no source info available)
V  [jvm.dll+0x317599]  (no source info available)
V  [jvm.dll+0x369999]  (no source info available)
V  [jvm.dll+0x369bcd]  (no source info available)
V  [jvm.dll+0x2e69aa]  (no source info available)
V  [jvm.dll+0x2e4da1]  (no source info available)
V  [jvm.dll+0x2e453c]  (no source info available)
V  [jvm.dll+0x328ecb]  (no source info available)
V  [jvm.dll+0x84c5fd]  (no source info available)
V  [jvm.dll+0x84d313]  (no source info available)
V  [jvm.dll+0x84d844]  (no source info available)
V  [jvm.dll+0x84dc28]  (no source info available)
V  [jvm.dll+0x84dd1e]  (no source info available)
V  [jvm.dll+0x7f5ebc]  (no source info available)
V  [jvm.dll+0x68de17]  (no source info available)
C  [ucrtbase.dll+0x37b0]  (no source info available)
C  [KERNEL32.DLL+0x2e8d7]  (no source info available)
C  [ntdll.dll+0x8c3fc]  (no source info available)

VM_Operation (0x000000ac84bfbd90): G1CollectForAllocation, mode: safepoint, requested by thread 0x0000020c76e20260


---------------  P R O C E S S  ---------------

Threads class SMR info:
_java_thread_list=0x0000020c44eb00f0, length=245, elements={
0x0000020c4a3aacb0, 0x0000020c6d90e960, 0x0000020c6d916050, 0x0000020c6d929d40,
0x0000020c6d92a610, 0x0000020c6d92aee0, 0x0000020c6d92b7b0, 0x0000020c6d9343e0,
0x0000020c6d946320, 0x0000020c6d947030, 0x0000020c6d900720, 0x0000020c6db723e0,
0x0000020c737ce540, 0x0000020c72d332f0, 0x0000020c72b420c0, 0x0000020c73d631d0,
0x0000020c73d64610, 0x0000020c73d65540, 0x0000020c73d65f60, 0x0000020c73d627b0,
0x0000020c73d66470, 0x0000020c73d66980, 0x0000020c73d678b0, 0x0000020c73d687e0,
0x0000020c752d3a00, 0x0000020c752d4930, 0x0000020c759dcec0, 0x0000020c759db570,
0x0000020c759dba80, 0x0000020c78361640, 0x0000020c783643d0, 0x0000020c782f17b0,
0x0000020c78e2ae80, 0x0000020c78e2e120, 0x0000020c78e2e630, 0x0000020c78e2d1f0,
0x0000020c3a1762d0, 0x0000020c3c40ddd0, 0x0000020c76b6b920, 0x0000020c3afba470,
0x0000020c39aa1eb0, 0x0000020c3d5e49b0, 0x0000020c3d5e6300, 0x0000020c7611c330,
0x0000020c758995f0, 0x0000020c3d3fd570, 0x0000020c78e364c0, 0x0000020c3d3fda80,
0x0000020c6dad3650, 0x0000020c7315c710, 0x0000020c7315c200, 0x0000020c7afd22b0,
0x0000020c3b126080, 0x0000020c752cfd40, 0x0000020c74007ff0, 0x0000020c79febcf0,
0x0000020c7afd1380, 0x0000020c79fec710, 0x0000020c7ac27610, 0x0000020c6dad12e0,
0x0000020c752cee10, 0x0000020c3d5e58e0, 0x0000020c7430f8f0, 0x0000020c3d5e5df0,
0x0000020c3ea89fb0, 0x0000020c78e29020, 0x0000020c720af240, 0x0000020c720b0680,
0x0000020c3d3fd060, 0x0000020c3d673560, 0x0000020c3d3fdf90, 0x0000020c3d3fcb50,
0x0000020c3d3fe4a0, 0x0000020c3d3feec0, 0x0000020c3d3fc130, 0x0000020c3d3fc640,
0x0000020c3d3fe9b0, 0x0000020c741a5820, 0x0000020c741a2fa0, 0x0000020c741a43e0,
0x0000020c741a48f0, 0x0000020c741a2070, 0x0000020c741a34b0, 0x0000020c741a3ed0,
0x0000020c3d6758d0, 0x0000020c3d673a70, 0x0000020c3d675de0, 0x0000020c3d673f80,
0x0000020c3d6749a0, 0x0000020c3d6753c0, 0x0000020c3d676800, 0x0000020c3d674eb0,
0x0000020c3d6762f0, 0x0000020c3d674490, 0x0000020c79fed130, 0x0000020c79feb7e0,
0x0000020c79fed640, 0x0000020c79feb2d0, 0x0000020c78e26cb0, 0x0000020c78e280f0,
0x0000020c78e2b390, 0x0000020c78e2bdb0, 0x0000020c78e28600, 0x0000020c78e2d700,
0x0000020c78e2eb40, 0x0000020c78e2f050, 0x0000020c3ea89590, 0x0000020c3ea8aee0,
0x0000020c3ea8b3f0, 0x0000020c3ea89aa0, 0x0000020c3ea89080, 0x0000020c3ea8b900,
0x0000020c3a4d20a0, 0x0000020c3a4d1170, 0x0000020c3a4d0750, 0x0000020c3a4d1680,
0x0000020c7afd27c0, 0x0000020c7afd1890, 0x0000020c7afd2cd0, 0x0000020c7afd36f0,
0x0000020c7afd3c00, 0x0000020c7afd4110, 0x0000020c76e20260, 0x0000020c3ea8be10,
0x0000020c3ea8c320, 0x0000020c3ea8a9d0, 0x0000020c3ea8c830, 0x0000020c76b69ac0,
0x0000020c76b6a4e0, 0x0000020c76b6af00, 0x0000020c76b69fd0, 0x0000020c741a39c0,
0x0000020c741a2580, 0x0000020c741a2a90, 0x0000020c6db36a40, 0x0000020c6db37970,
0x0000020c6db37e80, 0x0000020c6db37460, 0x0000020c6db36f50, 0x0000020c3b867f20,
0x0000020c3b866ae0, 0x0000020c3b866ff0, 0x0000020c3a113d00, 0x0000020c3a114210,
0x0000020c3a116070, 0x0000020c3a114720, 0x0000020c3a115b60, 0x0000020c3a116580,
0x0000020c3b125660, 0x0000020c3b126aa0, 0x0000020c6dad1d00, 0x0000020c6dacfea0,
0x0000020c6dad03b0, 0x0000020c79fedb50, 0x0000020c79fec200, 0x0000020c79feea80,
0x0000020c79fee060, 0x0000020c79fecc20, 0x0000020c7a467650, 0x0000020c7a4657f0,
0x0000020c7a467b60, 0x0000020c7a466210, 0x0000020c7a468070, 0x0000020c7a465d00,
0x0000020c78e2fa70, 0x0000020c7a468580, 0x0000020c7a468a90, 0x0000020c7a468fa0,
0x0000020c7a466720, 0x0000020c7a466c30, 0x0000020c7a467140, 0x0000020c3a0c2400,
0x0000020c3a0c2e20, 0x0000020c3a0c2910, 0x0000020c3a0c19e0, 0x0000020c3a0c3330,
0x0000020c6dad08c0, 0x0000020c73e85030, 0x0000020c73e836e0, 0x0000020c73e83bf0,
0x0000020c73e831d0, 0x0000020c73e84100, 0x0000020c73e85f60, 0x0000020c73e84b20,
0x0000020c73e85a50, 0x0000020c73e84610, 0x0000020c78e2c2c0, 0x0000020c78e33730,
0x0000020c78e32d10, 0x0000020c78e2ff80, 0x0000020c78e33c40, 0x0000020c78e32800,
0x0000020c78e30490, 0x0000020c78e33220, 0x0000020c78e313c0, 0x0000020c78e34150,
0x0000020c78e309a0, 0x0000020c78e34660, 0x0000020c78e35080, 0x0000020c3a4d25b0,
0x0000020c3a4d2ac0, 0x0000020c3a4d34e0, 0x0000020c73014a50, 0x0000020c73014f60,
0x0000020c73013b20, 0x0000020c73014030, 0x0000020c39a42930, 0x0000020c39a44ca0,
0x0000020c7abfd740, 0x0000020c7abfe670, 0x0000020c7abfe160, 0x0000020c3d220650,
0x0000020c3d2233e0, 0x0000020c3d2224b0, 0x0000020c3d2238f0, 0x0000020c3d220140,
0x0000020c3d220b60, 0x0000020c3d221070, 0x0000020c7430d070, 0x0000020c720af750,
0x0000020c7430f3e0, 0x0000020c7430e9c0, 0x0000020c7430eed0, 0x0000020c7430d580,
0x0000020c7430da90, 0x0000020c720b10a0, 0x0000020c76e20c80, 0x0000020c7abfdc50,
0x0000020c3b126fb0, 0x0000020c39a43860, 0x0000020c39a44790, 0x0000020c39a42e40,
0x0000020c39a460e0, 0x0000020c39a45bd0, 0x0000020c39a44280, 0x0000020c39a43350,
0x0000020c39a43d70, 0x0000020c39a451b0, 0x0000020c39a456c0, 0x0000020c3e63c770,
0x0000020c3e63c260, 0x0000020c3e638fc0, 0x0000020c3e6399e0, 0x0000020c6dad2210,
0x0000020c720b15b0
}

Java Threads: ( => current thread )
  0x0000020c4a3aacb0 JavaThread "main" [_thread_blocked, id=14880, stack(0x000000acf5f00000,0x000000acf6000000)]
  0x0000020c6d90e960 JavaThread "Reference Handler" daemon [_thread_blocked, id=7956, stack(0x000000acf6600000,0x000000acf6700000)]
  0x0000020c6d916050 JavaThread "Finalizer" daemon [_thread_blocked, id=17264, stack(0x000000acf6700000,0x000000acf6800000)]
  0x0000020c6d929d40 JavaThread "Signal Dispatcher" daemon [_thread_blocked, id=4116, stack(0x000000acf6800000,0x000000acf6900000)]
  0x0000020c6d92a610 JavaThread "Attach Listener" daemon [_thread_blocked, id=19028, stack(0x000000acf6900000,0x000000acf6a00000)]
  0x0000020c6d92aee0 JavaThread "Service Thread" daemon [_thread_blocked, id=16944, stack(0x000000acf6a00000,0x000000acf6b00000)]
  0x0000020c6d92b7b0 JavaThread "Monitor Deflation Thread" daemon [_thread_blocked, id=18876, stack(0x000000acf6b00000,0x000000acf6c00000)]
  0x0000020c6d9343e0 JavaThread "C2 CompilerThread0" daemon [_thread_blocked, id=6808, stack(0x000000acf6c00000,0x000000acf6d00000)]
  0x0000020c6d946320 JavaThread "C1 CompilerThread0" daemon [_thread_blocked, id=12864, stack(0x000000acf6d00000,0x000000acf6e00000)]
  0x0000020c6d947030 JavaThread "Sweeper thread" daemon [_thread_blocked, id=8224, stack(0x000000acf6e00000,0x000000acf6f00000)]
  0x0000020c6d900720 JavaThread "Common-Cleaner" daemon [_thread_blocked, id=11192, stack(0x000000acf6f00000,0x000000acf7000000)]
  0x0000020c6db723e0 JavaThread "Notification Thread" daemon [_thread_blocked, id=14392, stack(0x000000acf7000000,0x000000acf7100000)]
  0x0000020c737ce540 JavaThread "Daemon health stats" [_thread_blocked, id=19536, stack(0x000000acf7a00000,0x000000acf7b00000)]
  0x0000020c72d332f0 JavaThread "Incoming local TCP Connector on port 54667" [_thread_in_native, id=11812, stack(0x000000acf7b00000,0x000000acf7c00000)]
  0x0000020c72b420c0 JavaThread "Daemon periodic checks" [_thread_blocked, id=4648, stack(0x000000acf7c00000,0x000000acf7d00000)]
  0x0000020c73d631d0 JavaThread "Cache worker for journal cache (C:\Users\ravip\.gradle\caches\journal-1)" [_thread_blocked, id=8640, stack(0x000000acf7300000,0x000000acf7400000)]
  0x0000020c73d64610 JavaThread "File lock request listener" [_thread_in_native, id=16024, stack(0x000000acf8400000,0x000000acf8500000)]
  0x0000020c73d65540 JavaThread "Cache worker for file hash cache (C:\Users\ravip\.gradle\caches\8.13\fileHashes)" [_thread_blocked, id=17820, stack(0x000000acf8500000,0x000000acf8600000)]
  0x0000020c73d65f60 JavaThread "File watcher server" daemon [_thread_blocked, id=384, stack(0x000000acf8e00000,0x000000acf8f00000)]
  0x0000020c73d627b0 JavaThread "File watcher consumer" daemon [_thread_blocked, id=15728, stack(0x000000acf8f00000,0x000000acf9000000)]
  0x0000020c73d66470 JavaThread "jar transforms" [_thread_blocked, id=20516, stack(0x000000acf9000000,0x000000acf9100000)]
  0x0000020c73d66980 JavaThread "jar transforms Thread 2" [_thread_blocked, id=20440, stack(0x000000acf9100000,0x000000acf9200000)]
  0x0000020c73d678b0 JavaThread "Cache worker for file content cache (C:\Users\ravip\.gradle\caches\8.13\fileContent)" [_thread_blocked, id=4168, stack(0x000000acf9400000,0x000000acf9500000)]
  0x0000020c73d687e0 JavaThread "jar transforms Thread 3" [_thread_blocked, id=13464, stack(0x000000acf9500000,0x000000acf9600000)]
  0x0000020c752d3a00 JavaThread "jar transforms Thread 4" [_thread_blocked, id=15764, stack(0x000000acfac00000,0x000000acfad00000)]
  0x0000020c752d4930 JavaThread "jar transforms Thread 5" [_thread_blocked, id=16956, stack(0x000000acfad00000,0x000000acfae00000)]
  0x0000020c759dcec0 JavaThread "jar transforms Thread 6" [_thread_blocked, id=21384, stack(0x000000acfb800000,0x000000acfb900000)]
  0x0000020c759db570 JavaThread "jar transforms Thread 7" [_thread_blocked, id=12844, stack(0x000000acfb900000,0x000000acfba00000)]
  0x0000020c759dba80 JavaThread "jar transforms Thread 8" [_thread_blocked, id=4232, stack(0x000000acfba00000,0x000000acfbb00000)]
  0x0000020c78361640 JavaThread "Memory manager" [_thread_blocked, id=16432, stack(0x000000acff000000,0x000000acff100000)]
  0x0000020c783643d0 JavaThread "ForkJoinPool.commonPool-worker-2" daemon [_thread_blocked, id=6924, stack(0x000000acff400000,0x000000acff500000)]
  0x0000020c782f17b0 JavaThread "pool-3-thread-1" [_thread_blocked, id=3320, stack(0x000000ac80200000,0x000000ac80300000)]
  0x0000020c78e2ae80 JavaThread "RMI Scheduler(0)" daemon [_thread_blocked, id=7724, stack(0x000000ac84500000,0x000000ac84600000)]
  0x0000020c78e2e120 JavaThread "RMI GC Daemon" daemon [_thread_blocked, id=17988, stack(0x000000ac84700000,0x000000ac84800000)]
  0x0000020c78e2e630 JavaThread "RMI TCP Accept-0" daemon [_thread_in_native, id=11732, stack(0x000000ac84800000,0x000000ac84900000)]
  0x0000020c78e2d1f0 JavaThread "RMI Reaper" [_thread_blocked, id=21184, stack(0x000000ac84900000,0x000000ac84a00000)]
  0x0000020c3a1762d0 JavaThread "Cache worker for Java compile cache (C:\Users\ravip\.gradle\caches\8.13\javaCompile)" [_thread_blocked, id=17232, stack(0x000000ac84400000,0x000000ac84500000)]
  0x0000020c3c40ddd0 JavaThread "pool-8-thread-1" [_thread_blocked, id=17444, stack(0x000000ac85700000,0x000000ac85800000)]
  0x0000020c76b6b920 JavaThread "pool-12-thread-1" [_thread_blocked, id=2220, stack(0x000000ac85400000,0x000000ac85500000)]
  0x0000020c3afba470 JavaThread "pool-15-thread-1" [_thread_blocked, id=17400, stack(0x000000ac83500000,0x000000ac83600000)]
  0x0000020c39aa1eb0 JavaThread "pool-18-thread-1" [_thread_blocked, id=19060, stack(0x000000ac83600000,0x000000ac83700000)]
  0x0000020c3d5e49b0 JavaThread "jar transforms Thread 9" [_thread_blocked, id=15652, stack(0x000000ac82000000,0x000000ac82100000)]
  0x0000020c3d5e6300 JavaThread "jar transforms Thread 10" [_thread_blocked, id=12240, stack(0x000000ac82b00000,0x000000ac82c00000)]
  0x0000020c7611c330 JavaThread "pool-21-thread-1" [_thread_blocked, id=4052, stack(0x000000ac86400000,0x000000ac86500000)]
  0x0000020c758995f0 JavaThread "pool-26-thread-1" [_thread_blocked, id=11580, stack(0x000000ac85900000,0x000000ac85a00000)]
  0x0000020c3d3fd570 JavaThread "pool-30-thread-1" [_thread_blocked, id=13172, stack(0x000000ac85a00000,0x000000ac85b00000)]
  0x0000020c78e364c0 JavaThread "ForkJoinPool.commonPool-worker-16" daemon [_thread_blocked, id=4468, stack(0x000000ac85e00000,0x000000ac85f00000)]
  0x0000020c3d3fda80 JavaThread "pool-33-thread-1" [_thread_blocked, id=15640, stack(0x000000ac86000000,0x000000ac86100000)]
  0x0000020c6dad3650 JavaThread "pool-38-thread-1" [_thread_blocked, id=21176, stack(0x000000ac86300000,0x000000ac86400000)]
  0x0000020c7315c710 JavaThread "ForkJoinPool.commonPool-worker-21" daemon [_thread_blocked, id=6320, stack(0x000000ac85c00000,0x000000ac85d00000)]
  0x0000020c7315c200 JavaThread "ForkJoinPool.commonPool-worker-22" daemon [_thread_blocked, id=15496, stack(0x000000ac85d00000,0x000000ac85e00000)]
  0x0000020c7afd22b0 JavaThread "pool-42-thread-1" [_thread_blocked, id=9492, stack(0x000000ac86500000,0x000000ac86600000)]
  0x0000020c3b126080 JavaThread "ForkJoinPool.commonPool-worker-26" daemon [_thread_blocked, id=6196, stack(0x000000ac8ac00000,0x000000ac8ad00000)]
  0x0000020c752cfd40 JavaThread "pool-47-thread-1" [_thread_blocked, id=15512, stack(0x000000ac86600000,0x000000ac86700000)]
  0x0000020c74007ff0 JavaThread "ForkJoinPool.commonPool-worker-29" daemon [_thread_blocked, id=6348, stack(0x000000ac8b200000,0x000000ac8b300000)]
  0x0000020c79febcf0 JavaThread "ForkJoinPool.commonPool-worker-30" daemon [_thread_blocked, id=2744, stack(0x000000ac85b00000,0x000000ac85c00000)]
  0x0000020c7afd1380 JavaThread "ForkJoinPool.commonPool-worker-31" daemon [_thread_blocked, id=16652, stack(0x000000ac86200000,0x000000ac86300000)]
  0x0000020c79fec710 JavaThread "pool-51-thread-1" [_thread_blocked, id=18684, stack(0x000000ac86700000,0x000000ac86800000)]
  0x0000020c7ac27610 JavaThread "pool-56-thread-1" [_thread_blocked, id=14068, stack(0x000000ac85600000,0x000000ac85700000)]
  0x0000020c6dad12e0 JavaThread "Daemon Thread 6" [_thread_blocked, id=19160, stack(0x000000ac80000000,0x000000ac80100000)]
  0x0000020c752cee10 JavaThread "Daemon worker Thread 6" [_thread_blocked, id=5988, stack(0x000000ac80500000,0x000000ac80600000)]
  0x0000020c3d5e58e0 JavaThread "pool-60-thread-1" [_thread_blocked, id=17776, stack(0x000000ac83a00000,0x000000ac83b00000)]
  0x0000020c7430f8f0 JavaThread "pool-63-thread-1" [_thread_blocked, id=11588, stack(0x000000ac83c00000,0x000000ac83d00000)]
  0x0000020c3d5e5df0 JavaThread "pool-66-thread-1" [_thread_blocked, id=18552, stack(0x000000ac83d00000,0x000000ac83e00000)]
  0x0000020c3ea89fb0 JavaThread "pool-69-thread-1" [_thread_blocked, id=7500, stack(0x000000ac83b00000,0x000000ac83c00000)]
  0x0000020c78e29020 JavaThread "pool-72-thread-1" [_thread_blocked, id=12840, stack(0x000000ac83e00000,0x000000ac83f00000)]
  0x0000020c720af240 JavaThread "RMI TCP Connection(45)-127.0.0.1" daemon [_thread_in_native, id=18980, stack(0x000000ac83800000,0x000000ac83900000)]
  0x0000020c720b0680 JavaThread "RMI TCP Connection(43)-127.0.0.1" daemon [_thread_in_native, id=20200, stack(0x000000ac83f00000,0x000000ac84000000)]
  0x0000020c3d3fd060 JavaThread "Handler for socket connection from /127.0.0.1:54667 to /127.0.0.1:54992" [_thread_in_native, id=7820, stack(0x000000ac80100000,0x000000ac80200000)]
  0x0000020c3d673560 JavaThread "Cancel handler" [_thread_blocked, id=16312, stack(0x000000ac80300000,0x000000ac80400000)]
  0x0000020c3d3fdf90 JavaThread "Asynchronous log dispatcher for DefaultDaemonConnection: socket connection from /127.0.0.1:54667 to /127.0.0.1:54992" [_thread_blocked, id=11008, stack(0x000000ac80400000,0x000000ac80500000)]
  0x0000020c3d3fcb50 JavaThread "Stdin handler" [_thread_blocked, id=11312, stack(0x000000ac80700000,0x000000ac80800000)]
  0x0000020c3d3fe4a0 JavaThread "Daemon client event forwarder" [_thread_blocked, id=20768, stack(0x000000ac80800000,0x000000ac80900000)]
  0x0000020c3d3feec0 JavaThread "Cache worker for file hash cache (C:\Users\ravip\AndroidStudioProjects\PoliceMobileDirectory\.gradle\8.13\fileHashes)" [_thread_blocked, id=3848, stack(0x000000ac80900000,0x000000ac80a00000)]
  0x0000020c3d3fc130 JavaThread "Cache worker for Build Output Cleanup Cache (C:\Users\ravip\AndroidStudioProjects\PoliceMobileDirectory\.gradle\buildOutputCleanup)" [_thread_blocked, id=18392, stack(0x000000ac80a00000,0x000000ac80b00000)]
  0x0000020c3d3fc640 JavaThread "Cache worker for checksums cache (C:\Users\ravip\AndroidStudioProjects\PoliceMobileDirectory\.gradle\8.13\checksums)" [_thread_blocked, id=17112, stack(0x000000ac80b00000,0x000000ac80c00000)]
  0x0000020c3d3fe9b0 JavaThread "Cache worker for cache directory md-supplier (C:\Users\ravip\.gradle\caches\8.13\md-supplier)" [_thread_blocked, id=15892, stack(0x000000ac80c00000,0x000000ac80d00000)]
  0x0000020c741a5820 JavaThread "Cache worker for cache directory md-rule (C:\Users\ravip\.gradle\caches\8.13\md-rule)" [_thread_blocked, id=21196, stack(0x000000ac80d00000,0x000000ac80e00000)]
  0x0000020c741a2fa0 JavaThread "Unconstrained build operations" [_thread_blocked, id=1508, stack(0x000000ac80e00000,0x000000ac80f00000)]
  0x0000020c741a43e0 JavaThread "Unconstrained build operations Thread 2" [_thread_blocked, id=4300, stack(0x000000ac80f00000,0x000000ac81000000)]
  0x0000020c741a48f0 JavaThread "Unconstrained build operations Thread 3" [_thread_blocked, id=18188, stack(0x000000ac81000000,0x000000ac81100000)]
  0x0000020c741a2070 JavaThread "Unconstrained build operations Thread 4" [_thread_blocked, id=16692, stack(0x000000ac81100000,0x000000ac81200000)]
  0x0000020c741a34b0 JavaThread "Unconstrained build operations Thread 5" [_thread_blocked, id=19116, stack(0x000000ac81200000,0x000000ac81300000)]
  0x0000020c741a3ed0 JavaThread "Unconstrained build operations Thread 6" [_thread_blocked, id=10140, stack(0x000000ac81300000,0x000000ac81400000)]
  0x0000020c3d6758d0 JavaThread "Unconstrained build operations Thread 7" [_thread_blocked, id=15240, stack(0x000000ac81400000,0x000000ac81500000)]
  0x0000020c3d673a70 JavaThread "Unconstrained build operations Thread 8" [_thread_blocked, id=20476, stack(0x000000ac81500000,0x000000ac81600000)]
  0x0000020c3d675de0 JavaThread "Unconstrained build operations Thread 9" [_thread_blocked, id=12284, stack(0x000000ac81600000,0x000000ac81700000)]
  0x0000020c3d673f80 JavaThread "Unconstrained build operations Thread 10" [_thread_blocked, id=19544, stack(0x000000ac81700000,0x000000ac81800000)]
  0x0000020c3d6749a0 JavaThread "Unconstrained build operations Thread 11" [_thread_blocked, id=7940, stack(0x000000ac81800000,0x000000ac81900000)]
  0x0000020c3d6753c0 JavaThread "Unconstrained build operations Thread 12" [_thread_blocked, id=8612, stack(0x000000ac81900000,0x000000ac81a00000)]
  0x0000020c3d676800 JavaThread "Unconstrained build operations Thread 13" [_thread_blocked, id=19848, stack(0x000000ac81a00000,0x000000ac81b00000)]
  0x0000020c3d674eb0 JavaThread "Unconstrained build operations Thread 14" [_thread_blocked, id=17156, stack(0x000000ac81b00000,0x000000ac81c00000)]
  0x0000020c3d6762f0 JavaThread "Unconstrained build operations Thread 15" [_thread_blocked, id=3312, stack(0x000000ac81c00000,0x000000ac81d00000)]
  0x0000020c3d674490 JavaThread "Unconstrained build operations Thread 16" [_thread_blocked, id=4660, stack(0x000000ac81d00000,0x000000ac81e00000)]
  0x0000020c79fed130 JavaThread "Unconstrained build operations Thread 17" [_thread_blocked, id=13520, stack(0x000000ac81e00000,0x000000ac81f00000)]
  0x0000020c79feb7e0 JavaThread "Unconstrained build operations Thread 18" [_thread_blocked, id=15924, stack(0x000000ac81f00000,0x000000ac82000000)]
  0x0000020c79fed640 JavaThread "Unconstrained build operations Thread 19" [_thread_blocked, id=14388, stack(0x000000ac82100000,0x000000ac82200000)]
  0x0000020c79feb2d0 JavaThread "Unconstrained build operations Thread 20" [_thread_blocked, id=15228, stack(0x000000ac82200000,0x000000ac82300000)]
  0x0000020c78e26cb0 JavaThread "jar transforms Thread 11" [_thread_blocked, id=1616, stack(0x000000ac82300000,0x000000ac82400000)]
  0x0000020c78e280f0 JavaThread "Unconstrained build operations Thread 21" [_thread_blocked, id=15672, stack(0x000000ac82400000,0x000000ac82500000)]
  0x0000020c78e2b390 JavaThread "Unconstrained build operations Thread 22" [_thread_blocked, id=16904, stack(0x000000ac82500000,0x000000ac82600000)]
  0x0000020c78e2bdb0 JavaThread "Unconstrained build operations Thread 23" [_thread_blocked, id=8968, stack(0x000000ac82600000,0x000000ac82700000)]
  0x0000020c78e28600 JavaThread "Unconstrained build operations Thread 24" [_thread_blocked, id=17180, stack(0x000000ac82700000,0x000000ac82800000)]
  0x0000020c78e2d700 JavaThread "Unconstrained build operations Thread 25" [_thread_blocked, id=1884, stack(0x000000ac82800000,0x000000ac82900000)]
  0x0000020c78e2eb40 JavaThread "Unconstrained build operations Thread 26" [_thread_blocked, id=9392, stack(0x000000ac82900000,0x000000ac82a00000)]
  0x0000020c78e2f050 JavaThread "Unconstrained build operations Thread 27" [_thread_blocked, id=2012, stack(0x000000ac82a00000,0x000000ac82b00000)]
  0x0000020c3ea89590 JavaThread "Unconstrained build operations Thread 28" [_thread_blocked, id=2752, stack(0x000000ac82c00000,0x000000ac82d00000)]
  0x0000020c3ea8aee0 JavaThread "Unconstrained build operations Thread 29" [_thread_blocked, id=20352, stack(0x000000ac82d00000,0x000000ac82e00000)]
  0x0000020c3ea8b3f0 JavaThread "Unconstrained build operations Thread 30" [_thread_blocked, id=7440, stack(0x000000ac82e00000,0x000000ac82f00000)]
  0x0000020c3ea89aa0 JavaThread "jar transforms Thread 12" [_thread_blocked, id=18736, stack(0x000000ac82f00000,0x000000ac83000000)]
  0x0000020c3ea89080 JavaThread "Unconstrained build operations Thread 31" [_thread_blocked, id=15388, stack(0x000000ac83000000,0x000000ac83100000)]
  0x0000020c3ea8b900 JavaThread "Unconstrained build operations Thread 32" [_thread_blocked, id=17096, stack(0x000000ac83100000,0x000000ac83200000)]
  0x0000020c3a4d20a0 JavaThread "Unconstrained build operations Thread 33" [_thread_blocked, id=21012, stack(0x000000ac83200000,0x000000ac83300000)]
  0x0000020c3a4d1170 JavaThread "Unconstrained build operations Thread 34" [_thread_blocked, id=16948, stack(0x000000ac83300000,0x000000ac83400000)]
  0x0000020c3a4d0750 JavaThread "Unconstrained build operations Thread 35" [_thread_blocked, id=15620, stack(0x000000ac83400000,0x000000ac83500000)]
  0x0000020c3a4d1680 JavaThread "Unconstrained build operations Thread 36" [_thread_blocked, id=18204, stack(0x000000ac83700000,0x000000ac83800000)]
  0x0000020c7afd27c0 JavaThread "Unconstrained build operations Thread 37" [_thread_blocked, id=14076, stack(0x000000ac83900000,0x000000ac83a00000)]
  0x0000020c7afd1890 JavaThread "Unconstrained build operations Thread 38" [_thread_blocked, id=21280, stack(0x000000ac84100000,0x000000ac84200000)]
  0x0000020c7afd2cd0 JavaThread "Unconstrained build operations Thread 39" [_thread_blocked, id=12708, stack(0x000000ac84200000,0x000000ac84300000)]
  0x0000020c7afd36f0 JavaThread "Unconstrained build operations Thread 40" [_thread_blocked, id=20720, stack(0x000000ac84300000,0x000000ac84400000)]
  0x0000020c7afd3c00 JavaThread "Unconstrained build operations Thread 41" [_thread_blocked, id=20980, stack(0x000000ac84600000,0x000000ac84700000)]
  0x0000020c7afd4110 JavaThread "Unconstrained build operations Thread 42" [_thread_blocked, id=16808, stack(0x000000ac84a00000,0x000000ac84b00000)]
  0x0000020c76e20260 JavaThread "Unconstrained build operations Thread 43" [_thread_blocked, id=6288, stack(0x000000ac84b00000,0x000000ac84c00000)]
  0x0000020c3ea8be10 JavaThread "Unconstrained build operations Thread 44" [_thread_blocked, id=9996, stack(0x000000ac84c00000,0x000000ac84d00000)]
  0x0000020c3ea8c320 JavaThread "Unconstrained build operations Thread 45" [_thread_blocked, id=17852, stack(0x000000ac84d00000,0x000000ac84e00000)]
  0x0000020c3ea8a9d0 JavaThread "Unconstrained build operations Thread 46" [_thread_blocked, id=12892, stack(0x000000ac85100000,0x000000ac85200000)]
  0x0000020c3ea8c830 JavaThread "Unconstrained build operations Thread 47" [_thread_blocked, id=2304, stack(0x000000ac85200000,0x000000ac85300000)]
  0x0000020c76b69ac0 JavaThread "Unconstrained build operations Thread 48" [_thread_blocked, id=5880, stack(0x000000ac85300000,0x000000ac85400000)]
  0x0000020c76b6a4e0 JavaThread "Unconstrained build operations Thread 49" [_thread_blocked, id=5384, stack(0x000000ac85500000,0x000000ac85600000)]
  0x0000020c76b6af00 JavaThread "Unconstrained build operations Thread 50" [_thread_blocked, id=20164, stack(0x000000ac85800000,0x000000ac85900000)]
  0x0000020c76b69fd0 JavaThread "Unconstrained build operations Thread 51" [_thread_blocked, id=6064, stack(0x000000ac86100000,0x000000ac86200000)]
  0x0000020c741a39c0 JavaThread "Unconstrained build operations Thread 52" [_thread_blocked, id=15052, stack(0x000000ac86800000,0x000000ac86900000)]
  0x0000020c741a2580 JavaThread "Unconstrained build operations Thread 53" [_thread_blocked, id=16200, stack(0x000000ac86900000,0x000000ac86a00000)]
  0x0000020c741a2a90 JavaThread "Unconstrained build operations Thread 54" [_thread_blocked, id=14700, stack(0x000000ac86a00000,0x000000ac86b00000)]
  0x0000020c6db36a40 JavaThread "Unconstrained build operations Thread 55" [_thread_blocked, id=6612, stack(0x000000ac86b00000,0x000000ac86c00000)]
  0x0000020c6db37970 JavaThread "Unconstrained build operations Thread 56" [_thread_blocked, id=5232, stack(0x000000ac86c00000,0x000000ac86d00000)]
  0x0000020c6db37e80 JavaThread "Unconstrained build operations Thread 57" [_thread_blocked, id=14688, stack(0x000000ac86d00000,0x000000ac86e00000)]
  0x0000020c6db37460 JavaThread "Unconstrained build operations Thread 58" [_thread_blocked, id=14048, stack(0x000000ac86e00000,0x000000ac86f00000)]
  0x0000020c6db36f50 JavaThread "Unconstrained build operations Thread 59" [_thread_blocked, id=16276, stack(0x000000ac86f00000,0x000000ac87000000)]
  0x0000020c3b867f20 JavaThread "Unconstrained build operations Thread 60" [_thread_blocked, id=20212, stack(0x000000ac87000000,0x000000ac87100000)]
  0x0000020c3b866ae0 JavaThread "Unconstrained build operations Thread 61" [_thread_blocked, id=15336, stack(0x000000ac87100000,0x000000ac87200000)]
  0x0000020c3b866ff0 JavaThread "Unconstrained build operations Thread 62" [_thread_blocked, id=10032, stack(0x000000ac87200000,0x000000ac87300000)]
  0x0000020c3a113d00 JavaThread "Unconstrained build operations Thread 63" [_thread_blocked, id=1472, stack(0x000000ac87300000,0x000000ac87400000)]
  0x0000020c3a114210 JavaThread "Unconstrained build operations Thread 64" [_thread_blocked, id=16872, stack(0x000000ac87400000,0x000000ac87500000)]
  0x0000020c3a116070 JavaThread "Unconstrained build operations Thread 65" [_thread_blocked, id=19320, stack(0x000000ac87500000,0x000000ac87600000)]
  0x0000020c3a114720 JavaThread "Unconstrained build operations Thread 66" [_thread_blocked, id=6956, stack(0x000000ac87600000,0x000000ac87700000)]
  0x0000020c3a115b60 JavaThread "Unconstrained build operations Thread 67" [_thread_blocked, id=5412, stack(0x000000ac87700000,0x000000ac87800000)]
  0x0000020c3a116580 JavaThread "Unconstrained build operations Thread 68" [_thread_blocked, id=20548, stack(0x000000ac87800000,0x000000ac87900000)]
  0x0000020c3b125660 JavaThread "build event listener" [_thread_blocked, id=10288, stack(0x000000ac87900000,0x000000ac87a00000)]
  0x0000020c3b126aa0 JavaThread "build event listener" [_thread_blocked, id=17036, stack(0x000000ac87b00000,0x000000ac87c00000)]
  0x0000020c6dad1d00 JavaThread "pool-75-thread-1" [_thread_blocked, id=412, stack(0x000000ac87c00000,0x000000ac87d00000)]
  0x0000020c6dacfea0 JavaThread "build event listener" [_thread_blocked, id=7972, stack(0x000000ac87d00000,0x000000ac87e00000)]
  0x0000020c6dad03b0 JavaThread "included builds" [_thread_blocked, id=18460, stack(0x000000ac87e00000,0x000000ac87f00000)]
  0x0000020c79fedb50 JavaThread "Execution worker" [_thread_blocked, id=12272, stack(0x000000ac87f00000,0x000000ac88000000)]
  0x0000020c79fec200 JavaThread "Execution worker Thread 2" [_thread_blocked, id=21160, stack(0x000000ac88000000,0x000000ac88100000)]
  0x0000020c79feea80 JavaThread "Execution worker Thread 3" [_thread_blocked, id=4472, stack(0x000000ac88100000,0x000000ac88200000)]
  0x0000020c79fee060 JavaThread "Execution worker Thread 4" [_thread_blocked, id=11500, stack(0x000000ac88200000,0x000000ac88300000)]
  0x0000020c79fecc20 JavaThread "Execution worker Thread 5" [_thread_blocked, id=19164, stack(0x000000ac88300000,0x000000ac88400000)]
  0x0000020c7a467650 JavaThread "Execution worker Thread 6" [_thread_blocked, id=4716, stack(0x000000ac88400000,0x000000ac88500000)]
  0x0000020c7a4657f0 JavaThread "Execution worker Thread 7" [_thread_blocked, id=19292, stack(0x000000ac88500000,0x000000ac88600000)]
  0x0000020c7a467b60 JavaThread "Execution worker Thread 8" [_thread_blocked, id=14852, stack(0x000000ac88600000,0x000000ac88700000)]
  0x0000020c7a466210 JavaThread "Execution worker Thread 9" [_thread_blocked, id=18324, stack(0x000000ac88700000,0x000000ac88800000)]
  0x0000020c7a468070 JavaThread "Execution worker Thread 10" [_thread_blocked, id=21044, stack(0x000000ac88800000,0x000000ac88900000)]
  0x0000020c7a465d00 JavaThread "Execution worker Thread 11" [_thread_blocked, id=5388, stack(0x000000ac88900000,0x000000ac88a00000)]
  0x0000020c78e2fa70 JavaThread "Cache worker for execution history cache (C:\Users\ravip\AndroidStudioProjects\PoliceMobileDirectory\.gradle\8.13\executionHistory)" [_thread_blocked, id=1708, stack(0x000000ac88a00000,0x000000ac88b00000)]
  0x0000020c7a468580 JavaThread "Unconstrained build operations Thread 69" [_thread_blocked, id=6324, stack(0x000000ac87a00000,0x000000ac87b00000)]
  0x0000020c7a468a90 JavaThread "Unconstrained build operations Thread 70" [_thread_blocked, id=15060, stack(0x000000ac88b00000,0x000000ac88c00000)]
  0x0000020c7a468fa0 JavaThread "Unconstrained build operations Thread 71" [_thread_blocked, id=6972, stack(0x000000ac88c00000,0x000000ac88d00000)]
  0x0000020c7a466720 JavaThread "Unconstrained build operations Thread 72" [_thread_blocked, id=11840, stack(0x000000ac88d00000,0x000000ac88e00000)]
  0x0000020c7a466c30 JavaThread "Unconstrained build operations Thread 73" [_thread_blocked, id=12728, stack(0x000000ac88e00000,0x000000ac88f00000)]
  0x0000020c7a467140 JavaThread "Unconstrained build operations Thread 74" [_thread_blocked, id=7036, stack(0x000000ac88f00000,0x000000ac89000000)]
  0x0000020c3a0c2400 JavaThread "Unconstrained build operations Thread 75" [_thread_blocked, id=19284, stack(0x000000ac89000000,0x000000ac89100000)]
  0x0000020c3a0c2e20 JavaThread "Unconstrained build operations Thread 76" [_thread_blocked, id=15272, stack(0x000000ac89100000,0x000000ac89200000)]
  0x0000020c3a0c2910 JavaThread "Unconstrained build operations Thread 77" [_thread_blocked, id=4552, stack(0x000000ac89200000,0x000000ac89300000)]
  0x0000020c3a0c19e0 JavaThread "Unconstrained build operations Thread 78" [_thread_blocked, id=8936, stack(0x000000ac89300000,0x000000ac89400000)]
  0x0000020c3a0c3330 JavaThread "Unconstrained build operations Thread 79" [_thread_blocked, id=7404, stack(0x000000ac89400000,0x000000ac89500000)]
  0x0000020c6dad08c0 JavaThread "WorkerExecutor Queue" [_thread_blocked, id=6816, stack(0x000000ac89500000,0x000000ac89600000)]
  0x0000020c73e85030 JavaThread "Unconstrained build operations Thread 80" [_thread_blocked, id=4448, stack(0x000000ac89600000,0x000000ac89700000)]
  0x0000020c73e836e0 JavaThread "Unconstrained build operations Thread 81" [_thread_blocked, id=3608, stack(0x000000ac89700000,0x000000ac89800000)]
  0x0000020c73e83bf0 JavaThread "Unconstrained build operations Thread 82" [_thread_blocked, id=9388, stack(0x000000ac89800000,0x000000ac89900000)]
  0x0000020c73e831d0 JavaThread "Unconstrained build operations Thread 83" [_thread_blocked, id=6404, stack(0x000000ac89900000,0x000000ac89a00000)]
  0x0000020c73e84100 JavaThread "Unconstrained build operations Thread 84" [_thread_blocked, id=9460, stack(0x000000ac89a00000,0x000000ac89b00000)]
  0x0000020c73e85f60 JavaThread "Unconstrained build operations Thread 85" [_thread_blocked, id=11016, stack(0x000000ac89b00000,0x000000ac89c00000)]
  0x0000020c73e84b20 JavaThread "Unconstrained build operations Thread 86" [_thread_blocked, id=19044, stack(0x000000ac89c00000,0x000000ac89d00000)]
  0x0000020c73e85a50 JavaThread "Unconstrained build operations Thread 87" [_thread_blocked, id=20328, stack(0x000000ac89d00000,0x000000ac89e00000)]
  0x0000020c73e84610 JavaThread "Unconstrained build operations Thread 88" [_thread_blocked, id=21084, stack(0x000000ac89e00000,0x000000ac89f00000)]
  0x0000020c78e2c2c0 JavaThread "Unconstrained build operations Thread 89" [_thread_blocked, id=2004, stack(0x000000ac89f00000,0x000000ac8a000000)]
  0x0000020c78e33730 JavaThread "Unconstrained build operations Thread 90" [_thread_blocked, id=21436, stack(0x000000ac8a000000,0x000000ac8a100000)]
  0x0000020c78e32d10 JavaThread "Unconstrained build operations Thread 91" [_thread_blocked, id=1804, stack(0x000000ac8a100000,0x000000ac8a200000)]
  0x0000020c78e2ff80 JavaThread "Unconstrained build operations Thread 92" [_thread_blocked, id=19004, stack(0x000000ac8a200000,0x000000ac8a300000)]
  0x0000020c78e33c40 JavaThread "Unconstrained build operations Thread 93" [_thread_blocked, id=13576, stack(0x000000ac8a300000,0x000000ac8a400000)]
  0x0000020c78e32800 JavaThread "Unconstrained build operations Thread 94" [_thread_blocked, id=18208, stack(0x000000ac8a400000,0x000000ac8a500000)]
  0x0000020c78e30490 JavaThread "Unconstrained build operations Thread 95" [_thread_blocked, id=11100, stack(0x000000ac8a500000,0x000000ac8a600000)]
  0x0000020c78e33220 JavaThread "Unconstrained build operations Thread 96" [_thread_blocked, id=16196, stack(0x000000ac8a600000,0x000000ac8a700000)]
  0x0000020c78e313c0 JavaThread "Unconstrained build operations Thread 97" [_thread_blocked, id=10816, stack(0x000000ac8a700000,0x000000ac8a800000)]
  0x0000020c78e34150 JavaThread "Unconstrained build operations Thread 98" [_thread_blocked, id=16220, stack(0x000000ac8a800000,0x000000ac8a900000)]
  0x0000020c78e309a0 JavaThread "Unconstrained build operations Thread 99" [_thread_blocked, id=5040, stack(0x000000ac8a900000,0x000000ac8aa00000)]
  0x0000020c78e34660 JavaThread "Unconstrained build operations Thread 100" [_thread_blocked, id=18496, stack(0x000000ac8aa00000,0x000000ac8ab00000)]
  0x0000020c78e35080 JavaThread "Unconstrained build operations Thread 101" [_thread_blocked, id=18116, stack(0x000000ac8ab00000,0x000000ac8ac00000)]
  0x0000020c3a4d25b0 JavaThread "Unconstrained build operations Thread 102" [_thread_blocked, id=4264, stack(0x000000ac8ad00000,0x000000ac8ae00000)]
  0x0000020c3a4d2ac0 JavaThread "Unconstrained build operations Thread 103" [_thread_blocked, id=5020, stack(0x000000ac8ae00000,0x000000ac8af00000)]
  0x0000020c3a4d34e0 JavaThread "Unconstrained build operations Thread 104" [_thread_blocked, id=15172, stack(0x000000ac8af00000,0x000000ac8b000000)]
  0x0000020c73014a50 JavaThread "Unconstrained build operations Thread 105" [_thread_blocked, id=6576, stack(0x000000ac8b000000,0x000000ac8b100000)]
  0x0000020c73014f60 JavaThread "Unconstrained build operations Thread 106" [_thread_blocked, id=16272, stack(0x000000ac8b100000,0x000000ac8b200000)]
  0x0000020c73013b20 JavaThread "Unconstrained build operations Thread 107" [_thread_blocked, id=20060, stack(0x000000ac8b300000,0x000000ac8b400000)]
  0x0000020c73014030 JavaThread "Unconstrained build operations Thread 108" [_thread_blocked, id=17344, stack(0x000000ac8b400000,0x000000ac8b500000)]
  0x0000020c39a42930 JavaThread "Unconstrained build operations Thread 109" [_thread_blocked, id=13180, stack(0x000000ac8b500000,0x000000ac8b600000)]
  0x0000020c39a44ca0 JavaThread "Unconstrained build operations Thread 110" [_thread_blocked, id=11604, stack(0x000000ac8b600000,0x000000ac8b700000)]
  0x0000020c7abfd740 JavaThread "Unconstrained build operations Thread 111" [_thread_blocked, id=2020, stack(0x000000ac8b700000,0x000000ac8b800000)]
  0x0000020c7abfe670 JavaThread "Unconstrained build operations Thread 112" [_thread_blocked, id=2484, stack(0x000000ac8b800000,0x000000ac8b900000)]
  0x0000020c7abfe160 JavaThread "Unconstrained build operations Thread 113" [_thread_blocked, id=18944, stack(0x000000ac8b900000,0x000000ac8ba00000)]
  0x0000020c3d220650 JavaThread "Unconstrained build operations Thread 114" [_thread_blocked, id=14684, stack(0x000000ac8ba00000,0x000000ac8bb00000)]
  0x0000020c3d2233e0 JavaThread "Unconstrained build operations Thread 115" [_thread_blocked, id=11336, stack(0x000000ac8bb00000,0x000000ac8bc00000)]
  0x0000020c3d2224b0 JavaThread "Unconstrained build operations Thread 116" [_thread_blocked, id=8324, stack(0x000000ac8bc00000,0x000000ac8bd00000)]
  0x0000020c3d2238f0 JavaThread "Unconstrained build operations Thread 117" [_thread_blocked, id=18636, stack(0x000000ac8bd00000,0x000000ac8be00000)]
  0x0000020c3d220140 JavaThread "Unconstrained build operations Thread 118" [_thread_blocked, id=5596, stack(0x000000ac8bf00000,0x000000ac8c000000)]
  0x0000020c3d220b60 JavaThread "Unconstrained build operations Thread 119" [_thread_blocked, id=18676, stack(0x000000ac8c000000,0x000000ac8c100000)]
  0x0000020c3d221070 JavaThread "Unconstrained build operations Thread 120" [_thread_blocked, id=16416, stack(0x000000ac8c100000,0x000000ac8c200000)]
  0x0000020c7430d070 JavaThread "WorkerExecutor Queue Thread 2" [_thread_blocked, id=9068, stack(0x000000ac8c200000,0x000000ac8c300000)]
  0x0000020c720af750 JavaThread "WorkerExecutor Queue Thread 3" [_thread_blocked, id=9180, stack(0x000000ac8c300000,0x000000ac8c400000)]
  0x0000020c7430f3e0 JavaThread "WorkerExecutor Queue Thread 4" [_thread_blocked, id=20176, stack(0x000000ac8c600000,0x000000ac8c700000)]
  0x0000020c7430e9c0 JavaThread "WorkerExecutor Queue Thread 7" [_thread_blocked, id=2568, stack(0x000000ac8c900000,0x000000ac8ca00000)]
  0x0000020c7430eed0 JavaThread "WorkerExecutor Queue Thread 8" [_thread_blocked, id=17356, stack(0x000000ac8ca00000,0x000000ac8cb00000)]
  0x0000020c7430d580 JavaThread "WorkerExecutor Queue Thread 9" [_thread_blocked, id=16972, stack(0x000000ac8cb00000,0x000000ac8cc00000)]
  0x0000020c7430da90 JavaThread "WorkerExecutor Queue Thread 10" [_thread_blocked, id=21316, stack(0x000000ac8cc00000,0x000000ac8cd00000)]
  0x0000020c720b10a0 JavaThread "WorkerExecutor Queue Thread 12" [_thread_blocked, id=11624, stack(0x000000ac8ce00000,0x000000ac8cf00000)]
  0x0000020c76e20c80 JavaThread "WorkerExecutor Queue Thread 13" [_thread_blocked, id=17428, stack(0x000000ac8d000000,0x000000ac8d100000)]
  0x0000020c7abfdc50 JavaThread "WorkerExecutor Queue Thread 14" [_thread_blocked, id=15964, stack(0x000000ac8cd00000,0x000000ac8ce00000)]
  0x0000020c3b126fb0 JavaThread "WorkerExecutor Queue Thread 15" [_thread_blocked, id=19984, stack(0x000000ac80600000,0x000000ac80700000)]
  0x0000020c39a43860 JavaThread "RMI TCP Connection(44)-127.0.0.1" daemon [_thread_in_native, id=5056, stack(0x000000ac8c800000,0x000000ac8c900000)]
  0x0000020c39a44790 JavaThread "RMI TCP Connection(42)-127.0.0.1" daemon [_thread_in_native, id=7840, stack(0x000000ac8d100000,0x000000ac8d200000)]
  0x0000020c39a42e40 JavaThread "Problems report writer" [_thread_blocked, id=14140, stack(0x000000ac8c700000,0x000000ac8c800000)]
  0x0000020c39a460e0 JavaThread "Build operations" [_thread_blocked, id=15684, stack(0x000000ac85f00000,0x000000ac86000000)]
  0x0000020c39a45bd0 JavaThread "Build operations Thread 2" [_thread_blocked, id=18808, stack(0x000000ac8cf00000,0x000000ac8d000000)]
  0x0000020c39a44280 JavaThread "Build operations Thread 3" [_thread_blocked, id=20456, stack(0x000000ac8d200000,0x000000ac8d300000)]
  0x0000020c39a43350 JavaThread "Build operations Thread 4" [_thread_blocked, id=1512, stack(0x000000ac8d300000,0x000000ac8d400000)]
  0x0000020c39a43d70 JavaThread "Build operations Thread 5" [_thread_blocked, id=13376, stack(0x000000ac8d400000,0x000000ac8d500000)]
  0x0000020c39a451b0 JavaThread "Build operations Thread 6" [_thread_blocked, id=21004, stack(0x000000ac8d500000,0x000000ac8d600000)]
  0x0000020c39a456c0 JavaThread "Build operations Thread 7" [_thread_blocked, id=13916, stack(0x000000ac8d600000,0x000000ac8d700000)]
  0x0000020c3e63c770 JavaThread "Build operations Thread 8" [_thread_blocked, id=1536, stack(0x000000ac8d700000,0x000000ac8d800000)]
  0x0000020c3e63c260 JavaThread "Build operations Thread 9" [_thread_blocked, id=21032, stack(0x000000ac8d800000,0x000000ac8d900000)]
  0x0000020c3e638fc0 JavaThread "Build operations Thread 10" [_thread_blocked, id=16724, stack(0x000000ac8d900000,0x000000ac8da00000)]
  0x0000020c3e6399e0 JavaThread "Build operations Thread 11" [_thread_blocked, id=20348, stack(0x000000ac8da00000,0x000000ac8db00000)]
  0x0000020c6dad2210 JavaThread "Build operations Thread 12" [_thread_blocked, id=1764, stack(0x000000ac8dd00000,0x000000ac8de00000)]
  0x0000020c720b15b0 JavaThread "RMI TCP Connection(46)-127.0.0.1" daemon [_thread_in_native, id=9468, stack(0x000000ac8dc00000,0x000000ac8dd00000)]

Other Threads:
=>0x0000020c6d90e420 VMThread "VM Thread" [stack: 0x000000acf6500000,0x000000acf6600000] [id=1916]
  0x0000020c6db728c0 WatcherThread [stack: 0x000000acf7100000,0x000000acf7200000] [id=21192]
  0x0000020c4a416a70 GCTaskThread "GC Thread#0" [stack: 0x000000acf6000000,0x000000acf6100000] [id=11928]
  0x0000020c72399830 GCTaskThread "GC Thread#1" [stack: 0x000000acf7400000,0x000000acf7500000] [id=17380]
  0x0000020c6dd0e9e0 GCTaskThread "GC Thread#2" [stack: 0x000000acf7500000,0x000000acf7600000] [id=14544]
  0x0000020c6dd0ecb0 GCTaskThread "GC Thread#3" [stack: 0x000000acf7600000,0x000000acf7700000] [id=20024]
  0x0000020c6dbf2930 GCTaskThread "GC Thread#4" [stack: 0x000000acf7700000,0x000000acf7800000] [id=9300]
  0x0000020c6dbf2390 GCTaskThread "GC Thread#5" [stack: 0x000000acf7800000,0x000000acf7900000] [id=11880]
  0x0000020c6dbf2ed0 GCTaskThread "GC Thread#6" [stack: 0x000000acf7900000,0x000000acf7a00000] [id=16720]
  0x0000020c6dbf20c0 GCTaskThread "GC Thread#7" [stack: 0x000000acf8900000,0x000000acf8a00000] [id=15320]
  0x0000020c74b39470 GCTaskThread "GC Thread#8" [stack: 0x000000acf8a00000,0x000000acf8b00000] [id=15984]
  0x0000020c74b3b360 GCTaskThread "GC Thread#9" [stack: 0x000000acf8b00000,0x000000acf8c00000] [id=6992]
  0x0000020c4a427a40 ConcurrentGCThread "G1 Main Marker" [stack: 0x000000acf6100000,0x000000acf6200000] [id=9188]
  0x0000020c4a429d90 ConcurrentGCThread "G1 Conc#0" [stack: 0x000000acf6200000,0x000000acf6300000] [id=16156]
  0x0000020c74b380c0 ConcurrentGCThread "G1 Conc#1" [stack: 0x000000acf8c00000,0x000000acf8d00000] [id=10772]
  0x0000020c74b39ce0 ConcurrentGCThread "G1 Conc#2" [stack: 0x000000acf8d00000,0x000000acf8e00000] [id=15276]
  0x0000020c6d7c7f20 ConcurrentGCThread "G1 Refine#0" [stack: 0x000000acf6300000,0x000000acf6400000] [id=19952]
  0x0000020c768e2d90 ConcurrentGCThread "G1 Refine#1" [stack: 0x000000acf9200000,0x000000acf9300000] [id=19220]
  0x0000020c78d94df0 ConcurrentGCThread "G1 Refine#2" [stack: 0x000000ac84e00000,0x000000ac84f00000] [id=18032]
  0x0000020c398407a0 ConcurrentGCThread "G1 Refine#3" [stack: 0x000000ac84000000,0x000000ac84100000] [id=18576]
  0x0000020c7b35a280 ConcurrentGCThread "G1 Refine#4" [stack: 0x000000ac84f00000,0x000000ac85000000] [id=20108]
  0x0000020c79794df0 ConcurrentGCThread "G1 Refine#5" [stack: 0x000000ac85000000,0x000000ac85100000] [id=3808]
  0x0000020c6d7c8710 ConcurrentGCThread "G1 Service" [stack: 0x000000acf6400000,0x000000acf6500000] [id=18476]

Threads with active compile tasks:

VM state: at safepoint (normal execution)

VM Mutex/Monitor currently owned by a thread:  ([mutex/lock_event])
[0x0000020c4a3a6b40] Threads_lock - owner thread: 0x0000020c6d90e420
[0x0000020c4a3a62d0] Heap_lock - owner thread: 0x0000020c76e20260

Heap address: 0x0000000700000000, size: 4096 MB, Compressed Oops mode: Zero based, Oop shift amount: 3

CDS archive(s) mapped at: [0x0000020c00000000-0x0000020c00bb0000-0x0000020c00bb0000), size 12255232, SharedBaseAddress: 0x0000020c00000000, ArchiveRelocationMode: 1.
Compressed class space mapped at: 0x0000020c01000000-0x0000020c35000000, reserved size: 872415232
Narrow klass base: 0x0000020c00000000, Narrow klass shift: 0, Narrow klass range: 0x100000000

GC Precious Log:
 CPUs: 12 total, 12 available
 Memory: 15975M
 Large Page Support: Disabled
 NUMA Support: Disabled
 Compressed Oops: Enabled (Zero based)
 Heap Region Size: 2M
 Heap Min Capacity: 8M
 Heap Initial Capacity: 250M
 Heap Max Capacity: 4G
 Pre-touch: Disabled
 Parallel Workers: 10
 Concurrent Workers: 3
 Concurrent Refinement Workers: 10
 Periodic GC: Disabled

Heap:
 garbage-first heap   total 1441792K, used 407964K [0x0000000700000000, 0x0000000800000000)
  region size 2048K, 2 young (4096K), 2 survivors (4096K)
 Metaspace       used 224462K, committed 227648K, reserved 1114112K
  class space    used 29511K, committed 31040K, reserved 851968K

Heap Regions: E=young(eden), S=young(survivor), O=old, HS=humongous(starts), HC=humongous(continues), CS=collection set, F=free, OA=open archive, CA=closed archive, TAMS=top-at-mark-start (previous, next)
|   0|0x0000000700000000, 0x0000000700200000, 0x0000000700200000|100%|HS|  |TAMS 0x0000000700200000, 0x0000000700000000| Complete 
|   1|0x0000000700200000, 0x0000000700400000, 0x0000000700400000|100%|HC|  |TAMS 0x0000000700400000, 0x0000000700200000| Complete 
|   2|0x0000000700400000, 0x0000000700600000, 0x0000000700600000|100%| O|  |TAMS 0x0000000700600000, 0x0000000700400000| Untracked 
|   3|0x0000000700600000, 0x0000000700800000, 0x0000000700800000|100%| O|  |TAMS 0x0000000700800000, 0x0000000700600000| Untracked 
|   4|0x0000000700800000, 0x0000000700a00000, 0x0000000700a00000|100%| O|  |TAMS 0x0000000700a00000, 0x0000000700800000| Untracked 
|   5|0x0000000700a00000, 0x0000000700c00000, 0x0000000700c00000|100%| O|  |TAMS 0x0000000700c00000, 0x0000000700a00000| Untracked 
|   6|0x0000000700c00000, 0x0000000700e00000, 0x0000000700e00000|100%| O|  |TAMS 0x0000000700e00000, 0x0000000700c00000| Untracked 
|   7|0x0000000700e00000, 0x0000000701000000, 0x0000000701000000|100%| O|  |TAMS 0x0000000701000000, 0x0000000700e00000| Untracked 
|   8|0x0000000701000000, 0x0000000701200000, 0x0000000701200000|100%| O|  |TAMS 0x0000000701200000, 0x0000000701000000| Untracked 
|   9|0x0000000701200000, 0x0000000701400000, 0x0000000701400000|100%| O|  |TAMS 0x0000000701400000, 0x0000000701200000| Untracked 
|  10|0x0000000701400000, 0x0000000701600000, 0x0000000701600000|100%| O|  |TAMS 0x0000000701600000, 0x0000000701400000| Untracked 
|  11|0x0000000701600000, 0x0000000701800000, 0x0000000701800000|100%| O|  |TAMS 0x0000000701800000, 0x0000000701600000| Untracked 
|  12|0x0000000701800000, 0x0000000701a00000, 0x0000000701a00000|100%| O|  |TAMS 0x0000000701a00000, 0x0000000701800000| Untracked 
|  13|0x0000000701a00000, 0x0000000701c00000, 0x0000000701c00000|100%|HS|  |TAMS 0x0000000701c00000, 0x0000000701a00000| Complete 
|  14|0x0000000701c00000, 0x0000000701e00000, 0x0000000701e00000|100%| O|  |TAMS 0x0000000701e00000, 0x0000000701c00000| Untracked 
|  15|0x0000000701e00000, 0x0000000702000000, 0x0000000702000000|100%| O|  |TAMS 0x0000000702000000, 0x0000000701e00000| Untracked 
|  16|0x0000000702000000, 0x0000000702200000, 0x0000000702200000|100%| O|  |TAMS 0x0000000702200000, 0x0000000702000000| Untracked 
|  17|0x0000000702200000, 0x0000000702400000, 0x0000000702400000|100%| O|  |TAMS 0x0000000702400000, 0x0000000702200000| Untracked 
|  18|0x0000000702400000, 0x0000000702400000, 0x0000000702600000|  0%| F|  |TAMS 0x0000000702400000, 0x0000000702400000| Untracked 
|  19|0x0000000702600000, 0x0000000702800000, 0x0000000702800000|100%| O|  |TAMS 0x0000000702800000, 0x0000000702600000| Untracked 
|  20|0x0000000702800000, 0x0000000702a00000, 0x0000000702a00000|100%| O|  |TAMS 0x0000000702a00000, 0x0000000702800000| Untracked 
|  21|0x0000000702a00000, 0x0000000702c00000, 0x0000000702c00000|100%| O|  |TAMS 0x0000000702c00000, 0x0000000702a00000| Untracked 
|  22|0x0000000702c00000, 0x0000000702e00000, 0x0000000702e00000|100%| O|  |TAMS 0x0000000702e00000, 0x0000000702c00000| Untracked 
|  23|0x0000000702e00000, 0x0000000703000000, 0x0000000703000000|100%| O|  |TAMS 0x0000000703000000, 0x0000000702e00000| Untracked 
|  24|0x0000000703000000, 0x0000000703200000, 0x0000000703200000|100%| O|  |TAMS 0x0000000703200000, 0x0000000703000000| Untracked 
|  25|0x0000000703200000, 0x0000000703400000, 0x0000000703400000|100%| O|  |TAMS 0x0000000703400000, 0x0000000703200000| Untracked 
|  26|0x0000000703400000, 0x0000000703600000, 0x0000000703600000|100%|HS|  |TAMS 0x0000000703600000, 0x0000000703400000| Complete 
|  27|0x0000000703600000, 0x0000000703800000, 0x0000000703800000|100%|HS|  |TAMS 0x0000000703800000, 0x0000000703600000| Complete 
|  28|0x0000000703800000, 0x0000000703a00000, 0x0000000703a00000|100%|HC|  |TAMS 0x0000000703a00000, 0x0000000703800000| Complete 
|  29|0x0000000703a00000, 0x0000000703c00000, 0x0000000703c00000|100%|HS|  |TAMS 0x0000000703c00000, 0x0000000703a00000| Complete 
|  30|0x0000000703c00000, 0x0000000703e00000, 0x0000000703e00000|100%| O|  |TAMS 0x0000000703e00000, 0x0000000703c00000| Untracked 
|  31|0x0000000703e00000, 0x0000000704000000, 0x0000000704000000|100%| O|  |TAMS 0x0000000704000000, 0x0000000703e00000| Untracked 
|  32|0x0000000704000000, 0x0000000704200000, 0x0000000704200000|100%|HS|  |TAMS 0x0000000704200000, 0x0000000704000000| Complete 
|  33|0x0000000704200000, 0x0000000704400000, 0x0000000704400000|100%| O|  |TAMS 0x0000000704400000, 0x0000000704200000| Untracked 
|  34|0x0000000704400000, 0x0000000704600000, 0x0000000704600000|100%| O|  |TAMS 0x0000000704600000, 0x0000000704400000| Untracked 
|  35|0x0000000704600000, 0x0000000704800000, 0x0000000704800000|100%| O|  |TAMS 0x0000000704800000, 0x0000000704600000| Untracked 
|  36|0x0000000704800000, 0x0000000704a00000, 0x0000000704a00000|100%| O|  |TAMS 0x0000000704a00000, 0x0000000704800000| Untracked 
|  37|0x0000000704a00000, 0x0000000704c00000, 0x0000000704c00000|100%| O|  |TAMS 0x0000000704c00000, 0x0000000704a00000| Untracked 
|  38|0x0000000704c00000, 0x0000000704e00000, 0x0000000704e00000|100%| O|  |TAMS 0x0000000704e00000, 0x0000000704c00000| Untracked 
|  39|0x0000000704e00000, 0x0000000705000000, 0x0000000705000000|100%| O|  |TAMS 0x0000000705000000, 0x0000000704e00000| Untracked 
|  40|0x0000000705000000, 0x0000000705200000, 0x0000000705200000|100%| O|  |TAMS 0x0000000705200000, 0x0000000705000000| Untracked 
|  41|0x0000000705200000, 0x0000000705400000, 0x0000000705400000|100%| O|  |TAMS 0x0000000705400000, 0x0000000705200000| Untracked 
|  42|0x0000000705400000, 0x0000000705600000, 0x0000000705600000|100%| O|  |TAMS 0x0000000705600000, 0x0000000705400000| Untracked 
|  43|0x0000000705600000, 0x0000000705800000, 0x0000000705800000|100%| O|  |TAMS 0x0000000705800000, 0x0000000705600000| Untracked 
|  44|0x0000000705800000, 0x0000000705a00000, 0x0000000705a00000|100%| O|  |TAMS 0x0000000705a00000, 0x0000000705800000| Untracked 
|  45|0x0000000705a00000, 0x0000000705c00000, 0x0000000705c00000|100%|HS|  |TAMS 0x0000000705c00000, 0x0000000705a00000| Complete 
|  46|0x0000000705c00000, 0x0000000705e00000, 0x0000000705e00000|100%|HC|  |TAMS 0x0000000705e00000, 0x0000000705c00000| Complete 
|  47|0x0000000705e00000, 0x0000000706000000, 0x0000000706000000|100%| O|  |TAMS 0x0000000706000000, 0x0000000705e00000| Untracked 
|  48|0x0000000706000000, 0x0000000706200000, 0x0000000706200000|100%| O|  |TAMS 0x0000000706200000, 0x0000000706000000| Untracked 
|  49|0x0000000706200000, 0x0000000706400000, 0x0000000706400000|100%| O|  |TAMS 0x0000000706400000, 0x0000000706200000| Untracked 
|  50|0x0000000706400000, 0x0000000706600000, 0x0000000706600000|100%| O|  |TAMS 0x0000000706600000, 0x0000000706400000| Untracked 
|  51|0x0000000706600000, 0x0000000706800000, 0x0000000706800000|100%| O|  |TAMS 0x0000000706800000, 0x0000000706600000| Untracked 
|  52|0x0000000706800000, 0x0000000706a00000, 0x0000000706a00000|100%| O|  |TAMS 0x0000000706a00000, 0x0000000706800000| Untracked 
|  53|0x0000000706a00000, 0x0000000706c00000, 0x0000000706c00000|100%| O|  |TAMS 0x0000000706c00000, 0x0000000706a00000| Untracked 
|  54|0x0000000706c00000, 0x0000000706e00000, 0x0000000706e00000|100%| O|  |TAMS 0x0000000706e00000, 0x0000000706c00000| Untracked 
|  55|0x0000000706e00000, 0x0000000707000000, 0x0000000707000000|100%| O|  |TAMS 0x0000000706e00000, 0x0000000706e00000| Untracked 
|  56|0x0000000707000000, 0x0000000707200000, 0x0000000707200000|100%| O|  |TAMS 0x0000000707200000, 0x0000000707000000| Untracked 
|  57|0x0000000707200000, 0x0000000707200000, 0x0000000707400000|  0%| F|  |TAMS 0x0000000707200000, 0x0000000707200000| Untracked 
|  58|0x0000000707400000, 0x0000000707600000, 0x0000000707600000|100%| O|  |TAMS 0x0000000707600000, 0x0000000707400000| Untracked 
|  59|0x0000000707600000, 0x0000000707800000, 0x0000000707800000|100%| O|  |TAMS 0x0000000707800000, 0x0000000707600000| Untracked 
|  60|0x0000000707800000, 0x0000000707a00000, 0x0000000707a00000|100%| O|  |TAMS 0x0000000707a00000, 0x0000000707800000| Untracked 
|  61|0x0000000707a00000, 0x0000000707c00000, 0x0000000707c00000|100%| O|  |TAMS 0x0000000707c00000, 0x0000000707a00000| Untracked 
|  62|0x0000000707c00000, 0x0000000707e00000, 0x0000000707e00000|100%| O|  |TAMS 0x0000000707e00000, 0x0000000707c00000| Untracked 
|  63|0x0000000707e00000, 0x0000000708000000, 0x0000000708000000|100%| O|  |TAMS 0x0000000708000000, 0x0000000707e00000| Untracked 
|  64|0x0000000708000000, 0x0000000708200000, 0x0000000708200000|100%| O|  |TAMS 0x0000000708200000, 0x0000000708000000| Untracked 
|  65|0x0000000708200000, 0x0000000708400000, 0x0000000708400000|100%| O|  |TAMS 0x0000000708400000, 0x0000000708200000| Untracked 
|  66|0x0000000708400000, 0x0000000708600000, 0x0000000708600000|100%| O|  |TAMS 0x0000000708600000, 0x0000000708400000| Untracked 
|  67|0x0000000708600000, 0x0000000708800000, 0x0000000708800000|100%| O|  |TAMS 0x0000000708800000, 0x0000000708600000| Untracked 
|  68|0x0000000708800000, 0x0000000708a00000, 0x0000000708a00000|100%| O|  |TAMS 0x0000000708a00000, 0x0000000708800000| Untracked 
|  69|0x0000000708a00000, 0x0000000708c00000, 0x0000000708c00000|100%| O|  |TAMS 0x0000000708a00000, 0x0000000708a00000| Untracked 
|  70|0x0000000708c00000, 0x0000000708e00000, 0x0000000708e00000|100%| O|  |TAMS 0x0000000708c00000, 0x0000000708c00000| Untracked 
|  71|0x0000000708e00000, 0x0000000709000000, 0x0000000709000000|100%| O|  |TAMS 0x0000000709000000, 0x0000000708e00000| Untracked 
|  72|0x0000000709000000, 0x0000000709200000, 0x0000000709200000|100%| O|  |TAMS 0x0000000709200000, 0x0000000709000000| Untracked 
|  73|0x0000000709200000, 0x0000000709400000, 0x0000000709400000|100%| O|  |TAMS 0x0000000709400000, 0x0000000709200000| Untracked 
|  74|0x0000000709400000, 0x0000000709600000, 0x0000000709600000|100%| O|  |TAMS 0x0000000709600000, 0x0000000709400000| Untracked 
|  75|0x0000000709600000, 0x0000000709800000, 0x0000000709800000|100%| O|  |TAMS 0x0000000709800000, 0x0000000709600000| Untracked 
|  76|0x0000000709800000, 0x0000000709a00000, 0x0000000709a00000|100%| O|  |TAMS 0x0000000709a00000, 0x0000000709800000| Untracked 
|  77|0x0000000709a00000, 0x0000000709c00000, 0x0000000709c00000|100%|HS|  |TAMS 0x0000000709c00000, 0x0000000709a00000| Complete 
|  78|0x0000000709c00000, 0x0000000709e00000, 0x0000000709e00000|100%| O|  |TAMS 0x0000000709e00000, 0x0000000709c00000| Untracked 
|  79|0x0000000709e00000, 0x000000070a000000, 0x000000070a000000|100%| O|  |TAMS 0x000000070a000000, 0x0000000709e00000| Untracked 
|  80|0x000000070a000000, 0x000000070a200000, 0x000000070a200000|100%| O|  |TAMS 0x000000070a200000, 0x000000070a000000| Untracked 
|  81|0x000000070a200000, 0x000000070a400000, 0x000000070a400000|100%|HS|  |TAMS 0x000000070a400000, 0x000000070a200000| Complete 
|  82|0x000000070a400000, 0x000000070a600000, 0x000000070a600000|100%| O|  |TAMS 0x000000070a600000, 0x000000070a400000| Untracked 
|  83|0x000000070a600000, 0x000000070a800000, 0x000000070a800000|100%| O|  |TAMS 0x000000070a800000, 0x000000070a600000| Untracked 
|  84|0x000000070a800000, 0x000000070aa00000, 0x000000070aa00000|100%| O|  |TAMS 0x000000070aa00000, 0x000000070a800000| Untracked 
|  85|0x000000070aa00000, 0x000000070ac00000, 0x000000070ac00000|100%| O|  |TAMS 0x000000070ac00000, 0x000000070aa00000| Untracked 
|  86|0x000000070ac00000, 0x000000070adb8c00, 0x000000070ae00000| 86%| O|  |TAMS 0x000000070adb8c00, 0x000000070ac00000| Untracked 
|  87|0x000000070ae00000, 0x000000070b000000, 0x000000070b000000|100%| O|  |TAMS 0x000000070b000000, 0x000000070ae00000| Untracked 
|  88|0x000000070b000000, 0x000000070b200000, 0x000000070b200000|100%| O|  |TAMS 0x000000070b200000, 0x000000070b000000| Untracked 
|  89|0x000000070b200000, 0x000000070b400000, 0x000000070b400000|100%| O|  |TAMS 0x000000070b400000, 0x000000070b200000| Untracked 
|  90|0x000000070b400000, 0x000000070b600000, 0x000000070b600000|100%| O|  |TAMS 0x000000070b600000, 0x000000070b400000| Untracked 
|  91|0x000000070b600000, 0x000000070b800000, 0x000000070b800000|100%| O|  |TAMS 0x000000070b800000, 0x000000070b600000| Untracked 
|  92|0x000000070b800000, 0x000000070ba00000, 0x000000070ba00000|100%| O|  |TAMS 0x000000070ba00000, 0x000000070b800000| Untracked 
|  93|0x000000070ba00000, 0x000000070bc00000, 0x000000070bc00000|100%| O|  |TAMS 0x000000070bc00000, 0x000000070ba00000| Untracked 
|  94|0x000000070bc00000, 0x000000070be00000, 0x000000070be00000|100%| O|  |TAMS 0x000000070be00000, 0x000000070bc00000| Untracked 
|  95|0x000000070be00000, 0x000000070c000000, 0x000000070c000000|100%| O|  |TAMS 0x000000070c000000, 0x000000070be00000| Untracked 
|  96|0x000000070c000000, 0x000000070c200000, 0x000000070c200000|100%| O|  |TAMS 0x000000070c000000, 0x000000070c000000| Untracked 
|  97|0x000000070c200000, 0x000000070c400000, 0x000000070c400000|100%| O|  |TAMS 0x000000070c400000, 0x000000070c200000| Untracked 
|  98|0x000000070c400000, 0x000000070c600000, 0x000000070c600000|100%| O|  |TAMS 0x000000070c600000, 0x000000070c400000| Untracked 
|  99|0x000000070c600000, 0x000000070c800000, 0x000000070c800000|100%| O|  |TAMS 0x000000070c800000, 0x000000070c600000| Untracked 
| 100|0x000000070c800000, 0x000000070ca00000, 0x000000070ca00000|100%| O|  |TAMS 0x000000070ca00000, 0x000000070c800000| Untracked 
| 101|0x000000070ca00000, 0x000000070cc00000, 0x000000070cc00000|100%|HS|  |TAMS 0x000000070cc00000, 0x000000070ca00000| Complete 
| 102|0x000000070cc00000, 0x000000070ce00000, 0x000000070ce00000|100%| O|  |TAMS 0x000000070ce00000, 0x000000070cc00000| Untracked 
| 103|0x000000070ce00000, 0x000000070d000000, 0x000000070d000000|100%| O|  |TAMS 0x000000070d000000, 0x000000070ce00000| Untracked 
| 104|0x000000070d000000, 0x000000070d200000, 0x000000070d200000|100%| O|  |TAMS 0x000000070d200000, 0x000000070d000000| Untracked 
| 105|0x000000070d200000, 0x000000070d400000, 0x000000070d400000|100%| O|  |TAMS 0x000000070d400000, 0x000000070d200000| Untracked 
| 106|0x000000070d400000, 0x000000070d600000, 0x000000070d600000|100%| O|  |TAMS 0x000000070d600000, 0x000000070d400000| Untracked 
| 107|0x000000070d600000, 0x000000070d800000, 0x000000070d800000|100%| O|  |TAMS 0x000000070d800000, 0x000000070d600000| Untracked 
| 108|0x000000070d800000, 0x000000070da00000, 0x000000070da00000|100%| O|  |TAMS 0x000000070da00000, 0x000000070d800000| Untracked 
| 109|0x000000070da00000, 0x000000070dc00000, 0x000000070dc00000|100%| O|  |TAMS 0x000000070dc00000, 0x000000070da00000| Untracked 
| 110|0x000000070dc00000, 0x000000070de00000, 0x000000070de00000|100%| O|  |TAMS 0x000000070de00000, 0x000000070dc00000| Untracked 
| 111|0x000000070de00000, 0x000000070e000000, 0x000000070e000000|100%| O|  |TAMS 0x000000070e000000, 0x000000070de00000| Untracked 
| 112|0x000000070e000000, 0x000000070e200000, 0x000000070e200000|100%| O|  |TAMS 0x000000070e000000, 0x000000070e000000| Untracked 
| 113|0x000000070e200000, 0x000000070e400000, 0x000000070e400000|100%| O|  |TAMS 0x000000070e400000, 0x000000070e200000| Untracked 
| 114|0x000000070e400000, 0x000000070e600000, 0x000000070e600000|100%| O|  |TAMS 0x000000070e600000, 0x000000070e400000| Untracked 
| 115|0x000000070e600000, 0x000000070e800000, 0x000000070e800000|100%|HS|  |TAMS 0x000000070e800000, 0x000000070e600000| Complete 
| 116|0x000000070e800000, 0x000000070ea00000, 0x000000070ea00000|100%|HC|  |TAMS 0x000000070ea00000, 0x000000070e800000| Complete 
| 117|0x000000070ea00000, 0x000000070ec00000, 0x000000070ec00000|100%| O|  |TAMS 0x000000070ec00000, 0x000000070ea00000| Untracked 
| 118|0x000000070ec00000, 0x000000070ee00000, 0x000000070ee00000|100%| O|  |TAMS 0x000000070ee00000, 0x000000070ec00000| Untracked 
| 119|0x000000070ee00000, 0x000000070f000000, 0x000000070f000000|100%| O|  |TAMS 0x000000070f000000, 0x000000070ee00000| Untracked 
| 120|0x000000070f000000, 0x000000070f200000, 0x000000070f200000|100%| O|  |TAMS 0x000000070f200000, 0x000000070f000000| Untracked 
| 121|0x000000070f200000, 0x000000070f400000, 0x000000070f400000|100%| O|  |TAMS 0x000000070f400000, 0x000000070f200000| Untracked 
| 122|0x000000070f400000, 0x000000070f600000, 0x000000070f600000|100%| O|  |TAMS 0x000000070f600000, 0x000000070f400000| Untracked 
| 123|0x000000070f600000, 0x000000070f800000, 0x000000070f800000|100%| O|  |TAMS 0x000000070f800000, 0x000000070f600000| Untracked 
| 124|0x000000070f800000, 0x000000070fa00000, 0x000000070fa00000|100%| O|  |TAMS 0x000000070fa00000, 0x000000070f800000| Untracked 
| 125|0x000000070fa00000, 0x000000070fc00000, 0x000000070fc00000|100%| O|  |TAMS 0x000000070fc00000, 0x000000070fa00000| Untracked 
| 126|0x000000070fc00000, 0x000000070fe00000, 0x000000070fe00000|100%| O|  |TAMS 0x000000070fe00000, 0x000000070fc00000| Untracked 
| 127|0x000000070fe00000, 0x0000000710000000, 0x0000000710000000|100%| O|  |TAMS 0x000000070fe00000, 0x000000070fe00000| Untracked 
| 128|0x0000000710000000, 0x0000000710200000, 0x0000000710200000|100%| O|  |TAMS 0x0000000710200000, 0x0000000710000000| Untracked 
| 129|0x0000000710200000, 0x0000000710400000, 0x0000000710400000|100%| O|  |TAMS 0x0000000710400000, 0x0000000710200000| Untracked 
| 130|0x0000000710400000, 0x0000000710600000, 0x0000000710600000|100%| O|  |TAMS 0x0000000710600000, 0x0000000710400000| Untracked 
| 131|0x0000000710600000, 0x0000000710800000, 0x0000000710800000|100%| O|  |TAMS 0x0000000710800000, 0x0000000710600000| Untracked 
| 132|0x0000000710800000, 0x0000000710a00000, 0x0000000710a00000|100%| O|  |TAMS 0x0000000710a00000, 0x0000000710800000| Untracked 
| 133|0x0000000710a00000, 0x0000000710c00000, 0x0000000710c00000|100%| O|  |TAMS 0x0000000710c00000, 0x0000000710a00000| Untracked 
| 134|0x0000000710c00000, 0x0000000710e00000, 0x0000000710e00000|100%| O|  |TAMS 0x0000000710e00000, 0x0000000710c00000| Untracked 
| 135|0x0000000710e00000, 0x0000000711000000, 0x0000000711000000|100%| O|  |TAMS 0x0000000711000000, 0x0000000710e00000| Untracked 
| 136|0x0000000711000000, 0x0000000711200000, 0x0000000711200000|100%| O|  |TAMS 0x0000000711200000, 0x0000000711000000| Untracked 
| 137|0x0000000711200000, 0x0000000711200000, 0x0000000711400000|  0%| F|  |TAMS 0x0000000711200000, 0x0000000711200000| Untracked 
| 138|0x0000000711400000, 0x0000000711600000, 0x0000000711600000|100%| O|  |TAMS 0x0000000711400000, 0x0000000711400000| Untracked 
| 139|0x0000000711600000, 0x0000000711800000, 0x0000000711800000|100%| O|  |TAMS 0x0000000711800000, 0x0000000711600000| Untracked 
| 140|0x0000000711800000, 0x0000000711800000, 0x0000000711a00000|  0%| F|  |TAMS 0x0000000711800000, 0x0000000711800000| Untracked 
| 141|0x0000000711a00000, 0x0000000711bf9c00, 0x0000000711c00000| 98%| O|  |TAMS 0x0000000711a00000, 0x0000000711a00000| Untracked 
| 142|0x0000000711c00000, 0x0000000711c00000, 0x0000000711e00000|  0%| F|  |TAMS 0x0000000711c00000, 0x0000000711c00000| Untracked 
| 143|0x0000000711e00000, 0x0000000711e00000, 0x0000000712000000|  0%| F|  |TAMS 0x0000000711e00000, 0x0000000711e00000| Untracked 
| 144|0x0000000712000000, 0x0000000712200000, 0x0000000712200000|100%| O|  |TAMS 0x0000000712200000, 0x0000000712000000| Untracked 
| 145|0x0000000712200000, 0x0000000712400000, 0x0000000712400000|100%| O|  |TAMS 0x0000000712400000, 0x0000000712200000| Untracked 
| 146|0x0000000712400000, 0x0000000712600000, 0x0000000712600000|100%| O|  |TAMS 0x0000000712600000, 0x0000000712400000| Untracked 
| 147|0x0000000712600000, 0x0000000712600000, 0x0000000712800000|  0%| F|  |TAMS 0x0000000712600000, 0x0000000712600000| Untracked 
| 148|0x0000000712800000, 0x0000000712a00000, 0x0000000712a00000|100%| O|  |TAMS 0x0000000712a00000, 0x0000000712800000| Untracked 
| 149|0x0000000712a00000, 0x0000000712c00000, 0x0000000712c00000|100%| O|  |TAMS 0x0000000712c00000, 0x0000000712a00000| Untracked 
| 150|0x0000000712c00000, 0x0000000712c00000, 0x0000000712e00000|  0%| F|  |TAMS 0x0000000712c00000, 0x0000000712c00000| Untracked 
| 151|0x0000000712e00000, 0x0000000712e00000, 0x0000000713000000|  0%| F|  |TAMS 0x0000000712e00000, 0x0000000712e00000| Untracked 
| 152|0x0000000713000000, 0x0000000713000000, 0x0000000713200000|  0%| F|  |TAMS 0x0000000713000000, 0x0000000713000000| Untracked 
| 153|0x0000000713200000, 0x0000000713400000, 0x0000000713400000|100%| O|  |TAMS 0x0000000713400000, 0x0000000713200000| Untracked 
| 154|0x0000000713400000, 0x0000000713600000, 0x0000000713600000|100%| O|  |TAMS 0x0000000713600000, 0x0000000713400000| Untracked 
| 155|0x0000000713600000, 0x0000000713600000, 0x0000000713800000|  0%| F|  |TAMS 0x0000000713600000, 0x0000000713600000| Untracked 
| 156|0x0000000713800000, 0x0000000713800000, 0x0000000713a00000|  0%| F|  |TAMS 0x0000000713800000, 0x0000000713800000| Untracked 
| 157|0x0000000713a00000, 0x0000000713c00000, 0x0000000713c00000|100%| O|  |TAMS 0x0000000713c00000, 0x0000000713a00000| Untracked 
| 158|0x0000000713c00000, 0x0000000713e00000, 0x0000000713e00000|100%| O|  |TAMS 0x0000000713e00000, 0x0000000713c00000| Untracked 
| 159|0x0000000713e00000, 0x0000000714000000, 0x0000000714000000|100%| O|  |TAMS 0x0000000714000000, 0x0000000713e00000| Untracked 
| 160|0x0000000714000000, 0x0000000714000000, 0x0000000714200000|  0%| F|  |TAMS 0x0000000714000000, 0x0000000714000000| Untracked 
| 161|0x0000000714200000, 0x0000000714400000, 0x0000000714400000|100%| O|  |TAMS 0x0000000714400000, 0x0000000714200000| Untracked 
| 162|0x0000000714400000, 0x0000000714600000, 0x0000000714600000|100%| O|  |TAMS 0x0000000714600000, 0x0000000714400000| Untracked 
| 163|0x0000000714600000, 0x0000000714800000, 0x0000000714800000|100%| O|  |TAMS 0x0000000714800000, 0x0000000714600000| Untracked 
| 164|0x0000000714800000, 0x0000000714a00000, 0x0000000714a00000|100%| O|  |TAMS 0x0000000714a00000, 0x0000000714800000| Untracked 
| 165|0x0000000714a00000, 0x0000000714c00000, 0x0000000714c00000|100%| O|  |TAMS 0x0000000714c00000, 0x0000000714a00000| Untracked 
| 166|0x0000000714c00000, 0x0000000714e00000, 0x0000000714e00000|100%| O|  |TAMS 0x0000000714e00000, 0x0000000714c00000| Untracked 
| 167|0x0000000714e00000, 0x0000000715000000, 0x0000000715000000|100%| O|  |TAMS 0x0000000715000000, 0x0000000714e00000| Untracked 
| 168|0x0000000715000000, 0x0000000715200000, 0x0000000715200000|100%| O|  |TAMS 0x0000000715200000, 0x0000000715000000| Untracked 
| 169|0x0000000715200000, 0x0000000715400000, 0x0000000715400000|100%| O|  |TAMS 0x0000000715400000, 0x0000000715200000| Untracked 
| 170|0x0000000715400000, 0x0000000715600000, 0x0000000715600000|100%| O|  |TAMS 0x0000000715600000, 0x0000000715400000| Untracked 
| 171|0x0000000715600000, 0x0000000715800000, 0x0000000715800000|100%| O|  |TAMS 0x0000000715800000, 0x0000000715600000| Untracked 
| 172|0x0000000715800000, 0x0000000715a00000, 0x0000000715a00000|100%| O|  |TAMS 0x0000000715a00000, 0x0000000715800000| Untracked 
| 173|0x0000000715a00000, 0x0000000715a00000, 0x0000000715c00000|  0%| F|  |TAMS 0x0000000715a00000, 0x0000000715a00000| Untracked 
| 174|0x0000000715c00000, 0x0000000715c00000, 0x0000000715e00000|  0%| F|  |TAMS 0x0000000715c00000, 0x0000000715c00000| Untracked 
| 175|0x0000000715e00000, 0x0000000716000000, 0x0000000716000000|100%| O|  |TAMS 0x0000000716000000, 0x0000000715e00000| Untracked 
| 176|0x0000000716000000, 0x0000000716200000, 0x0000000716200000|100%| O|  |TAMS 0x0000000716200000, 0x0000000716000000| Untracked 
| 177|0x0000000716200000, 0x0000000716400000, 0x0000000716400000|100%| O|  |TAMS 0x0000000716400000, 0x0000000716200000| Untracked 
| 178|0x0000000716400000, 0x0000000716600000, 0x0000000716600000|100%| O|  |TAMS 0x0000000716600000, 0x0000000716400000| Untracked 
| 179|0x0000000716600000, 0x0000000716800000, 0x0000000716800000|100%| O|  |TAMS 0x0000000716800000, 0x0000000716600000| Untracked 
| 180|0x0000000716800000, 0x0000000716a00000, 0x0000000716a00000|100%| O|  |TAMS 0x0000000716a00000, 0x0000000716800000| Untracked 
| 181|0x0000000716a00000, 0x0000000716c00000, 0x0000000716c00000|100%| O|  |TAMS 0x0000000716c00000, 0x0000000716a00000| Untracked 
| 182|0x0000000716c00000, 0x0000000716e00000, 0x0000000716e00000|100%| O|  |TAMS 0x0000000716e00000, 0x0000000716c00000| Untracked 
| 183|0x0000000716e00000, 0x0000000716e00000, 0x0000000717000000|  0%| F|  |TAMS 0x0000000716e00000, 0x0000000716e00000| Untracked 
| 184|0x0000000717000000, 0x0000000717200000, 0x0000000717200000|100%| O|  |TAMS 0x0000000717200000, 0x0000000717000000| Untracked 
| 185|0x0000000717200000, 0x0000000717200000, 0x0000000717400000|  0%| F|  |TAMS 0x0000000717200000, 0x0000000717200000| Untracked 
| 186|0x0000000717400000, 0x0000000717400000, 0x0000000717600000|  0%| F|  |TAMS 0x0000000717400000, 0x0000000717400000| Untracked 
| 187|0x0000000717600000, 0x0000000717600000, 0x0000000717800000|  0%| F|  |TAMS 0x0000000717600000, 0x0000000717600000| Untracked 
| 188|0x0000000717800000, 0x0000000717800000, 0x0000000717a00000|  0%| F|  |TAMS 0x0000000717800000, 0x0000000717800000| Untracked 
| 189|0x0000000717a00000, 0x0000000717c00000, 0x0000000717c00000|100%| O|  |TAMS 0x0000000717c00000, 0x0000000717a00000| Untracked 
| 190|0x0000000717c00000, 0x0000000717e00000, 0x0000000717e00000|100%| O|  |TAMS 0x0000000717e00000, 0x0000000717c00000| Untracked 
| 191|0x0000000717e00000, 0x0000000718000000, 0x0000000718000000|100%| O|  |TAMS 0x0000000718000000, 0x0000000717e00000| Untracked 
| 192|0x0000000718000000, 0x0000000718200000, 0x0000000718200000|100%| O|  |TAMS 0x0000000718200000, 0x0000000718000000| Untracked 
| 193|0x0000000718200000, 0x0000000718200000, 0x0000000718400000|  0%| F|  |TAMS 0x0000000718200000, 0x0000000718200000| Untracked 
| 194|0x0000000718400000, 0x0000000718600000, 0x0000000718600000|100%| O|  |TAMS 0x0000000718600000, 0x0000000718400000| Untracked 
| 195|0x0000000718600000, 0x0000000718800000, 0x0000000718800000|100%| O|  |TAMS 0x0000000718800000, 0x0000000718600000| Untracked 
| 196|0x0000000718800000, 0x0000000718a00000, 0x0000000718a00000|100%| O|  |TAMS 0x0000000718a00000, 0x0000000718800000| Untracked 
| 197|0x0000000718a00000, 0x0000000718c00000, 0x0000000718c00000|100%| O|  |TAMS 0x0000000718c00000, 0x0000000718a00000| Untracked 
| 198|0x0000000718c00000, 0x0000000718e00000, 0x0000000718e00000|100%| O|  |TAMS 0x0000000718e00000, 0x0000000718c00000| Untracked 
| 199|0x0000000718e00000, 0x0000000719000000, 0x0000000719000000|100%| O|  |TAMS 0x0000000719000000, 0x0000000718e00000| Untracked 
| 200|0x0000000719000000, 0x0000000719200000, 0x0000000719200000|100%| O|  |TAMS 0x0000000719200000, 0x0000000719000000| Untracked 
| 201|0x0000000719200000, 0x0000000719400000, 0x0000000719400000|100%| O|  |TAMS 0x0000000719377c00, 0x0000000719200000| Untracked 
| 202|0x0000000719400000, 0x0000000719600000, 0x0000000719600000|100%| O|  |TAMS 0x0000000719600000, 0x0000000719400000| Untracked 
| 203|0x0000000719600000, 0x0000000719800000, 0x0000000719800000|100%| O|  |TAMS 0x0000000719800000, 0x0000000719600000| Untracked 
| 204|0x0000000719800000, 0x0000000719a00000, 0x0000000719a00000|100%| O|  |TAMS 0x0000000719a00000, 0x0000000719800000| Untracked 
| 205|0x0000000719a00000, 0x0000000719c00000, 0x0000000719c00000|100%| O|  |TAMS 0x0000000719c00000, 0x0000000719a00000| Untracked 
| 206|0x0000000719c00000, 0x0000000719e00000, 0x0000000719e00000|100%| O|  |TAMS 0x0000000719e00000, 0x0000000719c00000| Untracked 
| 207|0x0000000719e00000, 0x000000071a000000, 0x000000071a000000|100%| O|  |TAMS 0x000000071a000000, 0x0000000719e00000| Untracked 
| 208|0x000000071a000000, 0x000000071a200000, 0x000000071a200000|100%| O|  |TAMS 0x000000071a200000, 0x000000071a000000| Untracked 
| 209|0x000000071a200000, 0x000000071a400000, 0x000000071a400000|100%| O|  |TAMS 0x000000071a400000, 0x000000071a200000| Untracked 
| 210|0x000000071a400000, 0x000000071a400000, 0x000000071a600000|  0%| F|  |TAMS 0x000000071a400000, 0x000000071a400000| Untracked 
| 211|0x000000071a600000, 0x000000071a600000, 0x000000071a800000|  0%| F|  |TAMS 0x000000071a600000, 0x000000071a600000| Untracked 
| 212|0x000000071a800000, 0x000000071a800000, 0x000000071aa00000|  0%| F|  |TAMS 0x000000071a800000, 0x000000071a800000| Untracked 
| 213|0x000000071aa00000, 0x000000071aa00000, 0x000000071ac00000|  0%| F|  |TAMS 0x000000071aa00000, 0x000000071aa00000| Untracked 
| 214|0x000000071ac00000, 0x000000071ac00000, 0x000000071ae00000|  0%| F|  |TAMS 0x000000071ac00000, 0x000000071ac00000| Untracked 
| 215|0x000000071ae00000, 0x000000071ae00000, 0x000000071b000000|  0%| F|  |TAMS 0x000000071ae00000, 0x000000071ae00000| Untracked 
| 216|0x000000071b000000, 0x000000071b000000, 0x000000071b200000|  0%| F|  |TAMS 0x000000071b000000, 0x000000071b000000| Untracked 
| 217|0x000000071b200000, 0x000000071b200000, 0x000000071b400000|  0%| F|  |TAMS 0x000000071b200000, 0x000000071b200000| Untracked 
| 218|0x000000071b400000, 0x000000071b400000, 0x000000071b600000|  0%| F|  |TAMS 0x000000071b400000, 0x000000071b400000| Untracked 
| 219|0x000000071b600000, 0x000000071b600000, 0x000000071b800000|  0%| F|  |TAMS 0x000000071b600000, 0x000000071b600000| Untracked 
| 220|0x000000071b800000, 0x000000071b800000, 0x000000071ba00000|  0%| F|  |TAMS 0x000000071b800000, 0x000000071b800000| Untracked 
| 221|0x000000071ba00000, 0x000000071ba00000, 0x000000071bc00000|  0%| F|  |TAMS 0x000000071ba00000, 0x000000071ba00000| Untracked 
| 222|0x000000071bc00000, 0x000000071bc00000, 0x000000071be00000|  0%| F|  |TAMS 0x000000071bc00000, 0x000000071bc00000| Untracked 
| 223|0x000000071be00000, 0x000000071be00000, 0x000000071c000000|  0%| F|  |TAMS 0x000000071be00000, 0x000000071be00000| Untracked 
| 224|0x000000071c000000, 0x000000071c000000, 0x000000071c200000|  0%| F|  |TAMS 0x000000071c000000, 0x000000071c000000| Untracked 
| 225|0x000000071c200000, 0x000000071c200000, 0x000000071c400000|  0%| F|  |TAMS 0x000000071c200000, 0x000000071c200000| Untracked 
| 226|0x000000071c400000, 0x000000071c400000, 0x000000071c600000|  0%| F|  |TAMS 0x000000071c400000, 0x000000071c400000| Untracked 
| 227|0x000000071c600000, 0x000000071c600000, 0x000000071c800000|  0%| F|  |TAMS 0x000000071c600000, 0x000000071c600000| Untracked 
| 228|0x000000071c800000, 0x000000071c800000, 0x000000071ca00000|  0%| F|  |TAMS 0x000000071c800000, 0x000000071c800000| Untracked 
| 229|0x000000071ca00000, 0x000000071ca00000, 0x000000071cc00000|  0%| F|  |TAMS 0x000000071ca00000, 0x000000071ca00000| Untracked 
| 230|0x000000071cc00000, 0x000000071cc00000, 0x000000071ce00000|  0%| F|  |TAMS 0x000000071cc00000, 0x000000071cc00000| Untracked 
| 231|0x000000071ce00000, 0x000000071ce00000, 0x000000071d000000|  0%| F|  |TAMS 0x000000071ce00000, 0x000000071ce00000| Untracked 
| 232|0x000000071d000000, 0x000000071d000000, 0x000000071d200000|  0%| F|  |TAMS 0x000000071d000000, 0x000000071d000000| Untracked 
| 233|0x000000071d200000, 0x000000071d200000, 0x000000071d400000|  0%| F|  |TAMS 0x000000071d200000, 0x000000071d200000| Untracked 
| 234|0x000000071d400000, 0x000000071d400000, 0x000000071d600000|  0%| F|  |TAMS 0x000000071d400000, 0x000000071d400000| Untracked 
| 235|0x000000071d600000, 0x000000071d600000, 0x000000071d800000|  0%| F|  |TAMS 0x000000071d600000, 0x000000071d600000| Untracked 
| 236|0x000000071d800000, 0x000000071d800000, 0x000000071da00000|  0%| F|  |TAMS 0x000000071d800000, 0x000000071d800000| Untracked 
| 237|0x000000071da00000, 0x000000071da00000, 0x000000071dc00000|  0%| F|  |TAMS 0x000000071da00000, 0x000000071da00000| Untracked 
| 238|0x000000071dc00000, 0x000000071dc00000, 0x000000071de00000|  0%| F|  |TAMS 0x000000071dc00000, 0x000000071dc00000| Untracked 
| 239|0x000000071de00000, 0x000000071de00000, 0x000000071e000000|  0%| F|  |TAMS 0x000000071de00000, 0x000000071de00000| Untracked 
| 240|0x000000071e000000, 0x000000071e000000, 0x000000071e200000|  0%| F|  |TAMS 0x000000071e000000, 0x000000071e000000| Untracked 
| 241|0x000000071e200000, 0x000000071e200000, 0x000000071e400000|  0%| F|  |TAMS 0x000000071e200000, 0x000000071e200000| Untracked 
| 242|0x000000071e400000, 0x000000071e400000, 0x000000071e600000|  0%| F|  |TAMS 0x000000071e400000, 0x000000071e400000| Untracked 
| 243|0x000000071e600000, 0x000000071e600000, 0x000000071e800000|  0%| F|  |TAMS 0x000000071e600000, 0x000000071e600000| Untracked 
| 244|0x000000071e800000, 0x000000071e800000, 0x000000071ea00000|  0%| F|  |TAMS 0x000000071e800000, 0x000000071e800000| Untracked 
| 245|0x000000071ea00000, 0x000000071ea00000, 0x000000071ec00000|  0%| F|  |TAMS 0x000000071ea00000, 0x000000071ea00000| Untracked 
| 246|0x000000071ec00000, 0x000000071ec00000, 0x000000071ee00000|  0%| F|  |TAMS 0x000000071ec00000, 0x000000071ec00000| Untracked 
| 247|0x000000071ee00000, 0x000000071ee00000, 0x000000071f000000|  0%| F|  |TAMS 0x000000071ee00000, 0x000000071ee00000| Untracked 
| 248|0x000000071f000000, 0x000000071f000000, 0x000000071f200000|  0%| F|  |TAMS 0x000000071f000000, 0x000000071f000000| Untracked 
| 249|0x000000071f200000, 0x000000071f200000, 0x000000071f400000|  0%| F|  |TAMS 0x000000071f200000, 0x000000071f200000| Untracked 
| 250|0x000000071f400000, 0x000000071f400000, 0x000000071f600000|  0%| F|  |TAMS 0x000000071f400000, 0x000000071f400000| Untracked 
| 251|0x000000071f600000, 0x000000071f600000, 0x000000071f800000|  0%| F|  |TAMS 0x000000071f600000, 0x000000071f600000| Untracked 
| 252|0x000000071f800000, 0x000000071fa00000, 0x000000071fa00000|100%| O|  |TAMS 0x000000071fa00000, 0x000000071f800000| Untracked 
| 253|0x000000071fa00000, 0x000000071fa00000, 0x000000071fc00000|  0%| F|  |TAMS 0x000000071fa00000, 0x000000071fa00000| Untracked 
| 254|0x000000071fc00000, 0x000000071fc00000, 0x000000071fe00000|  0%| F|  |TAMS 0x000000071fc00000, 0x000000071fc00000| Untracked 
| 255|0x000000071fe00000, 0x000000071fe00000, 0x0000000720000000|  0%| F|  |TAMS 0x000000071fe00000, 0x000000071fe00000| Untracked 
| 256|0x0000000720000000, 0x0000000720000000, 0x0000000720200000|  0%| F|  |TAMS 0x0000000720000000, 0x0000000720000000| Untracked 
| 257|0x0000000720200000, 0x0000000720200000, 0x0000000720400000|  0%| F|  |TAMS 0x0000000720200000, 0x0000000720200000| Untracked 
| 258|0x0000000720400000, 0x0000000720400000, 0x0000000720600000|  0%| F|  |TAMS 0x0000000720400000, 0x0000000720400000| Untracked 
| 259|0x0000000720600000, 0x0000000720600000, 0x0000000720800000|  0%| F|  |TAMS 0x0000000720600000, 0x0000000720600000| Untracked 
| 260|0x0000000720800000, 0x0000000720a00000, 0x0000000720a00000|100%| O|  |TAMS 0x0000000720a00000, 0x0000000720800000| Untracked 
| 261|0x0000000720a00000, 0x0000000720a00000, 0x0000000720c00000|  0%| F|  |TAMS 0x0000000720a00000, 0x0000000720a00000| Untracked 
| 262|0x0000000720c00000, 0x0000000720c00000, 0x0000000720e00000|  0%| F|  |TAMS 0x0000000720c00000, 0x0000000720c00000| Untracked 
| 263|0x0000000720e00000, 0x0000000720e00000, 0x0000000721000000|  0%| F|  |TAMS 0x0000000720e00000, 0x0000000720e00000| Untracked 
| 264|0x0000000721000000, 0x0000000721000000, 0x0000000721200000|  0%| F|  |TAMS 0x0000000721000000, 0x0000000721000000| Untracked 
| 265|0x0000000721200000, 0x0000000721200000, 0x0000000721400000|  0%| F|  |TAMS 0x0000000721200000, 0x0000000721200000| Untracked 
| 266|0x0000000721400000, 0x0000000721400000, 0x0000000721600000|  0%| F|  |TAMS 0x0000000721400000, 0x0000000721400000| Untracked 
| 267|0x0000000721600000, 0x0000000721600000, 0x0000000721800000|  0%| F|  |TAMS 0x0000000721600000, 0x0000000721600000| Untracked 
| 268|0x0000000721800000, 0x0000000721800000, 0x0000000721a00000|  0%| F|  |TAMS 0x0000000721800000, 0x0000000721800000| Untracked 
| 269|0x0000000721a00000, 0x0000000721a00000, 0x0000000721c00000|  0%| F|  |TAMS 0x0000000721a00000, 0x0000000721a00000| Untracked 
| 270|0x0000000721c00000, 0x0000000721c00000, 0x0000000721e00000|  0%| F|  |TAMS 0x0000000721c00000, 0x0000000721c00000| Untracked 
| 271|0x0000000721e00000, 0x0000000721e00000, 0x0000000722000000|  0%| F|  |TAMS 0x0000000721e00000, 0x0000000721e00000| Untracked 
| 272|0x0000000722000000, 0x0000000722000000, 0x0000000722200000|  0%| F|  |TAMS 0x0000000722000000, 0x0000000722000000| Untracked 
| 273|0x0000000722200000, 0x0000000722400000, 0x0000000722400000|100%| O|  |TAMS 0x0000000722400000, 0x0000000722200000| Untracked 
| 274|0x0000000722400000, 0x0000000722600000, 0x0000000722600000|100%| O|  |TAMS 0x0000000722600000, 0x0000000722400000| Untracked 
| 275|0x0000000722600000, 0x0000000722800000, 0x0000000722800000|100%| O|  |TAMS 0x0000000722800000, 0x0000000722600000| Untracked 
| 276|0x0000000722800000, 0x0000000722a00000, 0x0000000722a00000|100%| O|  |TAMS 0x0000000722a00000, 0x0000000722800000| Untracked 
| 277|0x0000000722a00000, 0x0000000722a00000, 0x0000000722c00000|  0%| F|  |TAMS 0x0000000722a00000, 0x0000000722a00000| Untracked 
| 278|0x0000000722c00000, 0x0000000722c00000, 0x0000000722e00000|  0%| F|  |TAMS 0x0000000722c00000, 0x0000000722c00000| Untracked 
| 279|0x0000000722e00000, 0x0000000722e00000, 0x0000000723000000|  0%| F|  |TAMS 0x0000000722e00000, 0x0000000722e00000| Untracked 
| 280|0x0000000723000000, 0x0000000723000000, 0x0000000723200000|  0%| F|  |TAMS 0x0000000723000000, 0x0000000723000000| Untracked 
| 281|0x0000000723200000, 0x0000000723200000, 0x0000000723400000|  0%| F|  |TAMS 0x0000000723200000, 0x0000000723200000| Untracked 
| 282|0x0000000723400000, 0x0000000723400000, 0x0000000723600000|  0%| F|  |TAMS 0x0000000723400000, 0x0000000723400000| Untracked 
| 283|0x0000000723600000, 0x0000000723600000, 0x0000000723800000|  0%| F|  |TAMS 0x0000000723600000, 0x0000000723600000| Untracked 
| 284|0x0000000723800000, 0x0000000723800000, 0x0000000723a00000|  0%| F|  |TAMS 0x0000000723800000, 0x0000000723800000| Untracked 
| 285|0x0000000723a00000, 0x0000000723a00000, 0x0000000723c00000|  0%| F|  |TAMS 0x0000000723a00000, 0x0000000723a00000| Untracked 
| 286|0x0000000723c00000, 0x0000000723c00000, 0x0000000723e00000|  0%| F|  |TAMS 0x0000000723c00000, 0x0000000723c00000| Untracked 
| 287|0x0000000723e00000, 0x0000000723e00000, 0x0000000724000000|  0%| F|  |TAMS 0x0000000723e00000, 0x0000000723e00000| Untracked 
| 288|0x0000000724000000, 0x0000000724000000, 0x0000000724200000|  0%| F|  |TAMS 0x0000000724000000, 0x0000000724000000| Untracked 
| 289|0x0000000724200000, 0x0000000724200000, 0x0000000724400000|  0%| F|  |TAMS 0x0000000724200000, 0x0000000724200000| Untracked 
| 290|0x0000000724400000, 0x0000000724400000, 0x0000000724600000|  0%| F|  |TAMS 0x0000000724400000, 0x0000000724400000| Untracked 
| 291|0x0000000724600000, 0x0000000724600000, 0x0000000724800000|  0%| F|  |TAMS 0x0000000724600000, 0x0000000724600000| Untracked 
| 292|0x0000000724800000, 0x0000000724800000, 0x0000000724a00000|  0%| F|  |TAMS 0x0000000724800000, 0x0000000724800000| Untracked 
| 293|0x0000000724a00000, 0x0000000724a00000, 0x0000000724c00000|  0%| F|  |TAMS 0x0000000724a00000, 0x0000000724a00000| Untracked 
| 294|0x0000000724c00000, 0x0000000724c00000, 0x0000000724e00000|  0%| F|  |TAMS 0x0000000724c00000, 0x0000000724c00000| Untracked 
| 295|0x0000000724e00000, 0x0000000724e00000, 0x0000000725000000|  0%| F|  |TAMS 0x0000000724e00000, 0x0000000724e00000| Untracked 
| 296|0x0000000725000000, 0x0000000725000000, 0x0000000725200000|  0%| F|  |TAMS 0x0000000725000000, 0x0000000725000000| Untracked 
| 297|0x0000000725200000, 0x0000000725200000, 0x0000000725400000|  0%| F|  |TAMS 0x0000000725200000, 0x0000000725200000| Untracked 
| 298|0x0000000725400000, 0x0000000725400000, 0x0000000725600000|  0%| F|  |TAMS 0x0000000725400000, 0x0000000725400000| Untracked 
| 299|0x0000000725600000, 0x0000000725600000, 0x0000000725800000|  0%| F|  |TAMS 0x0000000725600000, 0x0000000725600000| Untracked 
| 300|0x0000000725800000, 0x0000000725800000, 0x0000000725a00000|  0%| F|  |TAMS 0x0000000725800000, 0x0000000725800000| Untracked 
| 301|0x0000000725a00000, 0x0000000725a00000, 0x0000000725c00000|  0%| F|  |TAMS 0x0000000725a00000, 0x0000000725a00000| Untracked 
| 302|0x0000000725c00000, 0x0000000725c00000, 0x0000000725e00000|  0%| F|  |TAMS 0x0000000725c00000, 0x0000000725c00000| Untracked 
| 303|0x0000000725e00000, 0x0000000725e00000, 0x0000000726000000|  0%| F|  |TAMS 0x0000000725e00000, 0x0000000725e00000| Untracked 
| 304|0x0000000726000000, 0x0000000726000000, 0x0000000726200000|  0%| F|  |TAMS 0x0000000726000000, 0x0000000726000000| Untracked 
| 305|0x0000000726200000, 0x0000000726200000, 0x0000000726400000|  0%| F|  |TAMS 0x0000000726200000, 0x0000000726200000| Untracked 
| 306|0x0000000726400000, 0x0000000726400000, 0x0000000726600000|  0%| F|  |TAMS 0x0000000726400000, 0x0000000726400000| Untracked 
| 307|0x0000000726600000, 0x0000000726800000, 0x0000000726800000|100%| O|  |TAMS 0x0000000726800000, 0x0000000726600000| Untracked 
| 308|0x0000000726800000, 0x0000000726800000, 0x0000000726a00000|  0%| F|  |TAMS 0x0000000726800000, 0x0000000726800000| Untracked 
| 309|0x0000000726a00000, 0x0000000726a00000, 0x0000000726c00000|  0%| F|  |TAMS 0x0000000726a00000, 0x0000000726a00000| Untracked 
| 310|0x0000000726c00000, 0x0000000726c00000, 0x0000000726e00000|  0%| F|  |TAMS 0x0000000726c00000, 0x0000000726c00000| Untracked 
| 311|0x0000000726e00000, 0x0000000726e00000, 0x0000000727000000|  0%| F|  |TAMS 0x0000000726e00000, 0x0000000726e00000| Untracked 
| 312|0x0000000727000000, 0x0000000727000000, 0x0000000727200000|  0%| F|  |TAMS 0x0000000727000000, 0x0000000727000000| Untracked 
| 313|0x0000000727200000, 0x0000000727200000, 0x0000000727400000|  0%| F|  |TAMS 0x0000000727200000, 0x0000000727200000| Untracked 
| 314|0x0000000727400000, 0x0000000727400000, 0x0000000727600000|  0%| F|  |TAMS 0x0000000727400000, 0x0000000727400000| Untracked 
| 315|0x0000000727600000, 0x0000000727600000, 0x0000000727800000|  0%| F|  |TAMS 0x0000000727600000, 0x0000000727600000| Untracked 
| 316|0x0000000727800000, 0x0000000727800000, 0x0000000727a00000|  0%| F|  |TAMS 0x0000000727800000, 0x0000000727800000| Untracked 
| 317|0x0000000727a00000, 0x0000000727a00000, 0x0000000727c00000|  0%| F|  |TAMS 0x0000000727a00000, 0x0000000727a00000| Untracked 
| 318|0x0000000727c00000, 0x0000000727c00000, 0x0000000727e00000|  0%| F|  |TAMS 0x0000000727c00000, 0x0000000727c00000| Untracked 
| 319|0x0000000727e00000, 0x0000000727e00000, 0x0000000728000000|  0%| F|  |TAMS 0x0000000727e00000, 0x0000000727e00000| Untracked 
| 320|0x0000000728000000, 0x0000000728000000, 0x0000000728200000|  0%| F|  |TAMS 0x0000000728000000, 0x0000000728000000| Untracked 
| 321|0x0000000728200000, 0x0000000728200000, 0x0000000728400000|  0%| F|  |TAMS 0x0000000728200000, 0x0000000728200000| Untracked 
| 322|0x0000000728400000, 0x0000000728400000, 0x0000000728600000|  0%| F|  |TAMS 0x0000000728400000, 0x0000000728400000| Untracked 
| 323|0x0000000728600000, 0x0000000728600000, 0x0000000728800000|  0%| F|  |TAMS 0x0000000728600000, 0x0000000728600000| Untracked 
| 324|0x0000000728800000, 0x0000000728800000, 0x0000000728a00000|  0%| F|  |TAMS 0x0000000728800000, 0x0000000728800000| Untracked 
| 325|0x0000000728a00000, 0x0000000728a00000, 0x0000000728c00000|  0%| F|  |TAMS 0x0000000728a00000, 0x0000000728a00000| Untracked 
| 326|0x0000000728c00000, 0x0000000728c00000, 0x0000000728e00000|  0%| F|  |TAMS 0x0000000728c00000, 0x0000000728c00000| Untracked 
| 327|0x0000000728e00000, 0x0000000728e00000, 0x0000000729000000|  0%| F|  |TAMS 0x0000000728e00000, 0x0000000728e00000| Untracked 
| 328|0x0000000729000000, 0x0000000729000000, 0x0000000729200000|  0%| F|  |TAMS 0x0000000729000000, 0x0000000729000000| Untracked 
| 329|0x0000000729200000, 0x0000000729200000, 0x0000000729400000|  0%| F|  |TAMS 0x0000000729200000, 0x0000000729200000| Untracked 
| 330|0x0000000729400000, 0x0000000729400000, 0x0000000729600000|  0%| F|  |TAMS 0x0000000729400000, 0x0000000729400000| Untracked 
| 331|0x0000000729600000, 0x0000000729600000, 0x0000000729800000|  0%| F|  |TAMS 0x0000000729600000, 0x0000000729600000| Untracked 
| 332|0x0000000729800000, 0x0000000729800000, 0x0000000729a00000|  0%| F|  |TAMS 0x0000000729800000, 0x0000000729800000| Untracked 
| 333|0x0000000729a00000, 0x0000000729a00000, 0x0000000729c00000|  0%| F|  |TAMS 0x0000000729a00000, 0x0000000729a00000| Untracked 
| 334|0x0000000729c00000, 0x0000000729c00000, 0x0000000729e00000|  0%| F|  |TAMS 0x0000000729c00000, 0x0000000729c00000| Untracked 
| 335|0x0000000729e00000, 0x0000000729e00000, 0x000000072a000000|  0%| F|  |TAMS 0x0000000729e00000, 0x0000000729e00000| Untracked 
| 336|0x000000072a000000, 0x000000072a000000, 0x000000072a200000|  0%| F|  |TAMS 0x000000072a000000, 0x000000072a000000| Untracked 
| 337|0x000000072a200000, 0x000000072a200000, 0x000000072a400000|  0%| F|  |TAMS 0x000000072a200000, 0x000000072a200000| Untracked 
| 338|0x000000072a400000, 0x000000072a400000, 0x000000072a600000|  0%| F|  |TAMS 0x000000072a400000, 0x000000072a400000| Untracked 
| 339|0x000000072a600000, 0x000000072a600000, 0x000000072a800000|  0%| F|  |TAMS 0x000000072a600000, 0x000000072a600000| Untracked 
| 340|0x000000072a800000, 0x000000072a800000, 0x000000072aa00000|  0%| F|  |TAMS 0x000000072a800000, 0x000000072a800000| Untracked 
| 341|0x000000072aa00000, 0x000000072aa00000, 0x000000072ac00000|  0%| F|  |TAMS 0x000000072aa00000, 0x000000072aa00000| Untracked 
| 342|0x000000072ac00000, 0x000000072ac00000, 0x000000072ae00000|  0%| F|  |TAMS 0x000000072ac00000, 0x000000072ac00000| Untracked 
| 343|0x000000072ae00000, 0x000000072ae00000, 0x000000072b000000|  0%| F|  |TAMS 0x000000072ae00000, 0x000000072ae00000| Untracked 
| 344|0x000000072b000000, 0x000000072b000000, 0x000000072b200000|  0%| F|  |TAMS 0x000000072b000000, 0x000000072b000000| Untracked 
| 345|0x000000072b200000, 0x000000072b200000, 0x000000072b400000|  0%| F|  |TAMS 0x000000072b200000, 0x000000072b200000| Untracked 
| 346|0x000000072b400000, 0x000000072b400000, 0x000000072b600000|  0%| F|  |TAMS 0x000000072b400000, 0x000000072b400000| Untracked 
| 347|0x000000072b600000, 0x000000072b600000, 0x000000072b800000|  0%| F|  |TAMS 0x000000072b600000, 0x000000072b600000| Untracked 
| 348|0x000000072b800000, 0x000000072b800000, 0x000000072ba00000|  0%| F|  |TAMS 0x000000072b800000, 0x000000072b800000| Untracked 
| 349|0x000000072ba00000, 0x000000072ba00000, 0x000000072bc00000|  0%| F|  |TAMS 0x000000072ba00000, 0x000000072ba00000| Untracked 
| 350|0x000000072bc00000, 0x000000072bc00000, 0x000000072be00000|  0%| F|  |TAMS 0x000000072bc00000, 0x000000072bc00000| Untracked 
| 351|0x000000072be00000, 0x000000072be00000, 0x000000072c000000|  0%| F|  |TAMS 0x000000072be00000, 0x000000072be00000| Untracked 
| 352|0x000000072c000000, 0x000000072c000000, 0x000000072c200000|  0%| F|  |TAMS 0x000000072c000000, 0x000000072c000000| Untracked 
| 353|0x000000072c200000, 0x000000072c200000, 0x000000072c400000|  0%| F|  |TAMS 0x000000072c200000, 0x000000072c200000| Untracked 
| 354|0x000000072c400000, 0x000000072c400000, 0x000000072c600000|  0%| F|  |TAMS 0x000000072c400000, 0x000000072c400000| Untracked 
| 355|0x000000072c600000, 0x000000072c600000, 0x000000072c800000|  0%| F|  |TAMS 0x000000072c600000, 0x000000072c600000| Untracked 
| 356|0x000000072c800000, 0x000000072c800000, 0x000000072ca00000|  0%| F|  |TAMS 0x000000072c800000, 0x000000072c800000| Untracked 
| 357|0x000000072ca00000, 0x000000072ca00000, 0x000000072cc00000|  0%| F|  |TAMS 0x000000072ca00000, 0x000000072ca00000| Untracked 
| 358|0x000000072cc00000, 0x000000072cc00000, 0x000000072ce00000|  0%| F|  |TAMS 0x000000072cc00000, 0x000000072cc00000| Untracked 
| 359|0x000000072ce00000, 0x000000072ce00000, 0x000000072d000000|  0%| F|  |TAMS 0x000000072ce00000, 0x000000072ce00000| Untracked 
| 360|0x000000072d000000, 0x000000072d000000, 0x000000072d200000|  0%| F|  |TAMS 0x000000072d000000, 0x000000072d000000| Untracked 
| 361|0x000000072d200000, 0x000000072d200000, 0x000000072d400000|  0%| F|  |TAMS 0x000000072d200000, 0x000000072d200000| Untracked 
| 362|0x000000072d400000, 0x000000072d400000, 0x000000072d600000|  0%| F|  |TAMS 0x000000072d400000, 0x000000072d400000| Untracked 
| 363|0x000000072d600000, 0x000000072d600000, 0x000000072d800000|  0%| F|  |TAMS 0x000000072d600000, 0x000000072d600000| Untracked 
| 364|0x000000072d800000, 0x000000072d800000, 0x000000072da00000|  0%| F|  |TAMS 0x000000072d800000, 0x000000072d800000| Untracked 
| 365|0x000000072da00000, 0x000000072da00000, 0x000000072dc00000|  0%| F|  |TAMS 0x000000072da00000, 0x000000072da00000| Untracked 
| 366|0x000000072dc00000, 0x000000072dc00000, 0x000000072de00000|  0%| F|  |TAMS 0x000000072dc00000, 0x000000072dc00000| Untracked 
| 367|0x000000072de00000, 0x000000072de00000, 0x000000072e000000|  0%| F|  |TAMS 0x000000072de00000, 0x000000072de00000| Untracked 
| 368|0x000000072e000000, 0x000000072e000000, 0x000000072e200000|  0%| F|  |TAMS 0x000000072e000000, 0x000000072e000000| Untracked 
| 369|0x000000072e200000, 0x000000072e200000, 0x000000072e400000|  0%| F|  |TAMS 0x000000072e200000, 0x000000072e200000| Untracked 
| 370|0x000000072e400000, 0x000000072e400000, 0x000000072e600000|  0%| F|  |TAMS 0x000000072e400000, 0x000000072e400000| Untracked 
| 371|0x000000072e600000, 0x000000072e600000, 0x000000072e800000|  0%| F|  |TAMS 0x000000072e600000, 0x000000072e600000| Untracked 
| 372|0x000000072e800000, 0x000000072e800000, 0x000000072ea00000|  0%| F|  |TAMS 0x000000072e800000, 0x000000072e800000| Untracked 
| 373|0x000000072ea00000, 0x000000072ea00000, 0x000000072ec00000|  0%| F|  |TAMS 0x000000072ea00000, 0x000000072ea00000| Untracked 
| 374|0x000000072ec00000, 0x000000072ec00000, 0x000000072ee00000|  0%| F|  |TAMS 0x000000072ec00000, 0x000000072ec00000| Untracked 
| 375|0x000000072ee00000, 0x000000072ee00000, 0x000000072f000000|  0%| F|  |TAMS 0x000000072ee00000, 0x000000072ee00000| Untracked 
| 376|0x000000072f000000, 0x000000072f000000, 0x000000072f200000|  0%| F|  |TAMS 0x000000072f000000, 0x000000072f000000| Untracked 
| 377|0x000000072f200000, 0x000000072f200000, 0x000000072f400000|  0%| F|  |TAMS 0x000000072f200000, 0x000000072f200000| Untracked 
| 378|0x000000072f400000, 0x000000072f400000, 0x000000072f600000|  0%| F|  |TAMS 0x000000072f400000, 0x000000072f400000| Untracked 
| 379|0x000000072f600000, 0x000000072f600000, 0x000000072f800000|  0%| F|  |TAMS 0x000000072f600000, 0x000000072f600000| Untracked 
| 380|0x000000072f800000, 0x000000072f800000, 0x000000072fa00000|  0%| F|  |TAMS 0x000000072f800000, 0x000000072f800000| Untracked 
| 381|0x000000072fa00000, 0x000000072fa00000, 0x000000072fc00000|  0%| F|  |TAMS 0x000000072fa00000, 0x000000072fa00000| Untracked 
| 382|0x000000072fc00000, 0x000000072fc00000, 0x000000072fe00000|  0%| F|  |TAMS 0x000000072fc00000, 0x000000072fc00000| Untracked 
| 383|0x000000072fe00000, 0x000000072fe00000, 0x0000000730000000|  0%| F|  |TAMS 0x000000072fe00000, 0x000000072fe00000| Untracked 
| 384|0x0000000730000000, 0x0000000730000000, 0x0000000730200000|  0%| F|  |TAMS 0x0000000730000000, 0x0000000730000000| Untracked 
| 385|0x0000000730200000, 0x0000000730200000, 0x0000000730400000|  0%| F|  |TAMS 0x0000000730200000, 0x0000000730200000| Untracked 
| 386|0x0000000730400000, 0x0000000730400000, 0x0000000730600000|  0%| F|  |TAMS 0x0000000730400000, 0x0000000730400000| Untracked 
| 387|0x0000000730600000, 0x0000000730600000, 0x0000000730800000|  0%| F|  |TAMS 0x0000000730600000, 0x0000000730600000| Untracked 
| 388|0x0000000730800000, 0x0000000730800000, 0x0000000730a00000|  0%| F|  |TAMS 0x0000000730800000, 0x0000000730800000| Untracked 
| 389|0x0000000730a00000, 0x0000000730a00000, 0x0000000730c00000|  0%| F|  |TAMS 0x0000000730a00000, 0x0000000730a00000| Untracked 
| 390|0x0000000730c00000, 0x0000000730c00000, 0x0000000730e00000|  0%| F|  |TAMS 0x0000000730c00000, 0x0000000730c00000| Untracked 
| 391|0x0000000730e00000, 0x0000000730e00000, 0x0000000731000000|  0%| F|  |TAMS 0x0000000730e00000, 0x0000000730e00000| Untracked 
| 392|0x0000000731000000, 0x0000000731000000, 0x0000000731200000|  0%| F|  |TAMS 0x0000000731000000, 0x0000000731000000| Untracked 
| 393|0x0000000731200000, 0x0000000731200000, 0x0000000731400000|  0%| F|  |TAMS 0x0000000731200000, 0x0000000731200000| Untracked 
| 394|0x0000000731400000, 0x0000000731400000, 0x0000000731600000|  0%| F|  |TAMS 0x0000000731400000, 0x0000000731400000| Untracked 
| 395|0x0000000731600000, 0x0000000731600000, 0x0000000731800000|  0%| F|  |TAMS 0x0000000731600000, 0x0000000731600000| Untracked 
| 396|0x0000000731800000, 0x0000000731800000, 0x0000000731a00000|  0%| F|  |TAMS 0x0000000731800000, 0x0000000731800000| Untracked 
| 397|0x0000000731a00000, 0x0000000731a00000, 0x0000000731c00000|  0%| F|  |TAMS 0x0000000731a00000, 0x0000000731a00000| Untracked 
| 398|0x0000000731c00000, 0x0000000731c00000, 0x0000000731e00000|  0%| F|  |TAMS 0x0000000731c00000, 0x0000000731c00000| Untracked 
| 399|0x0000000731e00000, 0x0000000731e00000, 0x0000000732000000|  0%| F|  |TAMS 0x0000000731e00000, 0x0000000731e00000| Untracked 
| 400|0x0000000732000000, 0x0000000732000000, 0x0000000732200000|  0%| F|  |TAMS 0x0000000732000000, 0x0000000732000000| Untracked 
| 401|0x0000000732200000, 0x0000000732200000, 0x0000000732400000|  0%| F|  |TAMS 0x0000000732200000, 0x0000000732200000| Untracked 
| 402|0x0000000732400000, 0x0000000732400000, 0x0000000732600000|  0%| F|  |TAMS 0x0000000732400000, 0x0000000732400000| Untracked 
| 403|0x0000000732600000, 0x0000000732600000, 0x0000000732800000|  0%| F|  |TAMS 0x0000000732600000, 0x0000000732600000| Untracked 
| 404|0x0000000732800000, 0x0000000732800000, 0x0000000732a00000|  0%| F|  |TAMS 0x0000000732800000, 0x0000000732800000| Untracked 
| 405|0x0000000732a00000, 0x0000000732a00000, 0x0000000732c00000|  0%| F|  |TAMS 0x0000000732a00000, 0x0000000732a00000| Untracked 
| 406|0x0000000732c00000, 0x0000000732c00000, 0x0000000732e00000|  0%| F|  |TAMS 0x0000000732c00000, 0x0000000732c00000| Untracked 
| 407|0x0000000732e00000, 0x0000000732e00000, 0x0000000733000000|  0%| F|  |TAMS 0x0000000732e00000, 0x0000000732e00000| Untracked 
| 408|0x0000000733000000, 0x0000000733000000, 0x0000000733200000|  0%| F|  |TAMS 0x0000000733000000, 0x0000000733000000| Untracked 
| 409|0x0000000733200000, 0x0000000733200000, 0x0000000733400000|  0%| F|  |TAMS 0x0000000733200000, 0x0000000733200000| Untracked 
| 410|0x0000000733400000, 0x0000000733400000, 0x0000000733600000|  0%| F|  |TAMS 0x0000000733400000, 0x0000000733400000| Untracked 
| 411|0x0000000733600000, 0x0000000733600000, 0x0000000733800000|  0%| F|  |TAMS 0x0000000733600000, 0x0000000733600000| Untracked 
| 412|0x0000000733800000, 0x0000000733800000, 0x0000000733a00000|  0%| F|  |TAMS 0x0000000733800000, 0x0000000733800000| Untracked 
| 413|0x0000000733a00000, 0x0000000733a00000, 0x0000000733c00000|  0%| F|  |TAMS 0x0000000733a00000, 0x0000000733a00000| Untracked 
| 414|0x0000000733c00000, 0x0000000733c00000, 0x0000000733e00000|  0%| F|  |TAMS 0x0000000733c00000, 0x0000000733c00000| Untracked 
| 415|0x0000000733e00000, 0x0000000733e00000, 0x0000000734000000|  0%| F|  |TAMS 0x0000000733e00000, 0x0000000733e00000| Untracked 
| 416|0x0000000734000000, 0x0000000734000000, 0x0000000734200000|  0%| F|  |TAMS 0x0000000734000000, 0x0000000734000000| Untracked 
| 417|0x0000000734200000, 0x0000000734200000, 0x0000000734400000|  0%| F|  |TAMS 0x0000000734200000, 0x0000000734200000| Untracked 
| 418|0x0000000734400000, 0x0000000734400000, 0x0000000734600000|  0%| F|  |TAMS 0x0000000734400000, 0x0000000734400000| Untracked 
| 419|0x0000000734600000, 0x0000000734600000, 0x0000000734800000|  0%| F|  |TAMS 0x0000000734600000, 0x0000000734600000| Untracked 
| 420|0x0000000734800000, 0x0000000734800000, 0x0000000734a00000|  0%| F|  |TAMS 0x0000000734800000, 0x0000000734800000| Untracked 
| 421|0x0000000734a00000, 0x0000000734a00000, 0x0000000734c00000|  0%| F|  |TAMS 0x0000000734a00000, 0x0000000734a00000| Untracked 
| 422|0x0000000734c00000, 0x0000000734c00000, 0x0000000734e00000|  0%| F|  |TAMS 0x0000000734c00000, 0x0000000734c00000| Untracked 
| 423|0x0000000734e00000, 0x0000000734e00000, 0x0000000735000000|  0%| F|  |TAMS 0x0000000734e00000, 0x0000000734e00000| Untracked 
| 424|0x0000000735000000, 0x0000000735000000, 0x0000000735200000|  0%| F|  |TAMS 0x0000000735000000, 0x0000000735000000| Untracked 
| 425|0x0000000735200000, 0x0000000735200000, 0x0000000735400000|  0%| F|  |TAMS 0x0000000735200000, 0x0000000735200000| Untracked 
| 426|0x0000000735400000, 0x0000000735400000, 0x0000000735600000|  0%| F|  |TAMS 0x0000000735400000, 0x0000000735400000| Untracked 
| 427|0x0000000735600000, 0x0000000735600000, 0x0000000735800000|  0%| F|  |TAMS 0x0000000735600000, 0x0000000735600000| Untracked 
| 428|0x0000000735800000, 0x0000000735800000, 0x0000000735a00000|  0%| F|  |TAMS 0x0000000735800000, 0x0000000735800000| Untracked 
| 429|0x0000000735a00000, 0x0000000735a00000, 0x0000000735c00000|  0%| F|  |TAMS 0x0000000735a00000, 0x0000000735a00000| Untracked 
| 430|0x0000000735c00000, 0x0000000735c00000, 0x0000000735e00000|  0%| F|  |TAMS 0x0000000735c00000, 0x0000000735c00000| Untracked 
| 431|0x0000000735e00000, 0x0000000735e00000, 0x0000000736000000|  0%| F|  |TAMS 0x0000000735e00000, 0x0000000735e00000| Untracked 
| 432|0x0000000736000000, 0x0000000736000000, 0x0000000736200000|  0%| F|  |TAMS 0x0000000736000000, 0x0000000736000000| Untracked 
| 433|0x0000000736200000, 0x0000000736200000, 0x0000000736400000|  0%| F|  |TAMS 0x0000000736200000, 0x0000000736200000| Untracked 
| 434|0x0000000736400000, 0x0000000736400000, 0x0000000736600000|  0%| F|  |TAMS 0x0000000736400000, 0x0000000736400000| Untracked 
| 435|0x0000000736600000, 0x0000000736600000, 0x0000000736800000|  0%| F|  |TAMS 0x0000000736600000, 0x0000000736600000| Untracked 
| 436|0x0000000736800000, 0x0000000736800000, 0x0000000736a00000|  0%| F|  |TAMS 0x0000000736800000, 0x0000000736800000| Untracked 
| 437|0x0000000736a00000, 0x0000000736a00000, 0x0000000736c00000|  0%| F|  |TAMS 0x0000000736a00000, 0x0000000736a00000| Untracked 
| 438|0x0000000736c00000, 0x0000000736c00000, 0x0000000736e00000|  0%| F|  |TAMS 0x0000000736c00000, 0x0000000736c00000| Untracked 
| 439|0x0000000736e00000, 0x0000000736e00000, 0x0000000737000000|  0%| F|  |TAMS 0x0000000736e00000, 0x0000000736e00000| Untracked 
| 440|0x0000000737000000, 0x0000000737000000, 0x0000000737200000|  0%| F|  |TAMS 0x0000000737000000, 0x0000000737000000| Untracked 
| 441|0x0000000737200000, 0x0000000737200000, 0x0000000737400000|  0%| F|  |TAMS 0x0000000737200000, 0x0000000737200000| Untracked 
| 442|0x0000000737400000, 0x0000000737400000, 0x0000000737600000|  0%| F|  |TAMS 0x0000000737400000, 0x0000000737400000| Untracked 
| 443|0x0000000737600000, 0x0000000737600000, 0x0000000737800000|  0%| F|  |TAMS 0x0000000737600000, 0x0000000737600000| Untracked 
| 444|0x0000000737800000, 0x0000000737800000, 0x0000000737a00000|  0%| F|  |TAMS 0x0000000737800000, 0x0000000737800000| Untracked 
| 445|0x0000000737a00000, 0x0000000737a00000, 0x0000000737c00000|  0%| F|  |TAMS 0x0000000737a00000, 0x0000000737a00000| Untracked 
| 446|0x0000000737c00000, 0x0000000737c00000, 0x0000000737e00000|  0%| F|  |TAMS 0x0000000737c00000, 0x0000000737c00000| Untracked 
| 447|0x0000000737e00000, 0x0000000737e00000, 0x0000000738000000|  0%| F|  |TAMS 0x0000000737e00000, 0x0000000737e00000| Untracked 
| 448|0x0000000738000000, 0x0000000738000000, 0x0000000738200000|  0%| F|  |TAMS 0x0000000738000000, 0x0000000738000000| Untracked 
| 449|0x0000000738200000, 0x0000000738200000, 0x0000000738400000|  0%| F|  |TAMS 0x0000000738200000, 0x0000000738200000| Untracked 
| 450|0x0000000738400000, 0x0000000738400000, 0x0000000738600000|  0%| F|  |TAMS 0x0000000738400000, 0x0000000738400000| Untracked 
| 451|0x0000000738600000, 0x0000000738600000, 0x0000000738800000|  0%| F|  |TAMS 0x0000000738600000, 0x0000000738600000| Untracked 
| 452|0x0000000738800000, 0x0000000738800000, 0x0000000738a00000|  0%| F|  |TAMS 0x0000000738800000, 0x0000000738800000| Untracked 
| 453|0x0000000738a00000, 0x0000000738a00000, 0x0000000738c00000|  0%| F|  |TAMS 0x0000000738a00000, 0x0000000738a00000| Untracked 
| 454|0x0000000738c00000, 0x0000000738c00000, 0x0000000738e00000|  0%| F|  |TAMS 0x0000000738c00000, 0x0000000738c00000| Untracked 
| 455|0x0000000738e00000, 0x0000000738e00000, 0x0000000739000000|  0%| F|  |TAMS 0x0000000738e00000, 0x0000000738e00000| Untracked 
| 456|0x0000000739000000, 0x0000000739000000, 0x0000000739200000|  0%| F|  |TAMS 0x0000000739000000, 0x0000000739000000| Untracked 
| 457|0x0000000739200000, 0x0000000739200000, 0x0000000739400000|  0%| F|  |TAMS 0x0000000739200000, 0x0000000739200000| Untracked 
| 458|0x0000000739400000, 0x0000000739400000, 0x0000000739600000|  0%| F|  |TAMS 0x0000000739400000, 0x0000000739400000| Untracked 
| 459|0x0000000739600000, 0x0000000739600000, 0x0000000739800000|  0%| F|  |TAMS 0x0000000739600000, 0x0000000739600000| Untracked 
| 460|0x0000000739800000, 0x0000000739800000, 0x0000000739a00000|  0%| F|  |TAMS 0x0000000739800000, 0x0000000739800000| Untracked 
| 461|0x0000000739a00000, 0x0000000739a00000, 0x0000000739c00000|  0%| F|  |TAMS 0x0000000739a00000, 0x0000000739a00000| Untracked 
| 462|0x0000000739c00000, 0x0000000739c00000, 0x0000000739e00000|  0%| F|  |TAMS 0x0000000739c00000, 0x0000000739c00000| Untracked 
| 463|0x0000000739e00000, 0x0000000739e00000, 0x000000073a000000|  0%| F|  |TAMS 0x0000000739e00000, 0x0000000739e00000| Untracked 
| 464|0x000000073a000000, 0x000000073a000000, 0x000000073a200000|  0%| F|  |TAMS 0x000000073a000000, 0x000000073a000000| Untracked 
| 465|0x000000073a200000, 0x000000073a200000, 0x000000073a400000|  0%| F|  |TAMS 0x000000073a200000, 0x000000073a200000| Untracked 
| 466|0x000000073a400000, 0x000000073a400000, 0x000000073a600000|  0%| F|  |TAMS 0x000000073a400000, 0x000000073a400000| Untracked 
| 467|0x000000073a600000, 0x000000073a600000, 0x000000073a800000|  0%| F|  |TAMS 0x000000073a600000, 0x000000073a600000| Untracked 
| 468|0x000000073a800000, 0x000000073a800000, 0x000000073aa00000|  0%| F|  |TAMS 0x000000073a800000, 0x000000073a800000| Untracked 
| 469|0x000000073aa00000, 0x000000073ac00000, 0x000000073ac00000|100%| O|  |TAMS 0x000000073ac00000, 0x000000073aa00000| Untracked 
| 470|0x000000073ac00000, 0x000000073ac00000, 0x000000073ae00000|  0%| F|  |TAMS 0x000000073ac00000, 0x000000073ac00000| Untracked 
| 471|0x000000073ae00000, 0x000000073b000000, 0x000000073b000000|100%| O|  |TAMS 0x000000073b000000, 0x000000073ae00000| Untracked 
| 472|0x000000073b000000, 0x000000073b000000, 0x000000073b200000|  0%| F|  |TAMS 0x000000073b000000, 0x000000073b000000| Untracked 
| 473|0x000000073b200000, 0x000000073b200000, 0x000000073b400000|  0%| F|  |TAMS 0x000000073b200000, 0x000000073b200000| Untracked 
| 474|0x000000073b400000, 0x000000073b400000, 0x000000073b600000|  0%| F|  |TAMS 0x000000073b400000, 0x000000073b400000| Untracked 
| 475|0x000000073b600000, 0x000000073b600000, 0x000000073b800000|  0%| F|  |TAMS 0x000000073b600000, 0x000000073b600000| Untracked 
| 476|0x000000073b800000, 0x000000073b800000, 0x000000073ba00000|  0%| F|  |TAMS 0x000000073b800000, 0x000000073b800000| Untracked 
| 477|0x000000073ba00000, 0x000000073ba00000, 0x000000073bc00000|  0%| F|  |TAMS 0x000000073ba00000, 0x000000073ba00000| Untracked 
| 478|0x000000073bc00000, 0x000000073bc00000, 0x000000073be00000|  0%| F|  |TAMS 0x000000073bc00000, 0x000000073bc00000| Untracked 
| 479|0x000000073be00000, 0x000000073be00000, 0x000000073c000000|  0%| F|  |TAMS 0x000000073be00000, 0x000000073be00000| Untracked 
| 480|0x000000073c000000, 0x000000073c000000, 0x000000073c200000|  0%| F|  |TAMS 0x000000073c000000, 0x000000073c000000| Untracked 
| 481|0x000000073c200000, 0x000000073c200000, 0x000000073c400000|  0%| F|  |TAMS 0x000000073c200000, 0x000000073c200000| Untracked 
| 482|0x000000073c400000, 0x000000073c400000, 0x000000073c600000|  0%| F|  |TAMS 0x000000073c400000, 0x000000073c400000| Untracked 
| 483|0x000000073c600000, 0x000000073c600000, 0x000000073c800000|  0%| F|  |TAMS 0x000000073c600000, 0x000000073c600000| Untracked 
| 484|0x000000073c800000, 0x000000073c800000, 0x000000073ca00000|  0%| F|  |TAMS 0x000000073c800000, 0x000000073c800000| Untracked 
| 485|0x000000073ca00000, 0x000000073ca00000, 0x000000073cc00000|  0%| F|  |TAMS 0x000000073ca00000, 0x000000073ca00000| Untracked 
| 486|0x000000073cc00000, 0x000000073cc00000, 0x000000073ce00000|  0%| F|  |TAMS 0x000000073cc00000, 0x000000073cc00000| Untracked 
| 487|0x000000073ce00000, 0x000000073ce00000, 0x000000073d000000|  0%| F|  |TAMS 0x000000073ce00000, 0x000000073ce00000| Untracked 
| 488|0x000000073d000000, 0x000000073d000000, 0x000000073d200000|  0%| F|  |TAMS 0x000000073d000000, 0x000000073d000000| Untracked 
| 489|0x000000073d200000, 0x000000073d200000, 0x000000073d400000|  0%| F|  |TAMS 0x000000073d200000, 0x000000073d200000| Untracked 
| 490|0x000000073d400000, 0x000000073d400000, 0x000000073d600000|  0%| F|  |TAMS 0x000000073d400000, 0x000000073d400000| Untracked 
| 491|0x000000073d600000, 0x000000073d600000, 0x000000073d800000|  0%| F|  |TAMS 0x000000073d600000, 0x000000073d600000| Untracked 
| 492|0x000000073d800000, 0x000000073d800000, 0x000000073da00000|  0%| F|  |TAMS 0x000000073d800000, 0x000000073d800000| Untracked 
| 493|0x000000073da00000, 0x000000073da00000, 0x000000073dc00000|  0%| F|  |TAMS 0x000000073da00000, 0x000000073da00000| Untracked 
| 494|0x000000073dc00000, 0x000000073dc00000, 0x000000073de00000|  0%| F|  |TAMS 0x000000073dc00000, 0x000000073dc00000| Untracked 
| 495|0x000000073de00000, 0x000000073de00000, 0x000000073e000000|  0%| F|  |TAMS 0x000000073de00000, 0x000000073de00000| Untracked 
| 496|0x000000073e000000, 0x000000073e000000, 0x000000073e200000|  0%| F|  |TAMS 0x000000073e000000, 0x000000073e000000| Untracked 
| 497|0x000000073e200000, 0x000000073e200000, 0x000000073e400000|  0%| F|  |TAMS 0x000000073e200000, 0x000000073e200000| Untracked 
| 498|0x000000073e400000, 0x000000073e400000, 0x000000073e600000|  0%| F|  |TAMS 0x000000073e400000, 0x000000073e400000| Untracked 
| 499|0x000000073e600000, 0x000000073e600000, 0x000000073e800000|  0%| F|  |TAMS 0x000000073e600000, 0x000000073e600000| Untracked 
| 500|0x000000073e800000, 0x000000073e800000, 0x000000073ea00000|  0%| F|  |TAMS 0x000000073e800000, 0x000000073e800000| Untracked 
| 501|0x000000073ea00000, 0x000000073ea00000, 0x000000073ec00000|  0%| F|  |TAMS 0x000000073ea00000, 0x000000073ea00000| Untracked 
| 502|0x000000073ec00000, 0x000000073ec00000, 0x000000073ee00000|  0%| F|  |TAMS 0x000000073ec00000, 0x000000073ec00000| Untracked 
| 503|0x000000073ee00000, 0x000000073ee00000, 0x000000073f000000|  0%| F|  |TAMS 0x000000073ee00000, 0x000000073ee00000| Untracked 
| 504|0x000000073f000000, 0x000000073f000000, 0x000000073f200000|  0%| F|  |TAMS 0x000000073f000000, 0x000000073f000000| Untracked 
| 505|0x000000073f200000, 0x000000073f200000, 0x000000073f400000|  0%| F|  |TAMS 0x000000073f200000, 0x000000073f200000| Untracked 
| 506|0x000000073f400000, 0x000000073f400000, 0x000000073f600000|  0%| F|  |TAMS 0x000000073f400000, 0x000000073f400000| Untracked 
| 507|0x000000073f600000, 0x000000073f600000, 0x000000073f800000|  0%| F|  |TAMS 0x000000073f600000, 0x000000073f600000| Untracked 
| 508|0x000000073f800000, 0x000000073f800000, 0x000000073fa00000|  0%| F|  |TAMS 0x000000073f800000, 0x000000073f800000| Untracked 
| 509|0x000000073fa00000, 0x000000073fa00000, 0x000000073fc00000|  0%| F|  |TAMS 0x000000073fa00000, 0x000000073fa00000| Untracked 
| 510|0x000000073fc00000, 0x000000073fc00000, 0x000000073fe00000|  0%| F|  |TAMS 0x000000073fc00000, 0x000000073fc00000| Untracked 
| 511|0x000000073fe00000, 0x000000073fe00000, 0x0000000740000000|  0%| F|  |TAMS 0x000000073fe00000, 0x000000073fe00000| Untracked 
| 512|0x0000000740000000, 0x0000000740000000, 0x0000000740200000|  0%| F|  |TAMS 0x0000000740000000, 0x0000000740000000| Untracked 
| 513|0x0000000740200000, 0x0000000740200000, 0x0000000740400000|  0%| F|  |TAMS 0x0000000740200000, 0x0000000740200000| Untracked 
| 514|0x0000000740400000, 0x0000000740400000, 0x0000000740600000|  0%| F|  |TAMS 0x0000000740400000, 0x0000000740400000| Untracked 
| 515|0x0000000740600000, 0x0000000740600000, 0x0000000740800000|  0%| F|  |TAMS 0x0000000740600000, 0x0000000740600000| Untracked 
| 516|0x0000000740800000, 0x0000000740800000, 0x0000000740a00000|  0%| F|  |TAMS 0x0000000740800000, 0x0000000740800000| Untracked 
| 517|0x0000000740a00000, 0x0000000740a00000, 0x0000000740c00000|  0%| F|  |TAMS 0x0000000740a00000, 0x0000000740a00000| Untracked 
| 518|0x0000000740c00000, 0x0000000740c00000, 0x0000000740e00000|  0%| F|  |TAMS 0x0000000740c00000, 0x0000000740c00000| Untracked 
| 519|0x0000000740e00000, 0x0000000740e00000, 0x0000000741000000|  0%| F|  |TAMS 0x0000000740e00000, 0x0000000740e00000| Untracked 
| 520|0x0000000741000000, 0x0000000741000000, 0x0000000741200000|  0%| F|  |TAMS 0x0000000741000000, 0x0000000741000000| Untracked 
| 521|0x0000000741200000, 0x0000000741200000, 0x0000000741400000|  0%| F|  |TAMS 0x0000000741200000, 0x0000000741200000| Untracked 
| 522|0x0000000741400000, 0x0000000741400000, 0x0000000741600000|  0%| F|  |TAMS 0x0000000741400000, 0x0000000741400000| Untracked 
| 523|0x0000000741600000, 0x0000000741600000, 0x0000000741800000|  0%| F|  |TAMS 0x0000000741600000, 0x0000000741600000| Untracked 
| 524|0x0000000741800000, 0x0000000741800000, 0x0000000741a00000|  0%| F|  |TAMS 0x0000000741800000, 0x0000000741800000| Untracked 
| 525|0x0000000741a00000, 0x0000000741a00000, 0x0000000741c00000|  0%| F|  |TAMS 0x0000000741a00000, 0x0000000741a00000| Untracked 
| 526|0x0000000741c00000, 0x0000000741c00000, 0x0000000741e00000|  0%| F|  |TAMS 0x0000000741c00000, 0x0000000741c00000| Untracked 
| 527|0x0000000741e00000, 0x0000000741e00000, 0x0000000742000000|  0%| F|  |TAMS 0x0000000741e00000, 0x0000000741e00000| Untracked 
| 528|0x0000000742000000, 0x0000000742000000, 0x0000000742200000|  0%| F|  |TAMS 0x0000000742000000, 0x0000000742000000| Untracked 
| 529|0x0000000742200000, 0x0000000742200000, 0x0000000742400000|  0%| F|  |TAMS 0x0000000742200000, 0x0000000742200000| Untracked 
| 530|0x0000000742400000, 0x0000000742400000, 0x0000000742600000|  0%| F|  |TAMS 0x0000000742400000, 0x0000000742400000| Untracked 
| 531|0x0000000742600000, 0x0000000742600000, 0x0000000742800000|  0%| F|  |TAMS 0x0000000742600000, 0x0000000742600000| Untracked 
| 532|0x0000000742800000, 0x0000000742800000, 0x0000000742a00000|  0%| F|  |TAMS 0x0000000742800000, 0x0000000742800000| Untracked 
| 533|0x0000000742a00000, 0x0000000742a00000, 0x0000000742c00000|  0%| F|  |TAMS 0x0000000742a00000, 0x0000000742a00000| Untracked 
| 534|0x0000000742c00000, 0x0000000742c00000, 0x0000000742e00000|  0%| F|  |TAMS 0x0000000742c00000, 0x0000000742c00000| Untracked 
| 535|0x0000000742e00000, 0x0000000742e00000, 0x0000000743000000|  0%| F|  |TAMS 0x0000000742e00000, 0x0000000742e00000| Untracked 
| 536|0x0000000743000000, 0x0000000743000000, 0x0000000743200000|  0%| F|  |TAMS 0x0000000743000000, 0x0000000743000000| Untracked 
| 537|0x0000000743200000, 0x0000000743200000, 0x0000000743400000|  0%| F|  |TAMS 0x0000000743200000, 0x0000000743200000| Untracked 
| 538|0x0000000743400000, 0x0000000743400000, 0x0000000743600000|  0%| F|  |TAMS 0x0000000743400000, 0x0000000743400000| Untracked 
| 539|0x0000000743600000, 0x0000000743600000, 0x0000000743800000|  0%| F|  |TAMS 0x0000000743600000, 0x0000000743600000| Untracked 
| 540|0x0000000743800000, 0x0000000743800000, 0x0000000743a00000|  0%| F|  |TAMS 0x0000000743800000, 0x0000000743800000| Untracked 
| 541|0x0000000743a00000, 0x0000000743a00000, 0x0000000743c00000|  0%| F|  |TAMS 0x0000000743a00000, 0x0000000743a00000| Untracked 
| 542|0x0000000743c00000, 0x0000000743c00000, 0x0000000743e00000|  0%| F|  |TAMS 0x0000000743c00000, 0x0000000743c00000| Untracked 
| 543|0x0000000743e00000, 0x0000000743e00000, 0x0000000744000000|  0%| F|  |TAMS 0x0000000743e00000, 0x0000000743e00000| Untracked 
| 544|0x0000000744000000, 0x0000000744000000, 0x0000000744200000|  0%| F|  |TAMS 0x0000000744000000, 0x0000000744000000| Untracked 
| 545|0x0000000744200000, 0x0000000744200000, 0x0000000744400000|  0%| F|  |TAMS 0x0000000744200000, 0x0000000744200000| Untracked 
| 546|0x0000000744400000, 0x0000000744400000, 0x0000000744600000|  0%| F|  |TAMS 0x0000000744400000, 0x0000000744400000| Untracked 
| 547|0x0000000744600000, 0x0000000744600000, 0x0000000744800000|  0%| F|  |TAMS 0x0000000744600000, 0x0000000744600000| Untracked 
| 548|0x0000000744800000, 0x0000000744800000, 0x0000000744a00000|  0%| F|  |TAMS 0x0000000744800000, 0x0000000744800000| Untracked 
| 549|0x0000000744a00000, 0x0000000744a00000, 0x0000000744c00000|  0%| F|  |TAMS 0x0000000744a00000, 0x0000000744a00000| Untracked 
| 550|0x0000000744c00000, 0x0000000744c00000, 0x0000000744e00000|  0%| F|  |TAMS 0x0000000744c00000, 0x0000000744c00000| Untracked 
| 551|0x0000000744e00000, 0x0000000744e00000, 0x0000000745000000|  0%| F|  |TAMS 0x0000000744e00000, 0x0000000744e00000| Untracked 
| 552|0x0000000745000000, 0x0000000745000000, 0x0000000745200000|  0%| F|  |TAMS 0x0000000745000000, 0x0000000745000000| Untracked 
| 553|0x0000000745200000, 0x0000000745200000, 0x0000000745400000|  0%| F|  |TAMS 0x0000000745200000, 0x0000000745200000| Untracked 
| 554|0x0000000745400000, 0x0000000745400000, 0x0000000745600000|  0%| F|  |TAMS 0x0000000745400000, 0x0000000745400000| Untracked 
| 555|0x0000000745600000, 0x0000000745600000, 0x0000000745800000|  0%| F|  |TAMS 0x0000000745600000, 0x0000000745600000| Untracked 
| 556|0x0000000745800000, 0x0000000745800000, 0x0000000745a00000|  0%| F|  |TAMS 0x0000000745800000, 0x0000000745800000| Untracked 
| 557|0x0000000745a00000, 0x0000000745a00000, 0x0000000745c00000|  0%| F|  |TAMS 0x0000000745a00000, 0x0000000745a00000| Untracked 
| 558|0x0000000745c00000, 0x0000000745c00000, 0x0000000745e00000|  0%| F|  |TAMS 0x0000000745c00000, 0x0000000745c00000| Untracked 
| 559|0x0000000745e00000, 0x0000000745e00000, 0x0000000746000000|  0%| F|  |TAMS 0x0000000745e00000, 0x0000000745e00000| Untracked 
| 560|0x0000000746000000, 0x0000000746000000, 0x0000000746200000|  0%| F|  |TAMS 0x0000000746000000, 0x0000000746000000| Untracked 
| 561|0x0000000746200000, 0x0000000746200000, 0x0000000746400000|  0%| F|  |TAMS 0x0000000746200000, 0x0000000746200000| Untracked 
| 562|0x0000000746400000, 0x0000000746400000, 0x0000000746600000|  0%| F|  |TAMS 0x0000000746400000, 0x0000000746400000| Untracked 
| 563|0x0000000746600000, 0x0000000746600000, 0x0000000746800000|  0%| F|  |TAMS 0x0000000746600000, 0x0000000746600000| Untracked 
| 564|0x0000000746800000, 0x0000000746800000, 0x0000000746a00000|  0%| F|  |TAMS 0x0000000746800000, 0x0000000746800000| Untracked 
| 565|0x0000000746a00000, 0x0000000746a00000, 0x0000000746c00000|  0%| F|  |TAMS 0x0000000746a00000, 0x0000000746a00000| Untracked 
| 566|0x0000000746c00000, 0x0000000746c00000, 0x0000000746e00000|  0%| F|  |TAMS 0x0000000746c00000, 0x0000000746c00000| Untracked 
| 567|0x0000000746e00000, 0x0000000746e00000, 0x0000000747000000|  0%| F|  |TAMS 0x0000000746e00000, 0x0000000746e00000| Untracked 
| 568|0x0000000747000000, 0x0000000747000000, 0x0000000747200000|  0%| F|  |TAMS 0x0000000747000000, 0x0000000747000000| Untracked 
| 569|0x0000000747200000, 0x0000000747200000, 0x0000000747400000|  0%| F|  |TAMS 0x0000000747200000, 0x0000000747200000| Untracked 
| 570|0x0000000747400000, 0x0000000747400000, 0x0000000747600000|  0%| F|  |TAMS 0x0000000747400000, 0x0000000747400000| Untracked 
| 571|0x0000000747600000, 0x0000000747600000, 0x0000000747800000|  0%| F|  |TAMS 0x0000000747600000, 0x0000000747600000| Untracked 
| 572|0x0000000747800000, 0x0000000747800000, 0x0000000747a00000|  0%| F|  |TAMS 0x0000000747800000, 0x0000000747800000| Untracked 
| 573|0x0000000747a00000, 0x0000000747a00000, 0x0000000747c00000|  0%| F|  |TAMS 0x0000000747a00000, 0x0000000747a00000| Untracked 
| 574|0x0000000747c00000, 0x0000000747c00000, 0x0000000747e00000|  0%| F|  |TAMS 0x0000000747c00000, 0x0000000747c00000| Untracked 
| 575|0x0000000747e00000, 0x0000000747e00000, 0x0000000748000000|  0%| F|  |TAMS 0x0000000747e00000, 0x0000000747e00000| Untracked 
| 576|0x0000000748000000, 0x0000000748000000, 0x0000000748200000|  0%| F|  |TAMS 0x0000000748000000, 0x0000000748000000| Untracked 
| 577|0x0000000748200000, 0x0000000748200000, 0x0000000748400000|  0%| F|  |TAMS 0x0000000748200000, 0x0000000748200000| Untracked 
| 578|0x0000000748400000, 0x0000000748400000, 0x0000000748600000|  0%| F|  |TAMS 0x0000000748400000, 0x0000000748400000| Untracked 
| 579|0x0000000748600000, 0x0000000748600000, 0x0000000748800000|  0%| F|  |TAMS 0x0000000748600000, 0x0000000748600000| Untracked 
| 580|0x0000000748800000, 0x0000000748800000, 0x0000000748a00000|  0%| F|  |TAMS 0x0000000748800000, 0x0000000748800000| Untracked 
| 581|0x0000000748a00000, 0x0000000748a00000, 0x0000000748c00000|  0%| F|  |TAMS 0x0000000748a00000, 0x0000000748a00000| Untracked 
| 582|0x0000000748c00000, 0x0000000748c00000, 0x0000000748e00000|  0%| F|  |TAMS 0x0000000748c00000, 0x0000000748c00000| Untracked 
| 583|0x0000000748e00000, 0x0000000748e00000, 0x0000000749000000|  0%| F|  |TAMS 0x0000000748e00000, 0x0000000748e00000| Untracked 
| 584|0x0000000749000000, 0x0000000749000000, 0x0000000749200000|  0%| F|  |TAMS 0x0000000749000000, 0x0000000749000000| Untracked 
| 585|0x0000000749200000, 0x0000000749200000, 0x0000000749400000|  0%| F|  |TAMS 0x0000000749200000, 0x0000000749200000| Untracked 
| 586|0x0000000749400000, 0x0000000749400000, 0x0000000749600000|  0%| F|  |TAMS 0x0000000749400000, 0x0000000749400000| Untracked 
| 587|0x0000000749600000, 0x0000000749600000, 0x0000000749800000|  0%| F|  |TAMS 0x0000000749600000, 0x0000000749600000| Untracked 
| 588|0x0000000749800000, 0x0000000749800000, 0x0000000749a00000|  0%| F|  |TAMS 0x0000000749800000, 0x0000000749800000| Untracked 
| 589|0x0000000749a00000, 0x0000000749a00000, 0x0000000749c00000|  0%| F|  |TAMS 0x0000000749a00000, 0x0000000749a00000| Untracked 
| 590|0x0000000749c00000, 0x0000000749c00000, 0x0000000749e00000|  0%| F|  |TAMS 0x0000000749c00000, 0x0000000749c00000| Untracked 
| 591|0x0000000749e00000, 0x0000000749e00000, 0x000000074a000000|  0%| F|  |TAMS 0x0000000749e00000, 0x0000000749e00000| Untracked 
| 592|0x000000074a000000, 0x000000074a000000, 0x000000074a200000|  0%| F|  |TAMS 0x000000074a000000, 0x000000074a000000| Untracked 
| 593|0x000000074a200000, 0x000000074a200000, 0x000000074a400000|  0%| F|  |TAMS 0x000000074a200000, 0x000000074a200000| Untracked 
| 594|0x000000074a400000, 0x000000074a400000, 0x000000074a600000|  0%| F|  |TAMS 0x000000074a400000, 0x000000074a400000| Untracked 
| 595|0x000000074a600000, 0x000000074a600000, 0x000000074a800000|  0%| F|  |TAMS 0x000000074a600000, 0x000000074a600000| Untracked 
| 596|0x000000074a800000, 0x000000074a800000, 0x000000074aa00000|  0%| F|  |TAMS 0x000000074a800000, 0x000000074a800000| Untracked 
| 597|0x000000074aa00000, 0x000000074aa00000, 0x000000074ac00000|  0%| F|  |TAMS 0x000000074aa00000, 0x000000074aa00000| Untracked 
| 598|0x000000074ac00000, 0x000000074ac00000, 0x000000074ae00000|  0%| F|  |TAMS 0x000000074ac00000, 0x000000074ac00000| Untracked 
| 599|0x000000074ae00000, 0x000000074ae00000, 0x000000074b000000|  0%| F|  |TAMS 0x000000074ae00000, 0x000000074ae00000| Untracked 
| 600|0x000000074b000000, 0x000000074b000000, 0x000000074b200000|  0%| F|  |TAMS 0x000000074b000000, 0x000000074b000000| Untracked 
| 601|0x000000074b200000, 0x000000074b200000, 0x000000074b400000|  0%| F|  |TAMS 0x000000074b200000, 0x000000074b200000| Untracked 
| 602|0x000000074b400000, 0x000000074b400000, 0x000000074b600000|  0%| F|  |TAMS 0x000000074b400000, 0x000000074b400000| Untracked 
| 603|0x000000074b600000, 0x000000074b600000, 0x000000074b800000|  0%| F|  |TAMS 0x000000074b600000, 0x000000074b600000| Untracked 
| 604|0x000000074b800000, 0x000000074b800000, 0x000000074ba00000|  0%| F|  |TAMS 0x000000074b800000, 0x000000074b800000| Untracked 
| 605|0x000000074ba00000, 0x000000074ba00000, 0x000000074bc00000|  0%| F|  |TAMS 0x000000074ba00000, 0x000000074ba00000| Untracked 
| 606|0x000000074bc00000, 0x000000074bc00000, 0x000000074be00000|  0%| F|  |TAMS 0x000000074bc00000, 0x000000074bc00000| Untracked 
| 607|0x000000074be00000, 0x000000074be00000, 0x000000074c000000|  0%| F|  |TAMS 0x000000074be00000, 0x000000074be00000| Untracked 
| 608|0x000000074c000000, 0x000000074c000000, 0x000000074c200000|  0%| F|  |TAMS 0x000000074c000000, 0x000000074c000000| Untracked 
| 609|0x000000074c200000, 0x000000074c200000, 0x000000074c400000|  0%| F|  |TAMS 0x000000074c200000, 0x000000074c200000| Untracked 
| 610|0x000000074c400000, 0x000000074c400000, 0x000000074c600000|  0%| F|  |TAMS 0x000000074c400000, 0x000000074c400000| Untracked 
| 611|0x000000074c600000, 0x000000074c600000, 0x000000074c800000|  0%| F|  |TAMS 0x000000074c600000, 0x000000074c600000| Untracked 
| 612|0x000000074c800000, 0x000000074c800000, 0x000000074ca00000|  0%| F|  |TAMS 0x000000074c800000, 0x000000074c800000| Untracked 
| 613|0x000000074ca00000, 0x000000074ca00000, 0x000000074cc00000|  0%| F|  |TAMS 0x000000074ca00000, 0x000000074ca00000| Untracked 
| 614|0x000000074cc00000, 0x000000074cc00000, 0x000000074ce00000|  0%| F|  |TAMS 0x000000074cc00000, 0x000000074cc00000| Untracked 
| 615|0x000000074ce00000, 0x000000074ce00000, 0x000000074d000000|  0%| F|  |TAMS 0x000000074ce00000, 0x000000074ce00000| Untracked 
| 616|0x000000074d000000, 0x000000074d000000, 0x000000074d200000|  0%| F|  |TAMS 0x000000074d000000, 0x000000074d000000| Untracked 
| 617|0x000000074d200000, 0x000000074d200000, 0x000000074d400000|  0%| F|  |TAMS 0x000000074d200000, 0x000000074d200000| Untracked 
| 618|0x000000074d400000, 0x000000074d400000, 0x000000074d600000|  0%| F|  |TAMS 0x000000074d400000, 0x000000074d400000| Untracked 
| 619|0x000000074d600000, 0x000000074d600000, 0x000000074d800000|  0%| F|  |TAMS 0x000000074d600000, 0x000000074d600000| Untracked 
| 620|0x000000074d800000, 0x000000074d800000, 0x000000074da00000|  0%| F|  |TAMS 0x000000074d800000, 0x000000074d800000| Untracked 
| 621|0x000000074da00000, 0x000000074da00000, 0x000000074dc00000|  0%| F|  |TAMS 0x000000074da00000, 0x000000074da00000| Untracked 
| 622|0x000000074dc00000, 0x000000074dc00000, 0x000000074de00000|  0%| F|  |TAMS 0x000000074dc00000, 0x000000074dc00000| Untracked 
| 623|0x000000074de00000, 0x000000074de00000, 0x000000074e000000|  0%| F|  |TAMS 0x000000074de00000, 0x000000074de00000| Untracked 
| 624|0x000000074e000000, 0x000000074e000000, 0x000000074e200000|  0%| F|  |TAMS 0x000000074e000000, 0x000000074e000000| Untracked 
| 625|0x000000074e200000, 0x000000074e200000, 0x000000074e400000|  0%| F|  |TAMS 0x000000074e200000, 0x000000074e200000| Untracked 
| 626|0x000000074e400000, 0x000000074e400000, 0x000000074e600000|  0%| F|  |TAMS 0x000000074e400000, 0x000000074e400000| Untracked 
| 627|0x000000074e600000, 0x000000074e600000, 0x000000074e800000|  0%| F|  |TAMS 0x000000074e600000, 0x000000074e600000| Untracked 
| 628|0x000000074e800000, 0x000000074e800000, 0x000000074ea00000|  0%| F|  |TAMS 0x000000074e800000, 0x000000074e800000| Untracked 
| 629|0x000000074ea00000, 0x000000074ea00000, 0x000000074ec00000|  0%| F|  |TAMS 0x000000074ea00000, 0x000000074ea00000| Untracked 
| 630|0x000000074ec00000, 0x000000074ec00000, 0x000000074ee00000|  0%| F|  |TAMS 0x000000074ec00000, 0x000000074ec00000| Untracked 
| 631|0x000000074ee00000, 0x000000074ee00000, 0x000000074f000000|  0%| F|  |TAMS 0x000000074ee00000, 0x000000074ee00000| Untracked 
| 632|0x000000074f000000, 0x000000074f000000, 0x000000074f200000|  0%| F|  |TAMS 0x000000074f000000, 0x000000074f000000| Untracked 
| 633|0x000000074f200000, 0x000000074f200000, 0x000000074f400000|  0%| F|  |TAMS 0x000000074f200000, 0x000000074f200000| Untracked 
| 634|0x000000074f400000, 0x000000074f400000, 0x000000074f600000|  0%| F|  |TAMS 0x000000074f400000, 0x000000074f400000| Untracked 
| 635|0x000000074f600000, 0x000000074f600000, 0x000000074f800000|  0%| F|  |TAMS 0x000000074f600000, 0x000000074f600000| Untracked 
| 636|0x000000074f800000, 0x000000074f800000, 0x000000074fa00000|  0%| F|  |TAMS 0x000000074f800000, 0x000000074f800000| Untracked 
| 637|0x000000074fa00000, 0x000000074fa00000, 0x000000074fc00000|  0%| F|  |TAMS 0x000000074fa00000, 0x000000074fa00000| Untracked 
| 638|0x000000074fc00000, 0x000000074fc00000, 0x000000074fe00000|  0%| F|  |TAMS 0x000000074fc00000, 0x000000074fc00000| Untracked 
| 639|0x000000074fe00000, 0x000000074fe00000, 0x0000000750000000|  0%| F|  |TAMS 0x000000074fe00000, 0x000000074fe00000| Untracked 
| 640|0x0000000750000000, 0x0000000750000000, 0x0000000750200000|  0%| F|  |TAMS 0x0000000750000000, 0x0000000750000000| Untracked 
| 641|0x0000000750200000, 0x0000000750200000, 0x0000000750400000|  0%| F|  |TAMS 0x0000000750200000, 0x0000000750200000| Untracked 
| 642|0x0000000750400000, 0x0000000750400000, 0x0000000750600000|  0%| F|  |TAMS 0x0000000750400000, 0x0000000750400000| Untracked 
| 643|0x0000000750600000, 0x0000000750600000, 0x0000000750800000|  0%| F|  |TAMS 0x0000000750600000, 0x0000000750600000| Untracked 
| 644|0x0000000750800000, 0x0000000750800000, 0x0000000750a00000|  0%| F|  |TAMS 0x0000000750800000, 0x0000000750800000| Untracked 
| 645|0x0000000750a00000, 0x0000000750a00000, 0x0000000750c00000|  0%| F|  |TAMS 0x0000000750a00000, 0x0000000750a00000| Untracked 
| 646|0x0000000750c00000, 0x0000000750c00000, 0x0000000750e00000|  0%| F|  |TAMS 0x0000000750c00000, 0x0000000750c00000| Untracked 
| 647|0x0000000750e00000, 0x0000000750e00000, 0x0000000751000000|  0%| F|  |TAMS 0x0000000750e00000, 0x0000000750e00000| Untracked 
| 648|0x0000000751000000, 0x0000000751000000, 0x0000000751200000|  0%| F|  |TAMS 0x0000000751000000, 0x0000000751000000| Untracked 
| 649|0x0000000751200000, 0x0000000751200000, 0x0000000751400000|  0%| F|  |TAMS 0x0000000751200000, 0x0000000751200000| Untracked 
| 650|0x0000000751400000, 0x0000000751400000, 0x0000000751600000|  0%| F|  |TAMS 0x0000000751400000, 0x0000000751400000| Untracked 
| 651|0x0000000751600000, 0x0000000751600000, 0x0000000751800000|  0%| F|  |TAMS 0x0000000751600000, 0x0000000751600000| Untracked 
| 652|0x0000000751800000, 0x0000000751800000, 0x0000000751a00000|  0%| F|  |TAMS 0x0000000751800000, 0x0000000751800000| Untracked 
| 653|0x0000000751a00000, 0x0000000751a00000, 0x0000000751c00000|  0%| F|  |TAMS 0x0000000751a00000, 0x0000000751a00000| Untracked 
| 654|0x0000000751c00000, 0x0000000751c00000, 0x0000000751e00000|  0%| F|  |TAMS 0x0000000751c00000, 0x0000000751c00000| Untracked 
| 655|0x0000000751e00000, 0x0000000751e00000, 0x0000000752000000|  0%| F|  |TAMS 0x0000000751e00000, 0x0000000751e00000| Untracked 
| 656|0x0000000752000000, 0x0000000752000000, 0x0000000752200000|  0%| F|  |TAMS 0x0000000752000000, 0x0000000752000000| Untracked 
| 657|0x0000000752200000, 0x0000000752200000, 0x0000000752400000|  0%| F|  |TAMS 0x0000000752200000, 0x0000000752200000| Untracked 
| 658|0x0000000752400000, 0x0000000752400000, 0x0000000752600000|  0%| F|  |TAMS 0x0000000752400000, 0x0000000752400000| Untracked 
| 659|0x0000000752600000, 0x0000000752600000, 0x0000000752800000|  0%| F|  |TAMS 0x0000000752600000, 0x0000000752600000| Untracked 
| 660|0x0000000752800000, 0x0000000752800000, 0x0000000752a00000|  0%| F|  |TAMS 0x0000000752800000, 0x0000000752800000| Untracked 
| 661|0x0000000752a00000, 0x0000000752a00000, 0x0000000752c00000|  0%| F|  |TAMS 0x0000000752a00000, 0x0000000752a00000| Untracked 
| 662|0x0000000752c00000, 0x0000000752c00000, 0x0000000752e00000|  0%| F|  |TAMS 0x0000000752c00000, 0x0000000752c00000| Untracked 
| 663|0x0000000752e00000, 0x0000000752e00000, 0x0000000753000000|  0%| F|  |TAMS 0x0000000752e00000, 0x0000000752e00000| Untracked 
| 664|0x0000000753000000, 0x0000000753000000, 0x0000000753200000|  0%| F|  |TAMS 0x0000000753000000, 0x0000000753000000| Untracked 
| 665|0x0000000753200000, 0x0000000753200000, 0x0000000753400000|  0%| F|  |TAMS 0x0000000753200000, 0x0000000753200000| Untracked 
| 666|0x0000000753400000, 0x0000000753400000, 0x0000000753600000|  0%| F|  |TAMS 0x0000000753400000, 0x0000000753400000| Untracked 
| 667|0x0000000753600000, 0x0000000753600000, 0x0000000753800000|  0%| F|  |TAMS 0x0000000753600000, 0x0000000753600000| Untracked 
| 668|0x0000000753800000, 0x0000000753800000, 0x0000000753a00000|  0%| F|  |TAMS 0x0000000753800000, 0x0000000753800000| Untracked 
| 669|0x0000000753a00000, 0x0000000753a00000, 0x0000000753c00000|  0%| F|  |TAMS 0x0000000753a00000, 0x0000000753a00000| Untracked 
| 670|0x0000000753c00000, 0x0000000753cb4a60, 0x0000000753e00000| 35%| S|CS|TAMS 0x0000000753c00000, 0x0000000753c00000| Complete 
| 671|0x0000000753e00000, 0x0000000754000000, 0x0000000754000000|100%| S|CS|TAMS 0x0000000753e00000, 0x0000000753e00000| Complete 
| 672|0x0000000754000000, 0x0000000754000000, 0x0000000754200000|  0%| F|  |TAMS 0x0000000754000000, 0x0000000754000000| Untracked 
| 673|0x0000000754200000, 0x0000000754200000, 0x0000000754400000|  0%| F|  |TAMS 0x0000000754200000, 0x0000000754200000| Untracked 
| 674|0x0000000754400000, 0x0000000754400000, 0x0000000754600000|  0%| F|  |TAMS 0x0000000754400000, 0x0000000754400000| Untracked 
| 675|0x0000000754600000, 0x0000000754600000, 0x0000000754800000|  0%| F|  |TAMS 0x0000000754600000, 0x0000000754600000| Untracked 
| 676|0x0000000754800000, 0x0000000754800000, 0x0000000754a00000|  0%| F|  |TAMS 0x0000000754800000, 0x0000000754800000| Untracked 
| 677|0x0000000754a00000, 0x0000000754a00000, 0x0000000754c00000|  0%| F|  |TAMS 0x0000000754a00000, 0x0000000754a00000| Untracked 
| 678|0x0000000754c00000, 0x0000000754c00000, 0x0000000754e00000|  0%| F|  |TAMS 0x0000000754c00000, 0x0000000754c00000| Untracked 
| 679|0x0000000754e00000, 0x0000000754e00000, 0x0000000755000000|  0%| F|  |TAMS 0x0000000754e00000, 0x0000000754e00000| Untracked 
| 680|0x0000000755000000, 0x0000000755000000, 0x0000000755200000|  0%| F|  |TAMS 0x0000000755000000, 0x0000000755000000| Untracked 
| 681|0x0000000755200000, 0x0000000755200000, 0x0000000755400000|  0%| F|  |TAMS 0x0000000755200000, 0x0000000755200000| Untracked 
| 682|0x0000000755400000, 0x0000000755400000, 0x0000000755600000|  0%| F|  |TAMS 0x0000000755400000, 0x0000000755400000| Untracked 
| 683|0x0000000755600000, 0x0000000755600000, 0x0000000755800000|  0%| F|  |TAMS 0x0000000755600000, 0x0000000755600000| Untracked 
| 684|0x0000000755800000, 0x0000000755800000, 0x0000000755a00000|  0%| F|  |TAMS 0x0000000755800000, 0x0000000755800000| Untracked 
| 685|0x0000000755a00000, 0x0000000755a00000, 0x0000000755c00000|  0%| F|  |TAMS 0x0000000755a00000, 0x0000000755a00000| Untracked 
| 686|0x0000000755c00000, 0x0000000755c00000, 0x0000000755e00000|  0%| F|  |TAMS 0x0000000755c00000, 0x0000000755c00000| Untracked 
| 687|0x0000000755e00000, 0x0000000755e00000, 0x0000000756000000|  0%| F|  |TAMS 0x0000000755e00000, 0x0000000755e00000| Untracked 
| 688|0x0000000756000000, 0x0000000756000000, 0x0000000756200000|  0%| F|  |TAMS 0x0000000756000000, 0x0000000756000000| Untracked 
| 689|0x0000000756200000, 0x0000000756200000, 0x0000000756400000|  0%| F|  |TAMS 0x0000000756200000, 0x0000000756200000| Untracked 
| 690|0x0000000756400000, 0x0000000756400000, 0x0000000756600000|  0%| F|  |TAMS 0x0000000756400000, 0x0000000756400000| Untracked 
| 691|0x0000000756600000, 0x0000000756600000, 0x0000000756800000|  0%| F|  |TAMS 0x0000000756600000, 0x0000000756600000| Untracked 
| 692|0x0000000756800000, 0x0000000756800000, 0x0000000756a00000|  0%| F|  |TAMS 0x0000000756800000, 0x0000000756800000| Untracked 
| 693|0x0000000756a00000, 0x0000000756a00000, 0x0000000756c00000|  0%| F|  |TAMS 0x0000000756a00000, 0x0000000756a00000| Untracked 
| 694|0x0000000756c00000, 0x0000000756c00000, 0x0000000756e00000|  0%| F|  |TAMS 0x0000000756c00000, 0x0000000756c00000| Untracked 
| 695|0x0000000756e00000, 0x0000000756e00000, 0x0000000757000000|  0%| F|  |TAMS 0x0000000756e00000, 0x0000000756e00000| Untracked 
| 696|0x0000000757000000, 0x0000000757000000, 0x0000000757200000|  0%| F|  |TAMS 0x0000000757000000, 0x0000000757000000| Untracked 
| 697|0x0000000757200000, 0x0000000757200000, 0x0000000757400000|  0%| F|  |TAMS 0x0000000757200000, 0x0000000757200000| Untracked 
| 698|0x0000000757400000, 0x0000000757400000, 0x0000000757600000|  0%| F|  |TAMS 0x0000000757400000, 0x0000000757400000| Untracked 
| 699|0x0000000757600000, 0x0000000757600000, 0x0000000757800000|  0%| F|  |TAMS 0x0000000757600000, 0x0000000757600000| Untracked 
|1204|0x0000000796800000, 0x0000000796800000, 0x0000000796a00000|  0%| F|  |TAMS 0x0000000796800000, 0x0000000796800000| Untracked 
|1205|0x0000000796a00000, 0x0000000796a00000, 0x0000000796c00000|  0%| F|  |TAMS 0x0000000796a00000, 0x0000000796a00000| Untracked 
|1206|0x0000000796c00000, 0x0000000796c00000, 0x0000000796e00000|  0%| F|  |TAMS 0x0000000796c00000, 0x0000000796c00000| Untracked 
|1207|0x0000000796e00000, 0x0000000796e00000, 0x0000000797000000|  0%| F|  |TAMS 0x0000000796e00000, 0x0000000796e00000| Untracked 

Card table byte_map: [0x0000020c61c70000,0x0000020c62470000] _byte_map_base: 0x0000020c5e470000

Marking Bits (Prev, Next): (CMBitMap*) 0x0000020c4a416ff0, (CMBitMap*) 0x0000020c4a416fb0
 Prev Bits: [0x0000020c66c70000, 0x0000020c6ac70000)
 Next Bits: [0x0000020c62c70000, 0x0000020c66c70000)

Polling page: 0x0000020c481a0000

Metaspace:

Usage:
  Non-class:    190.38 MB used.
      Class:     28.82 MB used.
       Both:    219.20 MB used.

Virtual space:
  Non-class space:      256.00 MB reserved,     192.00 MB ( 75%) committed,  4 nodes.
      Class space:      832.00 MB reserved,      30.31 MB (  4%) committed,  1 nodes.
             Both:        1.06 GB reserved,     222.31 MB ( 20%) committed. 

Chunk freelists:
   Non-Class:  15.28 MB
       Class:  1.70 MB
        Both:  16.98 MB

MaxMetaspaceSize: 1.00 GB
CompressedClassSpaceSize: 832.00 MB
Initial GC threshold: 21.00 MB
Current GC threshold: 370.75 MB
CDS: on
MetaspaceReclaimPolicy: balanced
 - commit_granule_bytes: 65536.
 - commit_granule_words: 8192.
 - virtual_space_node_default_size: 8388608.
 - enlarge_chunks_in_place: 1.
 - new_chunks_are_fully_committed: 0.
 - uncommit_free_chunks: 1.
 - use_allocation_guard: 0.
 - handle_deallocations: 1.


Internal statistics:

num_allocs_failed_limit: 9.
num_arena_births: 5836.
num_arena_deaths: 194.
num_vsnodes_births: 5.
num_vsnodes_deaths: 0.
num_space_committed: 3576.
num_space_uncommitted: 21.
num_chunks_returned_to_freelist: 386.
num_chunks_taken_from_freelist: 16722.
num_chunk_merges: 154.
num_chunk_splits: 10312.
num_chunks_enlarged: 5808.
num_inconsistent_stats: 0.

CodeHeap 'non-profiled nmethods': size=120000Kb used=54595Kb max_used=54595Kb free=65405Kb
 bounds [0x0000020c599f0000, 0x0000020c5cf50000, 0x0000020c60f20000]
CodeHeap 'profiled nmethods': size=120000Kb used=83483Kb max_used=84267Kb free=36516Kb
 bounds [0x0000020c51f20000, 0x0000020c57170000, 0x0000020c59450000]
CodeHeap 'non-nmethods': size=5760Kb used=2569Kb max_used=2688Kb free=3190Kb
 bounds [0x0000020c59450000, 0x0000020c59710000, 0x0000020c599f0000]
 total_blobs=43429 nmethods=42321 adapters=1018
 compilation: enabled
              stopped_count=0, restarted_count=0
 full_count=0

Compilation events (20 events):
Event: 2046.128 Thread 0x0000020c3bcb5850 58273       4       org.objectweb.asm.Type::getMethodType (16 bytes)
Event: 2046.129 Thread 0x0000020c3bcb5850 nmethod 58273 0x0000020c5cdec890 code [0x0000020c5cdeca20, 0x0000020c5cdecb98]
Event: 2046.134 Thread 0x0000020c3bcb5850 58274       4       org.objectweb.asm.ClassVisitor::visit (50 bytes)
Event: 2046.139 Thread 0x0000020c45c5be00 nmethod 58272 0x0000020c5a22b810 code [0x0000020c5a22b9c0, 0x0000020c5a22c3f8]
Event: 2046.139 Thread 0x0000020c45c5be00 58275       4       com.android.tools.build.jetifier.processor.archive.ArchiveFile::accept (14 bytes)
Event: 2046.146 Thread 0x0000020c3bcb5850 nmethod 58274 0x0000020c5cc76010 code [0x0000020c5cc76240, 0x0000020c5cc76e70]
Event: 2046.146 Thread 0x0000020c3bcb5850 58276   !   4       com.android.tools.build.jetifier.processor.AndroidXRefScanner::visit (160 bytes)
Event: 2046.151 Thread 0x0000020c45c5be00 nmethod 58275 0x0000020c5cbede10 code [0x0000020c5cbee020, 0x0000020c5cbeec68]
Event: 2046.151 Thread 0x0000020c45c5be00 58277       4       org.objectweb.asm.commons.ClassRemapper::visit (57 bytes)
Event: 2046.159 Thread 0x0000020c3bcb5850 nmethod 58276 0x0000020c5cdea610 code [0x0000020c5cdea820, 0x0000020c5cdeb4a8]
Event: 2046.168 Thread 0x0000020c45c5be00 nmethod 58277 0x0000020c5cc71190 code [0x0000020c5cc713e0, 0x0000020c5cc727c0]
Event: 2046.174 Thread 0x0000020c6d9343e0 nmethod 58269 0x0000020c5cf3a790 code [0x0000020c5cf3aa80, 0x0000020c5cf3fcc8]
Event: 2046.300 Thread 0x0000020c6d946320 58278       3       org.objectweb.asm.commons.SignatureRemapper::visitFormalTypeParameter (9 bytes)
Event: 2046.301 Thread 0x0000020c6d946320 nmethod 58278 0x0000020c524d5590 code [0x0000020c524d5740, 0x0000020c524d5928]
Event: 2046.301 Thread 0x0000020c6d946320 58279       3       org.objectweb.asm.signature.SignatureWriter::visitFormalTypeParameter (42 bytes)
Event: 2046.301 Thread 0x0000020c6d946320 nmethod 58279 0x0000020c52590a90 code [0x0000020c52590c80, 0x0000020c52590fe8]
Event: 2046.308 Thread 0x0000020c6d9343e0 58280       4       org.objectweb.asm.Type::getElementType (23 bytes)
Event: 2046.311 Thread 0x0000020c6d9343e0 nmethod 58280 0x0000020c5cde9a90 code [0x0000020c5cde9c40, 0x0000020c5cdea058]
Event: 2046.321 Thread 0x0000020c6d9343e0 58281       4       java.io.Writer::append (10 bytes)
Event: 2046.329 Thread 0x0000020c6d9343e0 nmethod 58281 0x0000020c5cf41d10 code [0x0000020c5cf41f00, 0x0000020c5cf42cd8]

GC Heap History (20 events):
Event: 2034.225 GC heap after
{Heap after GC invocations=271 (full 0):
 garbage-first heap   total 1331200K, used 431821K [0x0000000700000000, 0x0000000800000000)
  region size 2048K, 49 young (100352K), 49 survivors (100352K)
 Metaspace       used 218126K, committed 221184K, reserved 1048576K
  class space    used 28564K, committed 30016K, reserved 851968K
}
Event: 2034.275 GC heap before
{Heap before GC invocations=271 (full 0):
 garbage-first heap   total 1331200K, used 433869K [0x0000000700000000, 0x0000000800000000)
  region size 2048K, 50 young (102400K), 49 survivors (100352K)
 Metaspace       used 218143K, committed 221184K, reserved 1048576K
  class space    used 28568K, committed 30016K, reserved 851968K
}
Event: 2034.759 GC heap after
{Heap after GC invocations=272 (full 0):
 garbage-first heap   total 1331200K, used 392940K [0x0000000700000000, 0x0000000800000000)
  region size 2048K, 5 young (10240K), 5 survivors (10240K)
 Metaspace       used 218143K, committed 221184K, reserved 1048576K
  class space    used 28568K, committed 30016K, reserved 851968K
}
Event: 2039.969 GC heap before
{Heap before GC invocations=272 (full 0):
 garbage-first heap   total 1331200K, used 653036K [0x0000000700000000, 0x0000000800000000)
  region size 2048K, 134 young (274432K), 5 survivors (10240K)
 Metaspace       used 224910K, committed 227968K, reserved 1114112K
  class space    used 29533K, committed 30976K, reserved 851968K
}
Event: 2039.982 GC heap after
{Heap after GC invocations=273 (full 0):
 garbage-first heap   total 1331200K, used 409324K [0x0000000700000000, 0x0000000800000000)
  region size 2048K, 13 young (26624K), 13 survivors (26624K)
 Metaspace       used 224910K, committed 227968K, reserved 1114112K
  class space    used 29533K, committed 30976K, reserved 851968K
}
Event: 2043.221 GC heap before
{Heap before GC invocations=274 (full 0):
 garbage-first heap   total 1331200K, used 1087211K [0x0000000700000000, 0x0000000800000000)
  region size 2048K, 341 young (698368K), 13 survivors (26624K)
 Metaspace       used 224645K, committed 227776K, reserved 1114112K
  class space    used 29515K, committed 30976K, reserved 851968K
}
Event: 2043.240 GC heap after
{Heap after GC invocations=275 (full 0):
 garbage-first heap   total 1331200K, used 439330K [0x0000000700000000, 0x0000000800000000)
  region size 2048K, 25 young (51200K), 25 survivors (51200K)
 Metaspace       used 224645K, committed 227776K, reserved 1114112K
  class space    used 29515K, committed 30976K, reserved 851968K
}
Event: 2043.298 GC heap before
{Heap before GC invocations=275 (full 0):
 garbage-first heap   total 1331200K, used 453666K [0x0000000700000000, 0x0000000800000000)
  region size 2048K, 32 young (65536K), 25 survivors (51200K)
 Metaspace       used 224645K, committed 227776K, reserved 1114112K
  class space    used 29515K, committed 30976K, reserved 851968K
}
Event: 2043.369 GC heap after
{Heap after GC invocations=276 (full 0):
 garbage-first heap   total 1331200K, used 389943K [0x0000000700000000, 0x0000000800000000)
  region size 2048K, 4 young (8192K), 4 survivors (8192K)
 Metaspace       used 224645K, committed 227776K, reserved 1114112K
  class space    used 29515K, committed 30976K, reserved 851968K
}
Event: 2044.583 GC heap before
{Heap before GC invocations=276 (full 0):
 garbage-first heap   total 1331200K, used 748343K [0x0000000700000000, 0x0000000800000000)
  region size 2048K, 181 young (370688K), 4 survivors (8192K)
 Metaspace       used 224739K, committed 227840K, reserved 1114112K
  class space    used 29531K, committed 31040K, reserved 851968K
}
Event: 2044.598 GC heap after
{Heap after GC invocations=277 (full 0):
 garbage-first heap   total 1331200K, used 420800K [0x0000000700000000, 0x0000000800000000)
  region size 2048K, 19 young (38912K), 19 survivors (38912K)
 Metaspace       used 224739K, committed 227840K, reserved 1114112K
  class space    used 29531K, committed 31040K, reserved 851968K
}
Event: 2045.497 GC heap before
{Heap before GC invocations=278 (full 0):
 garbage-first heap   total 1331200K, used 1088448K [0x0000000700000000, 0x0000000800000000)
  region size 2048K, 336 young (688128K), 19 survivors (38912K)
 Metaspace       used 224716K, committed 227904K, reserved 1114112K
  class space    used 29530K, committed 31040K, reserved 851968K
}
Event: 2045.511 GC heap after
{Heap after GC invocations=279 (full 0):
 garbage-first heap   total 1331200K, used 450591K [0x0000000700000000, 0x0000000800000000)
  region size 2048K, 27 young (55296K), 27 survivors (55296K)
 Metaspace       used 224716K, committed 227904K, reserved 1114112K
  class space    used 29530K, committed 31040K, reserved 851968K
}
Event: 2045.518 GC heap before
{Heap before GC invocations=279 (full 0):
 garbage-first heap   total 1331200K, used 460831K [0x0000000700000000, 0x0000000800000000)
  region size 2048K, 32 young (65536K), 27 survivors (55296K)
 Metaspace       used 224716K, committed 227904K, reserved 1114112K
  class space    used 29530K, committed 31040K, reserved 851968K
}
Event: 2045.550 GC heap after
{Heap after GC invocations=280 (full 0):
 garbage-first heap   total 1331200K, used 421058K [0x0000000700000000, 0x0000000800000000)
  region size 2048K, 3 young (6144K), 3 survivors (6144K)
 Metaspace       used 224716K, committed 227904K, reserved 1114112K
  class space    used 29530K, committed 31040K, reserved 851968K
}
Event: 2045.980 GC heap before
{Heap before GC invocations=280 (full 0):
 garbage-first heap   total 1331200K, used 1103042K [0x0000000700000000, 0x0000000800000000)
  region size 2048K, 328 young (671744K), 3 survivors (6144K)
 Metaspace       used 224716K, committed 227904K, reserved 1114112K
  class space    used 29530K, committed 31040K, reserved 851968K
}
Event: 2045.987 GC heap after
{Heap after GC invocations=281 (full 0):
 garbage-first heap   total 1331200K, used 445527K [0x0000000700000000, 0x0000000800000000)
  region size 2048K, 15 young (30720K), 15 survivors (30720K)
 Metaspace       used 224716K, committed 227904K, reserved 1114112K
  class space    used 29530K, committed 31040K, reserved 851968K
}
Event: 2046.338 GC heap before
{Heap before GC invocations=282 (full 0):
 garbage-first heap   total 1441792K, used 1080407K [0x0000000700000000, 0x0000000800000000)
  region size 2048K, 325 young (665600K), 15 survivors (30720K)
 Metaspace       used 224462K, committed 227648K, reserved 1114112K
  class space    used 29511K, committed 31040K, reserved 851968K
}
Event: 2046.341 GC heap after
{Heap after GC invocations=283 (full 0):
 garbage-first heap   total 1441792K, used 422372K [0x0000000700000000, 0x0000000800000000)
  region size 2048K, 4 young (8192K), 4 survivors (8192K)
 Metaspace       used 224462K, committed 227648K, reserved 1114112K
  class space    used 29511K, committed 31040K, reserved 851968K
}
Event: 2046.384 GC heap before
{Heap before GC invocations=283 (full 0):
 garbage-first heap   total 1441792K, used 485860K [0x0000000700000000, 0x0000000800000000)
  region size 2048K, 36 young (73728K), 4 survivors (8192K)
 Metaspace       used 224462K, committed 227648K, reserved 1114112K
  class space    used 29511K, committed 31040K, reserved 851968K
}

Dll operation events (16 events):
Event: 0.010 Loaded shared library C:\Users\ravip\.jdks\ms-17.0.18\bin\java.dll
Event: 0.022 Loaded shared library C:\Users\ravip\.jdks\ms-17.0.18\bin\jsvml.dll
Event: 0.052 Loaded shared library C:\Users\ravip\.jdks\ms-17.0.18\bin\zip.dll
Event: 0.054 Loaded shared library C:\Users\ravip\.jdks\ms-17.0.18\bin\instrument.dll
Event: 0.058 Loaded shared library C:\Users\ravip\.jdks\ms-17.0.18\bin\net.dll
Event: 0.060 Loaded shared library C:\Users\ravip\.jdks\ms-17.0.18\bin\nio.dll
Event: 0.061 Loaded shared library C:\Users\ravip\.jdks\ms-17.0.18\bin\zip.dll
Event: 0.261 Loaded shared library C:\Users\ravip\.jdks\ms-17.0.18\bin\jimage.dll
Event: 0.455 Loaded shared library C:\Users\ravip\.jdks\ms-17.0.18\bin\verify.dll
Event: 0.528 Loaded shared library C:\Users\ravip\.gradle\native\1def1411415f61bf3af743bc5b6707747c0891f09f0c88961ee8f79bc544acac\windows-amd64\native-platform.dll
Event: 0.540 Loaded shared library C:\Users\ravip\.gradle\native\0.2.7\x86_64-windows-gnu\gradle-fileevents.dll
Event: 1.362 Loaded shared library C:\Users\ravip\.jdks\ms-17.0.18\bin\management.dll
Event: 1.365 Loaded shared library C:\Users\ravip\.jdks\ms-17.0.18\bin\management_ext.dll
Event: 1.521 Loaded shared library C:\Users\ravip\.jdks\ms-17.0.18\bin\extnet.dll
Event: 1.694 Loaded shared library C:\Users\ravip\.jdks\ms-17.0.18\bin\sunmscapi.dll
Event: 40.417 Loaded shared library C:\Users\ravip\.jdks\ms-17.0.18\bin\rmi.dll

Deoptimization events (20 events):
Event: 2044.421 Thread 0x0000020c7a468070 DEOPT PACKING pc=0x0000020c56ee1cc9 sp=0x000000ac888fc060
Event: 2044.421 Thread 0x0000020c7a468070 DEOPT UNPACKING pc=0x0000020c594aace3 sp=0x000000ac888fb770 mode 0
Event: 2044.423 Thread 0x0000020c7a468070 DEOPT PACKING pc=0x0000020c56ee1cc9 sp=0x000000ac888fc060
Event: 2044.423 Thread 0x0000020c7a468070 DEOPT UNPACKING pc=0x0000020c594aace3 sp=0x000000ac888fb770 mode 0
Event: 2044.427 Thread 0x0000020c7a468070 DEOPT PACKING pc=0x0000020c56ee1cc9 sp=0x000000ac888fc060
Event: 2044.427 Thread 0x0000020c7a468070 DEOPT UNPACKING pc=0x0000020c594aace3 sp=0x000000ac888fb770 mode 0
Event: 2044.441 Thread 0x0000020c7a468070 DEOPT PACKING pc=0x0000020c56ee1cc9 sp=0x000000ac888fc060
Event: 2044.441 Thread 0x0000020c7a468070 DEOPT UNPACKING pc=0x0000020c594aace3 sp=0x000000ac888fb770 mode 0
Event: 2044.447 Thread 0x0000020c7a468070 DEOPT PACKING pc=0x0000020c56ee1cc9 sp=0x000000ac888fc060
Event: 2044.447 Thread 0x0000020c7a468070 DEOPT UNPACKING pc=0x0000020c594aace3 sp=0x000000ac888fb770 mode 0
Event: 2044.449 Thread 0x0000020c7a468070 DEOPT PACKING pc=0x0000020c56ee1cc9 sp=0x000000ac888fc060
Event: 2044.449 Thread 0x0000020c7a468070 DEOPT UNPACKING pc=0x0000020c594aace3 sp=0x000000ac888fb770 mode 0
Event: 2044.458 Thread 0x0000020c7a468070 DEOPT PACKING pc=0x0000020c56ee1cc9 sp=0x000000ac888fc060
Event: 2044.458 Thread 0x0000020c7a468070 DEOPT UNPACKING pc=0x0000020c594aace3 sp=0x000000ac888fb770 mode 0
Event: 2044.743 Thread 0x0000020c7a468070 Uncommon trap: trap_request=0xffffffde fr.pc=0x0000020c5cc49680 relative=0x00000000000001c0
Event: 2044.743 Thread 0x0000020c7a468070 Uncommon trap: reason=class_check action=maybe_recompile pc=0x0000020c5cc49680 method=com.sun.tools.javac.file.CacheFSInfo$$Lambda$7251/0x0000020c0262a1b8.apply(Ljava/lang/Object;)Ljava/lang/Object; @ 1 c2
Event: 2044.743 Thread 0x0000020c7a468070 DEOPT PACKING pc=0x0000020c5cc49680 sp=0x000000ac888f9330
Event: 2044.744 Thread 0x0000020c7a468070 DEOPT UNPACKING pc=0x0000020c594aa1a3 sp=0x000000ac888f91f0 mode 2
Event: 2045.657 Thread 0x0000020c7a468070 DEOPT PACKING pc=0x0000020c5397c891 sp=0x000000ac888fa3b0
Event: 2045.657 Thread 0x0000020c7a468070 DEOPT UNPACKING pc=0x0000020c594aace3 sp=0x000000ac888f9968 mode 0

Classes loaded (20 events):
Event: 383.752 Loading class java/io/CharArrayReader
Event: 383.753 Loading class java/io/CharArrayReader done
Event: 388.886 Loading class java/util/regex/Pattern$LineEnding
Event: 388.888 Loading class java/util/regex/Pattern$LineEnding done
Event: 389.178 Loading class java/lang/annotation/Repeatable
Event: 389.178 Loading class java/lang/annotation/Repeatable done
Event: 389.474 Loading class java/util/Collections$UnmodifiableList$1
Event: 389.474 Loading class java/util/Collections$UnmodifiableList$1 done
Event: 389.490 Loading class java/util/regex/Matcher$ImmutableMatchResult
Event: 389.491 Loading class java/util/regex/Matcher$ImmutableMatchResult done
Event: 389.502 Loading class java/io/FilterWriter
Event: 389.503 Loading class java/io/FilterWriter done
Event: 390.194 Loading class java/util/stream/Nodes$IntFixedNodeBuilder
Event: 390.195 Loading class java/util/stream/Node$Builder$OfInt
Event: 390.195 Loading class java/util/stream/Node$Builder$OfInt done
Event: 390.195 Loading class java/util/stream/Nodes$IntArrayNode
Event: 390.195 Loading class java/util/stream/Nodes$IntArrayNode done
Event: 390.195 Loading class java/util/stream/Nodes$IntFixedNodeBuilder done
Event: 390.753 Loading class java/lang/SuppressWarnings
Event: 390.753 Loading class java/lang/SuppressWarnings done

Classes unloaded (20 events):
Event: 2046.184 Thread 0x0000020c6d90e420 Unloading class 0x0000020c02e56000 'jdk/internal/jimage/ImageHeader'
Event: 2046.184 Thread 0x0000020c6d90e420 Unloading class 0x0000020c02e55bd8 'jdk/internal/jimage/BasicImageReader$2'
Event: 2046.184 Thread 0x0000020c6d90e420 Unloading class 0x0000020c02e559a8 'jdk/internal/jimage/BasicImageReader$1'
Event: 2046.184 Thread 0x0000020c6d90e420 Unloading class 0x0000020c02e55740 'jdk/internal/jimage/ImageReader$Resource'
Event: 2046.184 Thread 0x0000020c6d90e420 Unloading class 0x0000020c02e554d8 'jdk/internal/jimage/ImageReader$LinkNode'
Event: 2046.184 Thread 0x0000020c6d90e420 Unloading class 0x0000020c02e55270 'jdk/internal/jimage/ImageReader$Directory'
Event: 2046.184 Thread 0x0000020c6d90e420 Unloading class 0x0000020c02e55008 'jdk/internal/jimage/ImageReader$Node'
Event: 2046.184 Thread 0x0000020c6d90e420 Unloading class 0x0000020c02e54e10 'jdk/internal/jimage/ImageStrings'
Event: 2046.184 Thread 0x0000020c6d90e420 Unloading class 0x0000020c02e54b50 'jdk/internal/jimage/ImageReader$SharedImageReader'
Event: 2046.184 Thread 0x0000020c6d90e420 Unloading class 0x0000020c02e54890 'jdk/internal/jimage/BasicImageReader'
Event: 2046.184 Thread 0x0000020c6d90e420 Unloading class 0x0000020c02e54670 'jdk/internal/jimage/ImageReader'
Event: 2046.184 Thread 0x0000020c6d90e420 Unloading class 0x0000020c02e54448 'jdk/internal/jrtfs/SystemImage$2'
Event: 2046.184 Thread 0x0000020c6d90e420 Unloading class 0x0000020c02e54230 'jdk/internal/jrtfs/SystemImage$$Lambda$9157+0x0000020c02e54230'
Event: 2046.184 Thread 0x0000020c6d90e420 Unloading class 0x0000020c02e54000 'jdk/internal/jrtfs/ExplodedImage'
Event: 2046.184 Thread 0x0000020c6d90e420 Unloading class 0x0000020c02e53dc8 'jdk/internal/jrtfs/SystemImage$1'
Event: 2046.184 Thread 0x0000020c6d90e420 Unloading class 0x0000020c02e53bb0 'jdk/internal/jrtfs/SystemImage'
Event: 2046.184 Thread 0x0000020c6d90e420 Unloading class 0x0000020c02e53950 'jdk/internal/jrtfs/JrtFileStore'
Event: 2046.184 Thread 0x0000020c6d90e420 Unloading class 0x0000020c02e535d8 'jdk/internal/jrtfs/JrtPath'
Event: 2046.184 Thread 0x0000020c6d90e420 Unloading class 0x0000020c02e532e0 'jdk/internal/jrtfs/JrtFileSystem'
Event: 2046.184 Thread 0x0000020c6d90e420 Unloading class 0x0000020c02e53000 'jdk/internal/jrtfs/JrtFileSystemProvider'

Classes redefined (0 events):
No events

Internal exceptions (20 events):
Event: 2044.779 Thread 0x0000020c76e20c80 Exception <a 'sun/nio/fs/WindowsException'{0x000000074c5b3030}> (0x000000074c5b3030) 
thrown [s\src\hotspot\share\prims\jni.cpp, line 516]
Event: 2044.780 Thread 0x0000020c76e20c80 Exception <a 'sun/nio/fs/WindowsException'{0x000000074c5bacd8}> (0x000000074c5bacd8) 
thrown [s\src\hotspot\share\prims\jni.cpp, line 516]
Event: 2044.782 Thread 0x0000020c76e20c80 Exception <a 'sun/nio/fs/WindowsException'{0x000000074c5c2950}> (0x000000074c5c2950) 
thrown [s\src\hotspot\share\prims\jni.cpp, line 516]
Event: 2044.818 Thread 0x0000020c76e20c80 Exception <a 'sun/nio/fs/WindowsException'{0x000000074c5ca970}> (0x000000074c5ca970) 
thrown [s\src\hotspot\share\prims\jni.cpp, line 516]
Event: 2044.820 Thread 0x0000020c76e20c80 Exception <a 'sun/nio/fs/WindowsException'{0x000000074c5d2978}> (0x000000074c5d2978) 
thrown [s\src\hotspot\share\prims\jni.cpp, line 516]
Event: 2044.821 Thread 0x0000020c76e20c80 Exception <a 'sun/nio/fs/WindowsException'{0x000000074c5da5d8}> (0x000000074c5da5d8) 
thrown [s\src\hotspot\share\prims\jni.cpp, line 516]
Event: 2044.822 Thread 0x0000020c76e20c80 Exception <a 'sun/nio/fs/WindowsException'{0x000000074c5e2190}> (0x000000074c5e2190) 
thrown [s\src\hotspot\share\prims\jni.cpp, line 516]
Event: 2044.824 Thread 0x0000020c76e20c80 Exception <a 'sun/nio/fs/WindowsException'{0x000000074c5e9e28}> (0x000000074c5e9e28) 
thrown [s\src\hotspot\share\prims\jni.cpp, line 516]
Event: 2044.825 Thread 0x0000020c76e20c80 Exception <a 'sun/nio/fs/WindowsException'{0x000000074c5f1a98}> (0x000000074c5f1a98) 
thrown [s\src\hotspot\share\prims\jni.cpp, line 516]
Event: 2044.826 Thread 0x0000020c76e20c80 Exception <a 'sun/nio/fs/WindowsException'{0x000000074c5f25c8}> (0x000000074c5f25c8) 
thrown [s\src\hotspot\share\prims\jni.cpp, line 516]
Event: 2045.324 Thread 0x0000020c7a468070 Exception <a 'sun/nio/fs/WindowsException'{0x000000072af2efe0}> (0x000000072af2efe0) 
thrown [s\src\hotspot\share\prims\jni.cpp, line 516]
Event: 2045.325 Thread 0x0000020c7a468070 Exception <a 'sun/nio/fs/WindowsException'{0x000000072af306a0}> (0x000000072af306a0) 
thrown [s\src\hotspot\share\prims\jni.cpp, line 516]
Event: 2045.326 Thread 0x0000020c7a468070 Exception <a 'sun/nio/fs/WindowsException'{0x000000072afb2058}> (0x000000072afb2058) 
thrown [s\src\hotspot\share\prims\jni.cpp, line 516]
Event: 2045.340 Thread 0x0000020c7a468070 Exception <a 'sun/nio/fs/WindowsException'{0x000000072ade3dd8}> (0x000000072ade3dd8) 
thrown [s\src\hotspot\share\prims\jni.cpp, line 516]
Event: 2045.340 Thread 0x0000020c7a468070 Exception <a 'sun/nio/fs/WindowsException'{0x000000072ade50f0}> (0x000000072ade50f0) 
thrown [s\src\hotspot\share\prims\jni.cpp, line 516]
Event: 2045.340 Thread 0x0000020c7a468070 Exception <a 'sun/nio/fs/WindowsException'{0x000000072ade6150}> (0x000000072ade6150) 
thrown [s\src\hotspot\share\prims\jni.cpp, line 516]
Event: 2045.340 Thread 0x0000020c7a468070 Exception <a 'sun/nio/fs/WindowsException'{0x000000072ade7460}> (0x000000072ade7460) 
thrown [s\src\hotspot\share\prims\jni.cpp, line 516]
Event: 2045.340 Thread 0x0000020c7a468070 Exception <a 'sun/nio/fs/WindowsException'{0x000000072ade8728}> (0x000000072ade8728) 
thrown [s\src\hotspot\share\prims\jni.cpp, line 516]
Event: 2045.340 Thread 0x0000020c7a468070 Exception <a 'sun/nio/fs/WindowsException'{0x000000072ade99d8}> (0x000000072ade99d8) 
thrown [s\src\hotspot\share\prims\jni.cpp, line 516]
Event: 2046.313 Thread 0x0000020c76e20260 Exception <a 'sun/nio/fs/WindowsException'{0x00000007334ce078}> (0x00000007334ce078) 
thrown [s\src\hotspot\share\prims\jni.cpp, line 516]

VM Operations (20 events):
Event: 2044.817 Executing VM operation: G1PauseRemark done
Event: 2044.908 Executing VM operation: G1PauseCleanup
Event: 2044.908 Executing VM operation: G1PauseCleanup done
Event: 2045.497 Executing VM operation: G1CollectForAllocation
Event: 2045.511 Executing VM operation: G1CollectForAllocation done
Event: 2045.518 Executing VM operation: G1CollectForAllocation
Event: 2045.550 Executing VM operation: G1CollectForAllocation done
Event: 2045.881 Executing VM operation: HandshakeAllThreads
Event: 2045.884 Executing VM operation: HandshakeAllThreads done
Event: 2045.980 Executing VM operation: G1CollectForAllocation
Event: 2045.987 Executing VM operation: G1CollectForAllocation done
Event: 2046.184 Executing VM operation: G1PauseRemark
Event: 2046.217 Executing VM operation: G1PauseRemark done
Event: 2046.313 Executing VM operation: G1PauseCleanup
Event: 2046.313 Executing VM operation: G1PauseCleanup done
Event: 2046.338 Executing VM operation: G1CollectForAllocation
Event: 2046.341 Executing VM operation: G1CollectForAllocation done
Event: 2046.384 Executing VM operation: G1CollectForAllocation
Event: 2046.384 Executing VM operation: G1CollectForAllocation done
Event: 2046.384 Executing VM operation: G1CollectForAllocation

Memory protections (0 events):
No events

Nmethod flushes (20 events):
Event: 2045.968 Thread 0x0000020c6d947030 flushing  nmethod 0x0000020c56e55910
Event: 2045.968 Thread 0x0000020c6d947030 flushing  nmethod 0x0000020c56e5be10
Event: 2045.968 Thread 0x0000020c6d947030 flushing  nmethod 0x0000020c56e5d510
Event: 2045.968 Thread 0x0000020c6d947030 flushing  nmethod 0x0000020c56e5e110
Event: 2045.968 Thread 0x0000020c6d947030 flushing  nmethod 0x0000020c56e5e590
Event: 2045.968 Thread 0x0000020c6d947030 flushing  nmethod 0x0000020c56e5ef90
Event: 2045.968 Thread 0x0000020c6d947030 flushing  nmethod 0x0000020c56e5f410
Event: 2045.968 Thread 0x0000020c6d947030 flushing  nmethod 0x0000020c56e5f790
Event: 2045.968 Thread 0x0000020c6d947030 flushing  nmethod 0x0000020c56e60790
Event: 2045.968 Thread 0x0000020c6d947030 flushing  nmethod 0x0000020c56e60b90
Event: 2045.968 Thread 0x0000020c6d947030 flushing  nmethod 0x0000020c56e6b910
Event: 2045.968 Thread 0x0000020c6d947030 flushing  nmethod 0x0000020c56e6bf90
Event: 2045.968 Thread 0x0000020c6d947030 flushing  nmethod 0x0000020c56eeea90
Event: 2045.968 Thread 0x0000020c6d947030 flushing  nmethod 0x0000020c56f08090
Event: 2045.968 Thread 0x0000020c6d947030 flushing  nmethod 0x0000020c56f40f90
Event: 2045.969 Thread 0x0000020c6d947030 flushing  nmethod 0x0000020c56fa5e90
Event: 2045.969 Thread 0x0000020c6d947030 flushing  nmethod 0x0000020c56fcb710
Event: 2045.969 Thread 0x0000020c6d947030 flushing  nmethod 0x0000020c56fcd410
Event: 2045.969 Thread 0x0000020c6d947030 flushing  nmethod 0x0000020c57007010
Event: 2045.969 Thread 0x0000020c6d947030 flushing  nmethod 0x0000020c57007390

Events (20 events):
Event: 2040.416 Thread 0x0000020c3d5e4ec0 Thread exited: 0x0000020c3d5e4ec0
Event: 2041.434 Thread 0x0000020c6d946320 Thread added: 0x0000020c76360e80
Event: 2041.434 Thread 0x0000020c6d946320 Thread added: 0x0000020c763613d0
Event: 2041.909 Thread 0x0000020c720b10a0 Thread added: 0x0000020c3a0bfb80
Event: 2042.064 Thread 0x0000020c7430d070 Thread added: 0x0000020c3b8da240
Event: 2043.001 Thread 0x0000020c763613d0 Thread exited: 0x0000020c763613d0
Event: 2043.117 Thread 0x0000020c7430f3e0 Thread added: 0x0000020c3b8dac60
Event: 2043.247 Thread 0x0000020c3a0bfb80 Thread exited: 0x0000020c3a0bfb80
Event: 2043.406 Thread 0x0000020c76360e80 Thread exited: 0x0000020c76360e80
Event: 2043.459 Thread 0x0000020c7430da90 Thread added: 0x0000020c76e20770
Event: 2043.468 Thread 0x0000020c78e2e630 Thread added: 0x0000020c720b15b0
Event: 2044.481 Thread 0x0000020c6d946320 Thread added: 0x0000020c7b1e2200
Event: 2044.600 Thread 0x0000020c76e20770 Thread exited: 0x0000020c76e20770
Event: 2044.733 Thread 0x0000020c7b1e2200 Thread exited: 0x0000020c7b1e2200
Event: 2044.819 Thread 0x0000020c3b8da240 Thread exited: 0x0000020c3b8da240
Event: 2044.819 Thread 0x0000020c3b8dac60 Thread exited: 0x0000020c3b8dac60
Event: 2045.345 Thread 0x0000020c6d9343e0 Thread added: 0x0000020c3bcb5850
Event: 2045.488 Thread 0x0000020c3bcb5850 Thread added: 0x0000020c45c5be00
Event: 2046.300 Thread 0x0000020c45c5be00 Thread exited: 0x0000020c45c5be00
Event: 2046.300 Thread 0x0000020c3bcb5850 Thread exited: 0x0000020c3bcb5850


Dynamic libraries:
0x00007ff6a8b20000 - 0x00007ff6a8b2e000 	C:\Users\ravip\.jdks\ms-17.0.18\bin\java.exe
0x00007fff28180000 - 0x00007fff283e7000 	C:\WINDOWS\SYSTEM32\ntdll.dll
0x00007fff270b0000 - 0x00007fff27179000 	C:\WINDOWS\System32\KERNEL32.DLL
0x00007fff24ec0000 - 0x00007fff252b4000 	C:\WINDOWS\System32\KERNELBASE.dll
0x00007fff24c00000 - 0x00007fff24d4b000 	C:\WINDOWS\System32\ucrtbase.dll
0x00007fff12ef0000 - 0x00007fff12f08000 	C:\Users\ravip\.jdks\ms-17.0.18\bin\jli.dll
0x00007fff122a0000 - 0x00007fff122be000 	C:\Users\ravip\.jdks\ms-17.0.18\bin\VCRUNTIME140.dll
0x00007fff27dc0000 - 0x00007fff27f85000 	C:\WINDOWS\System32\USER32.dll
0x00007fff13a30000 - 0x00007fff13cc3000 	C:\WINDOWS\WinSxS\amd64_microsoft.windows.common-controls_6595b64144ccf1df_6.0.26100.8115_none_3e075c82e3354f9c\COMCTL32.dll
0x00007fff24a50000 - 0x00007fff24a77000 	C:\WINDOWS\System32\win32u.dll
0x00007fff264d0000 - 0x00007fff26579000 	C:\WINDOWS\System32\msvcrt.dll
0x00007fff25f20000 - 0x00007fff25f4b000 	C:\WINDOWS\System32\GDI32.dll
0x00007fff25de0000 - 0x00007fff25f0b000 	C:\WINDOWS\System32\gdi32full.dll
0x00007fff25ca0000 - 0x00007fff25d43000 	C:\WINDOWS\System32\msvcp_win.dll
0x00007fff25fa0000 - 0x00007fff25fd2000 	C:\WINDOWS\System32\IMM32.DLL
0x00007fff22200000 - 0x00007fff2220c000 	C:\Users\ravip\.jdks\ms-17.0.18\bin\vcruntime140_1.dll
0x00007ffefb510000 - 0x00007ffefb599000 	C:\Users\ravip\.jdks\ms-17.0.18\bin\msvcp140.dll
0x00007ffe6da60000 - 0x00007ffe6e6da000 	C:\Users\ravip\.jdks\ms-17.0.18\bin\server\jvm.dll
0x00007fff26ee0000 - 0x00007fff26f96000 	C:\WINDOWS\System32\ADVAPI32.dll
0x00007fff261c0000 - 0x00007fff26267000 	C:\WINDOWS\System32\sechost.dll
0x00007fff27600000 - 0x00007fff27718000 	C:\WINDOWS\System32\RPCRT4.dll
0x00007fff27800000 - 0x00007fff27880000 	C:\WINDOWS\System32\WS2_32.dll
0x00007fff248d0000 - 0x00007fff2492e000 	C:\WINDOWS\SYSTEM32\POWRPROF.dll
0x00007fff1be20000 - 0x00007fff1be56000 	C:\WINDOWS\SYSTEM32\WINMM.dll
0x00007fff1bc80000 - 0x00007fff1bc8b000 	C:\WINDOWS\SYSTEM32\VERSION.dll
0x00007fff248b0000 - 0x00007fff248c4000 	C:\WINDOWS\SYSTEM32\UMPDC.dll
0x00007fff237a0000 - 0x00007fff237bb000 	C:\WINDOWS\SYSTEM32\kernel.appcore.dll
0x00007fff10f90000 - 0x00007fff10f9a000 	C:\Users\ravip\.jdks\ms-17.0.18\bin\jimage.dll
0x00007fff14370000 - 0x00007fff145b2000 	C:\WINDOWS\SYSTEM32\DBGHELP.DLL
0x00007fff27180000 - 0x00007fff27502000 	C:\WINDOWS\System32\combase.dll
0x00007fff27720000 - 0x00007fff277f8000 	C:\WINDOWS\System32\OLEAUT32.dll
0x00007fff06e20000 - 0x00007fff06e5b000 	C:\WINDOWS\SYSTEM32\dbgcore.DLL
0x00007fff25bf0000 - 0x00007fff25c95000 	C:\WINDOWS\System32\bcryptPrimitives.dll
0x00007fff10f80000 - 0x00007fff10f8f000 	C:\Users\ravip\.jdks\ms-17.0.18\bin\instrument.dll
0x00007fff00470000 - 0x00007fff00496000 	C:\Users\ravip\.jdks\ms-17.0.18\bin\java.dll
0x00007ffec2c20000 - 0x00007ffec2cf6000 	C:\Users\ravip\.jdks\ms-17.0.18\bin\jsvml.dll
0x00007fff26580000 - 0x00007fff26ce7000 	C:\WINDOWS\System32\SHELL32.dll
0x00007fff24d50000 - 0x00007fff24eba000 	C:\WINDOWS\System32\wintypes.dll
0x00007fff252c0000 - 0x00007fff25b28000 	C:\WINDOWS\System32\windows.storage.dll
0x00007fff263d0000 - 0x00007fff264c8000 	C:\WINDOWS\System32\SHCORE.dll
0x00007fff278b0000 - 0x00007fff27916000 	C:\WINDOWS\System32\shlwapi.dll
0x00007fff24940000 - 0x00007fff24969000 	C:\WINDOWS\SYSTEM32\profapi.dll
0x00007fff04490000 - 0x00007fff044a8000 	C:\Users\ravip\.jdks\ms-17.0.18\bin\zip.dll
0x00007ffeff320000 - 0x00007ffeff33b000 	C:\Users\ravip\.jdks\ms-17.0.18\bin\net.dll
0x00007fff1e900000 - 0x00007fff1ea2d000 	C:\WINDOWS\SYSTEM32\WINHTTP.dll
0x00007fff23cf0000 - 0x00007fff23d5c000 	C:\WINDOWS\system32\mswsock.dll
0x00007ffeff300000 - 0x00007ffeff316000 	C:\Users\ravip\.jdks\ms-17.0.18\bin\nio.dll
0x00007fff0bb20000 - 0x00007fff0bb30000 	C:\Users\ravip\.jdks\ms-17.0.18\bin\verify.dll
0x00007fff0ba00000 - 0x00007fff0ba27000 	C:\Users\ravip\.gradle\native\1def1411415f61bf3af743bc5b6707747c0891f09f0c88961ee8f79bc544acac\windows-amd64\native-platform.dll
0x00007ffec25b0000 - 0x00007ffec2628000 	C:\Users\ravip\.gradle\native\0.2.7\x86_64-windows-gnu\gradle-fileevents.dll
0x00007fff06930000 - 0x00007fff0693a000 	C:\Users\ravip\.jdks\ms-17.0.18\bin\management.dll
0x00007fff01910000 - 0x00007fff0191c000 	C:\Users\ravip\.jdks\ms-17.0.18\bin\management_ext.dll
0x00007fff27f90000 - 0x00007fff27f98000 	C:\WINDOWS\System32\PSAPI.DLL
0x00007fff23180000 - 0x00007fff231b2000 	C:\WINDOWS\SYSTEM32\IPHLPAPI.DLL
0x00007fff27db0000 - 0x00007fff27dba000 	C:\WINDOWS\System32\NSI.dll
0x00007fff1e870000 - 0x00007fff1e88d000 	C:\WINDOWS\SYSTEM32\dhcpcsvc6.DLL
0x00007fff1e840000 - 0x00007fff1e865000 	C:\WINDOWS\SYSTEM32\dhcpcsvc.DLL
0x00007fff231c0000 - 0x00007fff232f2000 	C:\WINDOWS\SYSTEM32\DNSAPI.dll
0x00007fff003e0000 - 0x00007fff003e9000 	C:\Users\ravip\.jdks\ms-17.0.18\bin\extnet.dll
0x00007fff240f0000 - 0x00007fff2410b000 	C:\WINDOWS\SYSTEM32\CRYPTSP.dll
0x00007fff23700000 - 0x00007fff23739000 	C:\WINDOWS\system32\rsaenh.dll
0x00007fff23da0000 - 0x00007fff23dd3000 	C:\WINDOWS\SYSTEM32\USERENV.dll
0x00007fff24970000 - 0x00007fff2499a000 	C:\WINDOWS\SYSTEM32\bcrypt.dll
0x00007fff23f50000 - 0x00007fff23f5c000 	C:\WINDOWS\SYSTEM32\CRYPTBASE.dll
0x00007ffeff2f0000 - 0x00007ffeff2fe000 	C:\Users\ravip\.jdks\ms-17.0.18\bin\sunmscapi.dll
0x00007fff24a80000 - 0x00007fff24bf7000 	C:\WINDOWS\System32\CRYPT32.dll
0x00007fff24250000 - 0x00007fff24280000 	C:\WINDOWS\SYSTEM32\ncrypt.dll
0x00007fff24200000 - 0x00007fff2423f000 	C:\WINDOWS\SYSTEM32\NTASN1.dll
0x00007ffeca860000 - 0x00007ffeca868000 	C:\WINDOWS\system32\wshunix.dll
0x00007ffec8110000 - 0x00007ffec8128000 	C:\WINDOWS\system32\napinsp.dll
0x00007ffec8160000 - 0x00007ffec8173000 	C:\WINDOWS\System32\winrnr.dll
0x00007ffec8130000 - 0x00007ffec8152000 	C:\WINDOWS\system32\nlansp_c.dll
0x00007ffefff60000 - 0x00007ffefff76000 	C:\WINDOWS\system32\wshbth.dll
0x00007fff1bb80000 - 0x00007fff1bb8b000 	C:\Windows\System32\rasadhlp.dll
0x00007fff1df60000 - 0x00007fff1dfe6000 	C:\WINDOWS\System32\fwpuclnt.dll
0x00007fff238c0000 - 0x00007fff238f6000 	C:\WINDOWS\SYSTEM32\ntmarta.dll
0x00007ffeff2c0000 - 0x00007ffeff2c7000 	C:\Users\ravip\.jdks\ms-17.0.18\bin\rmi.dll

dbghelp: loaded successfully - version: 4.0.5 - missing functions: none
symbol engine: initialized successfully - sym options: 0x614 - pdb path: .;C:\Users\ravip\.jdks\ms-17.0.18\bin;C:\WINDOWS\SYSTEM32;C:\WINDOWS\WinSxS\amd64_microsoft.windows.common-controls_6595b64144ccf1df_6.0.26100.8115_none_3e075c82e3354f9c;C:\Users\ravip\.jdks\ms-17.0.18\bin\server;C:\Users\ravip\.gradle\native\1def1411415f61bf3af743bc5b6707747c0891f09f0c88961ee8f79bc544acac\windows-amd64;C:\Users\ravip\.gradle\native\0.2.7\x86_64-windows-gnu

VM Arguments:
jvm_args: --add-opens=java.base/java.lang=ALL-UNNAMED --add-opens=java.base/java.lang.invoke=ALL-UNNAMED --add-opens=java.base/java.util=ALL-UNNAMED --add-opens=java.prefs/java.util.prefs=ALL-UNNAMED --add-exports=jdk.compiler/com.sun.tools.javac.api=ALL-UNNAMED --add-exports=jdk.compiler/com.sun.tools.javac.util=ALL-UNNAMED --add-opens=java.base/java.util=ALL-UNNAMED --add-opens=java.prefs/java.util.prefs=ALL-UNNAMED --add-opens=java.base/java.nio.charset=ALL-UNNAMED --add-opens=java.base/java.net=ALL-UNNAMED --add-opens=java.base/java.util.concurrent.atomic=ALL-UNNAMED --add-opens=java.xml/javax.xml.namespace=ALL-UNNAMED -XX:MaxMetaspaceSize=1024m --add-exports=jdk.compiler/com.sun.tools.javac.main=ALL-UNNAMED --add-exports=jdk.compiler/com.sun.tools.javac.file=ALL-UNNAMED --add-exports=jdk.compiler/com.sun.tools.javac.util=ALL-UNNAMED --add-exports=jdk.compiler/com.sun.tools.javac.tree=ALL-UNNAMED --add-exports=jdk.compiler/com.sun.tools.javac.api=ALL-UNNAMED -Xmx4096m -Dfile.encoding=UTF-8 -Duser.country=IN -Duser.language=en -Duser.variant -javaagent:C:\Users\ravip\.gradle\wrapper\dists\gradle-8.13-bin\5xuhj0ry160q40clulazy9h7d\gradle-8.13\lib\agents\gradle-instrumentation-agent-8.13.jar 
java_command: org.gradle.launcher.daemon.bootstrap.GradleDaemon 8.13
java_class_path (initial): C:\Users\ravip\.gradle\wrapper\dists\gradle-8.13-bin\5xuhj0ry160q40clulazy9h7d\gradle-8.13\lib\gradle-daemon-main-8.13.jar
Launcher Type: SUN_STANDARD

[Global flags]
     intx CICompilerCount                          = 4                                         {product} {ergonomic}
   size_t CompressedClassSpaceSize                 = 872415232                                 {product} {ergonomic}
     uint ConcGCThreads                            = 3                                         {product} {ergonomic}
     uint G1ConcRefinementThreads                  = 10                                        {product} {ergonomic}
   size_t G1HeapRegionSize                         = 2097152                                   {product} {ergonomic}
    uintx GCDrainStackTargetSize                   = 64                                        {product} {ergonomic}
   size_t InitialHeapSize                          = 262144000                                 {product} {ergonomic}
   size_t MarkStackSize                            = 4194304                                   {product} {ergonomic}
   size_t MaxHeapSize                              = 4294967296                                {product} {command line}
   size_t MaxMetaspaceSize                         = 1073741824                                {product} {command line}
   size_t MaxNewSize                               = 2575302656                                {product} {ergonomic}
   size_t MinHeapDeltaBytes                        = 2097152                                   {product} {ergonomic}
   size_t MinHeapSize                              = 8388608                                   {product} {ergonomic}
    uintx NonNMethodCodeHeapSize                   = 5839372                                {pd product} {ergonomic}
    uintx NonProfiledCodeHeapSize                  = 122909434                              {pd product} {ergonomic}
    uintx ProfiledCodeHeapSize                     = 122909434                              {pd product} {ergonomic}
    uintx ReservedCodeCacheSize                    = 251658240                              {pd product} {ergonomic}
     bool SegmentedCodeCache                       = true                                      {product} {ergonomic}
   size_t SoftMaxHeapSize                          = 4294967296                             {manageable} {ergonomic}
     bool UseCompressedClassPointers               = true                           {product lp64_product} {ergonomic}
     bool UseCompressedOops                        = true                           {product lp64_product} {ergonomic}
     bool UseG1GC                                  = true                                      {product} {ergonomic}
     bool UseLargePagesIndividualAllocation        = false                                  {pd product} {ergonomic}

Logging:
Log output configuration:
 #0: stdout all=warning uptime,level,tags
 #1: stderr all=off uptime,level,tags

Environment Variables:
JAVA_HOME=C:\Program Files\Android\Android Studio\jbr
PATH=C:\Program Files\Android\Android Studio\jbr\bin;%PATH%;C:\Program Files\Git\cmd;C:\Users\ravip\AppData\Local\nvm;C:\nvm4w\nodejs;C:\Program Files\cursor\resources\app\bin;C:\Users\ravip\AppData\Local\Programs\Python\Python312\Scripts\;C:\Users\ravip\AppData\Local\Programs\Python\Python312\;C:\Users\ravip\AppData\Local\Programs\Antigravity\bin
USERNAME=ravip
OS=Windows_NT
PROCESSOR_IDENTIFIER=Intel64 Family 6 Model 167 Stepping 1, GenuineIntel
TMP=C:\Users\ravip\AppData\Local\Temp
TEMP=C:\Users\ravip\AppData\Local\Temp



Periodic native trim disabled


---------------  S Y S T E M  ---------------

OS:
 Windows 11 , 64 bit Build 26100 (10.0.26100.8246)
OS uptime: 1 days 7:16 hours
Hyper-V role detected

CPU: total 12 (initial active 12) (6 cores per cpu, 2 threads per core) family 6 model 167 stepping 1 microcode 0x50, cx8, cmov, fxsr, ht, mmx, 3dnowpref, sse, sse2, sse3, ssse3, sse4.1, sse4.2, popcnt, lzcnt, tsc, tscinvbit, avx, avx2, aes, erms, clmul, bmi1, bmi2, adx, avx512f, avx512dq, avx512cd, avx512bw, avx512vl, sha, fma, vzeroupper, avx512_vpopcntdq, avx512_vpclmulqdq, avx512_vaes, avx512_vnni, clflush, clflushopt, avx512_vbmi2, avx512_vbmi, hv
Processor Information for the first 12 processors :
  Max Mhz: 2712, Current Mhz: 2712, Mhz Limit: 2712

Memory: 4k page, system-wide physical 15975M (984M free)
TotalPageFile size 27861M (AvailPageFile size 888M)
current process WorkingSet (physical memory assigned to process): 1964M, peak: 2519M
current process commit charge ("private bytes"): 2171M, peak: 3180M

vm_info: OpenJDK 64-Bit Server VM (17.0.18+8-LTS) for windows-amd64 JRE (17.0.18+8-LTS), built on Jan 15 2026 18:50:45 by "MicrosoftCorporation" with MS VC++ 17.14 (VS2022)

END.
