#
# There is insufficient memory for the Java Runtime Environment to continue.
# Native memory allocation (mmap) failed to map 1142947840 bytes. Error detail: G1 virtual space
# Possible reasons:
#   The system is out of physical RAM or swap space
#   This process is running with CompressedOops enabled, and the Java Heap may be blocking the growth of the native heap
# Possible solutions:
#   Reduce memory load on the system
#   Increase physical memory or swap space
#   Check if swap backing store is full
#   Decrease Java heap size (-Xmx/-Xms)
#   Decrease number of Java threads
#   Decrease Java thread stack sizes (-Xss)
#   Set larger code cache with -XX:ReservedCodeCacheSize=
#   JVM is running with Zero Based Compressed Oops mode in which the Java heap is
#     placed in the first 32GB address space. The Java Heap base address is the
#     maximum limit for the native heap growth. Please use -XX:HeapBaseMinAddress
#     to set the Java Heap base and to place the Java Heap above 32GB virtual address.
# This output file may be truncated or incomplete.
#
#  Out of Memory Error (os_windows.cpp:3690), pid=12532, tid=3372
#
# JRE version: OpenJDK Runtime Environment Microsoft-13106358 (17.0.18+8) (build 17.0.18+8-LTS)
# Java VM: OpenJDK 64-Bit Server VM Microsoft-13106358 (17.0.18+8-LTS, mixed mode, sharing, tiered, compressed oops, compressed class ptrs, g1 gc, windows-amd64)
# No core dump will be written. Minidumps are not enabled by default on client versions of Windows
#

---------------  S U M M A R Y ------------

Command Line: --add-opens=java.base/java.lang=ALL-UNNAMED --add-opens=java.base/java.lang.invoke=ALL-UNNAMED --add-opens=java.base/java.util=ALL-UNNAMED --add-opens=java.prefs/java.util.prefs=ALL-UNNAMED --add-exports=jdk.compiler/com.sun.tools.javac.api=ALL-UNNAMED --add-exports=jdk.compiler/com.sun.tools.javac.util=ALL-UNNAMED --add-opens=java.base/java.util=ALL-UNNAMED --add-opens=java.prefs/java.util.prefs=ALL-UNNAMED --add-opens=java.base/java.nio.charset=ALL-UNNAMED --add-opens=java.base/java.net=ALL-UNNAMED --add-opens=java.base/java.util.concurrent.atomic=ALL-UNNAMED --add-opens=java.xml/javax.xml.namespace=ALL-UNNAMED -XX:MaxMetaspaceSize=1024m --add-exports=jdk.compiler/com.sun.tools.javac.main=ALL-UNNAMED --add-exports=jdk.compiler/com.sun.tools.javac.file=ALL-UNNAMED --add-exports=jdk.compiler/com.sun.tools.javac.util=ALL-UNNAMED --add-exports=jdk.compiler/com.sun.tools.javac.tree=ALL-UNNAMED --add-exports=jdk.compiler/com.sun.tools.javac.api=ALL-UNNAMED -Xmx4096m -Dfile.encoding=UTF-8 -Duser.country=IN -Duser.language=en -Duser.variant -javaagent:C:\Users\ravip\.gradle\wrapper\dists\gradle-8.13-bin\5xuhj0ry160q40clulazy9h7d\gradle-8.13\lib\agents\gradle-instrumentation-agent-8.13.jar org.gradle.launcher.daemon.bootstrap.GradleDaemon 8.13

Host: 11th Gen Intel(R) Core(TM) i5-11500 @ 2.70GHz, 12 cores, 15G,  Windows 11 , 64 bit Build 26100 (10.0.26100.8246)
Time: Wed Apr 22 11:05:30 2026 India Standard Time elapsed time: 1727.225421 seconds (0d 0h 28m 47s)

---------------  T H R E A D  ---------------

Current thread (0x0000020d7ff37d80):  VMThread "VM Thread" [stack: 0x0000004fae000000,0x0000004fae100000] [id=3372]

Stack: [0x0000004fae000000,0x0000004fae100000]
Native frames: (J=compiled Java code, j=interpreted, Vv=VM code, C=native code)
V  [jvm.dll+0x68c879]  (no source info available)
V  [jvm.dll+0x845979]  (no source info available)
V  [jvm.dll+0x8476e8]  (no source info available)
V  [jvm.dll+0x847d73]  (no source info available)
V  [jvm.dll+0x24cf6f]  (no source info available)
V  [jvm.dll+0x68bc79]  (no source info available)
V  [jvm.dll+0x68023a]  (no source info available)
V  [jvm.dll+0x3101a0]  (no source info available)
V  [jvm.dll+0x310042]  (no source info available)
V  [jvm.dll+0x317599]  (no source info available)
V  [jvm.dll+0x369999]  (no source info available)
V  [jvm.dll+0x369bcd]  (no source info available)
V  [jvm.dll+0x2e69aa]  (no source info available)
V  [jvm.dll+0x2e4da1]  (no source info available)
V  [jvm.dll+0x2e453c]  (no source info available)
V  [jvm.dll+0x328ecb]  (no source info available)
V  [jvm.dll+0x84c5fd]  (no source info available)
V  [jvm.dll+0x84d313]  (no source info available)
V  [jvm.dll+0x84d844]  (no source info available)
V  [jvm.dll+0x84dc28]  (no source info available)
V  [jvm.dll+0x84dd1e]  (no source info available)
V  [jvm.dll+0x7f5ebc]  (no source info available)
V  [jvm.dll+0x68de17]  (no source info available)
C  [ucrtbase.dll+0x37b0]  (no source info available)
C  [KERNEL32.DLL+0x2e8d7]  (no source info available)
C  [ntdll.dll+0x8c3fc]  (no source info available)

VM_Operation (0x0000004fb83f7b30): G1CollectForAllocation, mode: safepoint, requested by thread 0x0000020d5e02ced0


---------------  P R O C E S S  ---------------

Threads class SMR info:
_java_thread_list=0x0000020d65a11460, length=230, elements={
0x0000020d77f7a540, 0x0000020d7ff3da00, 0x0000020d7ff3e2d0, 0x0000020d7ff52a30,
0x0000020d7ff53300, 0x0000020d7ff54740, 0x0000020d7ff55010, 0x0000020d7ff56780,
0x0000020d7ff58b20, 0x0000020d7ff5ffc0, 0x0000020d1d49d360, 0x0000020d1d5f0f40,
0x0000020d576c5b00, 0x0000020d582be2b0, 0x0000020d5832ca30, 0x0000020d57cd0d40,
0x0000020d57cce9d0, 0x0000020d57cceee0, 0x0000020d5859f880, 0x0000020d5859d000,
0x0000020d5859df30, 0x0000020d5859e950, 0x0000020d5859ee60, 0x0000020d5a83b660,
0x0000020d5d5a8e40, 0x0000020d5d5a4760, 0x0000020d5d5a5180, 0x0000020d5d5a5ba0,
0x0000020d5d5a3830, 0x0000020d5d5a60b0, 0x0000020d5d5a4250, 0x0000020d5a836050,
0x0000020d5a8388d0, 0x0000020d5a6c9b00, 0x0000020d5a6c95f0, 0x0000020d5a6cb450,
0x0000020d5a6c8bd0, 0x0000020d5a6c7ca0, 0x0000020d5a6cd7c0, 0x0000020d5a6cb960,
0x0000020d5a6ccda0, 0x0000020d5a6cbe70, 0x0000020d5a6cc890, 0x0000020d5a6cd2b0,
0x0000020d5ba04900, 0x0000020d5ba0b860, 0x0000020d640c13f0, 0x0000020d640bfaa0,
0x0000020d640bffb0, 0x0000020d640bf590, 0x0000020d640c0ee0, 0x0000020d640bdc40,
0x0000020d640c09d0, 0x0000020d640c1900, 0x0000020d640beb70, 0x0000020d640c04c0,
0x0000020d640bf080, 0x0000020d640be150, 0x0000020d640be660, 0x0000020d640c2d40,
0x0000020d640c4ba0, 0x0000020d640c3c70, 0x0000020d640c50b0, 0x0000020d640c4180,
0x0000020d640c5ad0, 0x0000020d640c2320, 0x0000020d640c55c0, 0x0000020d640c4690,
0x0000020d640c3250, 0x0000020d640c3760, 0x0000020d640c5fe0, 0x0000020d640c2830,
0x0000020d640c8860, 0x0000020d640c8d70, 0x0000020d640c9790, 0x0000020d640c7e40,
0x0000020d640c8350, 0x0000020d640c9ca0, 0x0000020d640c64f0, 0x0000020d640ca1b0,
0x0000020d640c6a00, 0x0000020d640ca6c0, 0x0000020d640c6f10, 0x0000020d640cabd0,
0x0000020d640cc010, 0x0000020d640cc520, 0x0000020d640cb0e0, 0x0000020d640cca30,
0x0000020d640cb5f0, 0x0000020d640cd450, 0x0000020d640cbb00, 0x0000020d640ccf40,
0x0000020d5f02a220, 0x0000020d5f027490, 0x0000020d5f02a730, 0x0000020d5f02ac40,
0x0000020d5f0292f0, 0x0000020d5f02b150, 0x0000020d5f029800, 0x0000020d5f0283c0,
0x0000020d5f0288d0, 0x0000020d5f0279a0, 0x0000020d5f02c080, 0x0000020d5f02caa0,
0x0000020d5f02bb70, 0x0000020d5f02d4c0, 0x0000020d5f02e900, 0x0000020d5f02d9d0,
0x0000020d5f02e3f0, 0x0000020d5f02ee10, 0x0000020d5f02cfb0, 0x0000020d5f02dee0,
0x0000020d5f02b660, 0x0000020d5ba07ba0, 0x0000020d5ba04e10, 0x0000020d5ba05320,
0x0000020d5ba043f0, 0x0000020d5ba06760, 0x0000020d5ba05830, 0x0000020d5ba05d40,
0x0000020d5ba09a00, 0x0000020d5ba06250, 0x0000020d5ba0a420, 0x0000020d5ba09f10,
0x0000020d5ba0b350, 0x0000020d5ba0bd70, 0x0000020d5ba0a930, 0x0000020d5ba0ae40,
0x0000020d5e029720, 0x0000020d5e026ea0, 0x0000020d5e029210, 0x0000020d5e026990,
0x0000020d5e029c30, 0x0000020d5e02ab60, 0x0000020d5e0287f0, 0x0000020d5e02a650,
0x0000020d5e0273b0, 0x0000020d5e0282e0, 0x0000020d5e02b070, 0x0000020d5e0278c0,
0x0000020d5e02ba90, 0x0000020d5e02de00, 0x0000020d5e02bfa0, 0x0000020d5e02c4b0,
0x0000020d5e02ced0, 0x0000020d5b8b4a80, 0x0000020d5b8b5ec0, 0x0000020d5b8b7810,
0x0000020d5b8b68e0, 0x0000020d5b8b7300, 0x0000020d5b8b4060, 0x0000020d5b8b7d20,
0x0000020d5b8b8c50, 0x0000020d5b8b9b80, 0x0000020d5b8b8230, 0x0000020d5b8bafc0,
0x0000020d5b8b54a0, 0x0000020d5b8b9160, 0x0000020d5b8b9670, 0x0000020d5b8ba5a0,
0x0000020d5b8ba090, 0x0000020d5b8baab0, 0x0000020d5b8bb4d0, 0x0000020d5b8bb9e0,
0x0000020d5a839800, 0x0000020d5a836a70, 0x0000020d5a8383c0, 0x0000020d5a837490,
0x0000020d5a8379a0, 0x0000020d5a837eb0, 0x0000020d5a838de0, 0x0000020d5a836f80,
0x0000020d5a83ac40, 0x0000020d5a83bb70, 0x0000020d5a8392f0, 0x0000020d5a83d9d0,
0x0000020d5a6c86c0, 0x0000020d5a6c90e0, 0x0000020d5a6c81b0, 0x0000020d5a6ca010,
0x0000020d5a6ca520, 0x0000020d5a6c7280, 0x0000020d5a6c6d70, 0x0000020d5a6ce1e0,
0x0000020d5a6caa30, 0x0000020d5a6caf40, 0x0000020d5e9c1820, 0x0000020d5e9bf9c0,
0x0000020d5e9be070, 0x0000020d5e9be580, 0x0000020d5e9c03e0, 0x0000020d5e9bea90,
0x0000020d5e9befa0, 0x0000020d5e9c08f0, 0x0000020d5e9c0e00, 0x0000020d5e9bf4b0,
0x0000020d5d5a3d40, 0x0000020d5d5a7f10, 0x0000020d5d5aa790, 0x0000020d5d5a8930,
0x0000020d5d5a7a00, 0x0000020d5d5a9350, 0x0000020d57cd0830, 0x0000020d57cd1250,
0x0000020d57ccf900, 0x0000020d57cd2180, 0x0000020d57ccfe10, 0x0000020d57cd1760,
0x0000020d5859c5e0, 0x0000020d5859e440, 0x0000020d640c7930, 0x0000020d5ba080b0,
0x0000020d5d5a8420, 0x0000020d6478a170, 0x0000020d6478b0a0, 0x0000020d64789c60,
0x0000020d6478a680, 0x0000020d64788d30, 0x0000020d6478cf00, 0x0000020d6478e340,
0x0000020d6478bfd0, 0x0000020d6478b5b0, 0x0000020d6478c9f0, 0x0000020d6478bac0,
0x0000020d64794370, 0x0000020d64794880, 0x0000020d647957b0, 0x0000020d64795cc0,
0x0000020d5f81d250, 0x0000020d5f81fcd0
}

Java Threads: ( => current thread )
  0x0000020d77f7a540 JavaThread "main" [_thread_blocked, id=1532, stack(0x0000004fada00000,0x0000004fadb00000)]
  0x0000020d7ff3da00 JavaThread "Reference Handler" daemon [_thread_blocked, id=6400, stack(0x0000004fae100000,0x0000004fae200000)]
  0x0000020d7ff3e2d0 JavaThread "Finalizer" daemon [_thread_blocked, id=7628, stack(0x0000004fae200000,0x0000004fae300000)]
  0x0000020d7ff52a30 JavaThread "Signal Dispatcher" daemon [_thread_blocked, id=4308, stack(0x0000004fae300000,0x0000004fae400000)]
  0x0000020d7ff53300 JavaThread "Attach Listener" daemon [_thread_blocked, id=8736, stack(0x0000004fae400000,0x0000004fae500000)]
  0x0000020d7ff54740 JavaThread "Service Thread" daemon [_thread_blocked, id=1200, stack(0x0000004fae500000,0x0000004fae600000)]
  0x0000020d7ff55010 JavaThread "Monitor Deflation Thread" daemon [_thread_blocked, id=11804, stack(0x0000004fae600000,0x0000004fae700000)]
  0x0000020d7ff56780 JavaThread "C2 CompilerThread0" daemon [_thread_blocked, id=6372, stack(0x0000004fae700000,0x0000004fae800000)]
  0x0000020d7ff58b20 JavaThread "C1 CompilerThread0" daemon [_thread_blocked, id=6240, stack(0x0000004fae800000,0x0000004fae900000)]
  0x0000020d7ff5ffc0 JavaThread "Sweeper thread" daemon [_thread_blocked, id=12424, stack(0x0000004fae900000,0x0000004faea00000)]
  0x0000020d1d49d360 JavaThread "Common-Cleaner" daemon [_thread_blocked, id=9208, stack(0x0000004faea00000,0x0000004faeb00000)]
  0x0000020d1d5f0f40 JavaThread "Notification Thread" daemon [_thread_blocked, id=9204, stack(0x0000004faeb00000,0x0000004faec00000)]
  0x0000020d576c5b00 JavaThread "Daemon health stats" [_thread_blocked, id=12464, stack(0x0000004faf500000,0x0000004faf600000)]
  0x0000020d582be2b0 JavaThread "Incoming local TCP Connector on port 62775" [_thread_in_native, id=6616, stack(0x0000004faf600000,0x0000004faf700000)]
  0x0000020d5832ca30 JavaThread "Daemon periodic checks" [_thread_blocked, id=6596, stack(0x0000004faf700000,0x0000004faf800000)]
  0x0000020d57cd0d40 JavaThread "Cache worker for journal cache (C:\Users\ravip\.gradle\caches\journal-1)" [_thread_blocked, id=5912, stack(0x0000004faff00000,0x0000004fb0000000)]
  0x0000020d57cce9d0 JavaThread "File lock request listener" [_thread_in_native, id=9380, stack(0x0000004fb0000000,0x0000004fb0100000)]
  0x0000020d57cceee0 JavaThread "Cache worker for file hash cache (C:\Users\ravip\.gradle\caches\8.13\fileHashes)" [_thread_blocked, id=776, stack(0x0000004fb0100000,0x0000004fb0200000)]
  0x0000020d5859f880 JavaThread "File watcher server" daemon [_thread_blocked, id=9900, stack(0x0000004fb0900000,0x0000004fb0a00000)]
  0x0000020d5859d000 JavaThread "File watcher consumer" daemon [_thread_blocked, id=11820, stack(0x0000004fb0a00000,0x0000004fb0b00000)]
  0x0000020d5859df30 JavaThread "jar transforms" [_thread_blocked, id=13464, stack(0x0000004fb0b00000,0x0000004fb0c00000)]
  0x0000020d5859e950 JavaThread "jar transforms Thread 2" [_thread_blocked, id=9316, stack(0x0000004fb0c00000,0x0000004fb0d00000)]
  0x0000020d5859ee60 JavaThread "Cache worker for file content cache (C:\Users\ravip\.gradle\caches\8.13\fileContent)" [_thread_blocked, id=10116, stack(0x0000004fb0f00000,0x0000004fb1000000)]
  0x0000020d5a83b660 JavaThread "Memory manager" [_thread_blocked, id=3208, stack(0x0000004fb2a00000,0x0000004fb2b00000)]
  0x0000020d5d5a8e40 JavaThread "pool-3-thread-1" [_thread_blocked, id=2672, stack(0x0000004fb5700000,0x0000004fb5800000)]
  0x0000020d5d5a4760 JavaThread "ForkJoinPool.commonPool-worker-14" daemon [_thread_blocked, id=15352, stack(0x0000004fb3a00000,0x0000004fb3b00000)]
  0x0000020d5d5a5180 JavaThread "ForkJoinPool.commonPool-worker-15" daemon [_thread_blocked, id=6380, stack(0x0000004fb3b00000,0x0000004fb3c00000)]
  0x0000020d5d5a5ba0 JavaThread "ForkJoinPool.commonPool-worker-17" daemon [_thread_blocked, id=14048, stack(0x0000004fb3d00000,0x0000004fb3e00000)]
  0x0000020d5d5a3830 JavaThread "ForkJoinPool.commonPool-worker-18" daemon [_thread_blocked, id=8832, stack(0x0000004fb3e00000,0x0000004fb3f00000)]
  0x0000020d5d5a60b0 JavaThread "ForkJoinPool.commonPool-worker-19" daemon [_thread_blocked, id=12784, stack(0x0000004fb3f00000,0x0000004fb4000000)]
  0x0000020d5d5a4250 JavaThread "pool-6-thread-1" [_thread_blocked, id=6912, stack(0x0000004fb4000000,0x0000004fb4100000)]
  0x0000020d5a836050 JavaThread "ForkJoinPool.commonPool-worker-21" daemon [_thread_blocked, id=2988, stack(0x0000004fb4300000,0x0000004fb4400000)]
  0x0000020d5a8388d0 JavaThread "pool-9-thread-1" [_thread_blocked, id=3844, stack(0x0000004fb4400000,0x0000004fb4500000)]
  0x0000020d5a6c9b00 JavaThread "pool-12-thread-1" [_thread_blocked, id=15980, stack(0x0000004fb4500000,0x0000004fb4600000)]
  0x0000020d5a6c95f0 JavaThread "jar transforms Thread 3" [_thread_blocked, id=16684, stack(0x0000004fb0200000,0x0000004fb0300000)]
  0x0000020d5a6cb450 JavaThread "jar transforms Thread 4" [_thread_blocked, id=16148, stack(0x0000004fb0300000,0x0000004fb0400000)]
  0x0000020d5a6c8bd0 JavaThread "jar transforms Thread 5" [_thread_blocked, id=6332, stack(0x0000004fb0e00000,0x0000004fb0f00000)]
  0x0000020d5a6c7ca0 JavaThread "jar transforms Thread 6" [_thread_blocked, id=18348, stack(0x0000004fb1000000,0x0000004fb1100000)]
  0x0000020d5a6cd7c0 JavaThread "jar transforms Thread 7" [_thread_blocked, id=17768, stack(0x0000004fb1100000,0x0000004fb1200000)]
  0x0000020d5a6cb960 JavaThread "jar transforms Thread 8" [_thread_blocked, id=16072, stack(0x0000004fb1200000,0x0000004fb1300000)]
  0x0000020d5a6ccda0 JavaThread "jar transforms Thread 9" [_thread_blocked, id=17896, stack(0x0000004fb1300000,0x0000004fb1400000)]
  0x0000020d5a6cbe70 JavaThread "jar transforms Thread 10" [_thread_blocked, id=11980, stack(0x0000004fb1400000,0x0000004fb1500000)]
  0x0000020d5a6cc890 JavaThread "jar transforms Thread 11" [_thread_blocked, id=9780, stack(0x0000004fb1500000,0x0000004fb1600000)]
  0x0000020d5a6cd2b0 JavaThread "jar transforms Thread 12" [_thread_blocked, id=7060, stack(0x0000004fb1600000,0x0000004fb1700000)]
  0x0000020d5ba04900 JavaThread "ForkJoinPool.commonPool-worker-23" daemon [_thread_blocked, id=15648, stack(0x0000004fb6d00000,0x0000004fb6e00000)]
  0x0000020d5ba0b860 JavaThread "pool-15-thread-1" [_thread_blocked, id=3200, stack(0x0000004fb6f00000,0x0000004fb7000000)]
  0x0000020d640c13f0 JavaThread "Daemon Thread 4" [_thread_blocked, id=7052, stack(0x0000004fad700000,0x0000004fad800000)]
  0x0000020d640bfaa0 JavaThread "Handler for socket connection from /127.0.0.1:62775 to /127.0.0.1:63705" [_thread_in_native, id=17216, stack(0x0000004fad800000,0x0000004fad900000)]
  0x0000020d640bffb0 JavaThread "Cancel handler" [_thread_blocked, id=18300, stack(0x0000004fad900000,0x0000004fada00000)]
  0x0000020d640bf590 JavaThread "Daemon worker Thread 4" [_thread_blocked, id=12488, stack(0x0000004faed00000,0x0000004faee00000)]
  0x0000020d640c0ee0 JavaThread "Asynchronous log dispatcher for DefaultDaemonConnection: socket connection from /127.0.0.1:62775 to /127.0.0.1:63705" [_thread_blocked, id=11108, stack(0x0000004faee00000,0x0000004faef00000)]
  0x0000020d640bdc40 JavaThread "Stdin handler" [_thread_blocked, id=15428, stack(0x0000004faf800000,0x0000004faf900000)]
  0x0000020d640c09d0 JavaThread "Daemon client event forwarder" [_thread_blocked, id=17796, stack(0x0000004faf900000,0x0000004fafa00000)]
  0x0000020d640c1900 JavaThread "Cache worker for file hash cache (C:\Users\ravip\AndroidStudioProjects\PoliceMobileDirectory\.gradle\8.13\fileHashes)" [_thread_blocked, id=3548, stack(0x0000004fafa00000,0x0000004fafb00000)]
  0x0000020d640beb70 JavaThread "Cache worker for Build Output Cleanup Cache (C:\Users\ravip\AndroidStudioProjects\PoliceMobileDirectory\.gradle\buildOutputCleanup)" [_thread_blocked, id=18012, stack(0x0000004fafb00000,0x0000004fafc00000)]
  0x0000020d640c04c0 JavaThread "Cache worker for checksums cache (C:\Users\ravip\AndroidStudioProjects\PoliceMobileDirectory\.gradle\8.13\checksums)" [_thread_blocked, id=13688, stack(0x0000004fafd00000,0x0000004fafe00000)]
  0x0000020d640bf080 JavaThread "Cache worker for cache directory md-supplier (C:\Users\ravip\.gradle\caches\8.13\md-supplier)" [_thread_blocked, id=15388, stack(0x0000004fafe00000,0x0000004faff00000)]
  0x0000020d640be150 JavaThread "Cache worker for cache directory md-rule (C:\Users\ravip\.gradle\caches\8.13\md-rule)" [_thread_blocked, id=11512, stack(0x0000004fb1a00000,0x0000004fb1b00000)]
  0x0000020d640be660 JavaThread "Unconstrained build operations" [_thread_blocked, id=3872, stack(0x0000004fb1c00000,0x0000004fb1d00000)]
  0x0000020d640c2d40 JavaThread "Unconstrained build operations Thread 2" [_thread_blocked, id=11500, stack(0x0000004fb1d00000,0x0000004fb1e00000)]
  0x0000020d640c4ba0 JavaThread "Unconstrained build operations Thread 3" [_thread_blocked, id=8360, stack(0x0000004fb1e00000,0x0000004fb1f00000)]
  0x0000020d640c3c70 JavaThread "Unconstrained build operations Thread 4" [_thread_blocked, id=14376, stack(0x0000004fb1f00000,0x0000004fb2000000)]
  0x0000020d640c50b0 JavaThread "Unconstrained build operations Thread 5" [_thread_blocked, id=18380, stack(0x0000004fb2000000,0x0000004fb2100000)]
  0x0000020d640c4180 JavaThread "Unconstrained build operations Thread 6" [_thread_blocked, id=17744, stack(0x0000004fb2100000,0x0000004fb2200000)]
  0x0000020d640c5ad0 JavaThread "Unconstrained build operations Thread 7" [_thread_blocked, id=15180, stack(0x0000004fb2200000,0x0000004fb2300000)]
  0x0000020d640c2320 JavaThread "Unconstrained build operations Thread 8" [_thread_blocked, id=12860, stack(0x0000004fb2300000,0x0000004fb2400000)]
  0x0000020d640c55c0 JavaThread "Unconstrained build operations Thread 9" [_thread_blocked, id=5344, stack(0x0000004fb2400000,0x0000004fb2500000)]
  0x0000020d640c4690 JavaThread "Unconstrained build operations Thread 10" [_thread_blocked, id=11476, stack(0x0000004fb2500000,0x0000004fb2600000)]
  0x0000020d640c3250 JavaThread "Unconstrained build operations Thread 11" [_thread_blocked, id=16616, stack(0x0000004fb2700000,0x0000004fb2800000)]
  0x0000020d640c3760 JavaThread "Unconstrained build operations Thread 12" [_thread_blocked, id=18296, stack(0x0000004fb2800000,0x0000004fb2900000)]
  0x0000020d640c5fe0 JavaThread "Unconstrained build operations Thread 13" [_thread_blocked, id=16472, stack(0x0000004fb2900000,0x0000004fb2a00000)]
  0x0000020d640c2830 JavaThread "Unconstrained build operations Thread 14" [_thread_blocked, id=14036, stack(0x0000004fb2b00000,0x0000004fb2c00000)]
  0x0000020d640c8860 JavaThread "Unconstrained build operations Thread 15" [_thread_blocked, id=9308, stack(0x0000004fb2c00000,0x0000004fb2d00000)]
  0x0000020d640c8d70 JavaThread "Unconstrained build operations Thread 16" [_thread_blocked, id=17992, stack(0x0000004fb2d00000,0x0000004fb2e00000)]
  0x0000020d640c9790 JavaThread "Unconstrained build operations Thread 17" [_thread_blocked, id=16360, stack(0x0000004fb2e00000,0x0000004fb2f00000)]
  0x0000020d640c7e40 JavaThread "Unconstrained build operations Thread 18" [_thread_blocked, id=7436, stack(0x0000004fb2f00000,0x0000004fb3000000)]
  0x0000020d640c8350 JavaThread "Unconstrained build operations Thread 19" [_thread_blocked, id=5932, stack(0x0000004fb3000000,0x0000004fb3100000)]
  0x0000020d640c9ca0 JavaThread "Unconstrained build operations Thread 20" [_thread_blocked, id=4300, stack(0x0000004fb3100000,0x0000004fb3200000)]
  0x0000020d640c64f0 JavaThread "Unconstrained build operations Thread 21" [_thread_blocked, id=16228, stack(0x0000004fb3200000,0x0000004fb3300000)]
  0x0000020d640ca1b0 JavaThread "Unconstrained build operations Thread 22" [_thread_blocked, id=18164, stack(0x0000004fb3300000,0x0000004fb3400000)]
  0x0000020d640c6a00 JavaThread "Unconstrained build operations Thread 23" [_thread_blocked, id=18148, stack(0x0000004fb3400000,0x0000004fb3500000)]
  0x0000020d640ca6c0 JavaThread "Unconstrained build operations Thread 24" [_thread_blocked, id=7940, stack(0x0000004fb3500000,0x0000004fb3600000)]
  0x0000020d640c6f10 JavaThread "Unconstrained build operations Thread 25" [_thread_blocked, id=17712, stack(0x0000004fb3600000,0x0000004fb3700000)]
  0x0000020d640cabd0 JavaThread "Unconstrained build operations Thread 26" [_thread_blocked, id=11436, stack(0x0000004fb3700000,0x0000004fb3800000)]
  0x0000020d640cc010 JavaThread "Unconstrained build operations Thread 27" [_thread_blocked, id=15368, stack(0x0000004fb3800000,0x0000004fb3900000)]
  0x0000020d640cc520 JavaThread "Unconstrained build operations Thread 28" [_thread_blocked, id=17760, stack(0x0000004fb3900000,0x0000004fb3a00000)]
  0x0000020d640cb0e0 JavaThread "Unconstrained build operations Thread 29" [_thread_blocked, id=17140, stack(0x0000004fb3c00000,0x0000004fb3d00000)]
  0x0000020d640cca30 JavaThread "Unconstrained build operations Thread 30" [_thread_blocked, id=8448, stack(0x0000004fb4100000,0x0000004fb4200000)]
  0x0000020d640cb5f0 JavaThread "Unconstrained build operations Thread 31" [_thread_blocked, id=2160, stack(0x0000004fb4200000,0x0000004fb4300000)]
  0x0000020d640cd450 JavaThread "Unconstrained build operations Thread 32" [_thread_blocked, id=17932, stack(0x0000004fb4600000,0x0000004fb4700000)]
  0x0000020d640cbb00 JavaThread "Unconstrained build operations Thread 33" [_thread_blocked, id=16300, stack(0x0000004fb4700000,0x0000004fb4800000)]
  0x0000020d640ccf40 JavaThread "Unconstrained build operations Thread 34" [_thread_blocked, id=9172, stack(0x0000004fb4800000,0x0000004fb4900000)]
  0x0000020d5f02a220 JavaThread "Unconstrained build operations Thread 35" [_thread_blocked, id=17632, stack(0x0000004fb4900000,0x0000004fb4a00000)]
  0x0000020d5f027490 JavaThread "Unconstrained build operations Thread 36" [_thread_blocked, id=12244, stack(0x0000004fb4a00000,0x0000004fb4b00000)]
  0x0000020d5f02a730 JavaThread "Unconstrained build operations Thread 37" [_thread_blocked, id=13964, stack(0x0000004fb4b00000,0x0000004fb4c00000)]
  0x0000020d5f02ac40 JavaThread "Unconstrained build operations Thread 38" [_thread_blocked, id=16000, stack(0x0000004fb4c00000,0x0000004fb4d00000)]
  0x0000020d5f0292f0 JavaThread "Unconstrained build operations Thread 39" [_thread_blocked, id=13056, stack(0x0000004fb4d00000,0x0000004fb4e00000)]
  0x0000020d5f02b150 JavaThread "Unconstrained build operations Thread 40" [_thread_blocked, id=16100, stack(0x0000004fb4e00000,0x0000004fb4f00000)]
  0x0000020d5f029800 JavaThread "Unconstrained build operations Thread 41" [_thread_blocked, id=5364, stack(0x0000004fb4f00000,0x0000004fb5000000)]
  0x0000020d5f0283c0 JavaThread "Unconstrained build operations Thread 42" [_thread_blocked, id=12416, stack(0x0000004fb5000000,0x0000004fb5100000)]
  0x0000020d5f0288d0 JavaThread "Unconstrained build operations Thread 43" [_thread_blocked, id=11724, stack(0x0000004fb5100000,0x0000004fb5200000)]
  0x0000020d5f0279a0 JavaThread "Unconstrained build operations Thread 44" [_thread_blocked, id=13420, stack(0x0000004fb5200000,0x0000004fb5300000)]
  0x0000020d5f02c080 JavaThread "Unconstrained build operations Thread 45" [_thread_blocked, id=13948, stack(0x0000004fb5300000,0x0000004fb5400000)]
  0x0000020d5f02caa0 JavaThread "Unconstrained build operations Thread 46" [_thread_blocked, id=17672, stack(0x0000004fb5400000,0x0000004fb5500000)]
  0x0000020d5f02bb70 JavaThread "Unconstrained build operations Thread 47" [_thread_blocked, id=18224, stack(0x0000004fb5500000,0x0000004fb5600000)]
  0x0000020d5f02d4c0 JavaThread "Unconstrained build operations Thread 48" [_thread_blocked, id=15636, stack(0x0000004fb5600000,0x0000004fb5700000)]
  0x0000020d5f02e900 JavaThread "Unconstrained build operations Thread 49" [_thread_blocked, id=15800, stack(0x0000004fb5800000,0x0000004fb5900000)]
  0x0000020d5f02d9d0 JavaThread "Unconstrained build operations Thread 50" [_thread_blocked, id=5908, stack(0x0000004fb5900000,0x0000004fb5a00000)]
  0x0000020d5f02e3f0 JavaThread "Unconstrained build operations Thread 51" [_thread_blocked, id=9684, stack(0x0000004fb5a00000,0x0000004fb5b00000)]
  0x0000020d5f02ee10 JavaThread "Unconstrained build operations Thread 52" [_thread_blocked, id=11440, stack(0x0000004fb5b00000,0x0000004fb5c00000)]
  0x0000020d5f02cfb0 JavaThread "Unconstrained build operations Thread 53" [_thread_blocked, id=16636, stack(0x0000004fb5c00000,0x0000004fb5d00000)]
  0x0000020d5f02dee0 JavaThread "Unconstrained build operations Thread 54" [_thread_blocked, id=4360, stack(0x0000004fb5d00000,0x0000004fb5e00000)]
  0x0000020d5f02b660 JavaThread "Unconstrained build operations Thread 55" [_thread_blocked, id=2732, stack(0x0000004fb5e00000,0x0000004fb5f00000)]
  0x0000020d5ba07ba0 JavaThread "Unconstrained build operations Thread 56" [_thread_blocked, id=2948, stack(0x0000004fb5f00000,0x0000004fb6000000)]
  0x0000020d5ba04e10 JavaThread "Unconstrained build operations Thread 57" [_thread_blocked, id=8244, stack(0x0000004fb6000000,0x0000004fb6100000)]
  0x0000020d5ba05320 JavaThread "Unconstrained build operations Thread 58" [_thread_blocked, id=9704, stack(0x0000004fb6100000,0x0000004fb6200000)]
  0x0000020d5ba043f0 JavaThread "build event listener" [_thread_blocked, id=11092, stack(0x0000004fb6200000,0x0000004fb6300000)]
  0x0000020d5ba06760 JavaThread "build event listener" [_thread_blocked, id=4632, stack(0x0000004fb6300000,0x0000004fb6400000)]
  0x0000020d5ba05830 JavaThread "pool-18-thread-1" [_thread_blocked, id=18036, stack(0x0000004fb6500000,0x0000004fb6600000)]
  0x0000020d5ba05d40 JavaThread "build event listener" [_thread_blocked, id=3380, stack(0x0000004fb6600000,0x0000004fb6700000)]
  0x0000020d5ba09a00 JavaThread "included builds" [_thread_blocked, id=17076, stack(0x0000004fb6700000,0x0000004fb6800000)]
  0x0000020d5ba06250 JavaThread "Execution worker" [_thread_blocked, id=15192, stack(0x0000004fb6800000,0x0000004fb6900000)]
  0x0000020d5ba0a420 JavaThread "Execution worker Thread 2" [_thread_blocked, id=2780, stack(0x0000004fb6900000,0x0000004fb6a00000)]
  0x0000020d5ba09f10 JavaThread "Execution worker Thread 3" [_thread_blocked, id=16904, stack(0x0000004fb6a00000,0x0000004fb6b00000)]
  0x0000020d5ba0b350 JavaThread "Execution worker Thread 4" [_thread_blocked, id=8424, stack(0x0000004fb6b00000,0x0000004fb6c00000)]
  0x0000020d5ba0bd70 JavaThread "Execution worker Thread 5" [_thread_blocked, id=16984, stack(0x0000004fb7000000,0x0000004fb7100000)]
  0x0000020d5ba0a930 JavaThread "Execution worker Thread 6" [_thread_blocked, id=5752, stack(0x0000004fb7100000,0x0000004fb7200000)]
  0x0000020d5ba0ae40 JavaThread "Execution worker Thread 7" [_thread_blocked, id=15040, stack(0x0000004fb7200000,0x0000004fb7300000)]
  0x0000020d5e029720 JavaThread "Execution worker Thread 8" [_thread_blocked, id=14972, stack(0x0000004fb7300000,0x0000004fb7400000)]
  0x0000020d5e026ea0 JavaThread "Execution worker Thread 9" [_thread_blocked, id=2004, stack(0x0000004fb7400000,0x0000004fb7500000)]
  0x0000020d5e029210 JavaThread "Execution worker Thread 10" [_thread_blocked, id=13064, stack(0x0000004fb7500000,0x0000004fb7600000)]
  0x0000020d5e026990 JavaThread "Execution worker Thread 11" [_thread_blocked, id=17980, stack(0x0000004fb7600000,0x0000004fb7700000)]
  0x0000020d5e029c30 JavaThread "Cache worker for execution history cache (C:\Users\ravip\AndroidStudioProjects\PoliceMobileDirectory\.gradle\8.13\executionHistory)" [_thread_blocked, id=17976, stack(0x0000004fb7700000,0x0000004fb7800000)]
  0x0000020d5e02ab60 JavaThread "Unconstrained build operations Thread 59" [_thread_blocked, id=17708, stack(0x0000004fb7800000,0x0000004fb7900000)]
  0x0000020d5e0287f0 JavaThread "Unconstrained build operations Thread 60" [_thread_blocked, id=5832, stack(0x0000004fb7900000,0x0000004fb7a00000)]
  0x0000020d5e02a650 JavaThread "Unconstrained build operations Thread 61" [_thread_blocked, id=17648, stack(0x0000004fb7a00000,0x0000004fb7b00000)]
  0x0000020d5e0273b0 JavaThread "Unconstrained build operations Thread 62" [_thread_blocked, id=15744, stack(0x0000004fb7b00000,0x0000004fb7c00000)]
  0x0000020d5e0282e0 JavaThread "Unconstrained build operations Thread 63" [_thread_blocked, id=15380, stack(0x0000004fb7c00000,0x0000004fb7d00000)]
  0x0000020d5e02b070 JavaThread "Unconstrained build operations Thread 64" [_thread_blocked, id=17784, stack(0x0000004fb7d00000,0x0000004fb7e00000)]
  0x0000020d5e0278c0 JavaThread "Unconstrained build operations Thread 65" [_thread_blocked, id=3248, stack(0x0000004fb7e00000,0x0000004fb7f00000)]
  0x0000020d5e02ba90 JavaThread "Unconstrained build operations Thread 66" [_thread_blocked, id=17396, stack(0x0000004fb7f00000,0x0000004fb8000000)]
  0x0000020d5e02de00 JavaThread "Unconstrained build operations Thread 67" [_thread_blocked, id=16004, stack(0x0000004fb8000000,0x0000004fb8100000)]
  0x0000020d5e02bfa0 JavaThread "Unconstrained build operations Thread 68" [_thread_blocked, id=12076, stack(0x0000004fb8100000,0x0000004fb8200000)]
  0x0000020d5e02c4b0 JavaThread "Unconstrained build operations Thread 69" [_thread_blocked, id=3484, stack(0x0000004fb8200000,0x0000004fb8300000)]
  0x0000020d5e02ced0 JavaThread "WorkerExecutor Queue" [_thread_blocked, id=17240, stack(0x0000004fb8300000,0x0000004fb8400000)]
  0x0000020d5b8b4a80 JavaThread "Unconstrained build operations Thread 70" [_thread_blocked, id=13936, stack(0x0000004fb8400000,0x0000004fb8500000)]
  0x0000020d5b8b5ec0 JavaThread "Unconstrained build operations Thread 71" [_thread_blocked, id=16544, stack(0x0000004fb8500000,0x0000004fb8600000)]
  0x0000020d5b8b7810 JavaThread "Unconstrained build operations Thread 72" [_thread_blocked, id=16944, stack(0x0000004fb8600000,0x0000004fb8700000)]
  0x0000020d5b8b68e0 JavaThread "Unconstrained build operations Thread 73" [_thread_blocked, id=12392, stack(0x0000004fb8700000,0x0000004fb8800000)]
  0x0000020d5b8b7300 JavaThread "Unconstrained build operations Thread 74" [_thread_blocked, id=3040, stack(0x0000004fb8800000,0x0000004fb8900000)]
  0x0000020d5b8b4060 JavaThread "Unconstrained build operations Thread 75" [_thread_blocked, id=15840, stack(0x0000004fb8900000,0x0000004fb8a00000)]
  0x0000020d5b8b7d20 JavaThread "Unconstrained build operations Thread 76" [_thread_blocked, id=15832, stack(0x0000004fb8a00000,0x0000004fb8b00000)]
  0x0000020d5b8b8c50 JavaThread "Unconstrained build operations Thread 77" [_thread_blocked, id=15684, stack(0x0000004fb8b00000,0x0000004fb8c00000)]
  0x0000020d5b8b9b80 JavaThread "Unconstrained build operations Thread 78" [_thread_blocked, id=10020, stack(0x0000004fb8c00000,0x0000004fb8d00000)]
  0x0000020d5b8b8230 JavaThread "Unconstrained build operations Thread 79" [_thread_blocked, id=14392, stack(0x0000004fb8d00000,0x0000004fb8e00000)]
  0x0000020d5b8bafc0 JavaThread "Unconstrained build operations Thread 80" [_thread_blocked, id=5276, stack(0x0000004fb8e00000,0x0000004fb8f00000)]
  0x0000020d5b8b54a0 JavaThread "Unconstrained build operations Thread 81" [_thread_blocked, id=7968, stack(0x0000004fb8f00000,0x0000004fb9000000)]
  0x0000020d5b8b9160 JavaThread "Unconstrained build operations Thread 82" [_thread_blocked, id=15848, stack(0x0000004fb9000000,0x0000004fb9100000)]
  0x0000020d5b8b9670 JavaThread "Unconstrained build operations Thread 83" [_thread_blocked, id=14724, stack(0x0000004fb9100000,0x0000004fb9200000)]
  0x0000020d5b8ba5a0 JavaThread "Unconstrained build operations Thread 84" [_thread_blocked, id=388, stack(0x0000004fb9200000,0x0000004fb9300000)]
  0x0000020d5b8ba090 JavaThread "Unconstrained build operations Thread 85" [_thread_blocked, id=15220, stack(0x0000004fb9300000,0x0000004fb9400000)]
  0x0000020d5b8baab0 JavaThread "Unconstrained build operations Thread 86" [_thread_blocked, id=9608, stack(0x0000004fb9400000,0x0000004fb9500000)]
  0x0000020d5b8bb4d0 JavaThread "Unconstrained build operations Thread 87" [_thread_blocked, id=3668, stack(0x0000004fb9500000,0x0000004fb9600000)]
  0x0000020d5b8bb9e0 JavaThread "Unconstrained build operations Thread 88" [_thread_blocked, id=15116, stack(0x0000004fb9600000,0x0000004fb9700000)]
  0x0000020d5a839800 JavaThread "Unconstrained build operations Thread 89" [_thread_blocked, id=13736, stack(0x0000004fb9700000,0x0000004fb9800000)]
  0x0000020d5a836a70 JavaThread "Unconstrained build operations Thread 90" [_thread_blocked, id=12036, stack(0x0000004fb9800000,0x0000004fb9900000)]
  0x0000020d5a8383c0 JavaThread "Unconstrained build operations Thread 91" [_thread_blocked, id=9100, stack(0x0000004fb9900000,0x0000004fb9a00000)]
  0x0000020d5a837490 JavaThread "Unconstrained build operations Thread 92" [_thread_blocked, id=12832, stack(0x0000004fb9a00000,0x0000004fb9b00000)]
  0x0000020d5a8379a0 JavaThread "Unconstrained build operations Thread 93" [_thread_blocked, id=17348, stack(0x0000004fb9b00000,0x0000004fb9c00000)]
  0x0000020d5a837eb0 JavaThread "Unconstrained build operations Thread 94" [_thread_blocked, id=5416, stack(0x0000004fb9c00000,0x0000004fb9d00000)]
  0x0000020d5a838de0 JavaThread "Unconstrained build operations Thread 95" [_thread_blocked, id=15720, stack(0x0000004fb9d00000,0x0000004fb9e00000)]
  0x0000020d5a836f80 JavaThread "Unconstrained build operations Thread 96" [_thread_blocked, id=17288, stack(0x0000004fb9e00000,0x0000004fb9f00000)]
  0x0000020d5a83ac40 JavaThread "Unconstrained build operations Thread 97" [_thread_blocked, id=12992, stack(0x0000004fb9f00000,0x0000004fba000000)]
  0x0000020d5a83bb70 JavaThread "Unconstrained build operations Thread 98" [_thread_blocked, id=17696, stack(0x0000004fba000000,0x0000004fba100000)]
  0x0000020d5a8392f0 JavaThread "Unconstrained build operations Thread 99" [_thread_blocked, id=13664, stack(0x0000004fba100000,0x0000004fba200000)]
  0x0000020d5a83d9d0 JavaThread "Unconstrained build operations Thread 100" [_thread_blocked, id=11604, stack(0x0000004fba200000,0x0000004fba300000)]
  0x0000020d5a6c86c0 JavaThread "Unconstrained build operations Thread 101" [_thread_blocked, id=12672, stack(0x0000004fba300000,0x0000004fba400000)]
  0x0000020d5a6c90e0 JavaThread "Unconstrained build operations Thread 102" [_thread_blocked, id=9844, stack(0x0000004fba400000,0x0000004fba500000)]
  0x0000020d5a6c81b0 JavaThread "Unconstrained build operations Thread 103" [_thread_blocked, id=9700, stack(0x0000004fba500000,0x0000004fba600000)]
  0x0000020d5a6ca010 JavaThread "Unconstrained build operations Thread 104" [_thread_blocked, id=1800, stack(0x0000004fba600000,0x0000004fba700000)]
  0x0000020d5a6ca520 JavaThread "Unconstrained build operations Thread 105" [_thread_blocked, id=5592, stack(0x0000004fba700000,0x0000004fba800000)]
  0x0000020d5a6c7280 JavaThread "Unconstrained build operations Thread 106" [_thread_blocked, id=17856, stack(0x0000004fba800000,0x0000004fba900000)]
  0x0000020d5a6c6d70 JavaThread "Unconstrained build operations Thread 107" [_thread_blocked, id=1744, stack(0x0000004fba900000,0x0000004fbaa00000)]
  0x0000020d5a6ce1e0 JavaThread "Unconstrained build operations Thread 108" [_thread_blocked, id=8684, stack(0x0000004fbaa00000,0x0000004fbab00000)]
  0x0000020d5a6caa30 JavaThread "Unconstrained build operations Thread 109" [_thread_blocked, id=8804, stack(0x0000004fbab00000,0x0000004fbac00000)]
  0x0000020d5a6caf40 JavaThread "Unconstrained build operations Thread 110" [_thread_blocked, id=7560, stack(0x0000004fbac00000,0x0000004fbad00000)]
  0x0000020d5e9c1820 JavaThread "Unconstrained build operations Thread 111" [_thread_blocked, id=16932, stack(0x0000004fbad00000,0x0000004fbae00000)]
  0x0000020d5e9bf9c0 JavaThread "Unconstrained build operations Thread 112" [_thread_blocked, id=17312, stack(0x0000004fbae00000,0x0000004fbaf00000)]
  0x0000020d5e9be070 JavaThread "Unconstrained build operations Thread 113" [_thread_blocked, id=17072, stack(0x0000004fbaf00000,0x0000004fbb000000)]
  0x0000020d5e9be580 JavaThread "Unconstrained build operations Thread 114" [_thread_blocked, id=16780, stack(0x0000004fbb000000,0x0000004fbb100000)]
  0x0000020d5e9c03e0 JavaThread "Unconstrained build operations Thread 115" [_thread_blocked, id=12084, stack(0x0000004fbb100000,0x0000004fbb200000)]
  0x0000020d5e9bea90 JavaThread "Unconstrained build operations Thread 116" [_thread_blocked, id=12364, stack(0x0000004fbb200000,0x0000004fbb300000)]
  0x0000020d5e9befa0 JavaThread "Unconstrained build operations Thread 117" [_thread_blocked, id=1068, stack(0x0000004fbb300000,0x0000004fbb400000)]
  0x0000020d5e9c08f0 JavaThread "Unconstrained build operations Thread 118" [_thread_blocked, id=7080, stack(0x0000004fbb400000,0x0000004fbb500000)]
  0x0000020d5e9c0e00 JavaThread "Unconstrained build operations Thread 119" [_thread_blocked, id=4552, stack(0x0000004fbb500000,0x0000004fbb600000)]
  0x0000020d5e9bf4b0 JavaThread "Unconstrained build operations Thread 120" [_thread_blocked, id=8004, stack(0x0000004fbb600000,0x0000004fbb700000)]
  0x0000020d5d5a3d40 JavaThread "WorkerExecutor Queue Thread 3" [_thread_blocked, id=7024, stack(0x0000004fbb700000,0x0000004fbb800000)]
  0x0000020d5d5a7f10 JavaThread "WorkerExecutor Queue Thread 4" [_thread_blocked, id=18124, stack(0x0000004fbb900000,0x0000004fbba00000)]
  0x0000020d5d5aa790 JavaThread "WorkerExecutor Queue Thread 5" [_thread_blocked, id=18092, stack(0x0000004fbba00000,0x0000004fbbb00000)]
  0x0000020d5d5a8930 JavaThread "WorkerExecutor Queue Thread 6" [_thread_blocked, id=18096, stack(0x0000004fbbb00000,0x0000004fbbc00000)]
  0x0000020d5d5a7a00 JavaThread "WorkerExecutor Queue Thread 8" [_thread_blocked, id=18132, stack(0x0000004fbbd00000,0x0000004fbbe00000)]
  0x0000020d5d5a9350 JavaThread "WorkerExecutor Queue Thread 9" [_thread_blocked, id=18208, stack(0x0000004fbbe00000,0x0000004fbbf00000)]
  0x0000020d57cd0830 JavaThread "WorkerExecutor Queue Thread 10" [_thread_blocked, id=15032, stack(0x0000004fbbf00000,0x0000004fbc000000)]
  0x0000020d57cd1250 JavaThread "WorkerExecutor Queue Thread 11" [_thread_blocked, id=6644, stack(0x0000004fbc000000,0x0000004fbc100000)]
  0x0000020d57ccf900 JavaThread "WorkerExecutor Queue Thread 12" [_thread_blocked, id=11708, stack(0x0000004fbc100000,0x0000004fbc200000)]
  0x0000020d57cd2180 JavaThread "WorkerExecutor Queue Thread 13" [_thread_blocked, id=17776, stack(0x0000004fbc200000,0x0000004fbc300000)]
  0x0000020d57ccfe10 JavaThread "RMI Scheduler(0)" daemon [_thread_blocked, id=13252, stack(0x0000004fbb800000,0x0000004fbb900000)]
  0x0000020d57cd1760 JavaThread "RMI GC Daemon" daemon [_thread_blocked, id=5020, stack(0x0000004fbc500000,0x0000004fbc600000)]
  0x0000020d5859c5e0 JavaThread "RMI TCP Accept-0" daemon [_thread_in_native, id=6864, stack(0x0000004fbc600000,0x0000004fbc700000)]
  0x0000020d5859e440 JavaThread "RMI Reaper" [_thread_blocked, id=14536, stack(0x0000004fbc700000,0x0000004fbc800000)]
  0x0000020d640c7930 JavaThread "WorkerExecutor Queue Thread 14" [_thread_blocked, id=4100, stack(0x0000004fb2600000,0x0000004fb2700000)]
  0x0000020d5ba080b0 JavaThread "RMI TCP Connection(idle)" daemon [_thread_blocked, id=10532, stack(0x0000004fb1b00000,0x0000004fb1c00000)]
  0x0000020d5d5a8420 JavaThread "Cache worker for Java compile cache (C:\Users\ravip\.gradle\caches\8.13\javaCompile)" [_thread_blocked, id=17516, stack(0x0000004fb6c00000,0x0000004fb6d00000)]
  0x0000020d6478a170 JavaThread "Build operations" [_thread_blocked, id=2184, stack(0x0000004fb6400000,0x0000004fb6500000)]
  0x0000020d6478b0a0 JavaThread "Build operations Thread 2" [_thread_blocked, id=13884, stack(0x0000004fbbc00000,0x0000004fbbd00000)]
  0x0000020d64789c60 JavaThread "Build operations Thread 3" [_thread_blocked, id=14980, stack(0x0000004fbc800000,0x0000004fbc900000)]
  0x0000020d6478a680 JavaThread "Build operations Thread 4" [_thread_blocked, id=1972, stack(0x0000004fbc900000,0x0000004fbca00000)]
  0x0000020d64788d30 JavaThread "Build operations Thread 5" [_thread_blocked, id=10828, stack(0x0000004fbca00000,0x0000004fbcb00000)]
  0x0000020d6478cf00 JavaThread "Build operations Thread 6" [_thread_blocked, id=16016, stack(0x0000004fbcb00000,0x0000004fbcc00000)]
  0x0000020d6478e340 JavaThread "Build operations Thread 7" [_thread_blocked, id=1676, stack(0x0000004fbcc00000,0x0000004fbcd00000)]
  0x0000020d6478bfd0 JavaThread "Build operations Thread 8" [_thread_blocked, id=15972, stack(0x0000004fbcd00000,0x0000004fbce00000)]
  0x0000020d6478b5b0 JavaThread "Build operations Thread 9" [_thread_blocked, id=2644, stack(0x0000004fbce00000,0x0000004fbcf00000)]
  0x0000020d6478c9f0 JavaThread "Build operations Thread 10" [_thread_blocked, id=17928, stack(0x0000004fbcf00000,0x0000004fbd000000)]
  0x0000020d6478bac0 JavaThread "Build operations Thread 11" [_thread_blocked, id=16740, stack(0x0000004fbd000000,0x0000004fbd100000)]
  0x0000020d64794370 JavaThread "Build operations Thread 12" [_thread_blocked, id=14344, stack(0x0000004fbd100000,0x0000004fbd200000)]
  0x0000020d64794880 JavaThread "RMI TCP Connection(idle)" daemon [_thread_blocked, id=17424, stack(0x0000004fbd800000,0x0000004fbd900000)]
  0x0000020d647957b0 JavaThread "RMI TCP Connection(idle)" daemon [_thread_blocked, id=16128, stack(0x0000004fbd300000,0x0000004fbd400000)]
  0x0000020d64795cc0 JavaThread "RMI TCP Connection(idle)" daemon [_thread_blocked, id=11320, stack(0x0000004fbdc00000,0x0000004fbdd00000)]
  0x0000020d5f81d250 JavaThread "C2 CompilerThread1" daemon [_thread_blocked, id=10128, stack(0x0000004fb6e00000,0x0000004fb6f00000)]
  0x0000020d5f81fcd0 JavaThread "C2 CompilerThread2" daemon [_thread_blocked, id=17808, stack(0x0000004fbd200000,0x0000004fbd300000)]

Other Threads:
=>0x0000020d7ff37d80 VMThread "VM Thread" [stack: 0x0000004fae000000,0x0000004fae100000] [id=3372]
  0x0000020d1d591580 WatcherThread [stack: 0x0000004faec00000,0x0000004faed00000] [id=9180]
  0x0000020d77fe83e0 GCTaskThread "GC Thread#0" [stack: 0x0000004fadb00000,0x0000004fadc00000] [id=5880]
  0x0000020d1d6d7280 GCTaskThread "GC Thread#1" [stack: 0x0000004faef00000,0x0000004faf000000] [id=9184]
  0x0000020d1d7f63a0 GCTaskThread "GC Thread#2" [stack: 0x0000004faf000000,0x0000004faf100000] [id=13628]
  0x0000020d1d7f6670 GCTaskThread "GC Thread#3" [stack: 0x0000004faf100000,0x0000004faf200000] [id=9592]
  0x0000020d1daa0eb0 GCTaskThread "GC Thread#4" [stack: 0x0000004faf200000,0x0000004faf300000] [id=14068]
  0x0000020d1daa0910 GCTaskThread "GC Thread#5" [stack: 0x0000004faf300000,0x0000004faf400000] [id=3868]
  0x0000020d1daa0370 GCTaskThread "GC Thread#6" [stack: 0x0000004faf400000,0x0000004faf500000] [id=2636]
  0x0000020d1da9fdd0 GCTaskThread "GC Thread#7" [stack: 0x0000004fb0400000,0x0000004fb0500000] [id=8952]
  0x0000020d5a6d8400 GCTaskThread "GC Thread#8" [stack: 0x0000004fb0500000,0x0000004fb0600000] [id=10284]
  0x0000020d5a6d9210 GCTaskThread "GC Thread#9" [stack: 0x0000004fb0600000,0x0000004fb0700000] [id=8748]
  0x0000020d77ff9250 ConcurrentGCThread "G1 Main Marker" [stack: 0x0000004fadc00000,0x0000004fadd00000] [id=12588]
  0x0000020d77ffb860 ConcurrentGCThread "G1 Conc#0" [stack: 0x0000004fadd00000,0x0000004fade00000] [id=11696]
  0x0000020d5a6dab60 ConcurrentGCThread "G1 Conc#1" [stack: 0x0000004fb0700000,0x0000004fb0800000] [id=9176]
  0x0000020d5a6d94e0 ConcurrentGCThread "G1 Conc#2" [stack: 0x0000004fb0800000,0x0000004fb0900000] [id=4180]
  0x0000020d7802d990 ConcurrentGCThread "G1 Refine#0" [stack: 0x0000004fade00000,0x0000004fadf00000] [id=7464]
  0x0000020d5a26d900 ConcurrentGCThread "G1 Refine#1" [stack: 0x0000004fb0d00000,0x0000004fb0e00000] [id=9564]
  0x0000020d1da53e70 ConcurrentGCThread "G1 Refine#2" [stack: 0x0000004fb1700000,0x0000004fb1800000] [id=2956]
  0x0000020d5dbf08f0 ConcurrentGCThread "G1 Refine#3" [stack: 0x0000004fb1800000,0x0000004fb1900000] [id=10040]
  0x0000020d1da52560 ConcurrentGCThread "G1 Refine#4" [stack: 0x0000004fb1900000,0x0000004fb1a00000] [id=16204]
  0x0000020d5dbf05f0 ConcurrentGCThread "G1 Refine#5" [stack: 0x0000004fbc300000,0x0000004fbc400000] [id=5604]
  0x0000020d1da90320 ConcurrentGCThread "G1 Refine#6" [stack: 0x0000004fbc400000,0x0000004fbc500000] [id=2936]
  0x0000020d7802e580 ConcurrentGCThread "G1 Service" [stack: 0x0000004fadf00000,0x0000004fae000000] [id=13460]

Threads with active compile tasks:
C2 CompilerThread0  1727428 44292 %     4       com.android.tools.r8.internal.l32::a @ 196 (2024 bytes)
C1 CompilerThread0  1727428 44316       3       com.android.tools.r8.internal.oh2$$Lambda$8097/0x0000020d20d86c50::accept (20 bytes)
C2 CompilerThread1  1727428 44168 %     4       com.android.tools.r8.internal.gt::a @ 5202 (7028 bytes)
C2 CompilerThread2  1727428 44301       4       com.android.tools.r8.internal.fn::a (350 bytes)

VM state: at safepoint (normal execution)

VM Mutex/Monitor currently owned by a thread:  ([mutex/lock_event])
[0x0000020d77f74f90] Threads_lock - owner thread: 0x0000020d7ff37d80
[0x0000020d77f759b0] Heap_lock - owner thread: 0x0000020d5e02ced0

Heap address: 0x0000000700000000, size: 4096 MB, Compressed Oops mode: Zero based, Oop shift amount: 3

CDS archive(s) mapped at: [0x0000020d1e000000-0x0000020d1ebb0000-0x0000020d1ebb0000), size 12255232, SharedBaseAddress: 0x0000020d1e000000, ArchiveRelocationMode: 1.
Compressed class space mapped at: 0x0000020d1f000000-0x0000020d53000000, reserved size: 872415232
Narrow klass base: 0x0000020d1e000000, Narrow klass shift: 0, Narrow klass range: 0x100000000

GC Precious Log:
 CPUs: 12 total, 12 available
 Memory: 15975M
 Large Page Support: Disabled
 NUMA Support: Disabled
 Compressed Oops: Enabled (Zero based)
 Heap Region Size: 2M
 Heap Min Capacity: 8M
 Heap Initial Capacity: 250M
 Heap Max Capacity: 4G
 Pre-touch: Disabled
 Parallel Workers: 10
 Concurrent Workers: 3
 Concurrent Refinement Workers: 10
 Periodic GC: Disabled

Heap:
 garbage-first heap   total 1406976K, used 505768K [0x0000000700000000, 0x0000000800000000)
  region size 2048K, 11 young (22528K), 11 survivors (22528K)
 Metaspace       used 220239K, committed 222208K, reserved 1048576K
  class space    used 29228K, committed 30208K, reserved 851968K

Heap Regions: E=young(eden), S=young(survivor), O=old, HS=humongous(starts), HC=humongous(continues), CS=collection set, F=free, OA=open archive, CA=closed archive, TAMS=top-at-mark-start (previous, next)
|   0|0x0000000700000000, 0x0000000700200000, 0x0000000700200000|100%|HS|  |TAMS 0x0000000700200000, 0x0000000700000000| Complete 
|   1|0x0000000700200000, 0x0000000700400000, 0x0000000700400000|100%|HC|  |TAMS 0x0000000700400000, 0x0000000700200000| Complete 
|   2|0x0000000700400000, 0x0000000700600000, 0x0000000700600000|100%| O|  |TAMS 0x0000000700600000, 0x0000000700400000| Untracked 
|   3|0x0000000700600000, 0x0000000700800000, 0x0000000700800000|100%| O|  |TAMS 0x0000000700800000, 0x0000000700600000| Untracked 
|   4|0x0000000700800000, 0x0000000700a00000, 0x0000000700a00000|100%| O|  |TAMS 0x0000000700a00000, 0x0000000700800000| Untracked 
|   5|0x0000000700a00000, 0x0000000700c00000, 0x0000000700c00000|100%| O|  |TAMS 0x0000000700c00000, 0x0000000700a00000| Untracked 
|   6|0x0000000700c00000, 0x0000000700e00000, 0x0000000700e00000|100%| O|  |TAMS 0x0000000700e00000, 0x0000000700c00000| Untracked 
|   7|0x0000000700e00000, 0x0000000701000000, 0x0000000701000000|100%| O|  |TAMS 0x0000000701000000, 0x0000000700e00000| Untracked 
|   8|0x0000000701000000, 0x0000000701200000, 0x0000000701200000|100%| O|  |TAMS 0x0000000701200000, 0x0000000701000000| Untracked 
|   9|0x0000000701200000, 0x0000000701400000, 0x0000000701400000|100%| O|  |TAMS 0x0000000701400000, 0x0000000701200000| Untracked 
|  10|0x0000000701400000, 0x0000000701600000, 0x0000000701600000|100%| O|  |TAMS 0x0000000701600000, 0x0000000701400000| Untracked 
|  11|0x0000000701600000, 0x0000000701800000, 0x0000000701800000|100%| O|  |TAMS 0x0000000701800000, 0x0000000701600000| Untracked 
|  12|0x0000000701800000, 0x0000000701a00000, 0x0000000701a00000|100%| O|  |TAMS 0x0000000701a00000, 0x0000000701800000| Untracked 
|  13|0x0000000701a00000, 0x0000000701c00000, 0x0000000701c00000|100%| O|  |TAMS 0x0000000701c00000, 0x0000000701a00000| Untracked 
|  14|0x0000000701c00000, 0x0000000701e00000, 0x0000000701e00000|100%| O|  |TAMS 0x0000000701e00000, 0x0000000701c00000| Untracked 
|  15|0x0000000701e00000, 0x0000000702000000, 0x0000000702000000|100%| O|  |TAMS 0x0000000702000000, 0x0000000701e00000| Untracked 
|  16|0x0000000702000000, 0x0000000702200000, 0x0000000702200000|100%| O|  |TAMS 0x0000000702200000, 0x0000000702000000| Untracked 
|  17|0x0000000702200000, 0x0000000702400000, 0x0000000702400000|100%| O|  |TAMS 0x0000000702400000, 0x0000000702200000| Untracked 
|  18|0x0000000702400000, 0x0000000702600000, 0x0000000702600000|100%| O|  |TAMS 0x0000000702600000, 0x0000000702400000| Untracked 
|  19|0x0000000702600000, 0x0000000702800000, 0x0000000702800000|100%| O|  |TAMS 0x0000000702800000, 0x0000000702600000| Untracked 
|  20|0x0000000702800000, 0x0000000702a00000, 0x0000000702a00000|100%| O|  |TAMS 0x0000000702a00000, 0x0000000702800000| Untracked 
|  21|0x0000000702a00000, 0x0000000702c00000, 0x0000000702c00000|100%|HS|  |TAMS 0x0000000702c00000, 0x0000000702a00000| Complete 
|  22|0x0000000702c00000, 0x0000000702e00000, 0x0000000702e00000|100%| O|  |TAMS 0x0000000702e00000, 0x0000000702c00000| Untracked 
|  23|0x0000000702e00000, 0x0000000703000000, 0x0000000703000000|100%|HS|  |TAMS 0x0000000703000000, 0x0000000702e00000| Complete 
|  24|0x0000000703000000, 0x0000000703200000, 0x0000000703200000|100%|HS|  |TAMS 0x0000000703200000, 0x0000000703000000| Complete 
|  25|0x0000000703200000, 0x0000000703400000, 0x0000000703400000|100%|HC|  |TAMS 0x0000000703400000, 0x0000000703200000| Complete 
|  26|0x0000000703400000, 0x0000000703600000, 0x0000000703600000|100%|HS|  |TAMS 0x0000000703600000, 0x0000000703400000| Complete 
|  27|0x0000000703600000, 0x0000000703800000, 0x0000000703800000|100%| O|  |TAMS 0x0000000703800000, 0x0000000703600000| Untracked 
|  28|0x0000000703800000, 0x0000000703a00000, 0x0000000703a00000|100%| O|  |TAMS 0x0000000703a00000, 0x0000000703800000| Untracked 
|  29|0x0000000703a00000, 0x0000000703c00000, 0x0000000703c00000|100%|HS|  |TAMS 0x0000000703c00000, 0x0000000703a00000| Complete 
|  30|0x0000000703c00000, 0x0000000703e00000, 0x0000000703e00000|100%| O|  |TAMS 0x0000000703e00000, 0x0000000703c00000| Untracked 
|  31|0x0000000703e00000, 0x0000000704000000, 0x0000000704000000|100%|HS|  |TAMS 0x0000000704000000, 0x0000000703e00000| Complete 
|  32|0x0000000704000000, 0x0000000704200000, 0x0000000704200000|100%| O|  |TAMS 0x0000000704200000, 0x0000000704000000| Untracked 
|  33|0x0000000704200000, 0x0000000704400000, 0x0000000704400000|100%| O|  |TAMS 0x0000000704400000, 0x0000000704200000| Untracked 
|  34|0x0000000704400000, 0x0000000704600000, 0x0000000704600000|100%| O|  |TAMS 0x0000000704600000, 0x0000000704400000| Untracked 
|  35|0x0000000704600000, 0x0000000704800000, 0x0000000704800000|100%| O|  |TAMS 0x0000000704800000, 0x0000000704600000| Untracked 
|  36|0x0000000704800000, 0x0000000704a00000, 0x0000000704a00000|100%| O|  |TAMS 0x0000000704a00000, 0x0000000704800000| Untracked 
|  37|0x0000000704a00000, 0x0000000704c00000, 0x0000000704c00000|100%| O|  |TAMS 0x0000000704c00000, 0x0000000704a00000| Untracked 
|  38|0x0000000704c00000, 0x0000000704e00000, 0x0000000704e00000|100%| O|  |TAMS 0x0000000704e00000, 0x0000000704c00000| Untracked 
|  39|0x0000000704e00000, 0x0000000705000000, 0x0000000705000000|100%| O|  |TAMS 0x0000000705000000, 0x0000000704e00000| Untracked 
|  40|0x0000000705000000, 0x0000000705200000, 0x0000000705200000|100%| O|  |TAMS 0x0000000705200000, 0x0000000705000000| Untracked 
|  41|0x0000000705200000, 0x0000000705400000, 0x0000000705400000|100%| O|  |TAMS 0x0000000705400000, 0x0000000705200000| Untracked 
|  42|0x0000000705400000, 0x0000000705600000, 0x0000000705600000|100%|HS|  |TAMS 0x0000000705600000, 0x0000000705400000| Complete 
|  43|0x0000000705600000, 0x0000000705800000, 0x0000000705800000|100%|HC|  |TAMS 0x0000000705800000, 0x0000000705600000| Complete 
|  44|0x0000000705800000, 0x0000000705a00000, 0x0000000705a00000|100%| O|  |TAMS 0x0000000705a00000, 0x0000000705800000| Untracked 
|  45|0x0000000705a00000, 0x0000000705c00000, 0x0000000705c00000|100%| O|  |TAMS 0x0000000705c00000, 0x0000000705a00000| Untracked 
|  46|0x0000000705c00000, 0x0000000705e00000, 0x0000000705e00000|100%| O|  |TAMS 0x0000000705e00000, 0x0000000705c00000| Untracked 
|  47|0x0000000705e00000, 0x0000000706000000, 0x0000000706000000|100%| O|  |TAMS 0x0000000706000000, 0x0000000705e00000| Untracked 
|  48|0x0000000706000000, 0x0000000706200000, 0x0000000706200000|100%| O|  |TAMS 0x0000000706200000, 0x0000000706000000| Untracked 
|  49|0x0000000706200000, 0x0000000706400000, 0x0000000706400000|100%| O|  |TAMS 0x0000000706400000, 0x0000000706200000| Untracked 
|  50|0x0000000706400000, 0x0000000706600000, 0x0000000706600000|100%| O|  |TAMS 0x0000000706600000, 0x0000000706400000| Untracked 
|  51|0x0000000706600000, 0x0000000706800000, 0x0000000706800000|100%| O|  |TAMS 0x0000000706800000, 0x0000000706600000| Untracked 
|  52|0x0000000706800000, 0x0000000706a00000, 0x0000000706a00000|100%|HS|  |TAMS 0x0000000706a00000, 0x0000000706800000| Complete 
|  53|0x0000000706a00000, 0x0000000706c00000, 0x0000000706c00000|100%| O|  |TAMS 0x0000000706c00000, 0x0000000706a00000| Untracked 
|  54|0x0000000706c00000, 0x0000000706e00000, 0x0000000706e00000|100%| O|  |TAMS 0x0000000706e00000, 0x0000000706c00000| Untracked 
|  55|0x0000000706e00000, 0x0000000707000000, 0x0000000707000000|100%| O|  |TAMS 0x0000000707000000, 0x0000000706e00000| Untracked 
|  56|0x0000000707000000, 0x0000000707200000, 0x0000000707200000|100%| O|  |TAMS 0x0000000707200000, 0x0000000707000000| Untracked 
|  57|0x0000000707200000, 0x0000000707400000, 0x0000000707400000|100%| O|  |TAMS 0x0000000707400000, 0x0000000707200000| Untracked 
|  58|0x0000000707400000, 0x0000000707600000, 0x0000000707600000|100%|HS|  |TAMS 0x0000000707600000, 0x0000000707400000| Complete 
|  59|0x0000000707600000, 0x0000000707800000, 0x0000000707800000|100%| O|  |TAMS 0x0000000707800000, 0x0000000707600000| Untracked 
|  60|0x0000000707800000, 0x0000000707a00000, 0x0000000707a00000|100%| O|  |TAMS 0x0000000707a00000, 0x0000000707800000| Untracked 
|  61|0x0000000707a00000, 0x0000000707c00000, 0x0000000707c00000|100%| O|  |TAMS 0x0000000707c00000, 0x0000000707a00000| Untracked 
|  62|0x0000000707c00000, 0x0000000707e00000, 0x0000000707e00000|100%| O|  |TAMS 0x0000000707e00000, 0x0000000707c00000| Untracked 
|  63|0x0000000707e00000, 0x0000000708000000, 0x0000000708000000|100%| O|  |TAMS 0x0000000708000000, 0x0000000707e00000| Untracked 
|  64|0x0000000708000000, 0x0000000708200000, 0x0000000708200000|100%| O|  |TAMS 0x0000000708200000, 0x0000000708000000| Untracked 
|  65|0x0000000708200000, 0x0000000708400000, 0x0000000708400000|100%| O|  |TAMS 0x0000000708400000, 0x0000000708200000| Untracked 
|  66|0x0000000708400000, 0x0000000708600000, 0x0000000708600000|100%| O|  |TAMS 0x0000000708600000, 0x0000000708400000| Untracked 
|  67|0x0000000708600000, 0x0000000708800000, 0x0000000708800000|100%| O|  |TAMS 0x0000000708800000, 0x0000000708600000| Untracked 
|  68|0x0000000708800000, 0x0000000708a00000, 0x0000000708a00000|100%| O|  |TAMS 0x0000000708a00000, 0x0000000708800000| Untracked 
|  69|0x0000000708a00000, 0x0000000708c00000, 0x0000000708c00000|100%| O|  |TAMS 0x0000000708c00000, 0x0000000708a00000| Untracked 
|  70|0x0000000708c00000, 0x0000000708e00000, 0x0000000708e00000|100%| O|  |TAMS 0x0000000708e00000, 0x0000000708c00000| Untracked 
|  71|0x0000000708e00000, 0x0000000709000000, 0x0000000709000000|100%| O|  |TAMS 0x0000000709000000, 0x0000000708e00000| Untracked 
|  72|0x0000000709000000, 0x0000000709200000, 0x0000000709200000|100%| O|  |TAMS 0x0000000709200000, 0x0000000709000000| Untracked 
|  73|0x0000000709200000, 0x0000000709400000, 0x0000000709400000|100%| O|  |TAMS 0x0000000709400000, 0x0000000709200000| Untracked 
|  74|0x0000000709400000, 0x0000000709600000, 0x0000000709600000|100%| O|  |TAMS 0x0000000709600000, 0x0000000709400000| Untracked 
|  75|0x0000000709600000, 0x0000000709800000, 0x0000000709800000|100%| O|  |TAMS 0x0000000709800000, 0x0000000709600000| Untracked 
|  76|0x0000000709800000, 0x0000000709a00000, 0x0000000709a00000|100%| O|  |TAMS 0x0000000709a00000, 0x0000000709800000| Untracked 
|  77|0x0000000709a00000, 0x0000000709c00000, 0x0000000709c00000|100%|HS|  |TAMS 0x0000000709c00000, 0x0000000709a00000| Complete 
|  78|0x0000000709c00000, 0x0000000709e00000, 0x0000000709e00000|100%|HC|  |TAMS 0x0000000709e00000, 0x0000000709c00000| Complete 
|  79|0x0000000709e00000, 0x000000070a000000, 0x000000070a000000|100%|HC|  |TAMS 0x000000070a000000, 0x0000000709e00000| Complete 
|  80|0x000000070a000000, 0x000000070a200000, 0x000000070a200000|100%|HS|  |TAMS 0x000000070a200000, 0x000000070a000000| Complete 
|  81|0x000000070a200000, 0x000000070a400000, 0x000000070a400000|100%|HC|  |TAMS 0x000000070a400000, 0x000000070a200000| Complete 
|  82|0x000000070a400000, 0x000000070a600000, 0x000000070a600000|100%|HC|  |TAMS 0x000000070a600000, 0x000000070a400000| Complete 
|  83|0x000000070a600000, 0x000000070a800000, 0x000000070a800000|100%| O|  |TAMS 0x000000070a800000, 0x000000070a600000| Untracked 
|  84|0x000000070a800000, 0x000000070aa00000, 0x000000070aa00000|100%| O|  |TAMS 0x000000070aa00000, 0x000000070a800000| Untracked 
|  85|0x000000070aa00000, 0x000000070ac00000, 0x000000070ac00000|100%| O|  |TAMS 0x000000070ac00000, 0x000000070aa00000| Untracked 
|  86|0x000000070ac00000, 0x000000070ae00000, 0x000000070ae00000|100%|HS|  |TAMS 0x000000070ae00000, 0x000000070ac00000| Complete 
|  87|0x000000070ae00000, 0x000000070b000000, 0x000000070b000000|100%| O|  |TAMS 0x000000070b000000, 0x000000070ae00000| Untracked 
|  88|0x000000070b000000, 0x000000070b200000, 0x000000070b200000|100%| O|  |TAMS 0x000000070b200000, 0x000000070b000000| Untracked 
|  89|0x000000070b200000, 0x000000070b400000, 0x000000070b400000|100%| O|  |TAMS 0x000000070b400000, 0x000000070b200000| Untracked 
|  90|0x000000070b400000, 0x000000070b600000, 0x000000070b600000|100%| O|  |TAMS 0x000000070b600000, 0x000000070b400000| Untracked 
|  91|0x000000070b600000, 0x000000070b800000, 0x000000070b800000|100%| O|  |TAMS 0x000000070b800000, 0x000000070b600000| Untracked 
|  92|0x000000070b800000, 0x000000070ba00000, 0x000000070ba00000|100%| O|  |TAMS 0x000000070ba00000, 0x000000070b800000| Untracked 
|  93|0x000000070ba00000, 0x000000070bc00000, 0x000000070bc00000|100%| O|  |TAMS 0x000000070bc00000, 0x000000070ba00000| Untracked 
|  94|0x000000070bc00000, 0x000000070be00000, 0x000000070be00000|100%| O|  |TAMS 0x000000070be00000, 0x000000070bc00000| Untracked 
|  95|0x000000070be00000, 0x000000070c000000, 0x000000070c000000|100%| O|  |TAMS 0x000000070c000000, 0x000000070be00000| Untracked 
|  96|0x000000070c000000, 0x000000070c200000, 0x000000070c200000|100%| O|  |TAMS 0x000000070c200000, 0x000000070c000000| Untracked 
|  97|0x000000070c200000, 0x000000070c400000, 0x000000070c400000|100%| O|  |TAMS 0x000000070c400000, 0x000000070c200000| Untracked 
|  98|0x000000070c400000, 0x000000070c600000, 0x000000070c600000|100%| O|  |TAMS 0x000000070c600000, 0x000000070c400000| Untracked 
|  99|0x000000070c600000, 0x000000070c800000, 0x000000070c800000|100%| O|  |TAMS 0x000000070c800000, 0x000000070c600000| Untracked 
| 100|0x000000070c800000, 0x000000070ca00000, 0x000000070ca00000|100%| O|  |TAMS 0x000000070ca00000, 0x000000070c800000| Untracked 
| 101|0x000000070ca00000, 0x000000070cc00000, 0x000000070cc00000|100%| O|  |TAMS 0x000000070cc00000, 0x000000070ca00000| Untracked 
| 102|0x000000070cc00000, 0x000000070ce00000, 0x000000070ce00000|100%| O|  |TAMS 0x000000070ce00000, 0x000000070cc00000| Untracked 
| 103|0x000000070ce00000, 0x000000070d000000, 0x000000070d000000|100%| O|  |TAMS 0x000000070d000000, 0x000000070ce00000| Untracked 
| 104|0x000000070d000000, 0x000000070d200000, 0x000000070d200000|100%| O|  |TAMS 0x000000070d200000, 0x000000070d000000| Untracked 
| 105|0x000000070d200000, 0x000000070d400000, 0x000000070d400000|100%| O|  |TAMS 0x000000070d400000, 0x000000070d200000| Untracked 
| 106|0x000000070d400000, 0x000000070d600000, 0x000000070d600000|100%| O|  |TAMS 0x000000070d600000, 0x000000070d400000| Untracked 
| 107|0x000000070d600000, 0x000000070d800000, 0x000000070d800000|100%| O|  |TAMS 0x000000070d800000, 0x000000070d600000| Untracked 
| 108|0x000000070d800000, 0x000000070da00000, 0x000000070da00000|100%| O|  |TAMS 0x000000070da00000, 0x000000070d800000| Untracked 
| 109|0x000000070da00000, 0x000000070dc00000, 0x000000070dc00000|100%| O|  |TAMS 0x000000070dc00000, 0x000000070da00000| Untracked 
| 110|0x000000070dc00000, 0x000000070de00000, 0x000000070de00000|100%| O|  |TAMS 0x000000070de00000, 0x000000070dc00000| Untracked 
| 111|0x000000070de00000, 0x000000070e000000, 0x000000070e000000|100%| O|  |TAMS 0x000000070e000000, 0x000000070de00000| Untracked 
| 112|0x000000070e000000, 0x000000070e200000, 0x000000070e200000|100%| O|  |TAMS 0x000000070e200000, 0x000000070e000000| Untracked 
| 113|0x000000070e200000, 0x000000070e400000, 0x000000070e400000|100%| O|  |TAMS 0x000000070e400000, 0x000000070e200000| Untracked 
| 114|0x000000070e400000, 0x000000070e600000, 0x000000070e600000|100%| O|  |TAMS 0x000000070e600000, 0x000000070e400000| Untracked 
| 115|0x000000070e600000, 0x000000070e800000, 0x000000070e800000|100%| O|  |TAMS 0x000000070e800000, 0x000000070e600000| Untracked 
| 116|0x000000070e800000, 0x000000070ea00000, 0x000000070ea00000|100%| O|  |TAMS 0x000000070ea00000, 0x000000070e800000| Untracked 
| 117|0x000000070ea00000, 0x000000070ec00000, 0x000000070ec00000|100%| O|  |TAMS 0x000000070ec00000, 0x000000070ea00000| Untracked 
| 118|0x000000070ec00000, 0x000000070ee00000, 0x000000070ee00000|100%| O|  |TAMS 0x000000070ee00000, 0x000000070ec00000| Untracked 
| 119|0x000000070ee00000, 0x000000070f000000, 0x000000070f000000|100%| O|  |TAMS 0x000000070f000000, 0x000000070ee00000| Untracked 
| 120|0x000000070f000000, 0x000000070f200000, 0x000000070f200000|100%| O|  |TAMS 0x000000070f200000, 0x000000070f000000| Untracked 
| 121|0x000000070f200000, 0x000000070f400000, 0x000000070f400000|100%| O|  |TAMS 0x000000070f400000, 0x000000070f200000| Untracked 
| 122|0x000000070f400000, 0x000000070f600000, 0x000000070f600000|100%| O|  |TAMS 0x000000070f600000, 0x000000070f400000| Untracked 
| 123|0x000000070f600000, 0x000000070f800000, 0x000000070f800000|100%| O|  |TAMS 0x000000070f800000, 0x000000070f600000| Untracked 
| 124|0x000000070f800000, 0x000000070fa00000, 0x000000070fa00000|100%| O|  |TAMS 0x000000070fa00000, 0x000000070f800000| Untracked 
| 125|0x000000070fa00000, 0x000000070fc00000, 0x000000070fc00000|100%| O|  |TAMS 0x000000070fc00000, 0x000000070fa00000| Untracked 
| 126|0x000000070fc00000, 0x000000070fe00000, 0x000000070fe00000|100%| O|  |TAMS 0x000000070fe00000, 0x000000070fc00000| Untracked 
| 127|0x000000070fe00000, 0x0000000710000000, 0x0000000710000000|100%| O|  |TAMS 0x0000000710000000, 0x000000070fe00000| Untracked 
| 128|0x0000000710000000, 0x0000000710200000, 0x0000000710200000|100%| O|  |TAMS 0x0000000710200000, 0x0000000710000000| Untracked 
| 129|0x0000000710200000, 0x0000000710400000, 0x0000000710400000|100%| O|  |TAMS 0x0000000710400000, 0x0000000710200000| Untracked 
| 130|0x0000000710400000, 0x0000000710600000, 0x0000000710600000|100%| O|  |TAMS 0x0000000710600000, 0x0000000710400000| Untracked 
| 131|0x0000000710600000, 0x0000000710800000, 0x0000000710800000|100%| O|  |TAMS 0x0000000710800000, 0x0000000710600000| Untracked 
| 132|0x0000000710800000, 0x0000000710a00000, 0x0000000710a00000|100%| O|  |TAMS 0x0000000710a00000, 0x0000000710800000| Untracked 
| 133|0x0000000710a00000, 0x0000000710c00000, 0x0000000710c00000|100%| O|  |TAMS 0x0000000710c00000, 0x0000000710a00000| Untracked 
| 134|0x0000000710c00000, 0x0000000710e00000, 0x0000000710e00000|100%| O|  |TAMS 0x0000000710c00000, 0x0000000710c00000| Untracked 
| 135|0x0000000710e00000, 0x0000000711000000, 0x0000000711000000|100%| O|  |TAMS 0x0000000711000000, 0x0000000710e00000| Untracked 
| 136|0x0000000711000000, 0x0000000711200000, 0x0000000711200000|100%| O|  |TAMS 0x0000000711200000, 0x0000000711000000| Untracked 
| 137|0x0000000711200000, 0x0000000711400000, 0x0000000711400000|100%| O|  |TAMS 0x0000000711400000, 0x0000000711200000| Untracked 
| 138|0x0000000711400000, 0x0000000711600000, 0x0000000711600000|100%| O|  |TAMS 0x0000000711400000, 0x0000000711400000| Untracked 
| 139|0x0000000711600000, 0x0000000711800000, 0x0000000711800000|100%| O|  |TAMS 0x0000000711800000, 0x0000000711600000| Untracked 
| 140|0x0000000711800000, 0x0000000711a00000, 0x0000000711a00000|100%| O|  |TAMS 0x0000000711a00000, 0x0000000711800000| Untracked 
| 141|0x0000000711a00000, 0x0000000711c00000, 0x0000000711c00000|100%| O|  |TAMS 0x0000000711c00000, 0x0000000711a00000| Untracked 
| 142|0x0000000711c00000, 0x0000000711e00000, 0x0000000711e00000|100%| O|  |TAMS 0x0000000711e00000, 0x0000000711c00000| Untracked 
| 143|0x0000000711e00000, 0x0000000712000000, 0x0000000712000000|100%| O|  |TAMS 0x0000000712000000, 0x0000000711e00000| Untracked 
| 144|0x0000000712000000, 0x0000000712200000, 0x0000000712200000|100%| O|  |TAMS 0x0000000712200000, 0x0000000712000000| Untracked 
| 145|0x0000000712200000, 0x0000000712400000, 0x0000000712400000|100%| O|  |TAMS 0x0000000712400000, 0x0000000712200000| Untracked 
| 146|0x0000000712400000, 0x0000000712600000, 0x0000000712600000|100%| O|  |TAMS 0x0000000712600000, 0x0000000712400000| Untracked 
| 147|0x0000000712600000, 0x0000000712800000, 0x0000000712800000|100%| O|  |TAMS 0x0000000712800000, 0x0000000712600000| Untracked 
| 148|0x0000000712800000, 0x0000000712a00000, 0x0000000712a00000|100%| O|  |TAMS 0x0000000712a00000, 0x0000000712800000| Untracked 
| 149|0x0000000712a00000, 0x0000000712c00000, 0x0000000712c00000|100%| O|  |TAMS 0x0000000712c00000, 0x0000000712a00000| Untracked 
| 150|0x0000000712c00000, 0x0000000712e00000, 0x0000000712e00000|100%| O|  |TAMS 0x0000000712e00000, 0x0000000712c00000| Untracked 
| 151|0x0000000712e00000, 0x0000000713000000, 0x0000000713000000|100%| O|  |TAMS 0x0000000713000000, 0x0000000712e00000| Untracked 
| 152|0x0000000713000000, 0x0000000713200000, 0x0000000713200000|100%| O|  |TAMS 0x0000000713200000, 0x0000000713000000| Untracked 
| 153|0x0000000713200000, 0x0000000713400000, 0x0000000713400000|100%| O|  |TAMS 0x0000000713400000, 0x0000000713200000| Untracked 
| 154|0x0000000713400000, 0x0000000713600000, 0x0000000713600000|100%| O|  |TAMS 0x0000000713600000, 0x0000000713400000| Untracked 
| 155|0x0000000713600000, 0x0000000713800000, 0x0000000713800000|100%| O|  |TAMS 0x0000000713800000, 0x0000000713600000| Untracked 
| 156|0x0000000713800000, 0x0000000713a00000, 0x0000000713a00000|100%| O|  |TAMS 0x0000000713a00000, 0x0000000713800000| Untracked 
| 157|0x0000000713a00000, 0x0000000713c00000, 0x0000000713c00000|100%| O|  |TAMS 0x0000000713c00000, 0x0000000713a00000| Untracked 
| 158|0x0000000713c00000, 0x0000000713e00000, 0x0000000713e00000|100%| O|  |TAMS 0x0000000713e00000, 0x0000000713c00000| Untracked 
| 159|0x0000000713e00000, 0x0000000714000000, 0x0000000714000000|100%| O|  |TAMS 0x0000000714000000, 0x0000000713e00000| Untracked 
| 160|0x0000000714000000, 0x0000000714200000, 0x0000000714200000|100%| O|  |TAMS 0x0000000714200000, 0x0000000714000000| Untracked 
| 161|0x0000000714200000, 0x0000000714400000, 0x0000000714400000|100%| O|  |TAMS 0x0000000714400000, 0x0000000714200000| Untracked 
| 162|0x0000000714400000, 0x0000000714600000, 0x0000000714600000|100%| O|  |TAMS 0x0000000714600000, 0x0000000714400000| Untracked 
| 163|0x0000000714600000, 0x0000000714800000, 0x0000000714800000|100%| O|  |TAMS 0x0000000714800000, 0x0000000714600000| Untracked 
| 164|0x0000000714800000, 0x0000000714a00000, 0x0000000714a00000|100%| O|  |TAMS 0x0000000714a00000, 0x0000000714800000| Untracked 
| 165|0x0000000714a00000, 0x0000000714c00000, 0x0000000714c00000|100%| O|  |TAMS 0x0000000714c00000, 0x0000000714a00000| Untracked 
| 166|0x0000000714c00000, 0x0000000714e00000, 0x0000000714e00000|100%| O|  |TAMS 0x0000000714e00000, 0x0000000714c00000| Untracked 
| 167|0x0000000714e00000, 0x0000000714e00000, 0x0000000715000000|  0%| F|  |TAMS 0x0000000714e00000, 0x0000000714e00000| Untracked 
| 168|0x0000000715000000, 0x0000000715200000, 0x0000000715200000|100%| O|  |TAMS 0x0000000715000000, 0x0000000715000000| Untracked 
| 169|0x0000000715200000, 0x0000000715400000, 0x0000000715400000|100%| O|  |TAMS 0x0000000715400000, 0x0000000715200000| Untracked 
| 170|0x0000000715400000, 0x0000000715600000, 0x0000000715600000|100%| O|  |TAMS 0x0000000715400000, 0x0000000715400000| Untracked 
| 171|0x0000000715600000, 0x0000000715800000, 0x0000000715800000|100%| O|  |TAMS 0x0000000715800000, 0x0000000715600000| Untracked 
| 172|0x0000000715800000, 0x0000000715a00000, 0x0000000715a00000|100%| O|  |TAMS 0x0000000715a00000, 0x0000000715800000| Untracked 
| 173|0x0000000715a00000, 0x0000000715c00000, 0x0000000715c00000|100%| O|  |TAMS 0x0000000715c00000, 0x0000000715a00000| Untracked 
| 174|0x0000000715c00000, 0x0000000715e00000, 0x0000000715e00000|100%| O|  |TAMS 0x0000000715e00000, 0x0000000715c00000| Untracked 
| 175|0x0000000715e00000, 0x0000000716000000, 0x0000000716000000|100%| O|  |TAMS 0x0000000716000000, 0x0000000715e00000| Untracked 
| 176|0x0000000716000000, 0x0000000716200000, 0x0000000716200000|100%| O|  |TAMS 0x0000000716200000, 0x0000000716000000| Untracked 
| 177|0x0000000716200000, 0x0000000716400000, 0x0000000716400000|100%| O|  |TAMS 0x0000000716400000, 0x0000000716200000| Untracked 
| 178|0x0000000716400000, 0x0000000716600000, 0x0000000716600000|100%| O|  |TAMS 0x0000000716600000, 0x0000000716400000| Untracked 
| 179|0x0000000716600000, 0x0000000716800000, 0x0000000716800000|100%| O|  |TAMS 0x0000000716800000, 0x0000000716600000| Untracked 
| 180|0x0000000716800000, 0x0000000716a00000, 0x0000000716a00000|100%| O|  |TAMS 0x0000000716a00000, 0x0000000716800000| Untracked 
| 181|0x0000000716a00000, 0x0000000716c00000, 0x0000000716c00000|100%| O|  |TAMS 0x0000000716c00000, 0x0000000716a00000| Untracked 
| 182|0x0000000716c00000, 0x0000000716e00000, 0x0000000716e00000|100%| O|  |TAMS 0x0000000716e00000, 0x0000000716c00000| Untracked 
| 183|0x0000000716e00000, 0x0000000717000000, 0x0000000717000000|100%| O|  |TAMS 0x0000000717000000, 0x0000000716e00000| Untracked 
| 184|0x0000000717000000, 0x0000000717200000, 0x0000000717200000|100%| O|  |TAMS 0x0000000717200000, 0x0000000717000000| Untracked 
| 185|0x0000000717200000, 0x0000000717400000, 0x0000000717400000|100%| O|  |TAMS 0x0000000717400000, 0x0000000717200000| Untracked 
| 186|0x0000000717400000, 0x0000000717600000, 0x0000000717600000|100%| O|  |TAMS 0x0000000717400000, 0x0000000717400000| Untracked 
| 187|0x0000000717600000, 0x0000000717800000, 0x0000000717800000|100%| O|  |TAMS 0x0000000717600000, 0x0000000717600000| Untracked 
| 188|0x0000000717800000, 0x0000000717a00000, 0x0000000717a00000|100%| O|  |TAMS 0x0000000717800000, 0x0000000717800000| Untracked 
| 189|0x0000000717a00000, 0x0000000717c00000, 0x0000000717c00000|100%| O|  |TAMS 0x0000000717a00000, 0x0000000717a00000| Untracked 
| 190|0x0000000717c00000, 0x0000000717e00000, 0x0000000717e00000|100%| O|  |TAMS 0x0000000717e00000, 0x0000000717c00000| Untracked 
| 191|0x0000000717e00000, 0x0000000718000000, 0x0000000718000000|100%| O|  |TAMS 0x0000000718000000, 0x0000000717e00000| Untracked 
| 192|0x0000000718000000, 0x0000000718200000, 0x0000000718200000|100%| O|  |TAMS 0x0000000718200000, 0x0000000718000000| Untracked 
| 193|0x0000000718200000, 0x0000000718400000, 0x0000000718400000|100%| O|  |TAMS 0x0000000718400000, 0x0000000718200000| Untracked 
| 194|0x0000000718400000, 0x0000000718600000, 0x0000000718600000|100%| O|  |TAMS 0x0000000718600000, 0x0000000718400000| Untracked 
| 195|0x0000000718600000, 0x0000000718800000, 0x0000000718800000|100%| O|  |TAMS 0x00000007186e9e00, 0x0000000718600000| Untracked 
| 196|0x0000000718800000, 0x0000000718a00000, 0x0000000718a00000|100%| O|  |TAMS 0x0000000718800000, 0x0000000718800000| Untracked 
| 197|0x0000000718a00000, 0x0000000718c00000, 0x0000000718c00000|100%| O|  |TAMS 0x0000000718a00000, 0x0000000718a00000| Untracked 
| 198|0x0000000718c00000, 0x0000000718e00000, 0x0000000718e00000|100%| O|  |TAMS 0x0000000718c00000, 0x0000000718c00000| Untracked 
| 199|0x0000000718e00000, 0x0000000719000000, 0x0000000719000000|100%| O|  |TAMS 0x0000000718e00000, 0x0000000718e00000| Untracked 
| 200|0x0000000719000000, 0x0000000719200000, 0x0000000719200000|100%| O|  |TAMS 0x0000000719000000, 0x0000000719000000| Untracked 
| 201|0x0000000719200000, 0x0000000719400000, 0x0000000719400000|100%| O|  |TAMS 0x0000000719200000, 0x0000000719200000| Untracked 
| 202|0x0000000719400000, 0x0000000719600000, 0x0000000719600000|100%| O|  |TAMS 0x0000000719400000, 0x0000000719400000| Untracked 
| 203|0x0000000719600000, 0x0000000719800000, 0x0000000719800000|100%| O|  |TAMS 0x0000000719600000, 0x0000000719600000| Untracked 
| 204|0x0000000719800000, 0x0000000719a00000, 0x0000000719a00000|100%| O|  |TAMS 0x0000000719800000, 0x0000000719800000| Untracked 
| 205|0x0000000719a00000, 0x0000000719befc00, 0x0000000719c00000| 96%| O|  |TAMS 0x0000000719a00000, 0x0000000719a00000| Untracked 
| 206|0x0000000719c00000, 0x0000000719c00000, 0x0000000719e00000|  0%| F|  |TAMS 0x0000000719c00000, 0x0000000719c00000| Untracked 
| 207|0x0000000719e00000, 0x0000000719e00000, 0x000000071a000000|  0%| F|  |TAMS 0x0000000719e00000, 0x0000000719e00000| Untracked 
| 208|0x000000071a000000, 0x000000071a000000, 0x000000071a200000|  0%| F|  |TAMS 0x000000071a000000, 0x000000071a000000| Untracked 
| 209|0x000000071a200000, 0x000000071a200000, 0x000000071a400000|  0%| F|  |TAMS 0x000000071a200000, 0x000000071a200000| Untracked 
| 210|0x000000071a400000, 0x000000071a400000, 0x000000071a600000|  0%| F|  |TAMS 0x000000071a400000, 0x000000071a400000| Untracked 
| 211|0x000000071a600000, 0x000000071a600000, 0x000000071a800000|  0%| F|  |TAMS 0x000000071a600000, 0x000000071a600000| Untracked 
| 212|0x000000071a800000, 0x000000071a800000, 0x000000071aa00000|  0%| F|  |TAMS 0x000000071a800000, 0x000000071a800000| Untracked 
| 213|0x000000071aa00000, 0x000000071ac00000, 0x000000071ac00000|100%| O|  |TAMS 0x000000071ac00000, 0x000000071aa00000| Untracked 
| 214|0x000000071ac00000, 0x000000071ae00000, 0x000000071ae00000|100%| O|  |TAMS 0x000000071ae00000, 0x000000071ac00000| Untracked 
| 215|0x000000071ae00000, 0x000000071ae00000, 0x000000071b000000|  0%| F|  |TAMS 0x000000071ae00000, 0x000000071ae00000| Untracked 
| 216|0x000000071b000000, 0x000000071b200000, 0x000000071b200000|100%| O|  |TAMS 0x000000071b200000, 0x000000071b000000| Untracked 
| 217|0x000000071b200000, 0x000000071b200000, 0x000000071b400000|  0%| F|  |TAMS 0x000000071b200000, 0x000000071b200000| Untracked 
| 218|0x000000071b400000, 0x000000071b400000, 0x000000071b600000|  0%| F|  |TAMS 0x000000071b400000, 0x000000071b400000| Untracked 
| 219|0x000000071b600000, 0x000000071b800000, 0x000000071b800000|100%| O|  |TAMS 0x000000071b800000, 0x000000071b600000| Untracked 
| 220|0x000000071b800000, 0x000000071ba00000, 0x000000071ba00000|100%| O|  |TAMS 0x000000071ba00000, 0x000000071b800000| Untracked 
| 221|0x000000071ba00000, 0x000000071bc00000, 0x000000071bc00000|100%| O|  |TAMS 0x000000071bc00000, 0x000000071ba00000| Untracked 
| 222|0x000000071bc00000, 0x000000071be00000, 0x000000071be00000|100%| O|  |TAMS 0x000000071be00000, 0x000000071bc00000| Untracked 
| 223|0x000000071be00000, 0x000000071c000000, 0x000000071c000000|100%| O|  |TAMS 0x000000071c000000, 0x000000071be00000| Untracked 
| 224|0x000000071c000000, 0x000000071c000000, 0x000000071c200000|  0%| F|  |TAMS 0x000000071c000000, 0x000000071c000000| Untracked 
| 225|0x000000071c200000, 0x000000071c200000, 0x000000071c400000|  0%| F|  |TAMS 0x000000071c200000, 0x000000071c200000| Untracked 
| 226|0x000000071c400000, 0x000000071c400000, 0x000000071c600000|  0%| F|  |TAMS 0x000000071c400000, 0x000000071c400000| Untracked 
| 227|0x000000071c600000, 0x000000071c600000, 0x000000071c800000|  0%| F|  |TAMS 0x000000071c600000, 0x000000071c600000| Untracked 
| 228|0x000000071c800000, 0x000000071c800000, 0x000000071ca00000|  0%| F|  |TAMS 0x000000071c800000, 0x000000071c800000| Untracked 
| 229|0x000000071ca00000, 0x000000071ca00000, 0x000000071cc00000|  0%| F|  |TAMS 0x000000071ca00000, 0x000000071ca00000| Untracked 
| 230|0x000000071cc00000, 0x000000071cc00000, 0x000000071ce00000|  0%| F|  |TAMS 0x000000071cc00000, 0x000000071cc00000| Untracked 
| 231|0x000000071ce00000, 0x000000071d000000, 0x000000071d000000|100%| O|  |TAMS 0x000000071d000000, 0x000000071ce00000| Untracked 
| 232|0x000000071d000000, 0x000000071d000000, 0x000000071d200000|  0%| F|  |TAMS 0x000000071d000000, 0x000000071d000000| Untracked 
| 233|0x000000071d200000, 0x000000071d200000, 0x000000071d400000|  0%| F|  |TAMS 0x000000071d200000, 0x000000071d200000| Untracked 
| 234|0x000000071d400000, 0x000000071d400000, 0x000000071d600000|  0%| F|  |TAMS 0x000000071d400000, 0x000000071d400000| Untracked 
| 235|0x000000071d600000, 0x000000071d600000, 0x000000071d800000|  0%| F|  |TAMS 0x000000071d600000, 0x000000071d600000| Untracked 
| 236|0x000000071d800000, 0x000000071d800000, 0x000000071da00000|  0%| F|  |TAMS 0x000000071d800000, 0x000000071d800000| Untracked 
| 237|0x000000071da00000, 0x000000071dc00000, 0x000000071dc00000|100%| O|  |TAMS 0x000000071dc00000, 0x000000071da00000| Untracked 
| 238|0x000000071dc00000, 0x000000071de00000, 0x000000071de00000|100%| O|  |TAMS 0x000000071de00000, 0x000000071dc00000| Untracked 
| 239|0x000000071de00000, 0x000000071e000000, 0x000000071e000000|100%| O|  |TAMS 0x000000071e000000, 0x000000071de00000| Untracked 
| 240|0x000000071e000000, 0x000000071e200000, 0x000000071e200000|100%| O|  |TAMS 0x000000071e200000, 0x000000071e000000| Untracked 
| 241|0x000000071e200000, 0x000000071e400000, 0x000000071e400000|100%| O|  |TAMS 0x000000071e400000, 0x000000071e200000| Untracked 
| 242|0x000000071e400000, 0x000000071e600000, 0x000000071e600000|100%| O|  |TAMS 0x000000071e600000, 0x000000071e400000| Untracked 
| 243|0x000000071e600000, 0x000000071e800000, 0x000000071e800000|100%| O|  |TAMS 0x000000071e800000, 0x000000071e600000| Untracked 
| 244|0x000000071e800000, 0x000000071ea00000, 0x000000071ea00000|100%| O|  |TAMS 0x000000071ea00000, 0x000000071e800000| Untracked 
| 245|0x000000071ea00000, 0x000000071ec00000, 0x000000071ec00000|100%| O|  |TAMS 0x000000071ec00000, 0x000000071ea00000| Untracked 
| 246|0x000000071ec00000, 0x000000071ee00000, 0x000000071ee00000|100%| O|  |TAMS 0x000000071ee00000, 0x000000071ec00000| Untracked 
| 247|0x000000071ee00000, 0x000000071f000000, 0x000000071f000000|100%| O|  |TAMS 0x000000071f000000, 0x000000071ee00000| Untracked 
| 248|0x000000071f000000, 0x000000071f200000, 0x000000071f200000|100%| O|  |TAMS 0x000000071f200000, 0x000000071f000000| Untracked 
| 249|0x000000071f200000, 0x000000071f400000, 0x000000071f400000|100%| O|  |TAMS 0x000000071f400000, 0x000000071f200000| Untracked 
| 250|0x000000071f400000, 0x000000071f600000, 0x000000071f600000|100%| O|  |TAMS 0x000000071f600000, 0x000000071f400000| Untracked 
| 251|0x000000071f600000, 0x000000071f800000, 0x000000071f800000|100%| O|  |TAMS 0x000000071f800000, 0x000000071f600000| Untracked 
| 252|0x000000071f800000, 0x000000071fa00000, 0x000000071fa00000|100%| O|  |TAMS 0x000000071fa00000, 0x000000071f800000| Untracked 
| 253|0x000000071fa00000, 0x000000071fc00000, 0x000000071fc00000|100%| O|  |TAMS 0x000000071fc00000, 0x000000071fa00000| Untracked 
| 254|0x000000071fc00000, 0x000000071fe00000, 0x000000071fe00000|100%| O|  |TAMS 0x000000071fe00000, 0x000000071fc00000| Untracked 
| 255|0x000000071fe00000, 0x000000071fe00000, 0x0000000720000000|  0%| F|  |TAMS 0x000000071fe00000, 0x000000071fe00000| Untracked 
| 256|0x0000000720000000, 0x0000000720000000, 0x0000000720200000|  0%| F|  |TAMS 0x0000000720000000, 0x0000000720000000| Untracked 
| 257|0x0000000720200000, 0x0000000720400000, 0x0000000720400000|100%| O|  |TAMS 0x0000000720400000, 0x0000000720200000| Untracked 
| 258|0x0000000720400000, 0x0000000720400000, 0x0000000720600000|  0%| F|  |TAMS 0x0000000720400000, 0x0000000720400000| Untracked 
| 259|0x0000000720600000, 0x0000000720600000, 0x0000000720800000|  0%| F|  |TAMS 0x0000000720600000, 0x0000000720600000| Untracked 
| 260|0x0000000720800000, 0x0000000720800000, 0x0000000720a00000|  0%| F|  |TAMS 0x0000000720800000, 0x0000000720800000| Untracked 
| 261|0x0000000720a00000, 0x0000000720a00000, 0x0000000720c00000|  0%| F|  |TAMS 0x0000000720a00000, 0x0000000720a00000| Untracked 
| 262|0x0000000720c00000, 0x0000000720c00000, 0x0000000720e00000|  0%| F|  |TAMS 0x0000000720c00000, 0x0000000720c00000| Untracked 
| 263|0x0000000720e00000, 0x0000000720e00000, 0x0000000721000000|  0%| F|  |TAMS 0x0000000720e00000, 0x0000000720e00000| Untracked 
| 264|0x0000000721000000, 0x0000000721000000, 0x0000000721200000|  0%| F|  |TAMS 0x0000000721000000, 0x0000000721000000| Untracked 
| 265|0x0000000721200000, 0x0000000721200000, 0x0000000721400000|  0%| F|  |TAMS 0x0000000721200000, 0x0000000721200000| Untracked 
| 266|0x0000000721400000, 0x0000000721400000, 0x0000000721600000|  0%| F|  |TAMS 0x0000000721400000, 0x0000000721400000| Untracked 
| 267|0x0000000721600000, 0x0000000721600000, 0x0000000721800000|  0%| F|  |TAMS 0x0000000721600000, 0x0000000721600000| Untracked 
| 268|0x0000000721800000, 0x0000000721800000, 0x0000000721a00000|  0%| F|  |TAMS 0x0000000721800000, 0x0000000721800000| Untracked 
| 269|0x0000000721a00000, 0x0000000721a00000, 0x0000000721c00000|  0%| F|  |TAMS 0x0000000721a00000, 0x0000000721a00000| Untracked 
| 270|0x0000000721c00000, 0x0000000721c00000, 0x0000000721e00000|  0%| F|  |TAMS 0x0000000721c00000, 0x0000000721c00000| Untracked 
| 271|0x0000000721e00000, 0x0000000721e00000, 0x0000000722000000|  0%| F|  |TAMS 0x0000000721e00000, 0x0000000721e00000| Untracked 
| 272|0x0000000722000000, 0x0000000722000000, 0x0000000722200000|  0%| F|  |TAMS 0x0000000722000000, 0x0000000722000000| Untracked 
| 273|0x0000000722200000, 0x0000000722200000, 0x0000000722400000|  0%| F|  |TAMS 0x0000000722200000, 0x0000000722200000| Untracked 
| 274|0x0000000722400000, 0x0000000722400000, 0x0000000722600000|  0%| F|  |TAMS 0x0000000722400000, 0x0000000722400000| Untracked 
| 275|0x0000000722600000, 0x0000000722600000, 0x0000000722800000|  0%| F|  |TAMS 0x0000000722600000, 0x0000000722600000| Untracked 
| 276|0x0000000722800000, 0x0000000722800000, 0x0000000722a00000|  0%| F|  |TAMS 0x0000000722800000, 0x0000000722800000| Untracked 
| 277|0x0000000722a00000, 0x0000000722a00000, 0x0000000722c00000|  0%| F|  |TAMS 0x0000000722a00000, 0x0000000722a00000| Untracked 
| 278|0x0000000722c00000, 0x0000000722c00000, 0x0000000722e00000|  0%| F|  |TAMS 0x0000000722c00000, 0x0000000722c00000| Untracked 
| 279|0x0000000722e00000, 0x0000000723000000, 0x0000000723000000|100%| O|  |TAMS 0x0000000723000000, 0x0000000722e00000| Untracked 
| 280|0x0000000723000000, 0x0000000723200000, 0x0000000723200000|100%| O|  |TAMS 0x0000000723200000, 0x0000000723000000| Untracked 
| 281|0x0000000723200000, 0x0000000723400000, 0x0000000723400000|100%| O|  |TAMS 0x0000000723400000, 0x0000000723200000| Untracked 
| 282|0x0000000723400000, 0x0000000723400000, 0x0000000723600000|  0%| F|  |TAMS 0x0000000723400000, 0x0000000723400000| Untracked 
| 283|0x0000000723600000, 0x0000000723600000, 0x0000000723800000|  0%| F|  |TAMS 0x0000000723600000, 0x0000000723600000| Untracked 
| 284|0x0000000723800000, 0x0000000723800000, 0x0000000723a00000|  0%| F|  |TAMS 0x0000000723800000, 0x0000000723800000| Untracked 
| 285|0x0000000723a00000, 0x0000000723a00000, 0x0000000723c00000|  0%| F|  |TAMS 0x0000000723a00000, 0x0000000723a00000| Untracked 
| 286|0x0000000723c00000, 0x0000000723c00000, 0x0000000723e00000|  0%| F|  |TAMS 0x0000000723c00000, 0x0000000723c00000| Untracked 
| 287|0x0000000723e00000, 0x0000000723e00000, 0x0000000724000000|  0%| F|  |TAMS 0x0000000723e00000, 0x0000000723e00000| Untracked 
| 288|0x0000000724000000, 0x0000000724000000, 0x0000000724200000|  0%| F|  |TAMS 0x0000000724000000, 0x0000000724000000| Untracked 
| 289|0x0000000724200000, 0x0000000724200000, 0x0000000724400000|  0%| F|  |TAMS 0x0000000724200000, 0x0000000724200000| Untracked 
| 290|0x0000000724400000, 0x0000000724400000, 0x0000000724600000|  0%| F|  |TAMS 0x0000000724400000, 0x0000000724400000| Untracked 
| 291|0x0000000724600000, 0x0000000724600000, 0x0000000724800000|  0%| F|  |TAMS 0x0000000724600000, 0x0000000724600000| Untracked 
| 292|0x0000000724800000, 0x0000000724800000, 0x0000000724a00000|  0%| F|  |TAMS 0x0000000724800000, 0x0000000724800000| Untracked 
| 293|0x0000000724a00000, 0x0000000724a00000, 0x0000000724c00000|  0%| F|  |TAMS 0x0000000724a00000, 0x0000000724a00000| Untracked 
| 294|0x0000000724c00000, 0x0000000724c00000, 0x0000000724e00000|  0%| F|  |TAMS 0x0000000724c00000, 0x0000000724c00000| Untracked 
| 295|0x0000000724e00000, 0x0000000724e00000, 0x0000000725000000|  0%| F|  |TAMS 0x0000000724e00000, 0x0000000724e00000| Untracked 
| 296|0x0000000725000000, 0x0000000725000000, 0x0000000725200000|  0%| F|  |TAMS 0x0000000725000000, 0x0000000725000000| Untracked 
| 297|0x0000000725200000, 0x0000000725200000, 0x0000000725400000|  0%| F|  |TAMS 0x0000000725200000, 0x0000000725200000| Untracked 
| 298|0x0000000725400000, 0x0000000725400000, 0x0000000725600000|  0%| F|  |TAMS 0x0000000725400000, 0x0000000725400000| Untracked 
| 299|0x0000000725600000, 0x0000000725600000, 0x0000000725800000|  0%| F|  |TAMS 0x0000000725600000, 0x0000000725600000| Untracked 
| 300|0x0000000725800000, 0x0000000725800000, 0x0000000725a00000|  0%| F|  |TAMS 0x0000000725800000, 0x0000000725800000| Untracked 
| 301|0x0000000725a00000, 0x0000000725a00000, 0x0000000725c00000|  0%| F|  |TAMS 0x0000000725a00000, 0x0000000725a00000| Untracked 
| 302|0x0000000725c00000, 0x0000000725c00000, 0x0000000725e00000|  0%| F|  |TAMS 0x0000000725c00000, 0x0000000725c00000| Untracked 
| 303|0x0000000725e00000, 0x0000000725e00000, 0x0000000726000000|  0%| F|  |TAMS 0x0000000725e00000, 0x0000000725e00000| Untracked 
| 304|0x0000000726000000, 0x0000000726000000, 0x0000000726200000|  0%| F|  |TAMS 0x0000000726000000, 0x0000000726000000| Untracked 
| 305|0x0000000726200000, 0x0000000726200000, 0x0000000726400000|  0%| F|  |TAMS 0x0000000726200000, 0x0000000726200000| Untracked 
| 306|0x0000000726400000, 0x0000000726400000, 0x0000000726600000|  0%| F|  |TAMS 0x0000000726400000, 0x0000000726400000| Untracked 
| 307|0x0000000726600000, 0x0000000726600000, 0x0000000726800000|  0%| F|  |TAMS 0x0000000726600000, 0x0000000726600000| Untracked 
| 308|0x0000000726800000, 0x0000000726800000, 0x0000000726a00000|  0%| F|  |TAMS 0x0000000726800000, 0x0000000726800000| Untracked 
| 309|0x0000000726a00000, 0x0000000726a00000, 0x0000000726c00000|  0%| F|  |TAMS 0x0000000726a00000, 0x0000000726a00000| Untracked 
| 310|0x0000000726c00000, 0x0000000726c00000, 0x0000000726e00000|  0%| F|  |TAMS 0x0000000726c00000, 0x0000000726c00000| Untracked 
| 311|0x0000000726e00000, 0x0000000726e00000, 0x0000000727000000|  0%| F|  |TAMS 0x0000000726e00000, 0x0000000726e00000| Untracked 
| 312|0x0000000727000000, 0x0000000727000000, 0x0000000727200000|  0%| F|  |TAMS 0x0000000727000000, 0x0000000727000000| Untracked 
| 313|0x0000000727200000, 0x0000000727200000, 0x0000000727400000|  0%| F|  |TAMS 0x0000000727200000, 0x0000000727200000| Untracked 
| 314|0x0000000727400000, 0x0000000727400000, 0x0000000727600000|  0%| F|  |TAMS 0x0000000727400000, 0x0000000727400000| Untracked 
| 315|0x0000000727600000, 0x0000000727600000, 0x0000000727800000|  0%| F|  |TAMS 0x0000000727600000, 0x0000000727600000| Untracked 
| 316|0x0000000727800000, 0x0000000727800000, 0x0000000727a00000|  0%| F|  |TAMS 0x0000000727800000, 0x0000000727800000| Untracked 
| 317|0x0000000727a00000, 0x0000000727a00000, 0x0000000727c00000|  0%| F|  |TAMS 0x0000000727a00000, 0x0000000727a00000| Untracked 
| 318|0x0000000727c00000, 0x0000000727c00000, 0x0000000727e00000|  0%| F|  |TAMS 0x0000000727c00000, 0x0000000727c00000| Untracked 
| 319|0x0000000727e00000, 0x0000000727e00000, 0x0000000728000000|  0%| F|  |TAMS 0x0000000727e00000, 0x0000000727e00000| Untracked 
| 320|0x0000000728000000, 0x00000007281fa6e0, 0x0000000728200000| 98%| S|CS|TAMS 0x0000000728000000, 0x0000000728000000| Complete 
| 321|0x0000000728200000, 0x0000000728400000, 0x0000000728400000|100%| S|CS|TAMS 0x0000000728200000, 0x0000000728200000| Complete 
| 322|0x0000000728400000, 0x0000000728600000, 0x0000000728600000|100%| S|CS|TAMS 0x0000000728400000, 0x0000000728400000| Complete 
| 323|0x0000000728600000, 0x0000000728800000, 0x0000000728800000|100%| S|CS|TAMS 0x0000000728600000, 0x0000000728600000| Complete 
| 324|0x0000000728800000, 0x0000000728a00000, 0x0000000728a00000|100%| S|CS|TAMS 0x0000000728800000, 0x0000000728800000| Complete 
| 325|0x0000000728a00000, 0x0000000728c00000, 0x0000000728c00000|100%| S|CS|TAMS 0x0000000728a00000, 0x0000000728a00000| Complete 
| 326|0x0000000728c00000, 0x0000000728e00000, 0x0000000728e00000|100%| S|CS|TAMS 0x0000000728c00000, 0x0000000728c00000| Complete 
| 327|0x0000000728e00000, 0x0000000729000000, 0x0000000729000000|100%| S|CS|TAMS 0x0000000728e00000, 0x0000000728e00000| Complete 
| 328|0x0000000729000000, 0x0000000729200000, 0x0000000729200000|100%| S|CS|TAMS 0x0000000729000000, 0x0000000729000000| Complete 
| 329|0x0000000729200000, 0x0000000729400000, 0x0000000729400000|100%| S|CS|TAMS 0x0000000729200000, 0x0000000729200000| Complete 
| 330|0x0000000729400000, 0x0000000729600000, 0x0000000729600000|100%| S|CS|TAMS 0x0000000729400000, 0x0000000729400000| Complete 
| 331|0x0000000729600000, 0x0000000729600000, 0x0000000729800000|  0%| F|  |TAMS 0x0000000729600000, 0x0000000729600000| Untracked 
| 332|0x0000000729800000, 0x0000000729800000, 0x0000000729a00000|  0%| F|  |TAMS 0x0000000729800000, 0x0000000729800000| Untracked 
| 333|0x0000000729a00000, 0x0000000729a00000, 0x0000000729c00000|  0%| F|  |TAMS 0x0000000729a00000, 0x0000000729a00000| Untracked 
| 334|0x0000000729c00000, 0x0000000729c00000, 0x0000000729e00000|  0%| F|  |TAMS 0x0000000729c00000, 0x0000000729c00000| Untracked 
| 335|0x0000000729e00000, 0x0000000729e00000, 0x000000072a000000|  0%| F|  |TAMS 0x0000000729e00000, 0x0000000729e00000| Untracked 
| 336|0x000000072a000000, 0x000000072a000000, 0x000000072a200000|  0%| F|  |TAMS 0x000000072a000000, 0x000000072a000000| Untracked 
| 337|0x000000072a200000, 0x000000072a200000, 0x000000072a400000|  0%| F|  |TAMS 0x000000072a200000, 0x000000072a200000| Untracked 
| 338|0x000000072a400000, 0x000000072a400000, 0x000000072a600000|  0%| F|  |TAMS 0x000000072a400000, 0x000000072a400000| Untracked 
| 339|0x000000072a600000, 0x000000072a600000, 0x000000072a800000|  0%| F|  |TAMS 0x000000072a600000, 0x000000072a600000| Untracked 
| 340|0x000000072a800000, 0x000000072a800000, 0x000000072aa00000|  0%| F|  |TAMS 0x000000072a800000, 0x000000072a800000| Untracked 
| 341|0x000000072aa00000, 0x000000072aa00000, 0x000000072ac00000|  0%| F|  |TAMS 0x000000072aa00000, 0x000000072aa00000| Untracked 
| 342|0x000000072ac00000, 0x000000072ac00000, 0x000000072ae00000|  0%| F|  |TAMS 0x000000072ac00000, 0x000000072ac00000| Untracked 
| 343|0x000000072ae00000, 0x000000072ae00000, 0x000000072b000000|  0%| F|  |TAMS 0x000000072ae00000, 0x000000072ae00000| Untracked 
| 344|0x000000072b000000, 0x000000072b000000, 0x000000072b200000|  0%| F|  |TAMS 0x000000072b000000, 0x000000072b000000| Untracked 
| 345|0x000000072b200000, 0x000000072b200000, 0x000000072b400000|  0%| F|  |TAMS 0x000000072b200000, 0x000000072b200000| Untracked 
| 346|0x000000072b400000, 0x000000072b400000, 0x000000072b600000|  0%| F|  |TAMS 0x000000072b400000, 0x000000072b400000| Untracked 
| 347|0x000000072b600000, 0x000000072b600000, 0x000000072b800000|  0%| F|  |TAMS 0x000000072b600000, 0x000000072b600000| Untracked 
| 348|0x000000072b800000, 0x000000072b800000, 0x000000072ba00000|  0%| F|  |TAMS 0x000000072b800000, 0x000000072b800000| Untracked 
| 349|0x000000072ba00000, 0x000000072ba00000, 0x000000072bc00000|  0%| F|  |TAMS 0x000000072ba00000, 0x000000072ba00000| Untracked 
| 350|0x000000072bc00000, 0x000000072bc00000, 0x000000072be00000|  0%| F|  |TAMS 0x000000072bc00000, 0x000000072bc00000| Untracked 
| 351|0x000000072be00000, 0x000000072be00000, 0x000000072c000000|  0%| F|  |TAMS 0x000000072be00000, 0x000000072be00000| Untracked 
| 352|0x000000072c000000, 0x000000072c000000, 0x000000072c200000|  0%| F|  |TAMS 0x000000072c000000, 0x000000072c000000| Untracked 
| 353|0x000000072c200000, 0x000000072c200000, 0x000000072c400000|  0%| F|  |TAMS 0x000000072c200000, 0x000000072c200000| Untracked 
| 354|0x000000072c400000, 0x000000072c400000, 0x000000072c600000|  0%| F|  |TAMS 0x000000072c400000, 0x000000072c400000| Untracked 
| 355|0x000000072c600000, 0x000000072c600000, 0x000000072c800000|  0%| F|  |TAMS 0x000000072c600000, 0x000000072c600000| Untracked 
| 356|0x000000072c800000, 0x000000072c800000, 0x000000072ca00000|  0%| F|  |TAMS 0x000000072c800000, 0x000000072c800000| Untracked 
| 357|0x000000072ca00000, 0x000000072ca00000, 0x000000072cc00000|  0%| F|  |TAMS 0x000000072ca00000, 0x000000072ca00000| Untracked 
| 358|0x000000072cc00000, 0x000000072cc00000, 0x000000072ce00000|  0%| F|  |TAMS 0x000000072cc00000, 0x000000072cc00000| Untracked 
| 359|0x000000072ce00000, 0x000000072ce00000, 0x000000072d000000|  0%| F|  |TAMS 0x000000072ce00000, 0x000000072ce00000| Untracked 
| 360|0x000000072d000000, 0x000000072d000000, 0x000000072d200000|  0%| F|  |TAMS 0x000000072d000000, 0x000000072d000000| Untracked 
| 361|0x000000072d200000, 0x000000072d200000, 0x000000072d400000|  0%| F|  |TAMS 0x000000072d200000, 0x000000072d200000| Untracked 
| 362|0x000000072d400000, 0x000000072d400000, 0x000000072d600000|  0%| F|  |TAMS 0x000000072d400000, 0x000000072d400000| Untracked 
| 363|0x000000072d600000, 0x000000072d600000, 0x000000072d800000|  0%| F|  |TAMS 0x000000072d600000, 0x000000072d600000| Untracked 
| 364|0x000000072d800000, 0x000000072d800000, 0x000000072da00000|  0%| F|  |TAMS 0x000000072d800000, 0x000000072d800000| Untracked 
| 365|0x000000072da00000, 0x000000072da00000, 0x000000072dc00000|  0%| F|  |TAMS 0x000000072da00000, 0x000000072da00000| Untracked 
| 366|0x000000072dc00000, 0x000000072dc00000, 0x000000072de00000|  0%| F|  |TAMS 0x000000072dc00000, 0x000000072dc00000| Untracked 
| 367|0x000000072de00000, 0x000000072de00000, 0x000000072e000000|  0%| F|  |TAMS 0x000000072de00000, 0x000000072de00000| Untracked 
| 368|0x000000072e000000, 0x000000072e000000, 0x000000072e200000|  0%| F|  |TAMS 0x000000072e000000, 0x000000072e000000| Untracked 
| 369|0x000000072e200000, 0x000000072e200000, 0x000000072e400000|  0%| F|  |TAMS 0x000000072e200000, 0x000000072e200000| Untracked 
| 370|0x000000072e400000, 0x000000072e400000, 0x000000072e600000|  0%| F|  |TAMS 0x000000072e400000, 0x000000072e400000| Untracked 
| 371|0x000000072e600000, 0x000000072e600000, 0x000000072e800000|  0%| F|  |TAMS 0x000000072e600000, 0x000000072e600000| Untracked 
| 372|0x000000072e800000, 0x000000072e800000, 0x000000072ea00000|  0%| F|  |TAMS 0x000000072e800000, 0x000000072e800000| Untracked 
| 373|0x000000072ea00000, 0x000000072ea00000, 0x000000072ec00000|  0%| F|  |TAMS 0x000000072ea00000, 0x000000072ea00000| Untracked 
| 374|0x000000072ec00000, 0x000000072ec00000, 0x000000072ee00000|  0%| F|  |TAMS 0x000000072ec00000, 0x000000072ec00000| Untracked 
| 375|0x000000072ee00000, 0x000000072ee00000, 0x000000072f000000|  0%| F|  |TAMS 0x000000072ee00000, 0x000000072ee00000| Untracked 
| 376|0x000000072f000000, 0x000000072f000000, 0x000000072f200000|  0%| F|  |TAMS 0x000000072f000000, 0x000000072f000000| Untracked 
| 377|0x000000072f200000, 0x000000072f200000, 0x000000072f400000|  0%| F|  |TAMS 0x000000072f200000, 0x000000072f200000| Untracked 
| 378|0x000000072f400000, 0x000000072f400000, 0x000000072f600000|  0%| F|  |TAMS 0x000000072f400000, 0x000000072f400000| Untracked 
| 379|0x000000072f600000, 0x000000072f600000, 0x000000072f800000|  0%| F|  |TAMS 0x000000072f600000, 0x000000072f600000| Untracked 
| 380|0x000000072f800000, 0x000000072f800000, 0x000000072fa00000|  0%| F|  |TAMS 0x000000072f800000, 0x000000072f800000| Untracked 
| 381|0x000000072fa00000, 0x000000072fa00000, 0x000000072fc00000|  0%| F|  |TAMS 0x000000072fa00000, 0x000000072fa00000| Untracked 
| 382|0x000000072fc00000, 0x000000072fc00000, 0x000000072fe00000|  0%| F|  |TAMS 0x000000072fc00000, 0x000000072fc00000| Untracked 
| 383|0x000000072fe00000, 0x000000072fe00000, 0x0000000730000000|  0%| F|  |TAMS 0x000000072fe00000, 0x000000072fe00000| Untracked 
| 384|0x0000000730000000, 0x0000000730000000, 0x0000000730200000|  0%| F|  |TAMS 0x0000000730000000, 0x0000000730000000| Untracked 
| 385|0x0000000730200000, 0x0000000730200000, 0x0000000730400000|  0%| F|  |TAMS 0x0000000730200000, 0x0000000730200000| Untracked 
| 386|0x0000000730400000, 0x0000000730400000, 0x0000000730600000|  0%| F|  |TAMS 0x0000000730400000, 0x0000000730400000| Untracked 
| 387|0x0000000730600000, 0x0000000730600000, 0x0000000730800000|  0%| F|  |TAMS 0x0000000730600000, 0x0000000730600000| Untracked 
| 388|0x0000000730800000, 0x0000000730800000, 0x0000000730a00000|  0%| F|  |TAMS 0x0000000730800000, 0x0000000730800000| Untracked 
| 389|0x0000000730a00000, 0x0000000730a00000, 0x0000000730c00000|  0%| F|  |TAMS 0x0000000730a00000, 0x0000000730a00000| Untracked 
| 390|0x0000000730c00000, 0x0000000730c00000, 0x0000000730e00000|  0%| F|  |TAMS 0x0000000730c00000, 0x0000000730c00000| Untracked 
| 391|0x0000000730e00000, 0x0000000730e00000, 0x0000000731000000|  0%| F|  |TAMS 0x0000000730e00000, 0x0000000730e00000| Untracked 
| 392|0x0000000731000000, 0x0000000731000000, 0x0000000731200000|  0%| F|  |TAMS 0x0000000731000000, 0x0000000731000000| Untracked 
| 393|0x0000000731200000, 0x0000000731200000, 0x0000000731400000|  0%| F|  |TAMS 0x0000000731200000, 0x0000000731200000| Untracked 
| 394|0x0000000731400000, 0x0000000731400000, 0x0000000731600000|  0%| F|  |TAMS 0x0000000731400000, 0x0000000731400000| Untracked 
| 395|0x0000000731600000, 0x0000000731600000, 0x0000000731800000|  0%| F|  |TAMS 0x0000000731600000, 0x0000000731600000| Untracked 
| 396|0x0000000731800000, 0x0000000731800000, 0x0000000731a00000|  0%| F|  |TAMS 0x0000000731800000, 0x0000000731800000| Untracked 
| 397|0x0000000731a00000, 0x0000000731a00000, 0x0000000731c00000|  0%| F|  |TAMS 0x0000000731a00000, 0x0000000731a00000| Untracked 
| 398|0x0000000731c00000, 0x0000000731c00000, 0x0000000731e00000|  0%| F|  |TAMS 0x0000000731c00000, 0x0000000731c00000| Untracked 
| 399|0x0000000731e00000, 0x0000000731e00000, 0x0000000732000000|  0%| F|  |TAMS 0x0000000731e00000, 0x0000000731e00000| Untracked 
| 400|0x0000000732000000, 0x0000000732000000, 0x0000000732200000|  0%| F|  |TAMS 0x0000000732000000, 0x0000000732000000| Untracked 
| 401|0x0000000732200000, 0x0000000732200000, 0x0000000732400000|  0%| F|  |TAMS 0x0000000732200000, 0x0000000732200000| Untracked 
| 402|0x0000000732400000, 0x0000000732400000, 0x0000000732600000|  0%| F|  |TAMS 0x0000000732400000, 0x0000000732400000| Untracked 
| 403|0x0000000732600000, 0x0000000732600000, 0x0000000732800000|  0%| F|  |TAMS 0x0000000732600000, 0x0000000732600000| Untracked 
| 404|0x0000000732800000, 0x0000000732800000, 0x0000000732a00000|  0%| F|  |TAMS 0x0000000732800000, 0x0000000732800000| Untracked 
| 405|0x0000000732a00000, 0x0000000732a00000, 0x0000000732c00000|  0%| F|  |TAMS 0x0000000732a00000, 0x0000000732a00000| Untracked 
| 406|0x0000000732c00000, 0x0000000732c00000, 0x0000000732e00000|  0%| F|  |TAMS 0x0000000732c00000, 0x0000000732c00000| Untracked 
| 407|0x0000000732e00000, 0x0000000732e00000, 0x0000000733000000|  0%| F|  |TAMS 0x0000000732e00000, 0x0000000732e00000| Untracked 
| 408|0x0000000733000000, 0x0000000733000000, 0x0000000733200000|  0%| F|  |TAMS 0x0000000733000000, 0x0000000733000000| Untracked 
| 409|0x0000000733200000, 0x0000000733200000, 0x0000000733400000|  0%| F|  |TAMS 0x0000000733200000, 0x0000000733200000| Untracked 
| 410|0x0000000733400000, 0x0000000733400000, 0x0000000733600000|  0%| F|  |TAMS 0x0000000733400000, 0x0000000733400000| Untracked 
| 411|0x0000000733600000, 0x0000000733600000, 0x0000000733800000|  0%| F|  |TAMS 0x0000000733600000, 0x0000000733600000| Untracked 
| 412|0x0000000733800000, 0x0000000733800000, 0x0000000733a00000|  0%| F|  |TAMS 0x0000000733800000, 0x0000000733800000| Untracked 
| 413|0x0000000733a00000, 0x0000000733a00000, 0x0000000733c00000|  0%| F|  |TAMS 0x0000000733a00000, 0x0000000733a00000| Untracked 
| 414|0x0000000733c00000, 0x0000000733c00000, 0x0000000733e00000|  0%| F|  |TAMS 0x0000000733c00000, 0x0000000733c00000| Untracked 
| 415|0x0000000733e00000, 0x0000000733e00000, 0x0000000734000000|  0%| F|  |TAMS 0x0000000733e00000, 0x0000000733e00000| Untracked 
| 416|0x0000000734000000, 0x0000000734000000, 0x0000000734200000|  0%| F|  |TAMS 0x0000000734000000, 0x0000000734000000| Untracked 
| 417|0x0000000734200000, 0x0000000734200000, 0x0000000734400000|  0%| F|  |TAMS 0x0000000734200000, 0x0000000734200000| Untracked 
| 418|0x0000000734400000, 0x0000000734400000, 0x0000000734600000|  0%| F|  |TAMS 0x0000000734400000, 0x0000000734400000| Untracked 
| 419|0x0000000734600000, 0x0000000734600000, 0x0000000734800000|  0%| F|  |TAMS 0x0000000734600000, 0x0000000734600000| Untracked 
| 420|0x0000000734800000, 0x0000000734800000, 0x0000000734a00000|  0%| F|  |TAMS 0x0000000734800000, 0x0000000734800000| Untracked 
| 421|0x0000000734a00000, 0x0000000734a00000, 0x0000000734c00000|  0%| F|  |TAMS 0x0000000734a00000, 0x0000000734a00000| Untracked 
| 422|0x0000000734c00000, 0x0000000734c00000, 0x0000000734e00000|  0%| F|  |TAMS 0x0000000734c00000, 0x0000000734c00000| Untracked 
| 423|0x0000000734e00000, 0x0000000734e00000, 0x0000000735000000|  0%| F|  |TAMS 0x0000000734e00000, 0x0000000734e00000| Untracked 
| 424|0x0000000735000000, 0x0000000735000000, 0x0000000735200000|  0%| F|  |TAMS 0x0000000735000000, 0x0000000735000000| Untracked 
| 425|0x0000000735200000, 0x0000000735200000, 0x0000000735400000|  0%| F|  |TAMS 0x0000000735200000, 0x0000000735200000| Untracked 
| 426|0x0000000735400000, 0x0000000735400000, 0x0000000735600000|  0%| F|  |TAMS 0x0000000735400000, 0x0000000735400000| Untracked 
| 427|0x0000000735600000, 0x0000000735600000, 0x0000000735800000|  0%| F|  |TAMS 0x0000000735600000, 0x0000000735600000| Untracked 
| 428|0x0000000735800000, 0x0000000735800000, 0x0000000735a00000|  0%| F|  |TAMS 0x0000000735800000, 0x0000000735800000| Untracked 
| 429|0x0000000735a00000, 0x0000000735a00000, 0x0000000735c00000|  0%| F|  |TAMS 0x0000000735a00000, 0x0000000735a00000| Untracked 
| 430|0x0000000735c00000, 0x0000000735c00000, 0x0000000735e00000|  0%| F|  |TAMS 0x0000000735c00000, 0x0000000735c00000| Untracked 
| 431|0x0000000735e00000, 0x0000000735e00000, 0x0000000736000000|  0%| F|  |TAMS 0x0000000735e00000, 0x0000000735e00000| Untracked 
| 432|0x0000000736000000, 0x0000000736000000, 0x0000000736200000|  0%| F|  |TAMS 0x0000000736000000, 0x0000000736000000| Untracked 
| 433|0x0000000736200000, 0x0000000736200000, 0x0000000736400000|  0%| F|  |TAMS 0x0000000736200000, 0x0000000736200000| Untracked 
| 434|0x0000000736400000, 0x0000000736400000, 0x0000000736600000|  0%| F|  |TAMS 0x0000000736400000, 0x0000000736400000| Untracked 
| 435|0x0000000736600000, 0x0000000736600000, 0x0000000736800000|  0%| F|  |TAMS 0x0000000736600000, 0x0000000736600000| Untracked 
| 436|0x0000000736800000, 0x0000000736800000, 0x0000000736a00000|  0%| F|  |TAMS 0x0000000736800000, 0x0000000736800000| Untracked 
| 437|0x0000000736a00000, 0x0000000736a00000, 0x0000000736c00000|  0%| F|  |TAMS 0x0000000736a00000, 0x0000000736a00000| Untracked 
| 438|0x0000000736c00000, 0x0000000736c00000, 0x0000000736e00000|  0%| F|  |TAMS 0x0000000736c00000, 0x0000000736c00000| Untracked 
| 439|0x0000000736e00000, 0x0000000736e00000, 0x0000000737000000|  0%| F|  |TAMS 0x0000000736e00000, 0x0000000736e00000| Untracked 
| 440|0x0000000737000000, 0x0000000737000000, 0x0000000737200000|  0%| F|  |TAMS 0x0000000737000000, 0x0000000737000000| Untracked 
| 441|0x0000000737200000, 0x0000000737200000, 0x0000000737400000|  0%| F|  |TAMS 0x0000000737200000, 0x0000000737200000| Untracked 
| 442|0x0000000737400000, 0x0000000737400000, 0x0000000737600000|  0%| F|  |TAMS 0x0000000737400000, 0x0000000737400000| Untracked 
| 443|0x0000000737600000, 0x0000000737600000, 0x0000000737800000|  0%| F|  |TAMS 0x0000000737600000, 0x0000000737600000| Untracked 
| 444|0x0000000737800000, 0x0000000737800000, 0x0000000737a00000|  0%| F|  |TAMS 0x0000000737800000, 0x0000000737800000| Untracked 
| 445|0x0000000737a00000, 0x0000000737a00000, 0x0000000737c00000|  0%| F|  |TAMS 0x0000000737a00000, 0x0000000737a00000| Untracked 
| 446|0x0000000737c00000, 0x0000000737c00000, 0x0000000737e00000|  0%| F|  |TAMS 0x0000000737c00000, 0x0000000737c00000| Untracked 
| 447|0x0000000737e00000, 0x0000000737e00000, 0x0000000738000000|  0%| F|  |TAMS 0x0000000737e00000, 0x0000000737e00000| Untracked 
| 448|0x0000000738000000, 0x0000000738000000, 0x0000000738200000|  0%| F|  |TAMS 0x0000000738000000, 0x0000000738000000| Untracked 
| 449|0x0000000738200000, 0x0000000738200000, 0x0000000738400000|  0%| F|  |TAMS 0x0000000738200000, 0x0000000738200000| Untracked 
| 450|0x0000000738400000, 0x0000000738400000, 0x0000000738600000|  0%| F|  |TAMS 0x0000000738400000, 0x0000000738400000| Untracked 
| 451|0x0000000738600000, 0x0000000738600000, 0x0000000738800000|  0%| F|  |TAMS 0x0000000738600000, 0x0000000738600000| Untracked 
| 452|0x0000000738800000, 0x0000000738800000, 0x0000000738a00000|  0%| F|  |TAMS 0x0000000738800000, 0x0000000738800000| Untracked 
| 453|0x0000000738a00000, 0x0000000738a00000, 0x0000000738c00000|  0%| F|  |TAMS 0x0000000738a00000, 0x0000000738a00000| Untracked 
| 454|0x0000000738c00000, 0x0000000738c00000, 0x0000000738e00000|  0%| F|  |TAMS 0x0000000738c00000, 0x0000000738c00000| Untracked 
| 455|0x0000000738e00000, 0x0000000738e00000, 0x0000000739000000|  0%| F|  |TAMS 0x0000000738e00000, 0x0000000738e00000| Untracked 
| 456|0x0000000739000000, 0x0000000739000000, 0x0000000739200000|  0%| F|  |TAMS 0x0000000739000000, 0x0000000739000000| Untracked 
| 457|0x0000000739200000, 0x0000000739200000, 0x0000000739400000|  0%| F|  |TAMS 0x0000000739200000, 0x0000000739200000| Untracked 
| 458|0x0000000739400000, 0x0000000739400000, 0x0000000739600000|  0%| F|  |TAMS 0x0000000739400000, 0x0000000739400000| Untracked 
| 459|0x0000000739600000, 0x0000000739600000, 0x0000000739800000|  0%| F|  |TAMS 0x0000000739600000, 0x0000000739600000| Untracked 
| 460|0x0000000739800000, 0x0000000739800000, 0x0000000739a00000|  0%| F|  |TAMS 0x0000000739800000, 0x0000000739800000| Untracked 
| 461|0x0000000739a00000, 0x0000000739a00000, 0x0000000739c00000|  0%| F|  |TAMS 0x0000000739a00000, 0x0000000739a00000| Untracked 
| 462|0x0000000739c00000, 0x0000000739c00000, 0x0000000739e00000|  0%| F|  |TAMS 0x0000000739c00000, 0x0000000739c00000| Untracked 
| 463|0x0000000739e00000, 0x0000000739e00000, 0x000000073a000000|  0%| F|  |TAMS 0x0000000739e00000, 0x0000000739e00000| Untracked 
| 464|0x000000073a000000, 0x000000073a000000, 0x000000073a200000|  0%| F|  |TAMS 0x000000073a000000, 0x000000073a000000| Untracked 
| 465|0x000000073a200000, 0x000000073a200000, 0x000000073a400000|  0%| F|  |TAMS 0x000000073a200000, 0x000000073a200000| Untracked 
| 466|0x000000073a400000, 0x000000073a400000, 0x000000073a600000|  0%| F|  |TAMS 0x000000073a400000, 0x000000073a400000| Untracked 
| 467|0x000000073a600000, 0x000000073a600000, 0x000000073a800000|  0%| F|  |TAMS 0x000000073a600000, 0x000000073a600000| Untracked 
| 468|0x000000073a800000, 0x000000073a800000, 0x000000073aa00000|  0%| F|  |TAMS 0x000000073a800000, 0x000000073a800000| Untracked 
| 469|0x000000073aa00000, 0x000000073aa00000, 0x000000073ac00000|  0%| F|  |TAMS 0x000000073aa00000, 0x000000073aa00000| Untracked 
| 470|0x000000073ac00000, 0x000000073ac00000, 0x000000073ae00000|  0%| F|  |TAMS 0x000000073ac00000, 0x000000073ac00000| Untracked 
| 471|0x000000073ae00000, 0x000000073ae00000, 0x000000073b000000|  0%| F|  |TAMS 0x000000073ae00000, 0x000000073ae00000| Untracked 
| 472|0x000000073b000000, 0x000000073b000000, 0x000000073b200000|  0%| F|  |TAMS 0x000000073b000000, 0x000000073b000000| Untracked 
| 473|0x000000073b200000, 0x000000073b200000, 0x000000073b400000|  0%| F|  |TAMS 0x000000073b200000, 0x000000073b200000| Untracked 
| 474|0x000000073b400000, 0x000000073b400000, 0x000000073b600000|  0%| F|  |TAMS 0x000000073b400000, 0x000000073b400000| Untracked 
| 475|0x000000073b600000, 0x000000073b600000, 0x000000073b800000|  0%| F|  |TAMS 0x000000073b600000, 0x000000073b600000| Untracked 
| 476|0x000000073b800000, 0x000000073b800000, 0x000000073ba00000|  0%| F|  |TAMS 0x000000073b800000, 0x000000073b800000| Untracked 
| 477|0x000000073ba00000, 0x000000073ba00000, 0x000000073bc00000|  0%| F|  |TAMS 0x000000073ba00000, 0x000000073ba00000| Untracked 
| 478|0x000000073bc00000, 0x000000073bc00000, 0x000000073be00000|  0%| F|  |TAMS 0x000000073bc00000, 0x000000073bc00000| Untracked 
| 479|0x000000073be00000, 0x000000073be00000, 0x000000073c000000|  0%| F|  |TAMS 0x000000073be00000, 0x000000073be00000| Untracked 
| 480|0x000000073c000000, 0x000000073c000000, 0x000000073c200000|  0%| F|  |TAMS 0x000000073c000000, 0x000000073c000000| Untracked 
| 481|0x000000073c200000, 0x000000073c200000, 0x000000073c400000|  0%| F|  |TAMS 0x000000073c200000, 0x000000073c200000| Untracked 
| 482|0x000000073c400000, 0x000000073c400000, 0x000000073c600000|  0%| F|  |TAMS 0x000000073c400000, 0x000000073c400000| Untracked 
| 483|0x000000073c600000, 0x000000073c600000, 0x000000073c800000|  0%| F|  |TAMS 0x000000073c600000, 0x000000073c600000| Untracked 
| 484|0x000000073c800000, 0x000000073c800000, 0x000000073ca00000|  0%| F|  |TAMS 0x000000073c800000, 0x000000073c800000| Untracked 
| 485|0x000000073ca00000, 0x000000073ca00000, 0x000000073cc00000|  0%| F|  |TAMS 0x000000073ca00000, 0x000000073ca00000| Untracked 
| 486|0x000000073cc00000, 0x000000073cc00000, 0x000000073ce00000|  0%| F|  |TAMS 0x000000073cc00000, 0x000000073cc00000| Untracked 
| 487|0x000000073ce00000, 0x000000073ce00000, 0x000000073d000000|  0%| F|  |TAMS 0x000000073ce00000, 0x000000073ce00000| Untracked 
| 488|0x000000073d000000, 0x000000073d000000, 0x000000073d200000|  0%| F|  |TAMS 0x000000073d000000, 0x000000073d000000| Untracked 
| 489|0x000000073d200000, 0x000000073d200000, 0x000000073d400000|  0%| F|  |TAMS 0x000000073d200000, 0x000000073d200000| Untracked 
| 490|0x000000073d400000, 0x000000073d400000, 0x000000073d600000|  0%| F|  |TAMS 0x000000073d400000, 0x000000073d400000| Untracked 
| 491|0x000000073d600000, 0x000000073d600000, 0x000000073d800000|  0%| F|  |TAMS 0x000000073d600000, 0x000000073d600000| Untracked 
| 492|0x000000073d800000, 0x000000073d800000, 0x000000073da00000|  0%| F|  |TAMS 0x000000073d800000, 0x000000073d800000| Untracked 
| 493|0x000000073da00000, 0x000000073da00000, 0x000000073dc00000|  0%| F|  |TAMS 0x000000073da00000, 0x000000073da00000| Untracked 
| 494|0x000000073dc00000, 0x000000073dc00000, 0x000000073de00000|  0%| F|  |TAMS 0x000000073dc00000, 0x000000073dc00000| Untracked 
| 495|0x000000073de00000, 0x000000073de00000, 0x000000073e000000|  0%| F|  |TAMS 0x000000073de00000, 0x000000073de00000| Untracked 
| 496|0x000000073e000000, 0x000000073e000000, 0x000000073e200000|  0%| F|  |TAMS 0x000000073e000000, 0x000000073e000000| Untracked 
| 497|0x000000073e200000, 0x000000073e200000, 0x000000073e400000|  0%| F|  |TAMS 0x000000073e200000, 0x000000073e200000| Untracked 
| 498|0x000000073e400000, 0x000000073e400000, 0x000000073e600000|  0%| F|  |TAMS 0x000000073e400000, 0x000000073e400000| Untracked 
| 499|0x000000073e600000, 0x000000073e600000, 0x000000073e800000|  0%| F|  |TAMS 0x000000073e600000, 0x000000073e600000| Untracked 
| 500|0x000000073e800000, 0x000000073e800000, 0x000000073ea00000|  0%| F|  |TAMS 0x000000073e800000, 0x000000073e800000| Untracked 
| 501|0x000000073ea00000, 0x000000073ea00000, 0x000000073ec00000|  0%| F|  |TAMS 0x000000073ea00000, 0x000000073ea00000| Untracked 
| 502|0x000000073ec00000, 0x000000073ec00000, 0x000000073ee00000|  0%| F|  |TAMS 0x000000073ec00000, 0x000000073ec00000| Untracked 
| 503|0x000000073ee00000, 0x000000073ee00000, 0x000000073f000000|  0%| F|  |TAMS 0x000000073ee00000, 0x000000073ee00000| Untracked 
| 504|0x000000073f000000, 0x000000073f000000, 0x000000073f200000|  0%| F|  |TAMS 0x000000073f000000, 0x000000073f000000| Untracked 
| 505|0x000000073f200000, 0x000000073f200000, 0x000000073f400000|  0%| F|  |TAMS 0x000000073f200000, 0x000000073f200000| Untracked 
| 506|0x000000073f400000, 0x000000073f400000, 0x000000073f600000|  0%| F|  |TAMS 0x000000073f400000, 0x000000073f400000| Untracked 
| 507|0x000000073f600000, 0x000000073f600000, 0x000000073f800000|  0%| F|  |TAMS 0x000000073f600000, 0x000000073f600000| Untracked 
| 508|0x000000073f800000, 0x000000073f800000, 0x000000073fa00000|  0%| F|  |TAMS 0x000000073f800000, 0x000000073f800000| Untracked 
| 509|0x000000073fa00000, 0x000000073fa00000, 0x000000073fc00000|  0%| F|  |TAMS 0x000000073fa00000, 0x000000073fa00000| Untracked 
| 510|0x000000073fc00000, 0x000000073fc00000, 0x000000073fe00000|  0%| F|  |TAMS 0x000000073fc00000, 0x000000073fc00000| Untracked 
| 511|0x000000073fe00000, 0x000000073fe00000, 0x0000000740000000|  0%| F|  |TAMS 0x000000073fe00000, 0x000000073fe00000| Untracked 
| 512|0x0000000740000000, 0x0000000740000000, 0x0000000740200000|  0%| F|  |TAMS 0x0000000740000000, 0x0000000740000000| Untracked 
| 513|0x0000000740200000, 0x0000000740200000, 0x0000000740400000|  0%| F|  |TAMS 0x0000000740200000, 0x0000000740200000| Untracked 
| 514|0x0000000740400000, 0x0000000740400000, 0x0000000740600000|  0%| F|  |TAMS 0x0000000740400000, 0x0000000740400000| Untracked 
| 515|0x0000000740600000, 0x0000000740600000, 0x0000000740800000|  0%| F|  |TAMS 0x0000000740600000, 0x0000000740600000| Untracked 
| 516|0x0000000740800000, 0x0000000740800000, 0x0000000740a00000|  0%| F|  |TAMS 0x0000000740800000, 0x0000000740800000| Untracked 
| 517|0x0000000740a00000, 0x0000000740a00000, 0x0000000740c00000|  0%| F|  |TAMS 0x0000000740a00000, 0x0000000740a00000| Untracked 
| 518|0x0000000740c00000, 0x0000000740c00000, 0x0000000740e00000|  0%| F|  |TAMS 0x0000000740c00000, 0x0000000740c00000| Untracked 
| 519|0x0000000740e00000, 0x0000000740e00000, 0x0000000741000000|  0%| F|  |TAMS 0x0000000740e00000, 0x0000000740e00000| Untracked 
| 520|0x0000000741000000, 0x0000000741000000, 0x0000000741200000|  0%| F|  |TAMS 0x0000000741000000, 0x0000000741000000| Untracked 
| 521|0x0000000741200000, 0x0000000741200000, 0x0000000741400000|  0%| F|  |TAMS 0x0000000741200000, 0x0000000741200000| Untracked 
| 522|0x0000000741400000, 0x0000000741400000, 0x0000000741600000|  0%| F|  |TAMS 0x0000000741400000, 0x0000000741400000| Untracked 
| 523|0x0000000741600000, 0x0000000741600000, 0x0000000741800000|  0%| F|  |TAMS 0x0000000741600000, 0x0000000741600000| Untracked 
| 524|0x0000000741800000, 0x0000000741800000, 0x0000000741a00000|  0%| F|  |TAMS 0x0000000741800000, 0x0000000741800000| Untracked 
| 525|0x0000000741a00000, 0x0000000741a00000, 0x0000000741c00000|  0%| F|  |TAMS 0x0000000741a00000, 0x0000000741a00000| Untracked 
| 526|0x0000000741c00000, 0x0000000741c00000, 0x0000000741e00000|  0%| F|  |TAMS 0x0000000741c00000, 0x0000000741c00000| Untracked 
| 527|0x0000000741e00000, 0x0000000741e00000, 0x0000000742000000|  0%| F|  |TAMS 0x0000000741e00000, 0x0000000741e00000| Untracked 
| 528|0x0000000742000000, 0x0000000742000000, 0x0000000742200000|  0%| F|  |TAMS 0x0000000742000000, 0x0000000742000000| Untracked 
| 529|0x0000000742200000, 0x0000000742200000, 0x0000000742400000|  0%| F|  |TAMS 0x0000000742200000, 0x0000000742200000| Untracked 
| 530|0x0000000742400000, 0x0000000742400000, 0x0000000742600000|  0%| F|  |TAMS 0x0000000742400000, 0x0000000742400000| Untracked 
| 531|0x0000000742600000, 0x0000000742600000, 0x0000000742800000|  0%| F|  |TAMS 0x0000000742600000, 0x0000000742600000| Untracked 
| 532|0x0000000742800000, 0x0000000742800000, 0x0000000742a00000|  0%| F|  |TAMS 0x0000000742800000, 0x0000000742800000| Untracked 
| 533|0x0000000742a00000, 0x0000000742a00000, 0x0000000742c00000|  0%| F|  |TAMS 0x0000000742a00000, 0x0000000742a00000| Untracked 
| 534|0x0000000742c00000, 0x0000000742c00000, 0x0000000742e00000|  0%| F|  |TAMS 0x0000000742c00000, 0x0000000742c00000| Untracked 
| 535|0x0000000742e00000, 0x0000000742e00000, 0x0000000743000000|  0%| F|  |TAMS 0x0000000742e00000, 0x0000000742e00000| Untracked 
| 536|0x0000000743000000, 0x0000000743000000, 0x0000000743200000|  0%| F|  |TAMS 0x0000000743000000, 0x0000000743000000| Untracked 
| 537|0x0000000743200000, 0x0000000743200000, 0x0000000743400000|  0%| F|  |TAMS 0x0000000743200000, 0x0000000743200000| Untracked 
| 538|0x0000000743400000, 0x0000000743400000, 0x0000000743600000|  0%| F|  |TAMS 0x0000000743400000, 0x0000000743400000| Untracked 
| 539|0x0000000743600000, 0x0000000743600000, 0x0000000743800000|  0%| F|  |TAMS 0x0000000743600000, 0x0000000743600000| Untracked 
| 540|0x0000000743800000, 0x0000000743800000, 0x0000000743a00000|  0%| F|  |TAMS 0x0000000743800000, 0x0000000743800000| Untracked 
| 541|0x0000000743a00000, 0x0000000743a00000, 0x0000000743c00000|  0%| F|  |TAMS 0x0000000743a00000, 0x0000000743a00000| Untracked 
| 542|0x0000000743c00000, 0x0000000743c00000, 0x0000000743e00000|  0%| F|  |TAMS 0x0000000743c00000, 0x0000000743c00000| Untracked 
| 543|0x0000000743e00000, 0x0000000743e00000, 0x0000000744000000|  0%| F|  |TAMS 0x0000000743e00000, 0x0000000743e00000| Untracked 
| 544|0x0000000744000000, 0x0000000744000000, 0x0000000744200000|  0%| F|  |TAMS 0x0000000744000000, 0x0000000744000000| Untracked 
| 545|0x0000000744200000, 0x0000000744200000, 0x0000000744400000|  0%| F|  |TAMS 0x0000000744200000, 0x0000000744200000| Untracked 
| 546|0x0000000744400000, 0x0000000744400000, 0x0000000744600000|  0%| F|  |TAMS 0x0000000744400000, 0x0000000744400000| Untracked 
| 547|0x0000000744600000, 0x0000000744600000, 0x0000000744800000|  0%| F|  |TAMS 0x0000000744600000, 0x0000000744600000| Untracked 
| 548|0x0000000744800000, 0x0000000744800000, 0x0000000744a00000|  0%| F|  |TAMS 0x0000000744800000, 0x0000000744800000| Untracked 
| 549|0x0000000744a00000, 0x0000000744a00000, 0x0000000744c00000|  0%| F|  |TAMS 0x0000000744a00000, 0x0000000744a00000| Untracked 
| 550|0x0000000744c00000, 0x0000000744c00000, 0x0000000744e00000|  0%| F|  |TAMS 0x0000000744c00000, 0x0000000744c00000| Untracked 
| 551|0x0000000744e00000, 0x0000000744e00000, 0x0000000745000000|  0%| F|  |TAMS 0x0000000744e00000, 0x0000000744e00000| Untracked 
| 552|0x0000000745000000, 0x0000000745000000, 0x0000000745200000|  0%| F|  |TAMS 0x0000000745000000, 0x0000000745000000| Untracked 
| 553|0x0000000745200000, 0x0000000745200000, 0x0000000745400000|  0%| F|  |TAMS 0x0000000745200000, 0x0000000745200000| Untracked 
| 554|0x0000000745400000, 0x0000000745400000, 0x0000000745600000|  0%| F|  |TAMS 0x0000000745400000, 0x0000000745400000| Untracked 
| 555|0x0000000745600000, 0x0000000745600000, 0x0000000745800000|  0%| F|  |TAMS 0x0000000745600000, 0x0000000745600000| Untracked 
| 556|0x0000000745800000, 0x0000000745800000, 0x0000000745a00000|  0%| F|  |TAMS 0x0000000745800000, 0x0000000745800000| Untracked 
| 557|0x0000000745a00000, 0x0000000745a00000, 0x0000000745c00000|  0%| F|  |TAMS 0x0000000745a00000, 0x0000000745a00000| Untracked 
| 558|0x0000000745c00000, 0x0000000745c00000, 0x0000000745e00000|  0%| F|  |TAMS 0x0000000745c00000, 0x0000000745c00000| Untracked 
| 559|0x0000000745e00000, 0x0000000745e00000, 0x0000000746000000|  0%| F|  |TAMS 0x0000000745e00000, 0x0000000745e00000| Untracked 
| 560|0x0000000746000000, 0x0000000746000000, 0x0000000746200000|  0%| F|  |TAMS 0x0000000746000000, 0x0000000746000000| Untracked 
| 561|0x0000000746200000, 0x0000000746200000, 0x0000000746400000|  0%| F|  |TAMS 0x0000000746200000, 0x0000000746200000| Untracked 
| 562|0x0000000746400000, 0x0000000746400000, 0x0000000746600000|  0%| F|  |TAMS 0x0000000746400000, 0x0000000746400000| Untracked 
| 563|0x0000000746600000, 0x0000000746600000, 0x0000000746800000|  0%| F|  |TAMS 0x0000000746600000, 0x0000000746600000| Untracked 
| 564|0x0000000746800000, 0x0000000746800000, 0x0000000746a00000|  0%| F|  |TAMS 0x0000000746800000, 0x0000000746800000| Untracked 
| 565|0x0000000746a00000, 0x0000000746a00000, 0x0000000746c00000|  0%| F|  |TAMS 0x0000000746a00000, 0x0000000746a00000| Untracked 
| 566|0x0000000746c00000, 0x0000000746c00000, 0x0000000746e00000|  0%| F|  |TAMS 0x0000000746c00000, 0x0000000746c00000| Untracked 
| 567|0x0000000746e00000, 0x0000000746e00000, 0x0000000747000000|  0%| F|  |TAMS 0x0000000746e00000, 0x0000000746e00000| Untracked 
| 568|0x0000000747000000, 0x0000000747000000, 0x0000000747200000|  0%| F|  |TAMS 0x0000000747000000, 0x0000000747000000| Untracked 
| 569|0x0000000747200000, 0x0000000747200000, 0x0000000747400000|  0%| F|  |TAMS 0x0000000747200000, 0x0000000747200000| Untracked 
| 570|0x0000000747400000, 0x0000000747400000, 0x0000000747600000|  0%| F|  |TAMS 0x0000000747400000, 0x0000000747400000| Untracked 
| 571|0x0000000747600000, 0x0000000747600000, 0x0000000747800000|  0%| F|  |TAMS 0x0000000747600000, 0x0000000747600000| Untracked 
| 572|0x0000000747800000, 0x0000000747800000, 0x0000000747a00000|  0%| F|  |TAMS 0x0000000747800000, 0x0000000747800000| Untracked 
| 573|0x0000000747a00000, 0x0000000747a00000, 0x0000000747c00000|  0%| F|  |TAMS 0x0000000747a00000, 0x0000000747a00000| Untracked 
| 574|0x0000000747c00000, 0x0000000747c00000, 0x0000000747e00000|  0%| F|  |TAMS 0x0000000747c00000, 0x0000000747c00000| Untracked 
| 575|0x0000000747e00000, 0x0000000747e00000, 0x0000000748000000|  0%| F|  |TAMS 0x0000000747e00000, 0x0000000747e00000| Untracked 
| 576|0x0000000748000000, 0x0000000748000000, 0x0000000748200000|  0%| F|  |TAMS 0x0000000748000000, 0x0000000748000000| Untracked 
| 577|0x0000000748200000, 0x0000000748200000, 0x0000000748400000|  0%| F|  |TAMS 0x0000000748200000, 0x0000000748200000| Untracked 
| 578|0x0000000748400000, 0x0000000748400000, 0x0000000748600000|  0%| F|  |TAMS 0x0000000748400000, 0x0000000748400000| Untracked 
| 579|0x0000000748600000, 0x0000000748600000, 0x0000000748800000|  0%| F|  |TAMS 0x0000000748600000, 0x0000000748600000| Untracked 
| 580|0x0000000748800000, 0x0000000748800000, 0x0000000748a00000|  0%| F|  |TAMS 0x0000000748800000, 0x0000000748800000| Untracked 
| 581|0x0000000748a00000, 0x0000000748a00000, 0x0000000748c00000|  0%| F|  |TAMS 0x0000000748a00000, 0x0000000748a00000| Untracked 
| 582|0x0000000748c00000, 0x0000000748c00000, 0x0000000748e00000|  0%| F|  |TAMS 0x0000000748c00000, 0x0000000748c00000| Untracked 
| 583|0x0000000748e00000, 0x0000000748e00000, 0x0000000749000000|  0%| F|  |TAMS 0x0000000748e00000, 0x0000000748e00000| Untracked 
| 584|0x0000000749000000, 0x0000000749000000, 0x0000000749200000|  0%| F|  |TAMS 0x0000000749000000, 0x0000000749000000| Untracked 
| 585|0x0000000749200000, 0x0000000749200000, 0x0000000749400000|  0%| F|  |TAMS 0x0000000749200000, 0x0000000749200000| Untracked 
| 586|0x0000000749400000, 0x0000000749400000, 0x0000000749600000|  0%| F|  |TAMS 0x0000000749400000, 0x0000000749400000| Untracked 
| 587|0x0000000749600000, 0x0000000749600000, 0x0000000749800000|  0%| F|  |TAMS 0x0000000749600000, 0x0000000749600000| Untracked 
| 588|0x0000000749800000, 0x0000000749800000, 0x0000000749a00000|  0%| F|  |TAMS 0x0000000749800000, 0x0000000749800000| Untracked 
| 589|0x0000000749a00000, 0x0000000749a00000, 0x0000000749c00000|  0%| F|  |TAMS 0x0000000749a00000, 0x0000000749a00000| Untracked 
| 590|0x0000000749c00000, 0x0000000749c00000, 0x0000000749e00000|  0%| F|  |TAMS 0x0000000749c00000, 0x0000000749c00000| Untracked 
| 591|0x0000000749e00000, 0x0000000749e00000, 0x000000074a000000|  0%| F|  |TAMS 0x0000000749e00000, 0x0000000749e00000| Untracked 
| 592|0x000000074a000000, 0x000000074a000000, 0x000000074a200000|  0%| F|  |TAMS 0x000000074a000000, 0x000000074a000000| Untracked 
| 593|0x000000074a200000, 0x000000074a200000, 0x000000074a400000|  0%| F|  |TAMS 0x000000074a200000, 0x000000074a200000| Untracked 
| 594|0x000000074a400000, 0x000000074a400000, 0x000000074a600000|  0%| F|  |TAMS 0x000000074a400000, 0x000000074a400000| Untracked 
| 595|0x000000074a600000, 0x000000074a600000, 0x000000074a800000|  0%| F|  |TAMS 0x000000074a600000, 0x000000074a600000| Untracked 
| 596|0x000000074a800000, 0x000000074a800000, 0x000000074aa00000|  0%| F|  |TAMS 0x000000074a800000, 0x000000074a800000| Untracked 
| 597|0x000000074aa00000, 0x000000074aa00000, 0x000000074ac00000|  0%| F|  |TAMS 0x000000074aa00000, 0x000000074aa00000| Untracked 
| 598|0x000000074ac00000, 0x000000074ac00000, 0x000000074ae00000|  0%| F|  |TAMS 0x000000074ac00000, 0x000000074ac00000| Untracked 
| 599|0x000000074ae00000, 0x000000074ae00000, 0x000000074b000000|  0%| F|  |TAMS 0x000000074ae00000, 0x000000074ae00000| Untracked 
| 600|0x000000074b000000, 0x000000074b000000, 0x000000074b200000|  0%| F|  |TAMS 0x000000074b000000, 0x000000074b000000| Untracked 
| 601|0x000000074b200000, 0x000000074b200000, 0x000000074b400000|  0%| F|  |TAMS 0x000000074b200000, 0x000000074b200000| Untracked 
| 602|0x000000074b400000, 0x000000074b400000, 0x000000074b600000|  0%| F|  |TAMS 0x000000074b400000, 0x000000074b400000| Untracked 
| 603|0x000000074b600000, 0x000000074b600000, 0x000000074b800000|  0%| F|  |TAMS 0x000000074b600000, 0x000000074b600000| Untracked 
| 604|0x000000074b800000, 0x000000074b800000, 0x000000074ba00000|  0%| F|  |TAMS 0x000000074b800000, 0x000000074b800000| Untracked 
| 605|0x000000074ba00000, 0x000000074ba00000, 0x000000074bc00000|  0%| F|  |TAMS 0x000000074ba00000, 0x000000074ba00000| Untracked 
| 606|0x000000074bc00000, 0x000000074bc00000, 0x000000074be00000|  0%| F|  |TAMS 0x000000074bc00000, 0x000000074bc00000| Untracked 
| 607|0x000000074be00000, 0x000000074be00000, 0x000000074c000000|  0%| F|  |TAMS 0x000000074be00000, 0x000000074be00000| Untracked 
| 608|0x000000074c000000, 0x000000074c000000, 0x000000074c200000|  0%| F|  |TAMS 0x000000074c000000, 0x000000074c000000| Untracked 
| 609|0x000000074c200000, 0x000000074c200000, 0x000000074c400000|  0%| F|  |TAMS 0x000000074c200000, 0x000000074c200000| Untracked 
| 610|0x000000074c400000, 0x000000074c400000, 0x000000074c600000|  0%| F|  |TAMS 0x000000074c400000, 0x000000074c400000| Untracked 
| 611|0x000000074c600000, 0x000000074c600000, 0x000000074c800000|  0%| F|  |TAMS 0x000000074c600000, 0x000000074c600000| Untracked 
| 612|0x000000074c800000, 0x000000074c800000, 0x000000074ca00000|  0%| F|  |TAMS 0x000000074c800000, 0x000000074c800000| Untracked 
| 613|0x000000074ca00000, 0x000000074ca00000, 0x000000074cc00000|  0%| F|  |TAMS 0x000000074ca00000, 0x000000074ca00000| Untracked 
| 614|0x000000074cc00000, 0x000000074cc00000, 0x000000074ce00000|  0%| F|  |TAMS 0x000000074cc00000, 0x000000074cc00000| Untracked 
| 615|0x000000074ce00000, 0x000000074ce00000, 0x000000074d000000|  0%| F|  |TAMS 0x000000074ce00000, 0x000000074ce00000| Untracked 
| 616|0x000000074d000000, 0x000000074d000000, 0x000000074d200000|  0%| F|  |TAMS 0x000000074d000000, 0x000000074d000000| Untracked 
| 617|0x000000074d200000, 0x000000074d200000, 0x000000074d400000|  0%| F|  |TAMS 0x000000074d200000, 0x000000074d200000| Untracked 
| 618|0x000000074d400000, 0x000000074d400000, 0x000000074d600000|  0%| F|  |TAMS 0x000000074d400000, 0x000000074d400000| Untracked 
| 619|0x000000074d600000, 0x000000074d600000, 0x000000074d800000|  0%| F|  |TAMS 0x000000074d600000, 0x000000074d600000| Untracked 
| 620|0x000000074d800000, 0x000000074d800000, 0x000000074da00000|  0%| F|  |TAMS 0x000000074d800000, 0x000000074d800000| Untracked 
| 621|0x000000074da00000, 0x000000074da00000, 0x000000074dc00000|  0%| F|  |TAMS 0x000000074da00000, 0x000000074da00000| Untracked 
| 622|0x000000074dc00000, 0x000000074dc00000, 0x000000074de00000|  0%| F|  |TAMS 0x000000074dc00000, 0x000000074dc00000| Untracked 
| 623|0x000000074de00000, 0x000000074de00000, 0x000000074e000000|  0%| F|  |TAMS 0x000000074de00000, 0x000000074de00000| Untracked 
| 624|0x000000074e000000, 0x000000074e000000, 0x000000074e200000|  0%| F|  |TAMS 0x000000074e000000, 0x000000074e000000| Untracked 
| 625|0x000000074e200000, 0x000000074e200000, 0x000000074e400000|  0%| F|  |TAMS 0x000000074e200000, 0x000000074e200000| Untracked 
| 626|0x000000074e400000, 0x000000074e400000, 0x000000074e600000|  0%| F|  |TAMS 0x000000074e400000, 0x000000074e400000| Untracked 
| 627|0x000000074e600000, 0x000000074e600000, 0x000000074e800000|  0%| F|  |TAMS 0x000000074e600000, 0x000000074e600000| Untracked 
| 628|0x000000074e800000, 0x000000074e800000, 0x000000074ea00000|  0%| F|  |TAMS 0x000000074e800000, 0x000000074e800000| Untracked 
| 629|0x000000074ea00000, 0x000000074ea00000, 0x000000074ec00000|  0%| F|  |TAMS 0x000000074ea00000, 0x000000074ea00000| Untracked 
| 630|0x000000074ec00000, 0x000000074ec00000, 0x000000074ee00000|  0%| F|  |TAMS 0x000000074ec00000, 0x000000074ec00000| Untracked 
| 631|0x000000074ee00000, 0x000000074ee00000, 0x000000074f000000|  0%| F|  |TAMS 0x000000074ee00000, 0x000000074ee00000| Untracked 
| 632|0x000000074f000000, 0x000000074f000000, 0x000000074f200000|  0%| F|  |TAMS 0x000000074f000000, 0x000000074f000000| Untracked 
| 633|0x000000074f200000, 0x000000074f200000, 0x000000074f400000|  0%| F|  |TAMS 0x000000074f200000, 0x000000074f200000| Untracked 
| 634|0x000000074f400000, 0x000000074f400000, 0x000000074f600000|  0%| F|  |TAMS 0x000000074f400000, 0x000000074f400000| Untracked 
| 635|0x000000074f600000, 0x000000074f600000, 0x000000074f800000|  0%| F|  |TAMS 0x000000074f600000, 0x000000074f600000| Untracked 
| 636|0x000000074f800000, 0x000000074f800000, 0x000000074fa00000|  0%| F|  |TAMS 0x000000074f800000, 0x000000074f800000| Untracked 
| 637|0x000000074fa00000, 0x000000074fa00000, 0x000000074fc00000|  0%| F|  |TAMS 0x000000074fa00000, 0x000000074fa00000| Untracked 
| 638|0x000000074fc00000, 0x000000074fc00000, 0x000000074fe00000|  0%| F|  |TAMS 0x000000074fc00000, 0x000000074fc00000| Untracked 
| 639|0x000000074fe00000, 0x000000074fe00000, 0x0000000750000000|  0%| F|  |TAMS 0x000000074fe00000, 0x000000074fe00000| Untracked 
| 640|0x0000000750000000, 0x0000000750000000, 0x0000000750200000|  0%| F|  |TAMS 0x0000000750000000, 0x0000000750000000| Untracked 
| 641|0x0000000750200000, 0x0000000750200000, 0x0000000750400000|  0%| F|  |TAMS 0x0000000750200000, 0x0000000750200000| Untracked 
| 642|0x0000000750400000, 0x0000000750400000, 0x0000000750600000|  0%| F|  |TAMS 0x0000000750400000, 0x0000000750400000| Untracked 
| 643|0x0000000750600000, 0x0000000750600000, 0x0000000750800000|  0%| F|  |TAMS 0x0000000750600000, 0x0000000750600000| Untracked 
| 644|0x0000000750800000, 0x0000000750800000, 0x0000000750a00000|  0%| F|  |TAMS 0x0000000750800000, 0x0000000750800000| Untracked 
| 645|0x0000000750a00000, 0x0000000750a00000, 0x0000000750c00000|  0%| F|  |TAMS 0x0000000750a00000, 0x0000000750a00000| Untracked 
| 646|0x0000000750c00000, 0x0000000750c00000, 0x0000000750e00000|  0%| F|  |TAMS 0x0000000750c00000, 0x0000000750c00000| Untracked 
| 647|0x0000000750e00000, 0x0000000750e00000, 0x0000000751000000|  0%| F|  |TAMS 0x0000000750e00000, 0x0000000750e00000| Untracked 
| 648|0x0000000751000000, 0x0000000751000000, 0x0000000751200000|  0%| F|  |TAMS 0x0000000751000000, 0x0000000751000000| Untracked 
| 649|0x0000000751200000, 0x0000000751200000, 0x0000000751400000|  0%| F|  |TAMS 0x0000000751200000, 0x0000000751200000| Untracked 
| 650|0x0000000751400000, 0x0000000751400000, 0x0000000751600000|  0%| F|  |TAMS 0x0000000751400000, 0x0000000751400000| Untracked 
| 651|0x0000000751600000, 0x0000000751600000, 0x0000000751800000|  0%| F|  |TAMS 0x0000000751600000, 0x0000000751600000| Untracked 
| 652|0x0000000751800000, 0x0000000751800000, 0x0000000751a00000|  0%| F|  |TAMS 0x0000000751800000, 0x0000000751800000| Untracked 
| 653|0x0000000751a00000, 0x0000000751a00000, 0x0000000751c00000|  0%| F|  |TAMS 0x0000000751a00000, 0x0000000751a00000| Untracked 
| 654|0x0000000751c00000, 0x0000000751c00000, 0x0000000751e00000|  0%| F|  |TAMS 0x0000000751c00000, 0x0000000751c00000| Untracked 
| 655|0x0000000751e00000, 0x0000000751e00000, 0x0000000752000000|  0%| F|  |TAMS 0x0000000751e00000, 0x0000000751e00000| Untracked 
| 656|0x0000000752000000, 0x0000000752000000, 0x0000000752200000|  0%| F|  |TAMS 0x0000000752000000, 0x0000000752000000| Untracked 
| 657|0x0000000752200000, 0x0000000752200000, 0x0000000752400000|  0%| F|  |TAMS 0x0000000752200000, 0x0000000752200000| Untracked 
| 658|0x0000000752400000, 0x0000000752400000, 0x0000000752600000|  0%| F|  |TAMS 0x0000000752400000, 0x0000000752400000| Untracked 
| 659|0x0000000752600000, 0x0000000752600000, 0x0000000752800000|  0%| F|  |TAMS 0x0000000752600000, 0x0000000752600000| Untracked 
| 660|0x0000000752800000, 0x0000000752800000, 0x0000000752a00000|  0%| F|  |TAMS 0x0000000752800000, 0x0000000752800000| Untracked 
| 661|0x0000000752a00000, 0x0000000752a00000, 0x0000000752c00000|  0%| F|  |TAMS 0x0000000752a00000, 0x0000000752a00000| Untracked 
| 662|0x0000000752c00000, 0x0000000752c00000, 0x0000000752e00000|  0%| F|  |TAMS 0x0000000752c00000, 0x0000000752c00000| Untracked 
| 663|0x0000000752e00000, 0x0000000752e00000, 0x0000000753000000|  0%| F|  |TAMS 0x0000000752e00000, 0x0000000752e00000| Untracked 
| 664|0x0000000753000000, 0x0000000753000000, 0x0000000753200000|  0%| F|  |TAMS 0x0000000753000000, 0x0000000753000000| Untracked 
| 665|0x0000000753200000, 0x0000000753200000, 0x0000000753400000|  0%| F|  |TAMS 0x0000000753200000, 0x0000000753200000| Untracked 
| 666|0x0000000753400000, 0x0000000753400000, 0x0000000753600000|  0%| F|  |TAMS 0x0000000753400000, 0x0000000753400000| Untracked 
| 667|0x0000000753600000, 0x0000000753600000, 0x0000000753800000|  0%| F|  |TAMS 0x0000000753600000, 0x0000000753600000| Untracked 
| 668|0x0000000753800000, 0x0000000753800000, 0x0000000753a00000|  0%| F|  |TAMS 0x0000000753800000, 0x0000000753800000| Untracked 
| 669|0x0000000753a00000, 0x0000000753a00000, 0x0000000753c00000|  0%| F|  |TAMS 0x0000000753a00000, 0x0000000753a00000| Untracked 
| 670|0x0000000753c00000, 0x0000000753c00000, 0x0000000753e00000|  0%| F|  |TAMS 0x0000000753c00000, 0x0000000753c00000| Untracked 
| 671|0x0000000753e00000, 0x0000000753e00000, 0x0000000754000000|  0%| F|  |TAMS 0x0000000753e00000, 0x0000000753e00000| Untracked 
| 672|0x0000000754000000, 0x0000000754000000, 0x0000000754200000|  0%| F|  |TAMS 0x0000000754000000, 0x0000000754000000| Untracked 
| 673|0x0000000754200000, 0x0000000754200000, 0x0000000754400000|  0%| F|  |TAMS 0x0000000754200000, 0x0000000754200000| Untracked 
| 674|0x0000000754400000, 0x0000000754400000, 0x0000000754600000|  0%| F|  |TAMS 0x0000000754400000, 0x0000000754400000| Untracked 
| 675|0x0000000754600000, 0x0000000754600000, 0x0000000754800000|  0%| F|  |TAMS 0x0000000754600000, 0x0000000754600000| Untracked 
| 676|0x0000000754800000, 0x0000000754800000, 0x0000000754a00000|  0%| F|  |TAMS 0x0000000754800000, 0x0000000754800000| Untracked 
| 677|0x0000000754a00000, 0x0000000754a00000, 0x0000000754c00000|  0%| F|  |TAMS 0x0000000754a00000, 0x0000000754a00000| Untracked 
| 678|0x0000000754c00000, 0x0000000754c00000, 0x0000000754e00000|  0%| F|  |TAMS 0x0000000754c00000, 0x0000000754c00000| Untracked 
| 679|0x0000000754e00000, 0x0000000754e00000, 0x0000000755000000|  0%| F|  |TAMS 0x0000000754e00000, 0x0000000754e00000| Untracked 
| 680|0x0000000755000000, 0x0000000755000000, 0x0000000755200000|  0%| F|  |TAMS 0x0000000755000000, 0x0000000755000000| Untracked 
| 681|0x0000000755200000, 0x0000000755200000, 0x0000000755400000|  0%| F|  |TAMS 0x0000000755200000, 0x0000000755200000| Untracked 
| 682|0x0000000755400000, 0x0000000755400000, 0x0000000755600000|  0%| F|  |TAMS 0x0000000755400000, 0x0000000755400000| Untracked 
| 683|0x0000000755600000, 0x0000000755600000, 0x0000000755800000|  0%| F|  |TAMS 0x0000000755600000, 0x0000000755600000| Untracked 
| 684|0x0000000755800000, 0x0000000755800000, 0x0000000755a00000|  0%| F|  |TAMS 0x0000000755800000, 0x0000000755800000| Untracked 
| 685|0x0000000755a00000, 0x0000000755a00000, 0x0000000755c00000|  0%| F|  |TAMS 0x0000000755a00000, 0x0000000755a00000| Untracked 
| 686|0x0000000755c00000, 0x0000000755c00000, 0x0000000755e00000|  0%| F|  |TAMS 0x0000000755c00000, 0x0000000755c00000| Untracked 

Card table byte_map: [0x0000020d7aaf0000,0x0000020d7b2f0000] _byte_map_base: 0x0000020d772f0000

Marking Bits (Prev, Next): (CMBitMap*) 0x0000020d77fe8920, (CMBitMap*) 0x0000020d77fe8960
 Prev Bits: [0x0000020d7baf0000, 0x0000020d7faf0000)
 Next Bits: [0x0000020d16ac0000, 0x0000020d1aac0000)

Polling page: 0x0000020d77d00000

Metaspace:

Usage:
  Non-class:    186.53 MB used.
      Class:     28.54 MB used.
       Both:    215.08 MB used.

Virtual space:
  Non-class space:      192.00 MB reserved,     187.50 MB ( 98%) committed,  3 nodes.
      Class space:      832.00 MB reserved,      29.50 MB (  4%) committed,  1 nodes.
             Both:        1.00 GB reserved,     217.00 MB ( 21%) committed. 

Chunk freelists:
   Non-Class:  4.13 MB
       Class:  2.34 MB
        Both:  6.47 MB

MaxMetaspaceSize: 1.00 GB
CompressedClassSpaceSize: 832.00 MB
Initial GC threshold: 21.00 MB
Current GC threshold: 359.81 MB
CDS: on
MetaspaceReclaimPolicy: balanced
 - commit_granule_bytes: 65536.
 - commit_granule_words: 8192.
 - virtual_space_node_default_size: 8388608.
 - enlarge_chunks_in_place: 1.
 - new_chunks_are_fully_committed: 0.
 - uncommit_free_chunks: 1.
 - use_allocation_guard: 0.
 - handle_deallocations: 1.


Internal statistics:

num_allocs_failed_limit: 15.
num_arena_births: 3550.
num_arena_deaths: 162.
num_vsnodes_births: 4.
num_vsnodes_deaths: 0.
num_space_committed: 3478.
num_space_uncommitted: 8.
num_chunks_returned_to_freelist: 299.
num_chunks_taken_from_freelist: 13553.
num_chunk_merges: 120.
num_chunk_splits: 8786.
num_chunks_enlarged: 5556.
num_inconsistent_stats: 0.

CodeHeap 'non-profiled nmethods': size=120000Kb used=29621Kb max_used=29621Kb free=90378Kb
 bounds [0x0000020d0f590000, 0x0000020d11280000, 0x0000020d16ac0000]
CodeHeap 'profiled nmethods': size=120000Kb used=70234Kb max_used=70234Kb free=49765Kb
 bounds [0x0000020d07ac0000, 0x0000020d0bf60000, 0x0000020d0eff0000]
CodeHeap 'non-nmethods': size=5760Kb used=2672Kb max_used=2780Kb free=3087Kb
 bounds [0x0000020d0eff0000, 0x0000020d0f2d0000, 0x0000020d0f590000]
 total_blobs=34837 nmethods=33619 adapters=1126
 compilation: enabled
              stopped_count=0, restarted_count=0
 full_count=0

Compilation events (20 events):
Event: 1724.495 Thread 0x0000020d7ff58b20 nmethod 44306 0x0000020d0bf55f10 code [0x0000020d0bf56120, 0x0000020d0bf567f8]
Event: 1724.496 Thread 0x0000020d7ff58b20 44307       3       com.android.tools.r8.internal.b34$$Lambda$4654/0x0000020d20a16240::call (8 bytes)
Event: 1724.496 Thread 0x0000020d7ff58b20 nmethod 44307 0x0000020d0bf56a10 code [0x0000020d0bf56bc0, 0x0000020d0bf56e08]
Event: 1724.510 Thread 0x0000020d5f81fcd0 nmethod 43359 0x0000020d11274a90 code [0x0000020d11274ee0, 0x0000020d1127a590]
Event: 1724.510 Thread 0x0000020d5f81fcd0 44301       4       com.android.tools.r8.internal.fn::a (350 bytes)
Event: 1724.523 Thread 0x0000020d7ff58b20 44309       3       com.android.tools.r8.graph.i2$$Lambda$8102/0x0000020d20d877b0::accept (16 bytes)
Event: 1724.523 Thread 0x0000020d7ff58b20 nmethod 44309 0x0000020d0bf56f10 code [0x0000020d0bf570e0, 0x0000020d0bf57538]
Event: 1724.523 Thread 0x0000020d7ff58b20 44310       3       com.android.tools.r8.internal.x20::a (34 bytes)
Event: 1724.524 Thread 0x0000020d7ff58b20 nmethod 44310 0x0000020d0bf57710 code [0x0000020d0bf57900, 0x0000020d0bf57e78]
Event: 1724.524 Thread 0x0000020d7ff58b20 44313       3       com.android.tools.r8.internal.x20$$Lambda$8101/0x0000020d20d87580::accept (16 bytes)
Event: 1724.524 Thread 0x0000020d7ff58b20 nmethod 44313 0x0000020d0bf58090 code [0x0000020d0bf58240, 0x0000020d0bf584a8]
Event: 1724.524 Thread 0x0000020d7ff58b20 44311       3       com.android.tools.r8.internal.w20::<init> (20 bytes)
Event: 1724.524 Thread 0x0000020d7ff58b20 nmethod 44311 0x0000020d0bf58590 code [0x0000020d0bf58740, 0x0000020d0bf589c8]
Event: 1724.524 Thread 0x0000020d7ff58b20 44312       3       com.android.tools.r8.graph.dd::<init> (22 bytes)
Event: 1724.524 Thread 0x0000020d7ff58b20 nmethod 44312 0x0000020d0bf58b10 code [0x0000020d0bf58cc0, 0x0000020d0bf58f78]
Event: 1724.524 Thread 0x0000020d7ff58b20 44314       2       com.android.tools.r8.internal.oh2::a (110 bytes)
Event: 1724.525 Thread 0x0000020d7ff58b20 nmethod 44314 0x0000020d0bf59090 code [0x0000020d0bf592e0, 0x0000020d0bf59a88]
Event: 1724.525 Thread 0x0000020d7ff58b20 44315       3       com.android.tools.r8.graph.e2$$Lambda$8098/0x0000020d20d86e80::accept (12 bytes)
Event: 1724.525 Thread 0x0000020d7ff58b20 nmethod 44315 0x0000020d0bf59e10 code [0x0000020d0bf59fe0, 0x0000020d0bf5a348]
Event: 1724.525 Thread 0x0000020d7ff58b20 44316       3       com.android.tools.r8.internal.oh2$$Lambda$8097/0x0000020d20d86c50::accept (20 bytes)

GC Heap History (20 events):
Event: 1720.110 GC heap after
{Heap after GC invocations=144 (full 0):
 garbage-first heap   total 1153024K, used 480309K [0x0000000700000000, 0x0000000800000000)
  region size 2048K, 5 young (10240K), 5 survivors (10240K)
 Metaspace       used 218568K, committed 220672K, reserved 1048576K
  class space    used 29025K, committed 30080K, reserved 851968K
}
Event: 1720.517 GC heap before
{Heap before GC invocations=144 (full 0):
 garbage-first heap   total 1153024K, used 967733K [0x0000000700000000, 0x0000000800000000)
  region size 2048K, 244 young (499712K), 5 survivors (10240K)
 Metaspace       used 218663K, committed 220736K, reserved 1048576K
  class space    used 29025K, committed 30080K, reserved 851968K
}
Event: 1720.525 GC heap after
{Heap after GC invocations=145 (full 0):
 garbage-first heap   total 1153024K, used 484692K [0x0000000700000000, 0x0000000800000000)
  region size 2048K, 7 young (14336K), 7 survivors (14336K)
 Metaspace       used 218663K, committed 220736K, reserved 1048576K
  class space    used 29025K, committed 30080K, reserved 851968K
}
Event: 1720.930 GC heap before
{Heap before GC invocations=145 (full 0):
 garbage-first heap   total 1153024K, used 978260K [0x0000000700000000, 0x0000000800000000)
  region size 2048K, 248 young (507904K), 7 survivors (14336K)
 Metaspace       used 218711K, committed 220800K, reserved 1048576K
  class space    used 29025K, committed 30080K, reserved 851968K
}
Event: 1720.940 GC heap after
{Heap after GC invocations=146 (full 0):
 garbage-first heap   total 1153024K, used 486654K [0x0000000700000000, 0x0000000800000000)
  region size 2048K, 8 young (16384K), 8 survivors (16384K)
 Metaspace       used 218711K, committed 220800K, reserved 1048576K
  class space    used 29025K, committed 30080K, reserved 851968K
}
Event: 1721.508 GC heap before
{Heap before GC invocations=147 (full 0):
 garbage-first heap   total 1208320K, used 980222K [0x0000000700000000, 0x0000000800000000)
  region size 2048K, 250 young (512000K), 8 survivors (16384K)
 Metaspace       used 218708K, committed 220800K, reserved 1048576K
  class space    used 29017K, committed 30080K, reserved 851968K
}
Event: 1721.519 GC heap after
{Heap after GC invocations=148 (full 0):
 garbage-first heap   total 1208320K, used 493002K [0x0000000700000000, 0x0000000800000000)
  region size 2048K, 11 young (22528K), 11 survivors (22528K)
 Metaspace       used 218708K, committed 220800K, reserved 1048576K
  class space    used 29017K, committed 30080K, reserved 851968K
}
Event: 1721.543 GC heap before
{Heap before GC invocations=148 (full 0):
 garbage-first heap   total 1208320K, used 527818K [0x0000000700000000, 0x0000000800000000)
  region size 2048K, 29 young (59392K), 11 survivors (22528K)
 Metaspace       used 218709K, committed 220800K, reserved 1048576K
  class space    used 29017K, committed 30080K, reserved 851968K
}
Event: 1721.615 GC heap after
{Heap after GC invocations=149 (full 0):
 garbage-first heap   total 1208320K, used 473829K [0x0000000700000000, 0x0000000800000000)
  region size 2048K, 2 young (4096K), 2 survivors (4096K)
 Metaspace       used 218709K, committed 220800K, reserved 1048576K
  class space    used 29017K, committed 30080K, reserved 851968K
}
Event: 1722.142 GC heap before
{Heap before GC invocations=149 (full 0):
 garbage-first heap   total 1208320K, used 1037029K [0x0000000700000000, 0x0000000800000000)
  region size 2048K, 277 young (567296K), 2 survivors (4096K)
 Metaspace       used 218744K, committed 220864K, reserved 1048576K
  class space    used 29019K, committed 30080K, reserved 851968K
}
Event: 1722.148 GC heap after
{Heap after GC invocations=150 (full 0):
 garbage-first heap   total 1208320K, used 478457K [0x0000000700000000, 0x0000000800000000)
  region size 2048K, 5 young (10240K), 5 survivors (10240K)
 Metaspace       used 218744K, committed 220864K, reserved 1048576K
  class space    used 29019K, committed 30080K, reserved 851968K
}
Event: 1722.688 GC heap before
{Heap before GC invocations=150 (full 0):
 garbage-first heap   total 1208320K, used 1039609K [0x0000000700000000, 0x0000000800000000)
  region size 2048K, 280 young (573440K), 5 survivors (10240K)
 Metaspace       used 218772K, committed 220864K, reserved 1048576K
  class space    used 29019K, committed 30080K, reserved 851968K
}
Event: 1722.696 GC heap after
{Heap after GC invocations=151 (full 0):
 garbage-first heap   total 1208320K, used 484709K [0x0000000700000000, 0x0000000800000000)
  region size 2048K, 8 young (16384K), 8 survivors (16384K)
 Metaspace       used 218772K, committed 220864K, reserved 1048576K
  class space    used 29019K, committed 30080K, reserved 851968K
}
Event: 1723.122 GC heap before
{Heap before GC invocations=151 (full 0):
 garbage-first heap   total 1208320K, used 1045861K [0x0000000700000000, 0x0000000800000000)
  region size 2048K, 282 young (577536K), 8 survivors (16384K)
 Metaspace       used 218821K, committed 220928K, reserved 1048576K
  class space    used 29025K, committed 30080K, reserved 851968K
}
Event: 1723.132 GC heap after
{Heap after GC invocations=152 (full 0):
 garbage-first heap   total 1208320K, used 492044K [0x0000000700000000, 0x0000000800000000)
  region size 2048K, 11 young (22528K), 11 survivors (22528K)
 Metaspace       used 218821K, committed 220928K, reserved 1048576K
  class space    used 29025K, committed 30080K, reserved 851968K
}
Event: 1723.584 GC heap before
{Heap before GC invocations=153 (full 0):
 garbage-first heap   total 1406976K, used 1028620K [0x0000000700000000, 0x0000000800000000)
  region size 2048K, 274 young (561152K), 11 survivors (22528K)
 Metaspace       used 219050K, committed 221120K, reserved 1048576K
  class space    used 29051K, committed 30080K, reserved 851968K
}
Event: 1723.598 GC heap after
{Heap after GC invocations=154 (full 0):
 garbage-first heap   total 1406976K, used 501770K [0x0000000700000000, 0x0000000800000000)
  region size 2048K, 16 young (32768K), 16 survivors (32768K)
 Metaspace       used 219050K, committed 221120K, reserved 1048576K
  class space    used 29051K, committed 30080K, reserved 851968K
}
Event: 1723.626 GC heap before
{Heap before GC invocations=154 (full 0):
 garbage-first heap   total 1406976K, used 536586K [0x0000000700000000, 0x0000000800000000)
  region size 2048K, 34 young (69632K), 16 survivors (32768K)
 Metaspace       used 219187K, committed 221184K, reserved 1048576K
  class space    used 29092K, committed 30080K, reserved 851968K
}
Event: 1723.640 GC heap after
{Heap after GC invocations=155 (full 0):
 garbage-first heap   total 1406976K, used 489943K [0x0000000700000000, 0x0000000800000000)
  region size 2048K, 4 young (8192K), 4 survivors (8192K)
 Metaspace       used 219187K, committed 221184K, reserved 1048576K
  class space    used 29092K, committed 30080K, reserved 851968K
}
Event: 1724.526 GC heap before
{Heap before GC invocations=155 (full 0):
 garbage-first heap   total 1406976K, used 1208791K [0x0000000700000000, 0x0000000800000000)
  region size 2048K, 356 young (729088K), 4 survivors (8192K)
 Metaspace       used 220239K, committed 222208K, reserved 1048576K
  class space    used 29228K, committed 30208K, reserved 851968K
}

Dll operation events (17 events):
Event: 0.009 Loaded shared library C:\Users\ravip\.jdks\ms-17.0.18\bin\java.dll
Event: 0.020 Loaded shared library C:\Users\ravip\.jdks\ms-17.0.18\bin\jsvml.dll
Event: 0.051 Loaded shared library C:\Users\ravip\.jdks\ms-17.0.18\bin\zip.dll
Event: 0.054 Loaded shared library C:\Users\ravip\.jdks\ms-17.0.18\bin\instrument.dll
Event: 0.058 Loaded shared library C:\Users\ravip\.jdks\ms-17.0.18\bin\net.dll
Event: 0.059 Loaded shared library C:\Users\ravip\.jdks\ms-17.0.18\bin\nio.dll
Event: 0.060 Loaded shared library C:\Users\ravip\.jdks\ms-17.0.18\bin\zip.dll
Event: 0.194 Loaded shared library C:\Users\ravip\.jdks\ms-17.0.18\bin\jimage.dll
Event: 0.285 Loaded shared library C:\Users\ravip\.jdks\ms-17.0.18\bin\verify.dll
Event: 0.348 Loaded shared library C:\Users\ravip\.gradle\native\1def1411415f61bf3af743bc5b6707747c0891f09f0c88961ee8f79bc544acac\windows-amd64\native-platform.dll
Event: 0.361 Loaded shared library C:\Users\ravip\.gradle\native\0.2.7\x86_64-windows-gnu\gradle-fileevents.dll
Event: 0.968 Loaded shared library C:\Users\ravip\.jdks\ms-17.0.18\bin\management.dll
Event: 0.969 Loaded shared library C:\Users\ravip\.jdks\ms-17.0.18\bin\management_ext.dll
Event: 1.070 Loaded shared library C:\Users\ravip\.jdks\ms-17.0.18\bin\extnet.dll
Event: 1.218 Loaded shared library C:\Users\ravip\.jdks\ms-17.0.18\bin\sunmscapi.dll
Event: 1527.464 Loaded shared library C:\Users\ravip\AppData\Local\Temp\native-platform15441215195386562575dir\native-platform.dll
Event: 1529.282 Loaded shared library C:\Users\ravip\.jdks\ms-17.0.18\bin\rmi.dll

Deoptimization events (20 events):
Event: 1724.441 Thread 0x0000020d5e02ced0 DEOPT PACKING pc=0x0000020d0b4e32ef sp=0x0000004fb83f7e80
Event: 1724.441 Thread 0x0000020d5e02ced0 DEOPT UNPACKING pc=0x0000020d0f04ace3 sp=0x0000004fb83f73c8 mode 0
Event: 1724.452 Thread 0x0000020d5e02ced0 DEOPT PACKING pc=0x0000020d0b4e32ef sp=0x0000004fb83fb6c0
Event: 1724.452 Thread 0x0000020d5e02ced0 DEOPT UNPACKING pc=0x0000020d0f04ace3 sp=0x0000004fb83fac08 mode 0
Event: 1724.459 Thread 0x0000020d5e02ced0 DEOPT PACKING pc=0x0000020d0b4e32ef sp=0x0000004fb83f8f60
Event: 1724.459 Thread 0x0000020d5e02ced0 DEOPT UNPACKING pc=0x0000020d0f04ace3 sp=0x0000004fb83f84a8 mode 0
Event: 1724.470 Thread 0x0000020d5e02ced0 DEOPT PACKING pc=0x0000020d0b4e32ef sp=0x0000004fb83fb120
Event: 1724.470 Thread 0x0000020d5e02ced0 DEOPT UNPACKING pc=0x0000020d0f04ace3 sp=0x0000004fb83fa668 mode 0
Event: 1724.480 Thread 0x0000020d5e02ced0 DEOPT PACKING pc=0x0000020d0b4e32ef sp=0x0000004fb83f6260
Event: 1724.480 Thread 0x0000020d5e02ced0 DEOPT UNPACKING pc=0x0000020d0f04ace3 sp=0x0000004fb83f57a8 mode 0
Event: 1724.499 Thread 0x0000020d5d5a9350 DEOPT PACKING pc=0x0000020d0b32b79f sp=0x0000004fbbefc530
Event: 1724.499 Thread 0x0000020d5d5a9350 DEOPT UNPACKING pc=0x0000020d0f04ace3 sp=0x0000004fbbefbca8 mode 0
Event: 1724.499 Thread 0x0000020d5e02ced0 DEOPT PACKING pc=0x0000020d0b4e32ef sp=0x0000004fb83f78e0
Event: 1724.499 Thread 0x0000020d5e02ced0 DEOPT UNPACKING pc=0x0000020d0f04ace3 sp=0x0000004fb83f6e28 mode 0
Event: 1724.513 Thread 0x0000020d5d5a9350 DEOPT PACKING pc=0x0000020d0b32b7c0 sp=0x0000004fbbefc530
Event: 1724.513 Thread 0x0000020d5d5a9350 DEOPT UNPACKING pc=0x0000020d0f04ace3 sp=0x0000004fbbefbca8 mode 0
Event: 1724.516 Thread 0x0000020d5d5a9350 DEOPT PACKING pc=0x0000020d0b32b7c0 sp=0x0000004fbbefc530
Event: 1724.516 Thread 0x0000020d5d5a9350 DEOPT UNPACKING pc=0x0000020d0f04ace3 sp=0x0000004fbbefbca8 mode 0
Event: 1724.518 Thread 0x0000020d5e02ced0 DEOPT PACKING pc=0x0000020d0b4e32ef sp=0x0000004fb83f7070
Event: 1724.518 Thread 0x0000020d5e02ced0 DEOPT UNPACKING pc=0x0000020d0f04ace3 sp=0x0000004fb83f65b8 mode 0

Classes loaded (20 events):
Event: 1717.861 Loading class java/util/IdentityHashMap$ValueIterator
Event: 1717.862 Loading class java/util/IdentityHashMap$ValueIterator done
Event: 1717.892 Loading class java/util/IdentityHashMap$EntrySpliterator
Event: 1717.892 Loading class java/util/IdentityHashMap$IdentityHashMapSpliterator
Event: 1717.892 Loading class java/util/IdentityHashMap$IdentityHashMapSpliterator done
Event: 1717.892 Loading class java/util/IdentityHashMap$EntrySpliterator done
Event: 1717.919 Loading class java/util/SortedSet$1
Event: 1717.919 Loading class java/util/SortedSet$1 done
Event: 1717.921 Loading class java/util/stream/SliceOps
Event: 1717.921 Loading class java/util/stream/SliceOps done
Event: 1717.921 Loading class java/util/stream/SliceOps$1
Event: 1717.922 Loading class java/util/stream/SliceOps$1 done
Event: 1717.925 Loading class java/util/stream/SliceOps$1$1
Event: 1717.925 Loading class java/util/stream/SliceOps$1$1 done
Event: 1718.299 Loading class java/nio/ShortBuffer
Event: 1718.300 Loading class java/nio/ShortBuffer done
Event: 1718.329 Loading class java/nio/ByteBufferAsShortBufferL
Event: 1718.330 Loading class java/nio/ByteBufferAsShortBufferL done
Event: 1718.361 Loading class java/util/zip/Adler32
Event: 1718.362 Loading class java/util/zip/Adler32 done

Classes unloaded (20 events):
Event: 1719.336 Thread 0x0000020d7ff37d80 Unloading class 0x0000020d20a34800 'java/lang/invoke/LambdaForm$DMH+0x0000020d20a34800'
Event: 1719.336 Thread 0x0000020d7ff37d80 Unloading class 0x0000020d20a34400 'java/lang/invoke/LambdaForm$DMH+0x0000020d20a34400'
Event: 1721.210 Thread 0x0000020d7ff37d80 Unloading class 0x0000020d20d0d000 'java/lang/invoke/LambdaForm$DMH+0x0000020d20d0d000'
Event: 1721.210 Thread 0x0000020d7ff37d80 Unloading class 0x0000020d20d0cc00 'java/lang/invoke/LambdaForm$DMH+0x0000020d20d0cc00'
Event: 1721.210 Thread 0x0000020d7ff37d80 Unloading class 0x0000020d20d0c000 'java/lang/invoke/LambdaForm$DMH+0x0000020d20d0c000'
Event: 1721.210 Thread 0x0000020d7ff37d80 Unloading class 0x0000020d20d00c00 'java/lang/invoke/LambdaForm$DMH+0x0000020d20d00c00'
Event: 1721.210 Thread 0x0000020d7ff37d80 Unloading class 0x0000020d20cddc00 'java/lang/invoke/LambdaForm$MH+0x0000020d20cddc00'
Event: 1721.210 Thread 0x0000020d7ff37d80 Unloading class 0x0000020d20cdd000 'java/lang/invoke/LambdaForm$DMH+0x0000020d20cdd000'
Event: 1721.210 Thread 0x0000020d7ff37d80 Unloading class 0x0000020d20cdcc00 'java/lang/invoke/LambdaForm$DMH+0x0000020d20cdcc00'
Event: 1721.210 Thread 0x0000020d7ff37d80 Unloading class 0x0000020d20cdc400 'java/lang/invoke/LambdaForm$DMH+0x0000020d20cdc400'
Event: 1721.210 Thread 0x0000020d7ff37d80 Unloading class 0x0000020d20ca5800 'java/lang/invoke/LambdaForm$DMH+0x0000020d20ca5800'
Event: 1721.210 Thread 0x0000020d7ff37d80 Unloading class 0x0000020d20ca5400 'java/lang/invoke/LambdaForm$DMH+0x0000020d20ca5400'
Event: 1721.210 Thread 0x0000020d7ff37d80 Unloading class 0x0000020d20ca5000 'java/lang/invoke/LambdaForm$DMH+0x0000020d20ca5000'
Event: 1721.210 Thread 0x0000020d7ff37d80 Unloading class 0x0000020d20ca4c00 'java/lang/invoke/LambdaForm$DMH+0x0000020d20ca4c00'
Event: 1721.210 Thread 0x0000020d7ff37d80 Unloading class 0x0000020d20c98400 'java/lang/invoke/LambdaForm$DMH+0x0000020d20c98400'
Event: 1721.210 Thread 0x0000020d7ff37d80 Unloading class 0x0000020d20ca4800 'java/lang/invoke/LambdaForm$DMH+0x0000020d20ca4800'
Event: 1721.210 Thread 0x0000020d7ff37d80 Unloading class 0x0000020d20ca4000 'java/lang/invoke/LambdaForm$DMH+0x0000020d20ca4000'
Event: 1721.210 Thread 0x0000020d7ff37d80 Unloading class 0x0000020d20c50c00 'java/lang/invoke/LambdaForm$DMH+0x0000020d20c50c00'
Event: 1721.210 Thread 0x0000020d7ff37d80 Unloading class 0x0000020d20c50800 'java/lang/invoke/LambdaForm$DMH+0x0000020d20c50800'
Event: 1721.210 Thread 0x0000020d7ff37d80 Unloading class 0x0000020d20c50400 'java/lang/invoke/LambdaForm$DMH+0x0000020d20c50400'

Classes redefined (0 events):
No events

Internal exceptions (20 events):
Event: 1718.078 Thread 0x0000020d5d5a9350 Exception <a 'java/lang/NoSuchMethodError'{0x000000073c4a1250}: 'void java.lang.invoke.DirectMethodHandle$Holder.invokeSpecial(java.lang.Object, java.lang.Object, java.lang.Object, java.lang.Object, java.lang.Object, java.lang.Object, java.lang.Object, java.lang.Object, java.lang.Object, java.lang.Object)'> (0x000000073c4a1250) 
thrown [s\src\hotspot\share\interpreter\linkResolver.cpp, line 759]
Event: 1718.079 Thread 0x0000020d5d5a9350 Exception <a 'java/lang/NoSuchMethodError'{0x000000073c4ac878}: 'java.lang.Object java.lang.invoke.DirectMethodHandle$Holder.newInvokeSpecial(java.lang.Object, java.lang.Object, java.lang.Object, java.lang.Object, java.lang.Object, java.lang.Object, java.lang.Object, java.lang.Object, java.lang.Object)'> (0x000000073c4ac878) 
thrown [s\src\hotspot\share\interpreter\linkResolver.cpp, line 759]
Event: 1718.079 Thread 0x0000020d5d5a9350 Exception <a 'java/lang/NoSuchMethodError'{0x000000073c4b1660}: 'java.lang.Object java.lang.invoke.Invokers$Holder.linkToTargetMethod(java.lang.Object, java.lang.Object, java.lang.Object, java.lang.Object, java.lang.Object, java.lang.Object, java.lang.Object, java.lang.Object, java.lang.Object)'> (0x000000073c4b1660) 
thrown [s\src\hotspot\share\interpreter\linkResolver.cpp, line 759]
Event: 1718.083 Thread 0x0000020d57cd2180 Exception <a 'java/lang/IncompatibleClassChangeError'{0x000000073c59d8c0}: Found class java.lang.Object, but interface was expected> (0x000000073c59d8c0) 
thrown [s\src\hotspot\share\interpreter\linkResolver.cpp, line 826]
Event: 1718.083 Thread 0x0000020d57ccf900 Exception <a 'java/lang/IncompatibleClassChangeError'{0x000000073c4125d0}: Found class java.lang.Object, but interface was expected> (0x000000073c4125d0) 
thrown [s\src\hotspot\share\interpreter\linkResolver.cpp, line 826]
Event: 1718.083 Thread 0x0000020d57cd0830 Exception <a 'java/lang/IncompatibleClassChangeError'{0x000000073c6568c8}: Found class java.lang.Object, but interface was expected> (0x000000073c6568c8) 
thrown [s\src\hotspot\share\interpreter\linkResolver.cpp, line 826]
Event: 1718.121 Thread 0x0000020d57ccf900 Exception <a 'java/lang/NoSuchMethodError'{0x000000073b2220b8}: 'java.lang.Object java.lang.invoke.DirectMethodHandle$Holder.newInvokeSpecial(java.lang.Object, int, java.lang.Object, java.lang.Object, java.lang.Object, java.lang.Object)'> (0x000000073b2220b8) 
thrown [s\src\hotspot\share\interpreter\linkResolver.cpp, line 759]
Event: 1718.134 Thread 0x0000020d5d5a7a00 Exception <a 'java/lang/NoSuchMethodError'{0x000000073afcf140}: 'void java.lang.invoke.DirectMethodHandle$Holder.invokeSpecial(java.lang.Object, java.lang.Object, java.lang.Object, int, java.lang.Object, java.lang.Object, java.lang.Object, java.lang.Object)'> (0x000000073afcf140) 
thrown [s\src\hotspot\share\interpreter\linkResolver.cpp, line 759]
Event: 1718.134 Thread 0x0000020d5d5a7f10 Exception <a 'java/lang/NoSuchMethodError'{0x000000073aceffc0}: 'void java.lang.invoke.DirectMethodHandle$Holder.invokeSpecial(java.lang.Object, java.lang.Object, java.lang.Object, int, java.lang.Object, java.lang.Object, java.lang.Object, java.lang.Object)'> (0x000000073aceffc0) 
thrown [s\src\hotspot\share\interpreter\linkResolver.cpp, line 759]
Event: 1718.134 Thread 0x0000020d5d5a8930 Exception <a 'java/lang/NoSuchMethodError'{0x000000073ac10980}: 'void java.lang.invoke.DirectMethodHandle$Holder.invokeSpecial(java.lang.Object, java.lang.Object, java.lang.Object, int, java.lang.Object, java.lang.Object, java.lang.Object, java.lang.Object)'> (0x000000073ac10980) 
thrown [s\src\hotspot\share\interpreter\linkResolver.cpp, line 759]
Event: 1718.141 Thread 0x0000020d5d5a7f10 Exception <a 'java/lang/NoSuchMethodError'{0x000000073a808308}: 'void java.lang.invoke.DirectMethodHandle$Holder.invokeStatic(java.lang.Object, java.lang.Object, java.lang.Object, java.lang.Object, java.lang.Object, java.lang.Object, java.lang.Object, java.lang.Object)'> (0x000000073a808308) 
thrown [s\src\hotspot\share\interpreter\linkResolver.cpp, line 759]
Event: 1718.141 Thread 0x0000020d5d5a8930 Exception <a 'java/lang/NoSuchMethodError'{0x000000073ab8dbb8}: 'void java.lang.invoke.DirectMethodHandle$Holder.invokeStatic(java.lang.Object, java.lang.Object, java.lang.Object, java.lang.Object, java.lang.Object, java.lang.Object, java.lang.Object, java.lang.Object)'> (0x000000073ab8dbb8) 
thrown [s\src\hotspot\share\interpreter\linkResolver.cpp, line 759]
Event: 1718.142 Thread 0x0000020d5d5a7a00 Exception <a 'java/lang/NoSuchMethodError'{0x000000073aa929d8}: 'void java.lang.invoke.DirectMethodHandle$Holder.invokeStatic(java.lang.Object, java.lang.Object, java.lang.Object, java.lang.Object, java.lang.Object, java.lang.Object, java.lang.Object, java.lang.Object)'> (0x000000073aa929d8) 
thrown [s\src\hotspot\share\interpreter\linkResolver.cpp, line 759]
Event: 1718.309 Thread 0x0000020d5d5a7a00 Exception <a 'java/lang/IncompatibleClassChangeError'{0x00000007346e5650}: Found class java.lang.Object, but interface was expected> (0x00000007346e5650) 
thrown [s\src\hotspot\share\interpreter\linkResolver.cpp, line 826]
Event: 1719.679 Thread 0x0000020d57cd2180 Exception <a 'java/lang/NoSuchMethodError'{0x0000000744ea0548}: 'java.lang.Object java.lang.invoke.DirectMethodHandle$Holder.invokeStatic(java.lang.Object, java.lang.Object, int, java.lang.Object, java.lang.Object, java.lang.Object, java.lang.Object)'> (0x0000000744ea0548) 
thrown [s\src\hotspot\share\interpreter\linkResolver.cpp, line 759]
Event: 1723.118 Thread 0x0000020d57cd0830 Exception <a 'java/lang/IncompatibleClassChangeError'{0x00000007284ad058}: Found class java.lang.Object, but interface was expected> (0x00000007284ad058) 
thrown [s\src\hotspot\share\interpreter\linkResolver.cpp, line 826]
Event: 1723.118 Thread 0x0000020d57cd0830 Exception <a 'java/lang/IncompatibleClassChangeError'{0x00000007284b0f18}: Found class java.lang.Object, but interface was expected> (0x00000007284b0f18) 
thrown [s\src\hotspot\share\interpreter\linkResolver.cpp, line 826]
Event: 1723.228 Thread 0x0000020d57cd0830 Exception <a 'java/lang/IncompatibleClassChangeError'{0x0000000740696238}: Found class java.lang.Object, but interface was expected> (0x0000000740696238) 
thrown [s\src\hotspot\share\interpreter\linkResolver.cpp, line 826]
Event: 1723.678 Thread 0x0000020d57cd0830 Implicit null exception at 0x0000020d1034f5cf to 0x0000020d1034f6e4
Event: 1724.439 Thread 0x0000020d5d5a9350 Exception <a 'java/lang/NoSuchMethodError'{0x000000072cdee860}: 'java.lang.Object java.lang.invoke.DirectMethodHandle$Holder.invokeStatic(java.lang.Object, java.lang.Object, java.lang.Object, java.lang.Object, java.lang.Object, int)'> (0x000000072cdee860) 
thrown [s\src\hotspot\share\interpreter\linkResolver.cpp, line 759]

VM Operations (20 events):
Event: 1723.132 Executing VM operation: G1CollectForAllocation done
Event: 1723.409 Executing VM operation: G1PauseRemark
Event: 1723.423 Executing VM operation: G1PauseRemark done
Event: 1723.543 Executing VM operation: G1PauseCleanup
Event: 1723.543 Executing VM operation: G1PauseCleanup done
Event: 1723.584 Executing VM operation: G1CollectForAllocation
Event: 1723.598 Executing VM operation: G1CollectForAllocation done
Event: 1723.614 Executing VM operation: HandshakeAllThreads
Event: 1723.615 Executing VM operation: HandshakeAllThreads done
Event: 1723.615 Executing VM operation: HandshakeAllThreads
Event: 1723.616 Executing VM operation: HandshakeAllThreads done
Event: 1723.626 Executing VM operation: G1CollectForAllocation
Event: 1723.640 Executing VM operation: G1CollectForAllocation done
Event: 1723.738 Executing VM operation: ICBufferFull
Event: 1723.738 Executing VM operation: ICBufferFull done
Event: 1724.089 Executing VM operation: ICBufferFull
Event: 1724.089 Executing VM operation: ICBufferFull done
Event: 1724.373 Executing VM operation: ICBufferFull
Event: 1724.373 Executing VM operation: ICBufferFull done
Event: 1724.525 Executing VM operation: G1CollectForAllocation

Memory protections (0 events):
No events

Nmethod flushes (20 events):
Event: 1723.693 Thread 0x0000020d7ff5ffc0 flushing  nmethod 0x0000020d0bc61210
Event: 1723.693 Thread 0x0000020d7ff5ffc0 flushing  nmethod 0x0000020d0bc6ca90
Event: 1723.693 Thread 0x0000020d7ff5ffc0 flushing  nmethod 0x0000020d0bc6d590
Event: 1723.693 Thread 0x0000020d7ff5ffc0 flushing  nmethod 0x0000020d0bc6da90
Event: 1723.693 Thread 0x0000020d7ff5ffc0 flushing  nmethod 0x0000020d0bc81d10
Event: 1723.693 Thread 0x0000020d7ff5ffc0 flushing  nmethod 0x0000020d0bc83010
Event: 1723.693 Thread 0x0000020d7ff5ffc0 flushing  nmethod 0x0000020d0bc8f390
Event: 1723.693 Thread 0x0000020d7ff5ffc0 flushing  nmethod 0x0000020d0bc95290
Event: 1723.693 Thread 0x0000020d7ff5ffc0 flushing  nmethod 0x0000020d0bc96210
Event: 1723.693 Thread 0x0000020d7ff5ffc0 flushing  nmethod 0x0000020d0bc96a10
Event: 1723.693 Thread 0x0000020d7ff5ffc0 flushing  nmethod 0x0000020d0bc99f10
Event: 1723.693 Thread 0x0000020d7ff5ffc0 flushing  nmethod 0x0000020d0bca4b10
Event: 1723.693 Thread 0x0000020d7ff5ffc0 flushing  nmethod 0x0000020d0bcbc590
Event: 1723.693 Thread 0x0000020d7ff5ffc0 flushing  nmethod 0x0000020d0bcbd790
Event: 1723.693 Thread 0x0000020d7ff5ffc0 flushing  nmethod 0x0000020d0bcd2110
Event: 1723.693 Thread 0x0000020d7ff5ffc0 flushing  nmethod 0x0000020d0bcee690
Event: 1723.693 Thread 0x0000020d7ff5ffc0 flushing  nmethod 0x0000020d0bcf3d10
Event: 1723.694 Thread 0x0000020d7ff5ffc0 flushing  nmethod 0x0000020d0bd02d90
Event: 1723.694 Thread 0x0000020d7ff5ffc0 flushing  nmethod 0x0000020d0bd62090
Event: 1723.694 Thread 0x0000020d7ff5ffc0 flushing  nmethod 0x0000020d0bd62a90

Events (20 events):
Event: 1695.571 Thread 0x0000020d64793950 Thread exited: 0x0000020d64793950
Event: 1695.571 Thread 0x0000020d64792000 Thread exited: 0x0000020d64792000
Event: 1695.571 Thread 0x0000020d64793e60 Thread exited: 0x0000020d64793e60
Event: 1695.571 Thread 0x0000020d647915e0 Thread exited: 0x0000020d647915e0
Event: 1696.694 Thread 0x0000020d5f81f230 Thread exited: 0x0000020d5f81f230
Event: 1697.317 Thread 0x0000020d5f81c7b0 Thread exited: 0x0000020d5f81c7b0
Event: 1704.644 Thread 0x0000020d7ff58b20 Thread added: 0x0000020d5f81c7b0
Event: 1704.653 Thread 0x0000020d7ff58b20 Thread added: 0x0000020d5f81d250
Event: 1705.199 Thread 0x0000020d5f81d250 Thread exited: 0x0000020d5f81d250
Event: 1705.330 Thread 0x0000020d5f81c7b0 Thread exited: 0x0000020d5f81c7b0
Event: 1710.105 Thread 0x0000020d7ff56780 Thread added: 0x0000020d5f81f780
Event: 1710.320 Thread 0x0000020d5f81f780 Thread exited: 0x0000020d5f81f780
Event: 1711.617 Thread 0x0000020d7ff58b20 Thread added: 0x0000020d5f81d250
Event: 1711.620 Thread 0x0000020d7ff58b20 Thread added: 0x0000020d5f81fcd0
Event: 1711.845 Thread 0x0000020d5f81fcd0 Thread exited: 0x0000020d5f81fcd0
Event: 1711.963 Thread 0x0000020d5f81d250 Thread exited: 0x0000020d5f81d250
Event: 1714.466 Thread 0x0000020d7ff58b20 Thread added: 0x0000020d5f81d250
Event: 1714.466 Thread 0x0000020d7ff58b20 Thread added: 0x0000020d5f81e240
Event: 1716.578 Thread 0x0000020d5f81e240 Thread exited: 0x0000020d5f81e240
Event: 1716.712 Thread 0x0000020d7ff58b20 Thread added: 0x0000020d5f81fcd0


Dynamic libraries:
0x00007ff7e7010000 - 0x00007ff7e701e000 	C:\Users\ravip\.jdks\ms-17.0.18\bin\java.exe
0x00007fff28180000 - 0x00007fff283e7000 	C:\WINDOWS\SYSTEM32\ntdll.dll
0x00007fff270b0000 - 0x00007fff27179000 	C:\WINDOWS\System32\KERNEL32.DLL
0x00007fff24ec0000 - 0x00007fff252b4000 	C:\WINDOWS\System32\KERNELBASE.dll
0x00007fff24c00000 - 0x00007fff24d4b000 	C:\WINDOWS\System32\ucrtbase.dll
0x00007fff0ba00000 - 0x00007fff0ba18000 	C:\Users\ravip\.jdks\ms-17.0.18\bin\jli.dll
0x00007fff0b6b0000 - 0x00007fff0b6ce000 	C:\Users\ravip\.jdks\ms-17.0.18\bin\VCRUNTIME140.dll
0x00007fff27dc0000 - 0x00007fff27f85000 	C:\WINDOWS\System32\USER32.dll
0x00007fff24a50000 - 0x00007fff24a77000 	C:\WINDOWS\System32\win32u.dll
0x00007fff13a30000 - 0x00007fff13cc3000 	C:\WINDOWS\WinSxS\amd64_microsoft.windows.common-controls_6595b64144ccf1df_6.0.26100.8115_none_3e075c82e3354f9c\COMCTL32.dll
0x00007fff25f20000 - 0x00007fff25f4b000 	C:\WINDOWS\System32\GDI32.dll
0x00007fff264d0000 - 0x00007fff26579000 	C:\WINDOWS\System32\msvcrt.dll
0x00007fff25de0000 - 0x00007fff25f0b000 	C:\WINDOWS\System32\gdi32full.dll
0x00007fff25ca0000 - 0x00007fff25d43000 	C:\WINDOWS\System32\msvcp_win.dll
0x00007fff25fa0000 - 0x00007fff25fd2000 	C:\WINDOWS\System32\IMM32.DLL
0x00007fff1b6f0000 - 0x00007fff1b6fc000 	C:\Users\ravip\.jdks\ms-17.0.18\bin\vcruntime140_1.dll
0x00007ffeef400000 - 0x00007ffeef489000 	C:\Users\ravip\.jdks\ms-17.0.18\bin\msvcp140.dll
0x00007ffea1bb0000 - 0x00007ffea282a000 	C:\Users\ravip\.jdks\ms-17.0.18\bin\server\jvm.dll
0x00007fff26ee0000 - 0x00007fff26f96000 	C:\WINDOWS\System32\ADVAPI32.dll
0x00007fff261c0000 - 0x00007fff26267000 	C:\WINDOWS\System32\sechost.dll
0x00007fff27600000 - 0x00007fff27718000 	C:\WINDOWS\System32\RPCRT4.dll
0x00007fff27800000 - 0x00007fff27880000 	C:\WINDOWS\System32\WS2_32.dll
0x00007fff248d0000 - 0x00007fff2492e000 	C:\WINDOWS\SYSTEM32\POWRPROF.dll
0x00007fff1be20000 - 0x00007fff1be56000 	C:\WINDOWS\SYSTEM32\WINMM.dll
0x00007fff1bc80000 - 0x00007fff1bc8b000 	C:\WINDOWS\SYSTEM32\VERSION.dll
0x00007fff248b0000 - 0x00007fff248c4000 	C:\WINDOWS\SYSTEM32\UMPDC.dll
0x00007fff237a0000 - 0x00007fff237bb000 	C:\WINDOWS\SYSTEM32\kernel.appcore.dll
0x00007ffef92b0000 - 0x00007ffef92ba000 	C:\Users\ravip\.jdks\ms-17.0.18\bin\jimage.dll
0x00007fff14370000 - 0x00007fff145b2000 	C:\WINDOWS\SYSTEM32\DBGHELP.DLL
0x00007fff27180000 - 0x00007fff27502000 	C:\WINDOWS\System32\combase.dll
0x00007fff27720000 - 0x00007fff277f8000 	C:\WINDOWS\System32\OLEAUT32.dll
0x00007fff06e20000 - 0x00007fff06e5b000 	C:\WINDOWS\SYSTEM32\dbgcore.DLL
0x00007fff25bf0000 - 0x00007fff25c95000 	C:\WINDOWS\System32\bcryptPrimitives.dll
0x00007ffef92a0000 - 0x00007ffef92af000 	C:\Users\ravip\.jdks\ms-17.0.18\bin\instrument.dll
0x00007ffef8130000 - 0x00007ffef8156000 	C:\Users\ravip\.jdks\ms-17.0.18\bin\java.dll
0x00007ffec23e0000 - 0x00007ffec24b6000 	C:\Users\ravip\.jdks\ms-17.0.18\bin\jsvml.dll
0x00007fff26580000 - 0x00007fff26ce7000 	C:\WINDOWS\System32\SHELL32.dll
0x00007fff24d50000 - 0x00007fff24eba000 	C:\WINDOWS\System32\wintypes.dll
0x00007fff252c0000 - 0x00007fff25b28000 	C:\WINDOWS\System32\windows.storage.dll
0x00007fff263d0000 - 0x00007fff264c8000 	C:\WINDOWS\System32\SHCORE.dll
0x00007fff278b0000 - 0x00007fff27916000 	C:\WINDOWS\System32\shlwapi.dll
0x00007fff24940000 - 0x00007fff24969000 	C:\WINDOWS\SYSTEM32\profapi.dll
0x00007ffef9280000 - 0x00007ffef9298000 	C:\Users\ravip\.jdks\ms-17.0.18\bin\zip.dll
0x00007ffef8110000 - 0x00007ffef812b000 	C:\Users\ravip\.jdks\ms-17.0.18\bin\net.dll
0x00007fff1e900000 - 0x00007fff1ea2d000 	C:\WINDOWS\SYSTEM32\WINHTTP.dll
0x00007fff23cf0000 - 0x00007fff23d5c000 	C:\WINDOWS\system32\mswsock.dll
0x00007ffef7930000 - 0x00007ffef7946000 	C:\Users\ravip\.jdks\ms-17.0.18\bin\nio.dll
0x00007ffef7920000 - 0x00007ffef7930000 	C:\Users\ravip\.jdks\ms-17.0.18\bin\verify.dll
0x00007ffef92c0000 - 0x00007ffef92e7000 	C:\Users\ravip\.gradle\native\1def1411415f61bf3af743bc5b6707747c0891f09f0c88961ee8f79bc544acac\windows-amd64\native-platform.dll
0x00007ffec1f90000 - 0x00007ffec2008000 	C:\Users\ravip\.gradle\native\0.2.7\x86_64-windows-gnu\gradle-fileevents.dll
0x00007ffef7910000 - 0x00007ffef791a000 	C:\Users\ravip\.jdks\ms-17.0.18\bin\management.dll
0x00007ffef7900000 - 0x00007ffef790c000 	C:\Users\ravip\.jdks\ms-17.0.18\bin\management_ext.dll
0x00007fff27f90000 - 0x00007fff27f98000 	C:\WINDOWS\System32\PSAPI.DLL
0x00007fff23180000 - 0x00007fff231b2000 	C:\WINDOWS\SYSTEM32\IPHLPAPI.DLL
0x00007fff27db0000 - 0x00007fff27dba000 	C:\WINDOWS\System32\NSI.dll
0x00007fff1e870000 - 0x00007fff1e88d000 	C:\WINDOWS\SYSTEM32\dhcpcsvc6.DLL
0x00007fff1e840000 - 0x00007fff1e865000 	C:\WINDOWS\SYSTEM32\dhcpcsvc.DLL
0x00007fff231c0000 - 0x00007fff232f2000 	C:\WINDOWS\SYSTEM32\DNSAPI.dll
0x00007ffef7070000 - 0x00007ffef7079000 	C:\Users\ravip\.jdks\ms-17.0.18\bin\extnet.dll
0x00007fff240f0000 - 0x00007fff2410b000 	C:\WINDOWS\SYSTEM32\CRYPTSP.dll
0x00007fff23700000 - 0x00007fff23739000 	C:\WINDOWS\system32\rsaenh.dll
0x00007fff23da0000 - 0x00007fff23dd3000 	C:\WINDOWS\SYSTEM32\USERENV.dll
0x00007fff24970000 - 0x00007fff2499a000 	C:\WINDOWS\SYSTEM32\bcrypt.dll
0x00007fff23f50000 - 0x00007fff23f5c000 	C:\WINDOWS\SYSTEM32\CRYPTBASE.dll
0x00007ffef7060000 - 0x00007ffef706e000 	C:\Users\ravip\.jdks\ms-17.0.18\bin\sunmscapi.dll
0x00007fff24a80000 - 0x00007fff24bf7000 	C:\WINDOWS\System32\CRYPT32.dll
0x00007fff24250000 - 0x00007fff24280000 	C:\WINDOWS\SYSTEM32\ncrypt.dll
0x00007fff24200000 - 0x00007fff2423f000 	C:\WINDOWS\SYSTEM32\NTASN1.dll
0x00007ffeca860000 - 0x00007ffeca868000 	C:\WINDOWS\system32\wshunix.dll
0x00007fff222f0000 - 0x00007fff2238f000 	C:\WINDOWS\system32\apphelp.dll
0x00007ffec8110000 - 0x00007ffec8128000 	C:\WINDOWS\system32\napinsp.dll
0x00007ffec8160000 - 0x00007ffec8173000 	C:\WINDOWS\System32\winrnr.dll
0x00007ffec8130000 - 0x00007ffec8152000 	C:\WINDOWS\system32\nlansp_c.dll
0x00007ffefff60000 - 0x00007ffefff76000 	C:\WINDOWS\system32\wshbth.dll
0x00007fff1bb80000 - 0x00007fff1bb8b000 	C:\Windows\System32\rasadhlp.dll
0x00007fff1df60000 - 0x00007fff1dfe6000 	C:\WINDOWS\System32\fwpuclnt.dll
0x00007fff20470000 - 0x00007fff2048e000 	C:\Users\ravip\AppData\Local\Temp\native-platform15441215195386562575dir\native-platform.dll
0x00007fff238c0000 - 0x00007fff238f6000 	C:\WINDOWS\SYSTEM32\ntmarta.dll
0x00007fff22230000 - 0x00007fff22237000 	C:\Users\ravip\.jdks\ms-17.0.18\bin\rmi.dll

dbghelp: loaded successfully - version: 4.0.5 - missing functions: none
symbol engine: initialized successfully - sym options: 0x614 - pdb path: .;C:\Users\ravip\.jdks\ms-17.0.18\bin;C:\WINDOWS\SYSTEM32;C:\WINDOWS\WinSxS\amd64_microsoft.windows.common-controls_6595b64144ccf1df_6.0.26100.8115_none_3e075c82e3354f9c;C:\Users\ravip\.jdks\ms-17.0.18\bin\server;C:\Users\ravip\.gradle\native\1def1411415f61bf3af743bc5b6707747c0891f09f0c88961ee8f79bc544acac\windows-amd64;C:\Users\ravip\.gradle\native\0.2.7\x86_64-windows-gnu;C:\Users\ravip\AppData\Local\Temp\native-platform15441215195386562575dir

VM Arguments:
jvm_args: --add-opens=java.base/java.lang=ALL-UNNAMED --add-opens=java.base/java.lang.invoke=ALL-UNNAMED --add-opens=java.base/java.util=ALL-UNNAMED --add-opens=java.prefs/java.util.prefs=ALL-UNNAMED --add-exports=jdk.compiler/com.sun.tools.javac.api=ALL-UNNAMED --add-exports=jdk.compiler/com.sun.tools.javac.util=ALL-UNNAMED --add-opens=java.base/java.util=ALL-UNNAMED --add-opens=java.prefs/java.util.prefs=ALL-UNNAMED --add-opens=java.base/java.nio.charset=ALL-UNNAMED --add-opens=java.base/java.net=ALL-UNNAMED --add-opens=java.base/java.util.concurrent.atomic=ALL-UNNAMED --add-opens=java.xml/javax.xml.namespace=ALL-UNNAMED -XX:MaxMetaspaceSize=1024m --add-exports=jdk.compiler/com.sun.tools.javac.main=ALL-UNNAMED --add-exports=jdk.compiler/com.sun.tools.javac.file=ALL-UNNAMED --add-exports=jdk.compiler/com.sun.tools.javac.util=ALL-UNNAMED --add-exports=jdk.compiler/com.sun.tools.javac.tree=ALL-UNNAMED --add-exports=jdk.compiler/com.sun.tools.javac.api=ALL-UNNAMED -Xmx4096m -Dfile.encoding=UTF-8 -Duser.country=IN -Duser.language=en -Duser.variant -javaagent:C:\Users\ravip\.gradle\wrapper\dists\gradle-8.13-bin\5xuhj0ry160q40clulazy9h7d\gradle-8.13\lib\agents\gradle-instrumentation-agent-8.13.jar 
java_command: org.gradle.launcher.daemon.bootstrap.GradleDaemon 8.13
java_class_path (initial): C:\Users\ravip\.gradle\wrapper\dists\gradle-8.13-bin\5xuhj0ry160q40clulazy9h7d\gradle-8.13\lib\gradle-daemon-main-8.13.jar
Launcher Type: SUN_STANDARD

[Global flags]
     intx CICompilerCount                          = 4                                         {product} {ergonomic}
   size_t CompressedClassSpaceSize                 = 872415232                                 {product} {ergonomic}
     uint ConcGCThreads                            = 3                                         {product} {ergonomic}
     uint G1ConcRefinementThreads                  = 10                                        {product} {ergonomic}
   size_t G1HeapRegionSize                         = 2097152                                   {product} {ergonomic}
    uintx GCDrainStackTargetSize                   = 64                                        {product} {ergonomic}
   size_t InitialHeapSize                          = 262144000                                 {product} {ergonomic}
   size_t MarkStackSize                            = 4194304                                   {product} {ergonomic}
   size_t MaxHeapSize                              = 4294967296                                {product} {command line}
   size_t MaxMetaspaceSize                         = 1073741824                                {product} {command line}
   size_t MaxNewSize                               = 2575302656                                {product} {ergonomic}
   size_t MinHeapDeltaBytes                        = 2097152                                   {product} {ergonomic}
   size_t MinHeapSize                              = 8388608                                   {product} {ergonomic}
    uintx NonNMethodCodeHeapSize                   = 5839372                                {pd product} {ergonomic}
    uintx NonProfiledCodeHeapSize                  = 122909434                              {pd product} {ergonomic}
    uintx ProfiledCodeHeapSize                     = 122909434                              {pd product} {ergonomic}
    uintx ReservedCodeCacheSize                    = 251658240                              {pd product} {ergonomic}
     bool SegmentedCodeCache                       = true                                      {product} {ergonomic}
   size_t SoftMaxHeapSize                          = 4294967296                             {manageable} {ergonomic}
     bool UseCompressedClassPointers               = true                           {product lp64_product} {ergonomic}
     bool UseCompressedOops                        = true                           {product lp64_product} {ergonomic}
     bool UseG1GC                                  = true                                      {product} {ergonomic}
     bool UseLargePagesIndividualAllocation        = false                                  {pd product} {ergonomic}

Logging:
Log output configuration:
 #0: stdout all=warning uptime,level,tags
 #1: stderr all=off uptime,level,tags

Environment Variables:
JAVA_HOME=C:\Program Files\Android\Android Studio\jbr
PATH=C:\Program Files\Android\Android Studio\jbr\bin;%PATH%;C:\Program Files\Git\cmd;C:\Users\ravip\AppData\Local\nvm;C:\nvm4w\nodejs;C:\Program Files\cursor\resources\app\bin;C:\Users\ravip\AppData\Local\Programs\Python\Python312\Scripts\;C:\Users\ravip\AppData\Local\Programs\Python\Python312\;C:\Users\ravip\AppData\Local\Programs\Antigravity\bin
USERNAME=ravip
OS=Windows_NT
PROCESSOR_IDENTIFIER=Intel64 Family 6 Model 167 Stepping 1, GenuineIntel
TMP=C:\Users\ravip\AppData\Local\Temp
TEMP=C:\Users\ravip\AppData\Local\Temp



Periodic native trim disabled


---------------  S Y S T E M  ---------------

OS:
 Windows 11 , 64 bit Build 26100 (10.0.26100.8246)
OS uptime: 0 days 0:33 hours
Hyper-V role detected

CPU: total 12 (initial active 12) (6 cores per cpu, 2 threads per core) family 6 model 167 stepping 1 microcode 0x50, cx8, cmov, fxsr, ht, mmx, 3dnowpref, sse, sse2, sse3, ssse3, sse4.1, sse4.2, popcnt, lzcnt, tsc, tscinvbit, avx, avx2, aes, erms, clmul, bmi1, bmi2, adx, avx512f, avx512dq, avx512cd, avx512bw, avx512vl, sha, fma, vzeroupper, avx512_vpopcntdq, avx512_vpclmulqdq, avx512_vaes, avx512_vnni, clflush, clflushopt, avx512_vbmi2, avx512_vbmi, hv
Processor Information for the first 12 processors :
  Max Mhz: 2712, Current Mhz: 2712, Mhz Limit: 2712

Memory: 4k page, system-wide physical 15975M (1007M free)
TotalPageFile size 23642M (AvailPageFile size 2154M)
current process WorkingSet (physical memory assigned to process): 1909M, peak: 1918M
current process commit charge ("private bytes"): 2074M, peak: 3166M

vm_info: OpenJDK 64-Bit Server VM (17.0.18+8-LTS) for windows-amd64 JRE (17.0.18+8-LTS), built on Jan 15 2026 18:50:45 by "MicrosoftCorporation" with MS VC++ 17.14 (VS2022)

END.
