#
# There is insufficient memory for the Java Runtime Environment to continue.
# Native memory allocation (mmap) failed to map 293601280 bytes. Error detail: G1 virtual space
# Possible reasons:
#   The system is out of physical RAM or swap space
#   This process is running with CompressedOops enabled, and the Java Heap may be blocking the growth of the native heap
# Possible solutions:
#   Reduce memory load on the system
#   Increase physical memory or swap space
#   Check if swap backing store is full
#   Decrease Java heap size (-Xmx/-Xms)
#   Decrease number of Java threads
#   Decrease Java thread stack sizes (-Xss)
#   Set larger code cache with -XX:ReservedCodeCacheSize=
#   JVM is running with Zero Based Compressed Oops mode in which the Java heap is
#     placed in the first 32GB address space. The Java Heap base address is the
#     maximum limit for the native heap growth. Please use -XX:HeapBaseMinAddress
#     to set the Java Heap base and to place the Java Heap above 32GB virtual address.
# This output file may be truncated or incomplete.
#
#  Out of Memory Error (os_windows.cpp:3690), pid=7760, tid=22008
#
# JRE version: OpenJDK Runtime Environment Microsoft-13106358 (17.0.18+8) (build 17.0.18+8-LTS)
# Java VM: OpenJDK 64-Bit Server VM Microsoft-13106358 (17.0.18+8-LTS, mixed mode, sharing, tiered, compressed oops, compressed class ptrs, g1 gc, windows-amd64)
# No core dump will be written. Minidumps are not enabled by default on client versions of Windows
#

---------------  S U M M A R Y ------------

Command Line: --add-opens=java.base/java.lang=ALL-UNNAMED --add-opens=java.base/java.lang.invoke=ALL-UNNAMED --add-opens=java.base/java.util=ALL-UNNAMED --add-opens=java.prefs/java.util.prefs=ALL-UNNAMED --add-exports=jdk.compiler/com.sun.tools.javac.api=ALL-UNNAMED --add-exports=jdk.compiler/com.sun.tools.javac.util=ALL-UNNAMED --add-opens=java.base/java.util=ALL-UNNAMED --add-opens=java.prefs/java.util.prefs=ALL-UNNAMED --add-opens=java.base/java.nio.charset=ALL-UNNAMED --add-opens=java.base/java.net=ALL-UNNAMED --add-opens=java.base/java.util.concurrent.atomic=ALL-UNNAMED --add-opens=java.xml/javax.xml.namespace=ALL-UNNAMED -XX:MaxMetaspaceSize=1024m --add-exports=jdk.compiler/com.sun.tools.javac.main=ALL-UNNAMED --add-exports=jdk.compiler/com.sun.tools.javac.file=ALL-UNNAMED --add-exports=jdk.compiler/com.sun.tools.javac.util=ALL-UNNAMED --add-exports=jdk.compiler/com.sun.tools.javac.tree=ALL-UNNAMED --add-exports=jdk.compiler/com.sun.tools.javac.api=ALL-UNNAMED -Xmx4096m -Dfile.encoding=UTF-8 -Duser.country=IN -Duser.language=en -Duser.variant -javaagent:C:\Users\ravip\.gradle\wrapper\dists\gradle-8.13-bin\5xuhj0ry160q40clulazy9h7d\gradle-8.13\lib\agents\gradle-instrumentation-agent-8.13.jar org.gradle.launcher.daemon.bootstrap.GradleDaemon 8.13

Host: 11th Gen Intel(R) Core(TM) i5-11500 @ 2.70GHz, 12 cores, 15G,  Windows 11 , 64 bit Build 26100 (10.0.26100.8246)
Time: Tue Apr 28 13:55:49 2026 India Standard Time elapsed time: 524.395677 seconds (0d 0h 8m 44s)

---------------  T H R E A D  ---------------

Current thread (0x000001897fee3040):  VMThread "VM Thread" [stack: 0x0000001ce7500000,0x0000001ce7600000] [id=22008]

Stack: [0x0000001ce7500000,0x0000001ce7600000]
Native frames: (J=compiled Java code, j=interpreted, Vv=VM code, C=native code)
V  [jvm.dll+0x68c879]  (no source info available)
V  [jvm.dll+0x845979]  (no source info available)
V  [jvm.dll+0x8476e8]  (no source info available)
V  [jvm.dll+0x847d73]  (no source info available)
V  [jvm.dll+0x24cf6f]  (no source info available)
V  [jvm.dll+0x68bc79]  (no source info available)
V  [jvm.dll+0x68023a]  (no source info available)
V  [jvm.dll+0x3101a0]  (no source info available)
V  [jvm.dll+0x310042]  (no source info available)
V  [jvm.dll+0x317599]  (no source info available)
V  [jvm.dll+0x369999]  (no source info available)
V  [jvm.dll+0x369bcd]  (no source info available)
V  [jvm.dll+0x2e69aa]  (no source info available)
V  [jvm.dll+0x2e4da1]  (no source info available)
V  [jvm.dll+0x2e453c]  (no source info available)
V  [jvm.dll+0x328ecb]  (no source info available)
V  [jvm.dll+0x84c5fd]  (no source info available)
V  [jvm.dll+0x84d313]  (no source info available)
V  [jvm.dll+0x84d844]  (no source info available)
V  [jvm.dll+0x84dc28]  (no source info available)
V  [jvm.dll+0x84dd1e]  (no source info available)
V  [jvm.dll+0x7f5ebc]  (no source info available)
V  [jvm.dll+0x68de17]  (no source info available)
C  [ucrtbase.dll+0x37b0]  (no source info available)
C  [KERNEL32.DLL+0x2e8d7]  (no source info available)
C  [ntdll.dll+0x8c3fc]  (no source info available)

VM_Operation (0x0000001ce91fcb60): G1CollectForAllocation, mode: safepoint, requested by thread 0x000001894c61ae20


---------------  P R O C E S S  ---------------

Threads class SMR info:
_java_thread_list=0x000001894ba025f0, length=206, elements={
0x0000018968a4f8a0, 0x000001897fee7140, 0x000001897fee7820, 0x000001897fefe540,
0x000001897fefea20, 0x000001897fefef00, 0x000001897feff3e0, 0x000001897ff03c00,
0x000001897ff0b150, 0x000001897ff0da80, 0x000001890c100fa0, 0x000001890c2b3170,
0x000001894721ce60, 0x00000189474ea450, 0x00000189474480c0, 0x000001890c969500,
0x000001890c969a10, 0x000001890c96c290, 0x0000018948ab2b70, 0x0000018948ab53f0,
0x0000018948ab3aa0, 0x0000018948ab5e10, 0x0000018948ab5900, 0x0000018948ab6320,
0x0000018948ab6830, 0x0000018948ab3080, 0x0000018948ab44c0, 0x0000018948ab6d40,
0x0000018948ab49d0, 0x0000018948ab3590, 0x0000018948ab95c0, 0x0000018948ab9fe0,
0x0000018948ab8690, 0x000001894acd83e0, 0x000001894c619ef0, 0x000001894c61a400,
0x000001894c6199e0, 0x000001894c61b840, 0x000001894d18b6f0, 0x00000189522d9f50,
0x00000189522d80f0, 0x00000189522d7be0, 0x00000189522d8600, 0x00000189522d9020,
0x00000189522d76d0, 0x00000189522d67a0, 0x00000189522d6cb0, 0x00000189522db390,
0x00000189522df050, 0x00000189522de120, 0x00000189522dbdb0, 0x00000189522dc7d0,
0x00000189522ddc10, 0x00000189522dcce0, 0x00000189522db8a0, 0x00000189522de630,
0x00000189522deb40, 0x00000189522dc2c0, 0x00000189522df560, 0x00000189522dfa70,
0x00000189522e09a0, 0x00000189522dff80, 0x00000189522e0490, 0x00000189522dd1f0,
0x00000189522e0eb0, 0x00000189522dd700, 0x00000189522e1de0, 0x00000189522e13c0,
0x00000189522e2800, 0x00000189522e2d10, 0x00000189522e22f0, 0x00000189522e3730,
0x00000189522e4660, 0x00000189522e18d0, 0x00000189522e5aa0, 0x00000189522e3220,
0x00000189522e5590, 0x00000189522e3c40, 0x00000189522e4150, 0x00000189522e4b70,
0x00000189522e5fb0, 0x00000189522e5080, 0x0000018948af3ec0, 0x0000018948af43d0,
0x0000018948af34a0, 0x0000018948af5300, 0x0000018948af5d20, 0x0000018948af2570,
0x0000018948af6230, 0x0000018948af2a80, 0x0000018948af6740, 0x0000018948af48e0,
0x0000018948af4df0, 0x0000018948af2f90, 0x0000018948af6c50, 0x0000018948af7160,
0x0000018948af8090, 0x0000018948af7670, 0x0000018948af8ab0, 0x0000018948af8fc0,
0x0000018948af7b80, 0x0000018948af85a0, 0x0000018948af94d0, 0x0000018948af99e0,
0x0000018949ab89f0, 0x0000018949ab6b90, 0x0000018949ab84e0, 0x0000018949ab8f00,
0x0000018949aba340, 0x0000018949ab9410, 0x0000018949aba850, 0x0000018949ab7ac0,
0x0000018949abad60, 0x0000018949abbc90, 0x0000018949abb270, 0x0000018949abdaf0,
0x0000018949abe000, 0x0000018949abc1a0, 0x0000018949abd5e0, 0x0000018949abd0d0,
0x0000018952138670, 0x0000018952137740, 0x0000018952136300, 0x0000018952137c50,
0x0000018952136810, 0x0000018952138160, 0x0000018952138b80, 0x0000018952135df0,
0x000001895213c840, 0x000001895213be20, 0x0000018952139fc0, 0x000001895213c330,
0x000001895213d260, 0x000001895213a9e0, 0x000001895213cd50, 0x0000018952139ab0,
0x000001895213d770, 0x000001895213a4d0, 0x000001895213aef0, 0x000001895213b400,
0x000001895213b910, 0x000001894b665c80, 0x000001894b666190, 0x000001894b6670c0,
0x000001894b664840, 0x000001894b665770, 0x000001894b666bb0, 0x000001894b663e20,
0x000001894b664d50, 0x000001894b667ae0, 0x000001894b664330, 0x000001894b66b7a0,
0x000001894b66b290, 0x000001894b66a360, 0x000001894b667ff0, 0x000001894b668500,
0x000001894b668a10, 0x000001894b668f20, 0x000001894d189890, 0x000001894d18a2b0,
0x000001894d188450, 0x000001894d18c110, 0x000001894d18cb30, 0x000001894d189380,
0x000001894d18e480, 0x000001894d18e990, 0x000001894d18eea0, 0x000001894d18f8c0,
0x000001894d18d040, 0x000001894d18c620, 0x000001894d18d550, 0x000001894d18df70,
0x000001894d18f3b0, 0x000001894d18da60, 0x000001894acd1ea0, 0x000001894acd3d00,
0x000001894acd4720, 0x000001894acd32e0, 0x000001894acd4210, 0x000001894acd1480,
0x000001894acd1990, 0x000001894acd28c0, 0x000001894acd0f70, 0x000001894acd23b0,
0x000001894acd5140, 0x000001894acd2dd0, 0x000001894acd6580, 0x000001894acd37f0,
0x000001894acd88f0, 0x000001890c968ff0, 0x000001890c96bd80, 0x000001890c96b360,
0x000001890c969f20, 0x000001894c61ae20, 0x000001894c61b330, 0x000001894c618fc0,
0x000001894c61a910, 0x000001894c6194d0, 0x000001894c61c260, 0x000001894c61bd50,
0x0000018948ab4ee0, 0x0000018948ab3fb0, 0x0000018948ab9ad0, 0x0000018948ab7250,
0x000001895232c330, 0x0000018952329e00
}

Java Threads: ( => current thread )
  0x0000018968a4f8a0 JavaThread "main" [_thread_blocked, id=21704, stack(0x0000001ce6f00000,0x0000001ce7000000)]
  0x000001897fee7140 JavaThread "Reference Handler" daemon [_thread_blocked, id=4440, stack(0x0000001ce7600000,0x0000001ce7700000)]
  0x000001897fee7820 JavaThread "Finalizer" daemon [_thread_blocked, id=19560, stack(0x0000001ce7700000,0x0000001ce7800000)]
  0x000001897fefe540 JavaThread "Signal Dispatcher" daemon [_thread_blocked, id=10320, stack(0x0000001ce7800000,0x0000001ce7900000)]
  0x000001897fefea20 JavaThread "Attach Listener" daemon [_thread_blocked, id=22164, stack(0x0000001ce7900000,0x0000001ce7a00000)]
  0x000001897fefef00 JavaThread "Service Thread" daemon [_thread_blocked, id=12248, stack(0x0000001ce7a00000,0x0000001ce7b00000)]
  0x000001897feff3e0 JavaThread "Monitor Deflation Thread" daemon [_thread_blocked, id=4396, stack(0x0000001ce7b00000,0x0000001ce7c00000)]
  0x000001897ff03c00 JavaThread "C2 CompilerThread0" daemon [_thread_blocked, id=5880, stack(0x0000001ce7c00000,0x0000001ce7d00000)]
  0x000001897ff0b150 JavaThread "C1 CompilerThread0" daemon [_thread_blocked, id=16092, stack(0x0000001ce7d00000,0x0000001ce7e00000)]
  0x000001897ff0da80 JavaThread "Sweeper thread" daemon [_thread_blocked, id=9096, stack(0x0000001ce7e00000,0x0000001ce7f00000)]
  0x000001890c100fa0 JavaThread "Common-Cleaner" daemon [_thread_blocked, id=1524, stack(0x0000001ce7f00000,0x0000001ce8000000)]
  0x000001890c2b3170 JavaThread "Notification Thread" daemon [_thread_blocked, id=6324, stack(0x0000001ce8000000,0x0000001ce8100000)]
  0x000001894721ce60 JavaThread "Daemon health stats" [_thread_blocked, id=12216, stack(0x0000001ce8900000,0x0000001ce8a00000)]
  0x00000189474ea450 JavaThread "Incoming local TCP Connector on port 64177" [_thread_in_native, id=17820, stack(0x0000001ce8a00000,0x0000001ce8b00000)]
  0x00000189474480c0 JavaThread "Daemon periodic checks" [_thread_blocked, id=9492, stack(0x0000001ce8b00000,0x0000001ce8c00000)]
  0x000001890c969500 JavaThread "Cache worker for journal cache (C:\Users\ravip\.gradle\caches\journal-1)" [_thread_blocked, id=23376, stack(0x0000001ce9300000,0x0000001ce9400000)]
  0x000001890c969a10 JavaThread "File lock request listener" [_thread_in_native, id=10408, stack(0x0000001ce9400000,0x0000001ce9500000)]
  0x000001890c96c290 JavaThread "Cache worker for file hash cache (C:\Users\ravip\.gradle\caches\8.13\fileHashes)" [_thread_blocked, id=8788, stack(0x0000001ce9500000,0x0000001ce9600000)]
  0x0000018948ab2b70 JavaThread "File watcher server" daemon [_thread_blocked, id=21980, stack(0x0000001ce9e00000,0x0000001ce9f00000)]
  0x0000018948ab53f0 JavaThread "File watcher consumer" daemon [_thread_blocked, id=3732, stack(0x0000001ce9f00000,0x0000001cea000000)]
  0x0000018948ab3aa0 JavaThread "jar transforms" [_thread_blocked, id=4452, stack(0x0000001cea000000,0x0000001cea100000)]
  0x0000018948ab5e10 JavaThread "jar transforms Thread 2" [_thread_blocked, id=12888, stack(0x0000001cea100000,0x0000001cea200000)]
  0x0000018948ab5900 JavaThread "jar transforms Thread 3" [_thread_blocked, id=19020, stack(0x0000001cea200000,0x0000001cea300000)]
  0x0000018948ab6320 JavaThread "jar transforms Thread 4" [_thread_blocked, id=16076, stack(0x0000001cea300000,0x0000001cea400000)]
  0x0000018948ab6830 JavaThread "jar transforms Thread 5" [_thread_blocked, id=9248, stack(0x0000001cea400000,0x0000001cea500000)]
  0x0000018948ab3080 JavaThread "jar transforms Thread 6" [_thread_blocked, id=5520, stack(0x0000001cea500000,0x0000001cea600000)]
  0x0000018948ab44c0 JavaThread "jar transforms Thread 7" [_thread_blocked, id=9484, stack(0x0000001cea600000,0x0000001cea700000)]
  0x0000018948ab6d40 JavaThread "jar transforms Thread 8" [_thread_blocked, id=20312, stack(0x0000001cea700000,0x0000001cea800000)]
  0x0000018948ab49d0 JavaThread "jar transforms Thread 9" [_thread_blocked, id=19124, stack(0x0000001cea800000,0x0000001cea900000)]
  0x0000018948ab3590 JavaThread "jar transforms Thread 10" [_thread_blocked, id=9876, stack(0x0000001cea900000,0x0000001ceaa00000)]
  0x0000018948ab95c0 JavaThread "jar transforms Thread 11" [_thread_blocked, id=5484, stack(0x0000001ceaa00000,0x0000001ceab00000)]
  0x0000018948ab9fe0 JavaThread "jar transforms Thread 12" [_thread_blocked, id=16732, stack(0x0000001ceab00000,0x0000001ceac00000)]
  0x0000018948ab8690 JavaThread "Cache worker for file content cache (C:\Users\ravip\.gradle\caches\8.13\fileContent)" [_thread_blocked, id=18644, stack(0x0000001cead00000,0x0000001ceae00000)]
  0x000001894acd83e0 JavaThread "Memory manager" [_thread_blocked, id=13392, stack(0x0000001cefe00000,0x0000001ceff00000)]
  0x000001894c619ef0 JavaThread "ForkJoinPool.commonPool-worker-3" daemon [_thread_blocked, id=15020, stack(0x0000001cf0200000,0x0000001cf0300000)]
  0x000001894c61a400 JavaThread "ForkJoinPool.commonPool-worker-7" daemon [_thread_blocked, id=13152, stack(0x0000001cf0600000,0x0000001cf0700000)]
  0x000001894c6199e0 JavaThread "ForkJoinPool.commonPool-worker-9" daemon [_thread_blocked, id=18796, stack(0x0000001cf0800000,0x0000001cf0900000)]
  0x000001894c61b840 JavaThread "ForkJoinPool.commonPool-worker-10" daemon [_thread_blocked, id=21712, stack(0x0000001cf0900000,0x0000001cf0a00000)]
  0x000001894d18b6f0 JavaThread "pool-3-thread-1" [_thread_blocked, id=22564, stack(0x0000001cf0f00000,0x0000001cf1000000)]
  0x00000189522d9f50 JavaThread "Daemon Thread 2" [_thread_blocked, id=18296, stack(0x0000001ce6c00000,0x0000001ce6d00000)]
  0x00000189522d80f0 JavaThread "Handler for socket connection from /127.0.0.1:64177 to /127.0.0.1:63374" [_thread_in_native, id=6908, stack(0x0000001ce6d00000,0x0000001ce6e00000)]
  0x00000189522d7be0 JavaThread "Cancel handler" [_thread_blocked, id=20368, stack(0x0000001ce6e00000,0x0000001ce6f00000)]
  0x00000189522d8600 JavaThread "Daemon worker Thread 2" [_thread_blocked, id=5528, stack(0x0000001ce8200000,0x0000001ce8300000)]
  0x00000189522d9020 JavaThread "Asynchronous log dispatcher for DefaultDaemonConnection: socket connection from /127.0.0.1:64177 to /127.0.0.1:63374" [_thread_blocked, id=9552, stack(0x0000001ce8c00000,0x0000001ce8d00000)]
  0x00000189522d76d0 JavaThread "Stdin handler" [_thread_blocked, id=10140, stack(0x0000001ce8d00000,0x0000001ce8e00000)]
  0x00000189522d67a0 JavaThread "Daemon client event forwarder" [_thread_blocked, id=22800, stack(0x0000001ce8e00000,0x0000001ce8f00000)]
  0x00000189522d6cb0 JavaThread "Cache worker for file hash cache (C:\Users\ravip\AndroidStudioProjects\PoliceMobileDirectory\.gradle\8.13\fileHashes)" [_thread_blocked, id=19588, stack(0x0000001ce8f00000,0x0000001ce9000000)]
  0x00000189522db390 JavaThread "Cache worker for Build Output Cleanup Cache (C:\Users\ravip\AndroidStudioProjects\PoliceMobileDirectory\.gradle\buildOutputCleanup)" [_thread_blocked, id=12812, stack(0x0000001ce9000000,0x0000001ce9100000)]
  0x00000189522df050 JavaThread "Cache worker for checksums cache (C:\Users\ravip\AndroidStudioProjects\PoliceMobileDirectory\.gradle\8.13\checksums)" [_thread_blocked, id=16000, stack(0x0000001ce9200000,0x0000001ce9300000)]
  0x00000189522de120 JavaThread "Cache worker for cache directory md-supplier (C:\Users\ravip\.gradle\caches\8.13\md-supplier)" [_thread_blocked, id=18068, stack(0x0000001ce9700000,0x0000001ce9800000)]
  0x00000189522dbdb0 JavaThread "Cache worker for cache directory md-rule (C:\Users\ravip\.gradle\caches\8.13\md-rule)" [_thread_blocked, id=21180, stack(0x0000001ce9800000,0x0000001ce9900000)]
  0x00000189522dc7d0 JavaThread "Unconstrained build operations" [_thread_blocked, id=12824, stack(0x0000001ceac00000,0x0000001cead00000)]
  0x00000189522ddc10 JavaThread "Unconstrained build operations Thread 2" [_thread_blocked, id=22580, stack(0x0000001ceae00000,0x0000001ceaf00000)]
  0x00000189522dcce0 JavaThread "Unconstrained build operations Thread 3" [_thread_blocked, id=22772, stack(0x0000001ceaf00000,0x0000001ceb000000)]
  0x00000189522db8a0 JavaThread "Unconstrained build operations Thread 4" [_thread_blocked, id=15692, stack(0x0000001ceb000000,0x0000001ceb100000)]
  0x00000189522de630 JavaThread "Unconstrained build operations Thread 5" [_thread_blocked, id=20472, stack(0x0000001ceb100000,0x0000001ceb200000)]
  0x00000189522deb40 JavaThread "Unconstrained build operations Thread 6" [_thread_blocked, id=21332, stack(0x0000001ceb200000,0x0000001ceb300000)]
  0x00000189522dc2c0 JavaThread "Unconstrained build operations Thread 7" [_thread_blocked, id=23532, stack(0x0000001ceb300000,0x0000001ceb400000)]
  0x00000189522df560 JavaThread "Unconstrained build operations Thread 8" [_thread_blocked, id=3928, stack(0x0000001ceb400000,0x0000001ceb500000)]
  0x00000189522dfa70 JavaThread "Unconstrained build operations Thread 9" [_thread_blocked, id=16960, stack(0x0000001ceb500000,0x0000001ceb600000)]
  0x00000189522e09a0 JavaThread "Unconstrained build operations Thread 10" [_thread_blocked, id=6904, stack(0x0000001ceb600000,0x0000001ceb700000)]
  0x00000189522dff80 JavaThread "Unconstrained build operations Thread 11" [_thread_blocked, id=11972, stack(0x0000001ceb700000,0x0000001ceb800000)]
  0x00000189522e0490 JavaThread "Unconstrained build operations Thread 12" [_thread_blocked, id=4540, stack(0x0000001ceb800000,0x0000001ceb900000)]
  0x00000189522dd1f0 JavaThread "Unconstrained build operations Thread 13" [_thread_blocked, id=22756, stack(0x0000001ceb900000,0x0000001ceba00000)]
  0x00000189522e0eb0 JavaThread "Unconstrained build operations Thread 14" [_thread_blocked, id=8912, stack(0x0000001ceba00000,0x0000001cebb00000)]
  0x00000189522dd700 JavaThread "Unconstrained build operations Thread 15" [_thread_blocked, id=22044, stack(0x0000001cebb00000,0x0000001cebc00000)]
  0x00000189522e1de0 JavaThread "Unconstrained build operations Thread 16" [_thread_blocked, id=18464, stack(0x0000001cebc00000,0x0000001cebd00000)]
  0x00000189522e13c0 JavaThread "Unconstrained build operations Thread 17" [_thread_blocked, id=8148, stack(0x0000001cebd00000,0x0000001cebe00000)]
  0x00000189522e2800 JavaThread "Unconstrained build operations Thread 18" [_thread_blocked, id=20664, stack(0x0000001cebe00000,0x0000001cebf00000)]
  0x00000189522e2d10 JavaThread "Unconstrained build operations Thread 19" [_thread_blocked, id=9168, stack(0x0000001cebf00000,0x0000001cec000000)]
  0x00000189522e22f0 JavaThread "Unconstrained build operations Thread 20" [_thread_blocked, id=12204, stack(0x0000001cec000000,0x0000001cec100000)]
  0x00000189522e3730 JavaThread "Unconstrained build operations Thread 21" [_thread_blocked, id=19468, stack(0x0000001cec100000,0x0000001cec200000)]
  0x00000189522e4660 JavaThread "Unconstrained build operations Thread 22" [_thread_blocked, id=17684, stack(0x0000001cec200000,0x0000001cec300000)]
  0x00000189522e18d0 JavaThread "Unconstrained build operations Thread 23" [_thread_blocked, id=20132, stack(0x0000001cec300000,0x0000001cec400000)]
  0x00000189522e5aa0 JavaThread "Unconstrained build operations Thread 24" [_thread_blocked, id=19248, stack(0x0000001cec400000,0x0000001cec500000)]
  0x00000189522e3220 JavaThread "Unconstrained build operations Thread 25" [_thread_blocked, id=19636, stack(0x0000001cec500000,0x0000001cec600000)]
  0x00000189522e5590 JavaThread "Unconstrained build operations Thread 26" [_thread_blocked, id=21992, stack(0x0000001cec600000,0x0000001cec700000)]
  0x00000189522e3c40 JavaThread "Unconstrained build operations Thread 27" [_thread_blocked, id=17528, stack(0x0000001cec700000,0x0000001cec800000)]
  0x00000189522e4150 JavaThread "Unconstrained build operations Thread 28" [_thread_blocked, id=23092, stack(0x0000001cec800000,0x0000001cec900000)]
  0x00000189522e4b70 JavaThread "Unconstrained build operations Thread 29" [_thread_blocked, id=17992, stack(0x0000001cec900000,0x0000001ceca00000)]
  0x00000189522e5fb0 JavaThread "Unconstrained build operations Thread 30" [_thread_blocked, id=20716, stack(0x0000001ceca00000,0x0000001cecb00000)]
  0x00000189522e5080 JavaThread "Unconstrained build operations Thread 31" [_thread_blocked, id=15100, stack(0x0000001cecb00000,0x0000001cecc00000)]
  0x0000018948af3ec0 JavaThread "Unconstrained build operations Thread 32" [_thread_blocked, id=22028, stack(0x0000001cecc00000,0x0000001cecd00000)]
  0x0000018948af43d0 JavaThread "Unconstrained build operations Thread 33" [_thread_blocked, id=12944, stack(0x0000001cecd00000,0x0000001cece00000)]
  0x0000018948af34a0 JavaThread "Unconstrained build operations Thread 34" [_thread_blocked, id=12712, stack(0x0000001cece00000,0x0000001cecf00000)]
  0x0000018948af5300 JavaThread "Unconstrained build operations Thread 35" [_thread_blocked, id=12844, stack(0x0000001cecf00000,0x0000001ced000000)]
  0x0000018948af5d20 JavaThread "Unconstrained build operations Thread 36" [_thread_blocked, id=22636, stack(0x0000001ced000000,0x0000001ced100000)]
  0x0000018948af2570 JavaThread "Unconstrained build operations Thread 37" [_thread_blocked, id=6124, stack(0x0000001ced100000,0x0000001ced200000)]
  0x0000018948af6230 JavaThread "Unconstrained build operations Thread 38" [_thread_blocked, id=3040, stack(0x0000001ced200000,0x0000001ced300000)]
  0x0000018948af2a80 JavaThread "Unconstrained build operations Thread 39" [_thread_blocked, id=23500, stack(0x0000001ced300000,0x0000001ced400000)]
  0x0000018948af6740 JavaThread "Unconstrained build operations Thread 40" [_thread_blocked, id=12680, stack(0x0000001ced400000,0x0000001ced500000)]
  0x0000018948af48e0 JavaThread "Unconstrained build operations Thread 41" [_thread_blocked, id=19172, stack(0x0000001ced500000,0x0000001ced600000)]
  0x0000018948af4df0 JavaThread "Unconstrained build operations Thread 42" [_thread_blocked, id=11976, stack(0x0000001ced600000,0x0000001ced700000)]
  0x0000018948af2f90 JavaThread "Unconstrained build operations Thread 43" [_thread_blocked, id=3804, stack(0x0000001ced700000,0x0000001ced800000)]
  0x0000018948af6c50 JavaThread "Unconstrained build operations Thread 44" [_thread_blocked, id=20012, stack(0x0000001ced800000,0x0000001ced900000)]
  0x0000018948af7160 JavaThread "Unconstrained build operations Thread 45" [_thread_blocked, id=17744, stack(0x0000001ced900000,0x0000001ceda00000)]
  0x0000018948af8090 JavaThread "Unconstrained build operations Thread 46" [_thread_blocked, id=22872, stack(0x0000001ceda00000,0x0000001cedb00000)]
  0x0000018948af7670 JavaThread "Unconstrained build operations Thread 47" [_thread_blocked, id=9328, stack(0x0000001cedb00000,0x0000001cedc00000)]
  0x0000018948af8ab0 JavaThread "Unconstrained build operations Thread 48" [_thread_blocked, id=20864, stack(0x0000001cedc00000,0x0000001cedd00000)]
  0x0000018948af8fc0 JavaThread "Unconstrained build operations Thread 49" [_thread_blocked, id=10488, stack(0x0000001cedd00000,0x0000001cede00000)]
  0x0000018948af7b80 JavaThread "Unconstrained build operations Thread 50" [_thread_blocked, id=17084, stack(0x0000001cede00000,0x0000001cedf00000)]
  0x0000018948af85a0 JavaThread "Unconstrained build operations Thread 51" [_thread_blocked, id=22904, stack(0x0000001cedf00000,0x0000001cee000000)]
  0x0000018948af94d0 JavaThread "Unconstrained build operations Thread 52" [_thread_blocked, id=17928, stack(0x0000001cee000000,0x0000001cee100000)]
  0x0000018948af99e0 JavaThread "Unconstrained build operations Thread 53" [_thread_blocked, id=5068, stack(0x0000001cee100000,0x0000001cee200000)]
  0x0000018949ab89f0 JavaThread "Unconstrained build operations Thread 54" [_thread_blocked, id=18044, stack(0x0000001cee200000,0x0000001cee300000)]
  0x0000018949ab6b90 JavaThread "Unconstrained build operations Thread 55" [_thread_blocked, id=17572, stack(0x0000001cee300000,0x0000001cee400000)]
  0x0000018949ab84e0 JavaThread "Unconstrained build operations Thread 56" [_thread_blocked, id=17680, stack(0x0000001cee400000,0x0000001cee500000)]
  0x0000018949ab8f00 JavaThread "Unconstrained build operations Thread 57" [_thread_blocked, id=15468, stack(0x0000001cee500000,0x0000001cee600000)]
  0x0000018949aba340 JavaThread "Unconstrained build operations Thread 58" [_thread_blocked, id=5692, stack(0x0000001cee600000,0x0000001cee700000)]
  0x0000018949ab9410 JavaThread "build event listener" [_thread_blocked, id=15260, stack(0x0000001cee700000,0x0000001cee800000)]
  0x0000018949aba850 JavaThread "build event listener" [_thread_blocked, id=4428, stack(0x0000001cee800000,0x0000001cee900000)]
  0x0000018949ab7ac0 JavaThread "ForkJoinPool.commonPool-worker-12" daemon [_thread_blocked, id=14060, stack(0x0000001cee900000,0x0000001ceea00000)]
  0x0000018949abad60 JavaThread "ForkJoinPool.commonPool-worker-13" daemon [_thread_blocked, id=23144, stack(0x0000001ceea00000,0x0000001ceeb00000)]
  0x0000018949abbc90 JavaThread "ForkJoinPool.commonPool-worker-14" daemon [_thread_blocked, id=5064, stack(0x0000001ceeb00000,0x0000001ceec00000)]
  0x0000018949abb270 JavaThread "ForkJoinPool.commonPool-worker-15" daemon [_thread_blocked, id=5980, stack(0x0000001ceec00000,0x0000001ceed00000)]
  0x0000018949abdaf0 JavaThread "pool-6-thread-1" [_thread_blocked, id=14992, stack(0x0000001ceed00000,0x0000001ceee00000)]
  0x0000018949abe000 JavaThread "build event listener" [_thread_blocked, id=16760, stack(0x0000001ceee00000,0x0000001ceef00000)]
  0x0000018949abc1a0 JavaThread "included builds" [_thread_blocked, id=15588, stack(0x0000001ceef00000,0x0000001cef000000)]
  0x0000018949abd5e0 JavaThread "Execution worker" [_thread_blocked, id=22972, stack(0x0000001cef000000,0x0000001cef100000)]
  0x0000018949abd0d0 JavaThread "Execution worker Thread 2" [_thread_blocked, id=7964, stack(0x0000001cef100000,0x0000001cef200000)]
  0x0000018952138670 JavaThread "Execution worker Thread 3" [_thread_blocked, id=23332, stack(0x0000001cef200000,0x0000001cef300000)]
  0x0000018952137740 JavaThread "Execution worker Thread 4" [_thread_blocked, id=11668, stack(0x0000001cef300000,0x0000001cef400000)]
  0x0000018952136300 JavaThread "Execution worker Thread 5" [_thread_blocked, id=5820, stack(0x0000001cef400000,0x0000001cef500000)]
  0x0000018952137c50 JavaThread "Execution worker Thread 6" [_thread_blocked, id=16720, stack(0x0000001cef500000,0x0000001cef600000)]
  0x0000018952136810 JavaThread "Execution worker Thread 7" [_thread_blocked, id=18468, stack(0x0000001cef600000,0x0000001cef700000)]
  0x0000018952138160 JavaThread "Execution worker Thread 8" [_thread_blocked, id=20236, stack(0x0000001cef700000,0x0000001cef800000)]
  0x0000018952138b80 JavaThread "Execution worker Thread 9" [_thread_blocked, id=17524, stack(0x0000001cef800000,0x0000001cef900000)]
  0x0000018952135df0 JavaThread "Execution worker Thread 10" [_thread_blocked, id=19932, stack(0x0000001cef900000,0x0000001cefa00000)]
  0x000001895213c840 JavaThread "Execution worker Thread 11" [_thread_blocked, id=4376, stack(0x0000001cefa00000,0x0000001cefb00000)]
  0x000001895213be20 JavaThread "Cache worker for execution history cache (C:\Users\ravip\AndroidStudioProjects\PoliceMobileDirectory\.gradle\8.13\executionHistory)" [_thread_blocked, id=6156, stack(0x0000001cefb00000,0x0000001cefc00000)]
  0x0000018952139fc0 JavaThread "Unconstrained build operations Thread 59" [_thread_blocked, id=18612, stack(0x0000001ce9600000,0x0000001ce9700000)]
  0x000001895213c330 JavaThread "Unconstrained build operations Thread 60" [_thread_blocked, id=11916, stack(0x0000001cefc00000,0x0000001cefd00000)]
  0x000001895213d260 JavaThread "Unconstrained build operations Thread 61" [_thread_blocked, id=13284, stack(0x0000001cefd00000,0x0000001cefe00000)]
  0x000001895213a9e0 JavaThread "Unconstrained build operations Thread 62" [_thread_blocked, id=20104, stack(0x0000001ceff00000,0x0000001cf0000000)]
  0x000001895213cd50 JavaThread "Unconstrained build operations Thread 63" [_thread_blocked, id=22324, stack(0x0000001cf0000000,0x0000001cf0100000)]
  0x0000018952139ab0 JavaThread "Unconstrained build operations Thread 64" [_thread_blocked, id=16888, stack(0x0000001cf0100000,0x0000001cf0200000)]
  0x000001895213d770 JavaThread "Unconstrained build operations Thread 65" [_thread_blocked, id=18688, stack(0x0000001cf0300000,0x0000001cf0400000)]
  0x000001895213a4d0 JavaThread "Unconstrained build operations Thread 66" [_thread_blocked, id=372, stack(0x0000001cf0400000,0x0000001cf0500000)]
  0x000001895213aef0 JavaThread "Unconstrained build operations Thread 67" [_thread_blocked, id=21936, stack(0x0000001cf0500000,0x0000001cf0600000)]
  0x000001895213b400 JavaThread "Unconstrained build operations Thread 68" [_thread_blocked, id=20304, stack(0x0000001cf0700000,0x0000001cf0800000)]
  0x000001895213b910 JavaThread "Unconstrained build operations Thread 69" [_thread_blocked, id=19652, stack(0x0000001cf0a00000,0x0000001cf0b00000)]
  0x000001894b665c80 JavaThread "WorkerExecutor Queue" [_thread_blocked, id=19272, stack(0x0000001cf0b00000,0x0000001cf0c00000)]
  0x000001894b666190 JavaThread "Unconstrained build operations Thread 70" [_thread_blocked, id=10392, stack(0x0000001cf0c00000,0x0000001cf0d00000)]
  0x000001894b6670c0 JavaThread "Unconstrained build operations Thread 71" [_thread_blocked, id=18288, stack(0x0000001cf0d00000,0x0000001cf0e00000)]
  0x000001894b664840 JavaThread "Unconstrained build operations Thread 72" [_thread_blocked, id=17620, stack(0x0000001cf0e00000,0x0000001cf0f00000)]
  0x000001894b665770 JavaThread "Unconstrained build operations Thread 73" [_thread_blocked, id=13828, stack(0x0000001cf1000000,0x0000001cf1100000)]
  0x000001894b666bb0 JavaThread "Unconstrained build operations Thread 74" [_thread_blocked, id=21496, stack(0x0000001cf1100000,0x0000001cf1200000)]
  0x000001894b663e20 JavaThread "Unconstrained build operations Thread 75" [_thread_blocked, id=11572, stack(0x0000001cf1200000,0x0000001cf1300000)]
  0x000001894b664d50 JavaThread "Unconstrained build operations Thread 76" [_thread_blocked, id=20704, stack(0x0000001cf1300000,0x0000001cf1400000)]
  0x000001894b667ae0 JavaThread "Unconstrained build operations Thread 77" [_thread_blocked, id=18396, stack(0x0000001cf1400000,0x0000001cf1500000)]
  0x000001894b664330 JavaThread "Unconstrained build operations Thread 78" [_thread_blocked, id=2172, stack(0x0000001cf1500000,0x0000001cf1600000)]
  0x000001894b66b7a0 JavaThread "Unconstrained build operations Thread 79" [_thread_blocked, id=18240, stack(0x0000001cf1600000,0x0000001cf1700000)]
  0x000001894b66b290 JavaThread "Unconstrained build operations Thread 80" [_thread_blocked, id=23540, stack(0x0000001cf1700000,0x0000001cf1800000)]
  0x000001894b66a360 JavaThread "Unconstrained build operations Thread 81" [_thread_blocked, id=3768, stack(0x0000001cf1900000,0x0000001cf1a00000)]
  0x000001894b667ff0 JavaThread "Unconstrained build operations Thread 82" [_thread_blocked, id=19556, stack(0x0000001cf1a00000,0x0000001cf1b00000)]
  0x000001894b668500 JavaThread "Unconstrained build operations Thread 83" [_thread_blocked, id=22152, stack(0x0000001cf1b00000,0x0000001cf1c00000)]
  0x000001894b668a10 JavaThread "Unconstrained build operations Thread 84" [_thread_blocked, id=22544, stack(0x0000001cf1c00000,0x0000001cf1d00000)]
  0x000001894b668f20 JavaThread "Unconstrained build operations Thread 85" [_thread_blocked, id=1604, stack(0x0000001cf1d00000,0x0000001cf1e00000)]
  0x000001894d189890 JavaThread "Unconstrained build operations Thread 86" [_thread_blocked, id=19488, stack(0x0000001cf1e00000,0x0000001cf1f00000)]
  0x000001894d18a2b0 JavaThread "Unconstrained build operations Thread 87" [_thread_blocked, id=21448, stack(0x0000001cf1f00000,0x0000001cf2000000)]
  0x000001894d188450 JavaThread "Unconstrained build operations Thread 88" [_thread_blocked, id=21416, stack(0x0000001cf2000000,0x0000001cf2100000)]
  0x000001894d18c110 JavaThread "Unconstrained build operations Thread 89" [_thread_blocked, id=17592, stack(0x0000001cf2100000,0x0000001cf2200000)]
  0x000001894d18cb30 JavaThread "Unconstrained build operations Thread 90" [_thread_blocked, id=7196, stack(0x0000001cf2200000,0x0000001cf2300000)]
  0x000001894d189380 JavaThread "Unconstrained build operations Thread 91" [_thread_blocked, id=23548, stack(0x0000001cf2300000,0x0000001cf2400000)]
  0x000001894d18e480 JavaThread "Unconstrained build operations Thread 92" [_thread_blocked, id=5800, stack(0x0000001cf2400000,0x0000001cf2500000)]
  0x000001894d18e990 JavaThread "Unconstrained build operations Thread 93" [_thread_blocked, id=20872, stack(0x0000001cf2500000,0x0000001cf2600000)]
  0x000001894d18eea0 JavaThread "Unconstrained build operations Thread 94" [_thread_blocked, id=6088, stack(0x0000001cf2600000,0x0000001cf2700000)]
  0x000001894d18f8c0 JavaThread "Unconstrained build operations Thread 95" [_thread_blocked, id=8216, stack(0x0000001cf2700000,0x0000001cf2800000)]
  0x000001894d18d040 JavaThread "Unconstrained build operations Thread 96" [_thread_blocked, id=18328, stack(0x0000001cf2800000,0x0000001cf2900000)]
  0x000001894d18c620 JavaThread "Unconstrained build operations Thread 97" [_thread_blocked, id=14188, stack(0x0000001cf2900000,0x0000001cf2a00000)]
  0x000001894d18d550 JavaThread "Unconstrained build operations Thread 98" [_thread_blocked, id=21344, stack(0x0000001cf2a00000,0x0000001cf2b00000)]
  0x000001894d18df70 JavaThread "Unconstrained build operations Thread 99" [_thread_blocked, id=22128, stack(0x0000001cf2b00000,0x0000001cf2c00000)]
  0x000001894d18f3b0 JavaThread "Unconstrained build operations Thread 100" [_thread_blocked, id=13888, stack(0x0000001cf2c00000,0x0000001cf2d00000)]
  0x000001894d18da60 JavaThread "Unconstrained build operations Thread 101" [_thread_blocked, id=18088, stack(0x0000001cf2d00000,0x0000001cf2e00000)]
  0x000001894acd1ea0 JavaThread "Unconstrained build operations Thread 102" [_thread_blocked, id=7660, stack(0x0000001cf2e00000,0x0000001cf2f00000)]
  0x000001894acd3d00 JavaThread "Unconstrained build operations Thread 103" [_thread_blocked, id=16112, stack(0x0000001cf2f00000,0x0000001cf3000000)]
  0x000001894acd4720 JavaThread "Unconstrained build operations Thread 104" [_thread_blocked, id=10644, stack(0x0000001cf3000000,0x0000001cf3100000)]
  0x000001894acd32e0 JavaThread "Unconstrained build operations Thread 105" [_thread_blocked, id=22828, stack(0x0000001cf3100000,0x0000001cf3200000)]
  0x000001894acd4210 JavaThread "Unconstrained build operations Thread 106" [_thread_blocked, id=20264, stack(0x0000001cf3200000,0x0000001cf3300000)]
  0x000001894acd1480 JavaThread "Unconstrained build operations Thread 107" [_thread_blocked, id=18416, stack(0x0000001cf3300000,0x0000001cf3400000)]
  0x000001894acd1990 JavaThread "Unconstrained build operations Thread 108" [_thread_blocked, id=15744, stack(0x0000001cf3400000,0x0000001cf3500000)]
  0x000001894acd28c0 JavaThread "Unconstrained build operations Thread 109" [_thread_blocked, id=20432, stack(0x0000001cf3500000,0x0000001cf3600000)]
  0x000001894acd0f70 JavaThread "Unconstrained build operations Thread 110" [_thread_blocked, id=11428, stack(0x0000001cf3600000,0x0000001cf3700000)]
  0x000001894acd23b0 JavaThread "Unconstrained build operations Thread 111" [_thread_blocked, id=20576, stack(0x0000001cf3700000,0x0000001cf3800000)]
  0x000001894acd5140 JavaThread "Unconstrained build operations Thread 112" [_thread_blocked, id=21228, stack(0x0000001cf3800000,0x0000001cf3900000)]
  0x000001894acd2dd0 JavaThread "Unconstrained build operations Thread 113" [_thread_blocked, id=9176, stack(0x0000001cf3900000,0x0000001cf3a00000)]
  0x000001894acd6580 JavaThread "Unconstrained build operations Thread 114" [_thread_blocked, id=19144, stack(0x0000001cf3a00000,0x0000001cf3b00000)]
  0x000001894acd37f0 JavaThread "Unconstrained build operations Thread 115" [_thread_blocked, id=22712, stack(0x0000001cf3b00000,0x0000001cf3c00000)]
  0x000001894acd88f0 JavaThread "Unconstrained build operations Thread 116" [_thread_blocked, id=19512, stack(0x0000001cf3c00000,0x0000001cf3d00000)]
  0x000001890c968ff0 JavaThread "Unconstrained build operations Thread 117" [_thread_blocked, id=13892, stack(0x0000001cf3d00000,0x0000001cf3e00000)]
  0x000001890c96bd80 JavaThread "Unconstrained build operations Thread 118" [_thread_blocked, id=19952, stack(0x0000001cf3e00000,0x0000001cf3f00000)]
  0x000001890c96b360 JavaThread "Unconstrained build operations Thread 119" [_thread_blocked, id=4768, stack(0x0000001cf3f00000,0x0000001cf4000000)]
  0x000001890c969f20 JavaThread "Unconstrained build operations Thread 120" [_thread_blocked, id=9660, stack(0x0000001cf4000000,0x0000001cf4100000)]
  0x000001894c61ae20 JavaThread "WorkerExecutor Queue Thread 2" [_thread_blocked, id=12664, stack(0x0000001ce9100000,0x0000001ce9200000)]
  0x000001894c61b330 JavaThread "WorkerExecutor Queue Thread 3" [_thread_blocked, id=6880, stack(0x0000001cf4200000,0x0000001cf4300000)]
  0x000001894c618fc0 JavaThread "WorkerExecutor Queue Thread 4" [_thread_blocked, id=6776, stack(0x0000001cf4300000,0x0000001cf4400000)]
  0x000001894c61a910 JavaThread "WorkerExecutor Queue Thread 5" [_thread_blocked, id=8236, stack(0x0000001cf4400000,0x0000001cf4500000)]
  0x000001894c6194d0 JavaThread "WorkerExecutor Queue Thread 6" [_thread_blocked, id=16728, stack(0x0000001cf4500000,0x0000001cf4600000)]
  0x000001894c61c260 JavaThread "WorkerExecutor Queue Thread 7" [_thread_blocked, id=1160, stack(0x0000001cf4600000,0x0000001cf4700000)]
  0x000001894c61bd50 JavaThread "WorkerExecutor Queue Thread 8" [_thread_blocked, id=18768, stack(0x0000001cf4700000,0x0000001cf4800000)]
  0x0000018948ab4ee0 JavaThread "WorkerExecutor Queue Thread 9" [_thread_blocked, id=19376, stack(0x0000001cf4800000,0x0000001cf4900000)]
  0x0000018948ab3fb0 JavaThread "WorkerExecutor Queue Thread 10" [_thread_blocked, id=17884, stack(0x0000001cf4900000,0x0000001cf4a00000)]
  0x0000018948ab9ad0 JavaThread "WorkerExecutor Queue Thread 12" [_thread_blocked, id=21200, stack(0x0000001cf4b00000,0x0000001cf4c00000)]
  0x0000018948ab7250 JavaThread "WorkerExecutor Queue Thread 14" [_thread_blocked, id=11764, stack(0x0000001cf4100000,0x0000001cf4200000)]
  0x000001895232c330 JavaThread "C2 CompilerThread1" daemon [_thread_blocked, id=17328, stack(0x0000001cf1800000,0x0000001cf1900000)]
  0x0000018952329e00 JavaThread "C2 CompilerThread2" daemon [_thread_blocked, id=23216, stack(0x0000001cf4a00000,0x0000001cf4b00000)]

Other Threads:
=>0x000001897fee3040 VMThread "VM Thread" [stack: 0x0000001ce7500000,0x0000001ce7600000] [id=22008]
  0x000001890c30cbd0 WatcherThread [stack: 0x0000001ce8100000,0x0000001ce8200000] [id=12588]
  0x000001896675a800 GCTaskThread "GC Thread#0" [stack: 0x0000001ce7000000,0x0000001ce7100000] [id=22036]
  0x000001890c8b3460 GCTaskThread "GC Thread#1" [stack: 0x0000001ce8400000,0x0000001ce8500000] [id=3020]
  0x000001890c908b90 GCTaskThread "GC Thread#2" [stack: 0x0000001ce8500000,0x0000001ce8600000] [id=9032]
  0x000001890c8ec2a0 GCTaskThread "GC Thread#3" [stack: 0x0000001ce8600000,0x0000001ce8700000] [id=21080]
  0x000001890c8ec840 GCTaskThread "GC Thread#4" [stack: 0x0000001ce8700000,0x0000001ce8800000] [id=13796]
  0x000001890c8ecb10 GCTaskThread "GC Thread#5" [stack: 0x0000001ce8800000,0x0000001ce8900000] [id=7920]
  0x000001890c8ebd00 GCTaskThread "GC Thread#6" [stack: 0x0000001ce8300000,0x0000001ce8400000] [id=9336]
  0x0000018949aa7ff0 GCTaskThread "GC Thread#7" [stack: 0x0000001ce9900000,0x0000001ce9a00000] [id=20828]
  0x0000018949aa9ee0 GCTaskThread "GC Thread#8" [stack: 0x0000001ce9a00000,0x0000001ce9b00000] [id=20672]
  0x0000018949aaa480 GCTaskThread "GC Thread#9" [stack: 0x0000001ce9b00000,0x0000001ce9c00000] [id=21492]
  0x0000018968acc220 ConcurrentGCThread "G1 Main Marker" [stack: 0x0000001ce7100000,0x0000001ce7200000] [id=20588]
  0x0000018968accb50 ConcurrentGCThread "G1 Conc#0" [stack: 0x0000001ce7200000,0x0000001ce7300000] [id=8992]
  0x0000018947835ae0 ConcurrentGCThread "G1 Conc#1" [stack: 0x0000001ce9c00000,0x0000001ce9d00000] [id=10476]
  0x0000018947835810 ConcurrentGCThread "G1 Conc#2" [stack: 0x0000001ce9d00000,0x0000001ce9e00000] [id=1168]
  0x0000018968afe6d0 ConcurrentGCThread "G1 Refine#0" [stack: 0x0000001ce7300000,0x0000001ce7400000] [id=21136]
  0x0000018946825580 ConcurrentGCThread "G1 Refine#1" [stack: 0x0000001cf4c00000,0x0000001cf4d00000] [id=7192]
  0x0000018968afead0 ConcurrentGCThread "G1 Service" [stack: 0x0000001ce7400000,0x0000001ce7500000] [id=20760]

Threads with active compile tasks:
C2 CompilerThread0  524439 23328 %     4       com.android.tools.r8.internal.m8::b @ 1356 (1483 bytes)
C1 CompilerThread0  524439 24416 %     3       com.android.tools.r8.internal.l32::a @ 1747 (2024 bytes)
C2 CompilerThread1  524439 24369       4       com.android.tools.r8.internal.k62::b (47 bytes)
C2 CompilerThread2  524439 22757       4       com.android.tools.r8.internal.gt::a (7028 bytes)

VM state: at safepoint (normal execution)

VM Mutex/Monitor currently owned by a thread:  ([mutex/lock_event])
[0x0000018968a4cbc0] Threads_lock - owner thread: 0x000001897fee3040
[0x0000018968a4b660] Heap_lock - owner thread: 0x000001894c61ae20

Heap address: 0x0000000700000000, size: 4096 MB, Compressed Oops mode: Zero based, Oop shift amount: 3

CDS archive(s) mapped at: [0x000001890d000000-0x000001890dbb0000-0x000001890dbb0000), size 12255232, SharedBaseAddress: 0x000001890d000000, ArchiveRelocationMode: 1.
Compressed class space mapped at: 0x000001890e000000-0x0000018942000000, reserved size: 872415232
Narrow klass base: 0x000001890d000000, Narrow klass shift: 0, Narrow klass range: 0x100000000

GC Precious Log:
 CPUs: 12 total, 12 available
 Memory: 15975M
 Large Page Support: Disabled
 NUMA Support: Disabled
 Compressed Oops: Enabled (Zero based)
 Heap Region Size: 2M
 Heap Min Capacity: 8M
 Heap Initial Capacity: 250M
 Heap Max Capacity: 4G
 Pre-touch: Disabled
 Parallel Workers: 10
 Concurrent Workers: 3
 Concurrent Refinement Workers: 10
 Periodic GC: Disabled

Heap:
 garbage-first heap   total 563200K, used 397001K [0x0000000700000000, 0x0000000800000000)
  region size 2048K, 6 young (12288K), 6 survivors (12288K)
 Metaspace       used 154670K, committed 156288K, reserved 1048576K
  class space    used 21018K, committed 21824K, reserved 851968K

Heap Regions: E=young(eden), S=young(survivor), O=old, HS=humongous(starts), HC=humongous(continues), CS=collection set, F=free, OA=open archive, CA=closed archive, TAMS=top-at-mark-start (previous, next)
|   0|0x0000000700000000, 0x0000000700200000, 0x0000000700200000|100%|HS|  |TAMS 0x0000000700200000, 0x0000000700000000| Complete 
|   1|0x0000000700200000, 0x0000000700400000, 0x0000000700400000|100%|HC|  |TAMS 0x0000000700400000, 0x0000000700200000| Complete 
|   2|0x0000000700400000, 0x0000000700600000, 0x0000000700600000|100%| O|  |TAMS 0x0000000700600000, 0x0000000700400000| Untracked 
|   3|0x0000000700600000, 0x0000000700800000, 0x0000000700800000|100%| O|  |TAMS 0x0000000700800000, 0x0000000700600000| Untracked 
|   4|0x0000000700800000, 0x0000000700a00000, 0x0000000700a00000|100%| O|  |TAMS 0x0000000700a00000, 0x0000000700800000| Untracked 
|   5|0x0000000700a00000, 0x0000000700c00000, 0x0000000700c00000|100%|HS|  |TAMS 0x0000000700c00000, 0x0000000700a00000| Complete 
|   6|0x0000000700c00000, 0x0000000700e00000, 0x0000000700e00000|100%|HS|  |TAMS 0x0000000700e00000, 0x0000000700c00000| Complete 
|   7|0x0000000700e00000, 0x0000000701000000, 0x0000000701000000|100%|HC|  |TAMS 0x0000000701000000, 0x0000000700e00000| Complete 
|   8|0x0000000701000000, 0x0000000701200000, 0x0000000701200000|100%|HC|  |TAMS 0x0000000701200000, 0x0000000701000000| Complete 
|   9|0x0000000701200000, 0x0000000701400000, 0x0000000701400000|100%|HS|  |TAMS 0x0000000701400000, 0x0000000701200000| Complete 
|  10|0x0000000701400000, 0x0000000701600000, 0x0000000701600000|100%|HS|  |TAMS 0x0000000701600000, 0x0000000701400000| Complete 
|  11|0x0000000701600000, 0x0000000701800000, 0x0000000701800000|100%|HC|  |TAMS 0x0000000701800000, 0x0000000701600000| Complete 
|  12|0x0000000701800000, 0x0000000701a00000, 0x0000000701a00000|100%|HC|  |TAMS 0x0000000701a00000, 0x0000000701800000| Complete 
|  13|0x0000000701a00000, 0x0000000701c00000, 0x0000000701c00000|100%|HS|  |TAMS 0x0000000701c00000, 0x0000000701a00000| Complete 
|  14|0x0000000701c00000, 0x0000000701e00000, 0x0000000701e00000|100%| O|  |TAMS 0x0000000701e00000, 0x0000000701c00000| Untracked 
|  15|0x0000000701e00000, 0x0000000702000000, 0x0000000702000000|100%| O|  |TAMS 0x0000000702000000, 0x0000000701e00000| Untracked 
|  16|0x0000000702000000, 0x0000000702200000, 0x0000000702200000|100%| O|  |TAMS 0x0000000702200000, 0x0000000702000000| Untracked 
|  17|0x0000000702200000, 0x0000000702400000, 0x0000000702400000|100%| O|  |TAMS 0x0000000702400000, 0x0000000702200000| Untracked 
|  18|0x0000000702400000, 0x0000000702600000, 0x0000000702600000|100%| O|  |TAMS 0x0000000702600000, 0x0000000702400000| Untracked 
|  19|0x0000000702600000, 0x0000000702800000, 0x0000000702800000|100%| O|  |TAMS 0x0000000702800000, 0x0000000702600000| Untracked 
|  20|0x0000000702800000, 0x0000000702a00000, 0x0000000702a00000|100%| O|  |TAMS 0x0000000702a00000, 0x0000000702800000| Untracked 
|  21|0x0000000702a00000, 0x0000000702c00000, 0x0000000702c00000|100%| O|  |TAMS 0x0000000702c00000, 0x0000000702a00000| Untracked 
|  22|0x0000000702c00000, 0x0000000702e00000, 0x0000000702e00000|100%| O|  |TAMS 0x0000000702e00000, 0x0000000702c00000| Untracked 
|  23|0x0000000702e00000, 0x0000000703000000, 0x0000000703000000|100%| O|  |TAMS 0x0000000703000000, 0x0000000702e00000| Untracked 
|  24|0x0000000703000000, 0x0000000703200000, 0x0000000703200000|100%| O|  |TAMS 0x0000000703200000, 0x0000000703000000| Untracked 
|  25|0x0000000703200000, 0x0000000703400000, 0x0000000703400000|100%| O|  |TAMS 0x0000000703400000, 0x0000000703200000| Untracked 
|  26|0x0000000703400000, 0x0000000703600000, 0x0000000703600000|100%| O|  |TAMS 0x0000000703600000, 0x0000000703400000| Untracked 
|  27|0x0000000703600000, 0x0000000703800000, 0x0000000703800000|100%| O|  |TAMS 0x0000000703800000, 0x0000000703600000| Untracked 
|  28|0x0000000703800000, 0x0000000703a00000, 0x0000000703a00000|100%| O|  |TAMS 0x0000000703a00000, 0x0000000703800000| Untracked 
|  29|0x0000000703a00000, 0x0000000703c00000, 0x0000000703c00000|100%| O|  |TAMS 0x0000000703c00000, 0x0000000703a00000| Untracked 
|  30|0x0000000703c00000, 0x0000000703e00000, 0x0000000703e00000|100%| O|  |TAMS 0x0000000703e00000, 0x0000000703c00000| Untracked 
|  31|0x0000000703e00000, 0x0000000704000000, 0x0000000704000000|100%| O|  |TAMS 0x0000000704000000, 0x0000000703e00000| Untracked 
|  32|0x0000000704000000, 0x0000000704200000, 0x0000000704200000|100%| O|  |TAMS 0x0000000704200000, 0x0000000704000000| Untracked 
|  33|0x0000000704200000, 0x0000000704400000, 0x0000000704400000|100%| O|  |TAMS 0x0000000704400000, 0x0000000704200000| Untracked 
|  34|0x0000000704400000, 0x0000000704600000, 0x0000000704600000|100%| O|  |TAMS 0x0000000704600000, 0x0000000704400000| Untracked 
|  35|0x0000000704600000, 0x0000000704800000, 0x0000000704800000|100%|HS|  |TAMS 0x0000000704800000, 0x0000000704600000| Complete 
|  36|0x0000000704800000, 0x0000000704a00000, 0x0000000704a00000|100%|HS|  |TAMS 0x0000000704a00000, 0x0000000704800000| Complete 
|  37|0x0000000704a00000, 0x0000000704c00000, 0x0000000704c00000|100%|HC|  |TAMS 0x0000000704c00000, 0x0000000704a00000| Complete 
|  38|0x0000000704c00000, 0x0000000704e00000, 0x0000000704e00000|100%| O|  |TAMS 0x0000000704e00000, 0x0000000704c00000| Untracked 
|  39|0x0000000704e00000, 0x0000000705000000, 0x0000000705000000|100%| O|  |TAMS 0x0000000705000000, 0x0000000704e00000| Untracked 
|  40|0x0000000705000000, 0x0000000705200000, 0x0000000705200000|100%| O|  |TAMS 0x0000000705200000, 0x0000000705000000| Untracked 
|  41|0x0000000705200000, 0x0000000705400000, 0x0000000705400000|100%| O|  |TAMS 0x0000000705400000, 0x0000000705200000| Untracked 
|  42|0x0000000705400000, 0x0000000705600000, 0x0000000705600000|100%|HS|  |TAMS 0x0000000705600000, 0x0000000705400000| Complete 
|  43|0x0000000705600000, 0x0000000705800000, 0x0000000705800000|100%| O|  |TAMS 0x0000000705800000, 0x0000000705600000| Untracked 
|  44|0x0000000705800000, 0x0000000705a00000, 0x0000000705a00000|100%| O|  |TAMS 0x0000000705a00000, 0x0000000705800000| Untracked 
|  45|0x0000000705a00000, 0x0000000705c00000, 0x0000000705c00000|100%| O|  |TAMS 0x0000000705c00000, 0x0000000705a00000| Untracked 
|  46|0x0000000705c00000, 0x0000000705e00000, 0x0000000705e00000|100%| O|  |TAMS 0x0000000705e00000, 0x0000000705c00000| Untracked 
|  47|0x0000000705e00000, 0x0000000706000000, 0x0000000706000000|100%| O|  |TAMS 0x0000000706000000, 0x0000000705e00000| Untracked 
|  48|0x0000000706000000, 0x0000000706200000, 0x0000000706200000|100%| O|  |TAMS 0x0000000706000000, 0x0000000706000000| Untracked 
|  49|0x0000000706200000, 0x0000000706400000, 0x0000000706400000|100%| O|  |TAMS 0x0000000706400000, 0x0000000706200000| Untracked 
|  50|0x0000000706400000, 0x0000000706600000, 0x0000000706600000|100%|HS|  |TAMS 0x0000000706600000, 0x0000000706400000| Complete 
|  51|0x0000000706600000, 0x0000000706800000, 0x0000000706800000|100%|HC|  |TAMS 0x0000000706800000, 0x0000000706600000| Complete 
|  52|0x0000000706800000, 0x0000000706a00000, 0x0000000706a00000|100%| O|  |TAMS 0x0000000706a00000, 0x0000000706800000| Untracked 
|  53|0x0000000706a00000, 0x0000000706c00000, 0x0000000706c00000|100%| O|  |TAMS 0x0000000706c00000, 0x0000000706a00000| Untracked 
|  54|0x0000000706c00000, 0x0000000706e00000, 0x0000000706e00000|100%| O|  |TAMS 0x0000000706e00000, 0x0000000706c00000| Untracked 
|  55|0x0000000706e00000, 0x0000000707000000, 0x0000000707000000|100%| O|  |TAMS 0x0000000707000000, 0x0000000706e00000| Untracked 
|  56|0x0000000707000000, 0x0000000707200000, 0x0000000707200000|100%| O|  |TAMS 0x0000000707200000, 0x0000000707000000| Untracked 
|  57|0x0000000707200000, 0x0000000707400000, 0x0000000707400000|100%| O|  |TAMS 0x0000000707400000, 0x0000000707200000| Untracked 
|  58|0x0000000707400000, 0x0000000707600000, 0x0000000707600000|100%| O|  |TAMS 0x0000000707400000, 0x0000000707400000| Untracked 
|  59|0x0000000707600000, 0x0000000707800000, 0x0000000707800000|100%| O|  |TAMS 0x0000000707800000, 0x0000000707600000| Untracked 
|  60|0x0000000707800000, 0x0000000707a00000, 0x0000000707a00000|100%| O|  |TAMS 0x0000000707a00000, 0x0000000707800000| Untracked 
|  61|0x0000000707a00000, 0x0000000707c00000, 0x0000000707c00000|100%|HS|  |TAMS 0x0000000707c00000, 0x0000000707a00000| Complete 
|  62|0x0000000707c00000, 0x0000000707e00000, 0x0000000707e00000|100%| O|  |TAMS 0x0000000707e00000, 0x0000000707c00000| Untracked 
|  63|0x0000000707e00000, 0x0000000708000000, 0x0000000708000000|100%| O|  |TAMS 0x0000000708000000, 0x0000000707e00000| Untracked 
|  64|0x0000000708000000, 0x0000000708200000, 0x0000000708200000|100%| O|  |TAMS 0x0000000708200000, 0x0000000708000000| Untracked 
|  65|0x0000000708200000, 0x0000000708400000, 0x0000000708400000|100%| O|  |TAMS 0x0000000708400000, 0x0000000708200000| Untracked 
|  66|0x0000000708400000, 0x0000000708600000, 0x0000000708600000|100%| O|  |TAMS 0x0000000708600000, 0x0000000708400000| Untracked 
|  67|0x0000000708600000, 0x0000000708800000, 0x0000000708800000|100%| O|  |TAMS 0x0000000708800000, 0x0000000708600000| Untracked 
|  68|0x0000000708800000, 0x0000000708a00000, 0x0000000708a00000|100%| O|  |TAMS 0x0000000708a00000, 0x0000000708800000| Untracked 
|  69|0x0000000708a00000, 0x0000000708c00000, 0x0000000708c00000|100%| O|  |TAMS 0x0000000708c00000, 0x0000000708a00000| Untracked 
|  70|0x0000000708c00000, 0x0000000708e00000, 0x0000000708e00000|100%| O|  |TAMS 0x0000000708e00000, 0x0000000708c00000| Untracked 
|  71|0x0000000708e00000, 0x0000000709000000, 0x0000000709000000|100%| O|  |TAMS 0x0000000708e4d600, 0x0000000708e00000| Untracked 
|  72|0x0000000709000000, 0x0000000709200000, 0x0000000709200000|100%| O|  |TAMS 0x0000000709000000, 0x0000000709000000| Untracked 
|  73|0x0000000709200000, 0x0000000709400000, 0x0000000709400000|100%| O|  |TAMS 0x0000000709200000, 0x0000000709200000| Untracked 
|  74|0x0000000709400000, 0x0000000709600000, 0x0000000709600000|100%| O|  |TAMS 0x0000000709400000, 0x0000000709400000| Untracked 
|  75|0x0000000709600000, 0x0000000709800000, 0x0000000709800000|100%| O|  |TAMS 0x0000000709600000, 0x0000000709600000| Untracked 
|  76|0x0000000709800000, 0x0000000709a00000, 0x0000000709a00000|100%| O|  |TAMS 0x0000000709800000, 0x0000000709800000| Untracked 
|  77|0x0000000709a00000, 0x0000000709c00000, 0x0000000709c00000|100%| O|  |TAMS 0x0000000709a00000, 0x0000000709a00000| Untracked 
|  78|0x0000000709c00000, 0x0000000709e00000, 0x0000000709e00000|100%| O|  |TAMS 0x0000000709c00000, 0x0000000709c00000| Untracked 
|  79|0x0000000709e00000, 0x000000070a000000, 0x000000070a000000|100%| O|  |TAMS 0x0000000709e00000, 0x0000000709e00000| Untracked 
|  80|0x000000070a000000, 0x000000070a200000, 0x000000070a200000|100%| O|  |TAMS 0x000000070a000000, 0x000000070a000000| Untracked 
|  81|0x000000070a200000, 0x000000070a400000, 0x000000070a400000|100%| O|  |TAMS 0x000000070a200000, 0x000000070a200000| Untracked 
|  82|0x000000070a400000, 0x000000070a600000, 0x000000070a600000|100%| O|  |TAMS 0x000000070a400000, 0x000000070a400000| Untracked 
|  83|0x000000070a600000, 0x000000070a800000, 0x000000070a800000|100%| O|  |TAMS 0x000000070a600000, 0x000000070a600000| Untracked 
|  84|0x000000070a800000, 0x000000070aa00000, 0x000000070aa00000|100%| O|  |TAMS 0x000000070a800000, 0x000000070a800000| Untracked 
|  85|0x000000070aa00000, 0x000000070ac00000, 0x000000070ac00000|100%| O|  |TAMS 0x000000070aa00000, 0x000000070aa00000| Untracked 
|  86|0x000000070ac00000, 0x000000070ae00000, 0x000000070ae00000|100%| O|  |TAMS 0x000000070ac00000, 0x000000070ac00000| Untracked 
|  87|0x000000070ae00000, 0x000000070b000000, 0x000000070b000000|100%| O|  |TAMS 0x000000070ae00000, 0x000000070ae00000| Untracked 
|  88|0x000000070b000000, 0x000000070b200000, 0x000000070b200000|100%| O|  |TAMS 0x000000070b000000, 0x000000070b000000| Untracked 
|  89|0x000000070b200000, 0x000000070b400000, 0x000000070b400000|100%| O|  |TAMS 0x000000070b200000, 0x000000070b200000| Untracked 
|  90|0x000000070b400000, 0x000000070b600000, 0x000000070b600000|100%| O|  |TAMS 0x000000070b400000, 0x000000070b400000| Untracked 
|  91|0x000000070b600000, 0x000000070b800000, 0x000000070b800000|100%| O|  |TAMS 0x000000070b600000, 0x000000070b600000| Untracked 
|  92|0x000000070b800000, 0x000000070ba00000, 0x000000070ba00000|100%| O|  |TAMS 0x000000070b800000, 0x000000070b800000| Untracked 
|  93|0x000000070ba00000, 0x000000070bc00000, 0x000000070bc00000|100%| O|  |TAMS 0x000000070ba00000, 0x000000070ba00000| Untracked 
|  94|0x000000070bc00000, 0x000000070be00000, 0x000000070be00000|100%| O|  |TAMS 0x000000070bc00000, 0x000000070bc00000| Untracked 
|  95|0x000000070be00000, 0x000000070c000000, 0x000000070c000000|100%| O|  |TAMS 0x000000070be00000, 0x000000070be00000| Untracked 
|  96|0x000000070c000000, 0x000000070c200000, 0x000000070c200000|100%| O|  |TAMS 0x000000070c000000, 0x000000070c000000| Untracked 
|  97|0x000000070c200000, 0x000000070c400000, 0x000000070c400000|100%| O|  |TAMS 0x000000070c200000, 0x000000070c200000| Untracked 
|  98|0x000000070c400000, 0x000000070c600000, 0x000000070c600000|100%| O|  |TAMS 0x000000070c400000, 0x000000070c400000| Untracked 
|  99|0x000000070c600000, 0x000000070c800000, 0x000000070c800000|100%| O|  |TAMS 0x000000070c600000, 0x000000070c600000| Untracked 
| 100|0x000000070c800000, 0x000000070ca00000, 0x000000070ca00000|100%| O|  |TAMS 0x000000070c800000, 0x000000070c800000| Untracked 
| 101|0x000000070ca00000, 0x000000070cc00000, 0x000000070cc00000|100%| O|  |TAMS 0x000000070ca00000, 0x000000070ca00000| Untracked 
| 102|0x000000070cc00000, 0x000000070ce00000, 0x000000070ce00000|100%| O|  |TAMS 0x000000070cc00000, 0x000000070cc00000| Untracked 
| 103|0x000000070ce00000, 0x000000070d000000, 0x000000070d000000|100%| O|  |TAMS 0x000000070ce00000, 0x000000070ce00000| Untracked 
| 104|0x000000070d000000, 0x000000070d200000, 0x000000070d200000|100%| O|  |TAMS 0x000000070d000000, 0x000000070d000000| Untracked 
| 105|0x000000070d200000, 0x000000070d400000, 0x000000070d400000|100%| O|  |TAMS 0x000000070d200000, 0x000000070d200000| Untracked 
| 106|0x000000070d400000, 0x000000070d600000, 0x000000070d600000|100%| O|  |TAMS 0x000000070d400000, 0x000000070d400000| Untracked 
| 107|0x000000070d600000, 0x000000070d800000, 0x000000070d800000|100%| O|  |TAMS 0x000000070d600000, 0x000000070d600000| Untracked 
| 108|0x000000070d800000, 0x000000070da00000, 0x000000070da00000|100%| O|  |TAMS 0x000000070d800000, 0x000000070d800000| Untracked 
| 109|0x000000070da00000, 0x000000070dc00000, 0x000000070dc00000|100%| O|  |TAMS 0x000000070da00000, 0x000000070da00000| Untracked 
| 110|0x000000070dc00000, 0x000000070de00000, 0x000000070de00000|100%| O|  |TAMS 0x000000070dc00000, 0x000000070dc00000| Untracked 
| 111|0x000000070de00000, 0x000000070e000000, 0x000000070e000000|100%| O|  |TAMS 0x000000070de00000, 0x000000070de00000| Untracked 
| 112|0x000000070e000000, 0x000000070e200000, 0x000000070e200000|100%| O|  |TAMS 0x000000070e000000, 0x000000070e000000| Untracked 
| 113|0x000000070e200000, 0x000000070e400000, 0x000000070e400000|100%| O|  |TAMS 0x000000070e200000, 0x000000070e200000| Untracked 
| 114|0x000000070e400000, 0x000000070e600000, 0x000000070e600000|100%| O|  |TAMS 0x000000070e400000, 0x000000070e400000| Untracked 
| 115|0x000000070e600000, 0x000000070e800000, 0x000000070e800000|100%| O|  |TAMS 0x000000070e600000, 0x000000070e600000| Untracked 
| 116|0x000000070e800000, 0x000000070ea00000, 0x000000070ea00000|100%| O|  |TAMS 0x000000070e800000, 0x000000070e800000| Untracked 
| 117|0x000000070ea00000, 0x000000070ec00000, 0x000000070ec00000|100%| O|  |TAMS 0x000000070ea00000, 0x000000070ea00000| Untracked 
| 118|0x000000070ec00000, 0x000000070ee00000, 0x000000070ee00000|100%| O|  |TAMS 0x000000070ec00000, 0x000000070ec00000| Untracked 
| 119|0x000000070ee00000, 0x000000070f000000, 0x000000070f000000|100%| O|  |TAMS 0x000000070ee00000, 0x000000070ee00000| Untracked 
| 120|0x000000070f000000, 0x000000070f200000, 0x000000070f200000|100%| O|  |TAMS 0x000000070f000000, 0x000000070f000000| Untracked 
| 121|0x000000070f200000, 0x000000070f400000, 0x000000070f400000|100%| O|  |TAMS 0x000000070f200000, 0x000000070f200000| Untracked 
| 122|0x000000070f400000, 0x000000070f600000, 0x000000070f600000|100%| O|  |TAMS 0x000000070f400000, 0x000000070f400000| Untracked 
| 123|0x000000070f600000, 0x000000070f800000, 0x000000070f800000|100%| O|  |TAMS 0x000000070f600000, 0x000000070f600000| Untracked 
| 124|0x000000070f800000, 0x000000070fa00000, 0x000000070fa00000|100%| O|  |TAMS 0x000000070f800000, 0x000000070f800000| Untracked 
| 125|0x000000070fa00000, 0x000000070fc00000, 0x000000070fc00000|100%| O|  |TAMS 0x000000070fa00000, 0x000000070fa00000| Untracked 
| 126|0x000000070fc00000, 0x000000070fe00000, 0x000000070fe00000|100%| O|  |TAMS 0x000000070fc00000, 0x000000070fc00000| Untracked 
| 127|0x000000070fe00000, 0x0000000710000000, 0x0000000710000000|100%| O|  |TAMS 0x000000070fe00000, 0x000000070fe00000| Untracked 
| 128|0x0000000710000000, 0x0000000710200000, 0x0000000710200000|100%| O|  |TAMS 0x0000000710000000, 0x0000000710000000| Untracked 
| 129|0x0000000710200000, 0x0000000710400000, 0x0000000710400000|100%| O|  |TAMS 0x0000000710200000, 0x0000000710200000| Untracked 
| 130|0x0000000710400000, 0x0000000710600000, 0x0000000710600000|100%|HS|  |TAMS 0x0000000710400000, 0x0000000710400000| Complete 
| 131|0x0000000710600000, 0x0000000710800000, 0x0000000710800000|100%| O|  |TAMS 0x0000000710600000, 0x0000000710600000| Untracked 
| 132|0x0000000710800000, 0x0000000710a00000, 0x0000000710a00000|100%| O|  |TAMS 0x0000000710800000, 0x0000000710800000| Untracked 
| 133|0x0000000710a00000, 0x0000000710c00000, 0x0000000710c00000|100%| O|  |TAMS 0x0000000710a00000, 0x0000000710a00000| Untracked 
| 134|0x0000000710c00000, 0x0000000710e00000, 0x0000000710e00000|100%| O|  |TAMS 0x0000000710c00000, 0x0000000710c00000| Untracked 
| 135|0x0000000710e00000, 0x0000000711000000, 0x0000000711000000|100%| O|  |TAMS 0x0000000710e00000, 0x0000000710e00000| Untracked 
| 136|0x0000000711000000, 0x0000000711200000, 0x0000000711200000|100%| O|  |TAMS 0x0000000711000000, 0x0000000711000000| Untracked 
| 137|0x0000000711200000, 0x0000000711400000, 0x0000000711400000|100%| O|  |TAMS 0x0000000711200000, 0x0000000711200000| Untracked 
| 138|0x0000000711400000, 0x0000000711600000, 0x0000000711600000|100%| O|  |TAMS 0x0000000711400000, 0x0000000711400000| Untracked 
| 139|0x0000000711600000, 0x0000000711800000, 0x0000000711800000|100%| O|  |TAMS 0x0000000711600000, 0x0000000711600000| Untracked 
| 140|0x0000000711800000, 0x0000000711a00000, 0x0000000711a00000|100%| O|  |TAMS 0x0000000711800000, 0x0000000711800000| Untracked 
| 141|0x0000000711a00000, 0x0000000711c00000, 0x0000000711c00000|100%| O|  |TAMS 0x0000000711a00000, 0x0000000711a00000| Untracked 
| 142|0x0000000711c00000, 0x0000000711e00000, 0x0000000711e00000|100%| O|  |TAMS 0x0000000711c00000, 0x0000000711c00000| Untracked 
| 143|0x0000000711e00000, 0x0000000712000000, 0x0000000712000000|100%| O|  |TAMS 0x0000000711e00000, 0x0000000711e00000| Untracked 
| 144|0x0000000712000000, 0x0000000712200000, 0x0000000712200000|100%| O|  |TAMS 0x0000000712000000, 0x0000000712000000| Untracked 
| 145|0x0000000712200000, 0x0000000712400000, 0x0000000712400000|100%| O|  |TAMS 0x0000000712200000, 0x0000000712200000| Untracked 
| 146|0x0000000712400000, 0x0000000712600000, 0x0000000712600000|100%| O|  |TAMS 0x0000000712400000, 0x0000000712400000| Untracked 
| 147|0x0000000712600000, 0x0000000712800000, 0x0000000712800000|100%| O|  |TAMS 0x0000000712600000, 0x0000000712600000| Untracked 
| 148|0x0000000712800000, 0x0000000712a00000, 0x0000000712a00000|100%| O|  |TAMS 0x0000000712800000, 0x0000000712800000| Untracked 
| 149|0x0000000712a00000, 0x0000000712c00000, 0x0000000712c00000|100%| O|  |TAMS 0x0000000712a00000, 0x0000000712a00000| Untracked 
| 150|0x0000000712c00000, 0x0000000712e00000, 0x0000000712e00000|100%| O|  |TAMS 0x0000000712c00000, 0x0000000712c00000| Untracked 
| 151|0x0000000712e00000, 0x0000000713000000, 0x0000000713000000|100%| O|  |TAMS 0x0000000712e00000, 0x0000000712e00000| Untracked 
| 152|0x0000000713000000, 0x0000000713200000, 0x0000000713200000|100%| O|  |TAMS 0x0000000713000000, 0x0000000713000000| Untracked 
| 153|0x0000000713200000, 0x0000000713400000, 0x0000000713400000|100%| O|  |TAMS 0x0000000713200000, 0x0000000713200000| Untracked 
| 154|0x0000000713400000, 0x0000000713600000, 0x0000000713600000|100%| O|  |TAMS 0x0000000713400000, 0x0000000713400000| Untracked 
| 155|0x0000000713600000, 0x0000000713800000, 0x0000000713800000|100%| O|  |TAMS 0x0000000713600000, 0x0000000713600000| Untracked 
| 156|0x0000000713800000, 0x0000000713a00000, 0x0000000713a00000|100%| O|  |TAMS 0x0000000713800000, 0x0000000713800000| Untracked 
| 157|0x0000000713a00000, 0x0000000713c00000, 0x0000000713c00000|100%| O|  |TAMS 0x0000000713a00000, 0x0000000713a00000| Untracked 
| 158|0x0000000713c00000, 0x0000000713e00000, 0x0000000713e00000|100%| O|  |TAMS 0x0000000713c00000, 0x0000000713c00000| Untracked 
| 159|0x0000000713e00000, 0x0000000714000000, 0x0000000714000000|100%| O|  |TAMS 0x0000000713e00000, 0x0000000713e00000| Untracked 
| 160|0x0000000714000000, 0x0000000714200000, 0x0000000714200000|100%| O|  |TAMS 0x0000000714000000, 0x0000000714000000| Untracked 
| 161|0x0000000714200000, 0x0000000714400000, 0x0000000714400000|100%| O|  |TAMS 0x0000000714200000, 0x0000000714200000| Untracked 
| 162|0x0000000714400000, 0x0000000714600000, 0x0000000714600000|100%| O|  |TAMS 0x0000000714400000, 0x0000000714400000| Untracked 
| 163|0x0000000714600000, 0x0000000714800000, 0x0000000714800000|100%| O|  |TAMS 0x0000000714600000, 0x0000000714600000| Untracked 
| 164|0x0000000714800000, 0x0000000714a00000, 0x0000000714a00000|100%| O|  |TAMS 0x0000000714800000, 0x0000000714800000| Untracked 
| 165|0x0000000714a00000, 0x0000000714c00000, 0x0000000714c00000|100%| O|  |TAMS 0x0000000714a00000, 0x0000000714a00000| Untracked 
| 166|0x0000000714c00000, 0x0000000714e00000, 0x0000000714e00000|100%| O|  |TAMS 0x0000000714c00000, 0x0000000714c00000| Untracked 
| 167|0x0000000714e00000, 0x0000000715000000, 0x0000000715000000|100%| O|  |TAMS 0x0000000714e00000, 0x0000000714e00000| Untracked 
| 168|0x0000000715000000, 0x0000000715200000, 0x0000000715200000|100%| O|  |TAMS 0x0000000715000000, 0x0000000715000000| Untracked 
| 169|0x0000000715200000, 0x0000000715400000, 0x0000000715400000|100%| O|  |TAMS 0x0000000715200000, 0x0000000715200000| Untracked 
| 170|0x0000000715400000, 0x0000000715600000, 0x0000000715600000|100%| O|  |TAMS 0x0000000715400000, 0x0000000715400000| Untracked 
| 171|0x0000000715600000, 0x0000000715800000, 0x0000000715800000|100%| O|  |TAMS 0x0000000715600000, 0x0000000715600000| Untracked 
| 172|0x0000000715800000, 0x0000000715a00000, 0x0000000715a00000|100%| O|  |TAMS 0x0000000715800000, 0x0000000715800000| Untracked 
| 173|0x0000000715a00000, 0x0000000715c00000, 0x0000000715c00000|100%| O|  |TAMS 0x0000000715a00000, 0x0000000715a00000| Untracked 
| 174|0x0000000715c00000, 0x0000000715e00000, 0x0000000715e00000|100%| O|  |TAMS 0x0000000715c00000, 0x0000000715c00000| Untracked 
| 175|0x0000000715e00000, 0x0000000716000000, 0x0000000716000000|100%| O|  |TAMS 0x0000000715e00000, 0x0000000715e00000| Untracked 
| 176|0x0000000716000000, 0x0000000716200000, 0x0000000716200000|100%| O|  |TAMS 0x0000000716000000, 0x0000000716000000| Untracked 
| 177|0x0000000716200000, 0x0000000716400000, 0x0000000716400000|100%| O|  |TAMS 0x0000000716200000, 0x0000000716200000| Untracked 
| 178|0x0000000716400000, 0x0000000716600000, 0x0000000716600000|100%| O|  |TAMS 0x0000000716400000, 0x0000000716400000| Untracked 
| 179|0x0000000716600000, 0x0000000716800000, 0x0000000716800000|100%| O|  |TAMS 0x0000000716600000, 0x0000000716600000| Untracked 
| 180|0x0000000716800000, 0x0000000716a00000, 0x0000000716a00000|100%| O|  |TAMS 0x0000000716800000, 0x0000000716800000| Untracked 
| 181|0x0000000716a00000, 0x0000000716bb2600, 0x0000000716c00000| 84%| O|  |TAMS 0x0000000716a00000, 0x0000000716a00000| Untracked 
| 182|0x0000000716c00000, 0x0000000716c00000, 0x0000000716e00000|  0%| F|  |TAMS 0x0000000716c00000, 0x0000000716c00000| Untracked 
| 183|0x0000000716e00000, 0x0000000716e00000, 0x0000000717000000|  0%| F|  |TAMS 0x0000000716e00000, 0x0000000716e00000| Untracked 
| 184|0x0000000717000000, 0x0000000717000000, 0x0000000717200000|  0%| F|  |TAMS 0x0000000717000000, 0x0000000717000000| Untracked 
| 185|0x0000000717200000, 0x0000000717200000, 0x0000000717400000|  0%| F|  |TAMS 0x0000000717200000, 0x0000000717200000| Untracked 
| 186|0x0000000717400000, 0x0000000717400000, 0x0000000717600000|  0%| F|  |TAMS 0x0000000717400000, 0x0000000717400000| Untracked 
| 187|0x0000000717600000, 0x0000000717600000, 0x0000000717800000|  0%| F|  |TAMS 0x0000000717600000, 0x0000000717600000| Untracked 
| 188|0x0000000717800000, 0x0000000717800000, 0x0000000717a00000|  0%| F|  |TAMS 0x0000000717800000, 0x0000000717800000| Untracked 
| 189|0x0000000717a00000, 0x0000000717a00000, 0x0000000717c00000|  0%| F|  |TAMS 0x0000000717a00000, 0x0000000717a00000| Untracked 
| 190|0x0000000717c00000, 0x0000000717c00000, 0x0000000717e00000|  0%| F|  |TAMS 0x0000000717c00000, 0x0000000717c00000| Untracked 
| 191|0x0000000717e00000, 0x0000000717e00000, 0x0000000718000000|  0%| F|  |TAMS 0x0000000717e00000, 0x0000000717e00000| Untracked 
| 192|0x0000000718000000, 0x0000000718000000, 0x0000000718200000|  0%| F|  |TAMS 0x0000000718000000, 0x0000000718000000| Untracked 
| 193|0x0000000718200000, 0x0000000718200000, 0x0000000718400000|  0%| F|  |TAMS 0x0000000718200000, 0x0000000718200000| Untracked 
| 194|0x0000000718400000, 0x0000000718400000, 0x0000000718600000|  0%| F|  |TAMS 0x0000000718400000, 0x0000000718400000| Untracked 
| 195|0x0000000718600000, 0x0000000718600000, 0x0000000718800000|  0%| F|  |TAMS 0x0000000718600000, 0x0000000718600000| Untracked 
| 196|0x0000000718800000, 0x0000000718800000, 0x0000000718a00000|  0%| F|  |TAMS 0x0000000718800000, 0x0000000718800000| Untracked 
| 197|0x0000000718a00000, 0x0000000718a00000, 0x0000000718c00000|  0%| F|  |TAMS 0x0000000718a00000, 0x0000000718a00000| Untracked 
| 198|0x0000000718c00000, 0x0000000718c00000, 0x0000000718e00000|  0%| F|  |TAMS 0x0000000718c00000, 0x0000000718c00000| Untracked 
| 199|0x0000000718e00000, 0x0000000718e00000, 0x0000000719000000|  0%| F|  |TAMS 0x0000000718e00000, 0x0000000718e00000| Untracked 
| 200|0x0000000719000000, 0x0000000719000000, 0x0000000719200000|  0%| F|  |TAMS 0x0000000719000000, 0x0000000719000000| Untracked 
| 201|0x0000000719200000, 0x0000000719200000, 0x0000000719400000|  0%| F|  |TAMS 0x0000000719200000, 0x0000000719200000| Untracked 
| 202|0x0000000719400000, 0x0000000719400000, 0x0000000719600000|  0%| F|  |TAMS 0x0000000719400000, 0x0000000719400000| Untracked 
| 203|0x0000000719600000, 0x0000000719600000, 0x0000000719800000|  0%| F|  |TAMS 0x0000000719600000, 0x0000000719600000| Untracked 
| 204|0x0000000719800000, 0x0000000719800000, 0x0000000719a00000|  0%| F|  |TAMS 0x0000000719800000, 0x0000000719800000| Untracked 
| 205|0x0000000719a00000, 0x0000000719a00000, 0x0000000719c00000|  0%| F|  |TAMS 0x0000000719a00000, 0x0000000719a00000| Untracked 
| 206|0x0000000719c00000, 0x0000000719c00000, 0x0000000719e00000|  0%| F|  |TAMS 0x0000000719c00000, 0x0000000719c00000| Untracked 
| 207|0x0000000719e00000, 0x0000000719e00000, 0x000000071a000000|  0%| F|  |TAMS 0x0000000719e00000, 0x0000000719e00000| Untracked 
| 208|0x000000071a000000, 0x000000071a000000, 0x000000071a200000|  0%| F|  |TAMS 0x000000071a000000, 0x000000071a000000| Untracked 
| 209|0x000000071a200000, 0x000000071a200000, 0x000000071a400000|  0%| F|  |TAMS 0x000000071a200000, 0x000000071a200000| Untracked 
| 210|0x000000071a400000, 0x000000071a400000, 0x000000071a600000|  0%| F|  |TAMS 0x000000071a400000, 0x000000071a400000| Untracked 
| 211|0x000000071a600000, 0x000000071a600000, 0x000000071a800000|  0%| F|  |TAMS 0x000000071a600000, 0x000000071a600000| Untracked 
| 212|0x000000071a800000, 0x000000071a800000, 0x000000071aa00000|  0%| F|  |TAMS 0x000000071a800000, 0x000000071a800000| Untracked 
| 213|0x000000071aa00000, 0x000000071aa00000, 0x000000071ac00000|  0%| F|  |TAMS 0x000000071aa00000, 0x000000071aa00000| Untracked 
| 214|0x000000071ac00000, 0x000000071ac00000, 0x000000071ae00000|  0%| F|  |TAMS 0x000000071ac00000, 0x000000071ac00000| Untracked 
| 215|0x000000071ae00000, 0x000000071ae00000, 0x000000071b000000|  0%| F|  |TAMS 0x000000071ae00000, 0x000000071ae00000| Untracked 
| 216|0x000000071b000000, 0x000000071b000000, 0x000000071b200000|  0%| F|  |TAMS 0x000000071b000000, 0x000000071b000000| Untracked 
| 217|0x000000071b200000, 0x000000071b200000, 0x000000071b400000|  0%| F|  |TAMS 0x000000071b200000, 0x000000071b200000| Untracked 
| 218|0x000000071b400000, 0x000000071b600000, 0x000000071b600000|100%| S|CS|TAMS 0x000000071b400000, 0x000000071b400000| Complete 
| 219|0x000000071b600000, 0x000000071b800000, 0x000000071b800000|100%| S|CS|TAMS 0x000000071b600000, 0x000000071b600000| Complete 
| 220|0x000000071b800000, 0x000000071ba00000, 0x000000071ba00000|100%| S|CS|TAMS 0x000000071b800000, 0x000000071b800000| Complete 
| 221|0x000000071ba00000, 0x000000071ba00000, 0x000000071bc00000|  0%| F|  |TAMS 0x000000071ba00000, 0x000000071ba00000| Untracked 
| 222|0x000000071bc00000, 0x000000071bc00000, 0x000000071be00000|  0%| F|  |TAMS 0x000000071bc00000, 0x000000071bc00000| Untracked 
| 223|0x000000071be00000, 0x000000071be00000, 0x000000071c000000|  0%| F|  |TAMS 0x000000071be00000, 0x000000071be00000| Untracked 
| 224|0x000000071c000000, 0x000000071c200000, 0x000000071c200000|100%| S|CS|TAMS 0x000000071c000000, 0x000000071c000000| Complete 
| 225|0x000000071c200000, 0x000000071c400000, 0x000000071c400000|100%| S|CS|TAMS 0x000000071c200000, 0x000000071c200000| Complete 
| 226|0x000000071c400000, 0x000000071c600000, 0x000000071c600000|100%| S|CS|TAMS 0x000000071c400000, 0x000000071c400000| Complete 
| 227|0x000000071c600000, 0x000000071c600000, 0x000000071c800000|  0%| F|  |TAMS 0x000000071c600000, 0x000000071c600000| Untracked 
| 228|0x000000071c800000, 0x000000071c800000, 0x000000071ca00000|  0%| F|  |TAMS 0x000000071c800000, 0x000000071c800000| Untracked 
| 229|0x000000071ca00000, 0x000000071ca00000, 0x000000071cc00000|  0%| F|  |TAMS 0x000000071ca00000, 0x000000071ca00000| Untracked 
| 230|0x000000071cc00000, 0x000000071cc00000, 0x000000071ce00000|  0%| F|  |TAMS 0x000000071cc00000, 0x000000071cc00000| Untracked 
| 231|0x000000071ce00000, 0x000000071ce00000, 0x000000071d000000|  0%| F|  |TAMS 0x000000071ce00000, 0x000000071ce00000| Untracked 
| 232|0x000000071d000000, 0x000000071d000000, 0x000000071d200000|  0%| F|  |TAMS 0x000000071d000000, 0x000000071d000000| Untracked 
| 233|0x000000071d200000, 0x000000071d200000, 0x000000071d400000|  0%| F|  |TAMS 0x000000071d200000, 0x000000071d200000| Untracked 
| 234|0x000000071d400000, 0x000000071d400000, 0x000000071d600000|  0%| F|  |TAMS 0x000000071d400000, 0x000000071d400000| Untracked 
| 235|0x000000071d600000, 0x000000071d600000, 0x000000071d800000|  0%| F|  |TAMS 0x000000071d600000, 0x000000071d600000| Untracked 
| 236|0x000000071d800000, 0x000000071d800000, 0x000000071da00000|  0%| F|  |TAMS 0x000000071d800000, 0x000000071d800000| Untracked 
| 237|0x000000071da00000, 0x000000071da00000, 0x000000071dc00000|  0%| F|  |TAMS 0x000000071da00000, 0x000000071da00000| Untracked 
| 238|0x000000071dc00000, 0x000000071dc00000, 0x000000071de00000|  0%| F|  |TAMS 0x000000071dc00000, 0x000000071dc00000| Untracked 
| 239|0x000000071de00000, 0x000000071de00000, 0x000000071e000000|  0%| F|  |TAMS 0x000000071de00000, 0x000000071de00000| Untracked 
| 240|0x000000071e000000, 0x000000071e000000, 0x000000071e200000|  0%| F|  |TAMS 0x000000071e000000, 0x000000071e000000| Untracked 
| 241|0x000000071e200000, 0x000000071e200000, 0x000000071e400000|  0%| F|  |TAMS 0x000000071e200000, 0x000000071e200000| Untracked 
| 242|0x000000071e400000, 0x000000071e400000, 0x000000071e600000|  0%| F|  |TAMS 0x000000071e400000, 0x000000071e400000| Untracked 
| 243|0x000000071e600000, 0x000000071e600000, 0x000000071e800000|  0%| F|  |TAMS 0x000000071e600000, 0x000000071e600000| Untracked 
| 244|0x000000071e800000, 0x000000071e800000, 0x000000071ea00000|  0%| F|  |TAMS 0x000000071e800000, 0x000000071e800000| Untracked 
| 245|0x000000071ea00000, 0x000000071ea00000, 0x000000071ec00000|  0%| F|  |TAMS 0x000000071ea00000, 0x000000071ea00000| Untracked 
| 246|0x000000071ec00000, 0x000000071ec00000, 0x000000071ee00000|  0%| F|  |TAMS 0x000000071ec00000, 0x000000071ec00000| Untracked 
| 247|0x000000071ee00000, 0x000000071ee00000, 0x000000071f000000|  0%| F|  |TAMS 0x000000071ee00000, 0x000000071ee00000| Untracked 
| 248|0x000000071f000000, 0x000000071f000000, 0x000000071f200000|  0%| F|  |TAMS 0x000000071f000000, 0x000000071f000000| Untracked 
| 249|0x000000071f200000, 0x000000071f200000, 0x000000071f400000|  0%| F|  |TAMS 0x000000071f200000, 0x000000071f200000| Untracked 
| 250|0x000000071f400000, 0x000000071f400000, 0x000000071f600000|  0%| F|  |TAMS 0x000000071f400000, 0x000000071f400000| Untracked 
| 251|0x000000071f600000, 0x000000071f600000, 0x000000071f800000|  0%| F|  |TAMS 0x000000071f600000, 0x000000071f600000| Untracked 
| 252|0x000000071f800000, 0x000000071f800000, 0x000000071fa00000|  0%| F|  |TAMS 0x000000071f800000, 0x000000071f800000| Untracked 
| 253|0x000000071fa00000, 0x000000071fa00000, 0x000000071fc00000|  0%| F|  |TAMS 0x000000071fa00000, 0x000000071fa00000| Untracked 
| 254|0x000000071fc00000, 0x000000071fc00000, 0x000000071fe00000|  0%| F|  |TAMS 0x000000071fc00000, 0x000000071fc00000| Untracked 
| 255|0x000000071fe00000, 0x000000071fe00000, 0x0000000720000000|  0%| F|  |TAMS 0x000000071fe00000, 0x000000071fe00000| Untracked 
| 256|0x0000000720000000, 0x0000000720000000, 0x0000000720200000|  0%| F|  |TAMS 0x0000000720000000, 0x0000000720000000| Untracked 
| 257|0x0000000720200000, 0x0000000720200000, 0x0000000720400000|  0%| F|  |TAMS 0x0000000720200000, 0x0000000720200000| Untracked 
| 258|0x0000000720400000, 0x0000000720400000, 0x0000000720600000|  0%| F|  |TAMS 0x0000000720400000, 0x0000000720400000| Untracked 
| 259|0x0000000720600000, 0x0000000720600000, 0x0000000720800000|  0%| F|  |TAMS 0x0000000720600000, 0x0000000720600000| Untracked 
| 260|0x0000000720800000, 0x0000000720800000, 0x0000000720a00000|  0%| F|  |TAMS 0x0000000720800000, 0x0000000720800000| Untracked 
| 261|0x0000000720a00000, 0x0000000720a00000, 0x0000000720c00000|  0%| F|  |TAMS 0x0000000720a00000, 0x0000000720a00000| Untracked 
| 262|0x0000000720c00000, 0x0000000720c00000, 0x0000000720e00000|  0%| F|  |TAMS 0x0000000720c00000, 0x0000000720c00000| Untracked 
| 263|0x0000000720e00000, 0x0000000720e00000, 0x0000000721000000|  0%| F|  |TAMS 0x0000000720e00000, 0x0000000720e00000| Untracked 
| 264|0x0000000721000000, 0x0000000721000000, 0x0000000721200000|  0%| F|  |TAMS 0x0000000721000000, 0x0000000721000000| Untracked 
| 265|0x0000000721200000, 0x0000000721200000, 0x0000000721400000|  0%| F|  |TAMS 0x0000000721200000, 0x0000000721200000| Untracked 
| 266|0x0000000721400000, 0x0000000721400000, 0x0000000721600000|  0%| F|  |TAMS 0x0000000721400000, 0x0000000721400000| Untracked 
| 267|0x0000000721600000, 0x0000000721600000, 0x0000000721800000|  0%| F|  |TAMS 0x0000000721600000, 0x0000000721600000| Untracked 
| 268|0x0000000721800000, 0x0000000721800000, 0x0000000721a00000|  0%| F|  |TAMS 0x0000000721800000, 0x0000000721800000| Untracked 
|2042|0x00000007ff400000, 0x00000007ff600000, 0x00000007ff600000|100%| O|  |TAMS 0x00000007ff600000, 0x00000007ff400000| Untracked 
|2043|0x00000007ff600000, 0x00000007ff800000, 0x00000007ff800000|100%| O|  |TAMS 0x00000007ff800000, 0x00000007ff600000| Untracked 
|2044|0x00000007ff800000, 0x00000007ffa00000, 0x00000007ffa00000|100%| O|  |TAMS 0x00000007ffa00000, 0x00000007ff800000| Untracked 
|2045|0x00000007ffa00000, 0x00000007ffc00000, 0x00000007ffc00000|100%| O|  |TAMS 0x00000007ffc00000, 0x00000007ffa00000| Untracked 
|2046|0x00000007ffc00000, 0x00000007ffe00000, 0x00000007ffe00000|100%| O|  |TAMS 0x00000007ffe00000, 0x00000007ffc00000| Untracked 
|2047|0x00000007ffe00000, 0x0000000800000000, 0x0000000800000000|100%| O|  |TAMS 0x0000000800000000, 0x00000007ffe00000| Untracked 

Card table byte_map: [0x0000018900800000,0x0000018901000000] _byte_map_base: 0x00000188fd000000

Marking Bits (Prev, Next): (CMBitMap*) 0x000001896675ac80, (CMBitMap*) 0x000001896675ac40
 Prev Bits: [0x0000018905800000, 0x0000018909800000)
 Next Bits: [0x0000018901800000, 0x0000018905800000)

Polling page: 0x0000018966c40000

Metaspace:

Usage:
  Non-class:    130.52 MB used.
      Class:     20.53 MB used.
       Both:    151.05 MB used.

Virtual space:
  Non-class space:      192.00 MB reserved,     131.31 MB ( 68%) committed,  3 nodes.
      Class space:      832.00 MB reserved,      21.31 MB (  3%) committed,  1 nodes.
             Both:        1.00 GB reserved,     152.62 MB ( 15%) committed. 

Chunk freelists:
   Non-Class:  11.80 MB
       Class:  10.73 MB
        Both:  22.53 MB

MaxMetaspaceSize: 1.00 GB
CompressedClassSpaceSize: 832.00 MB
Initial GC threshold: 21.00 MB
Current GC threshold: 176.25 MB
CDS: on
MetaspaceReclaimPolicy: balanced
 - commit_granule_bytes: 65536.
 - commit_granule_words: 8192.
 - virtual_space_node_default_size: 8388608.
 - enlarge_chunks_in_place: 1.
 - new_chunks_are_fully_committed: 0.
 - uncommit_free_chunks: 1.
 - use_allocation_guard: 0.
 - handle_deallocations: 1.


Internal statistics:

num_allocs_failed_limit: 9.
num_arena_births: 2536.
num_arena_deaths: 0.
num_vsnodes_births: 4.
num_vsnodes_deaths: 0.
num_space_committed: 2440.
num_space_uncommitted: 0.
num_chunks_returned_to_freelist: 9.
num_chunks_taken_from_freelist: 9615.
num_chunk_merges: 9.
num_chunk_splits: 6162.
num_chunks_enlarged: 3826.
num_inconsistent_stats: 0.

CodeHeap 'non-profiled nmethods': size=120000Kb used=16343Kb max_used=16423Kb free=103656Kb
 bounds [0x0000018978090000, 0x00000189790b0000, 0x000001897f5c0000]
CodeHeap 'profiled nmethods': size=120000Kb used=36697Kb max_used=37113Kb free=83302Kb
 bounds [0x00000189705c0000, 0x0000018972a00000, 0x0000018977af0000]
CodeHeap 'non-nmethods': size=5760Kb used=2583Kb max_used=2652Kb free=3176Kb
 bounds [0x0000018977af0000, 0x0000018977d90000, 0x0000018978090000]
 total_blobs=20451 nmethods=19338 adapters=1024
 compilation: enabled
              stopped_count=0, restarted_count=0
 full_count=0

Compilation events (20 events):
Event: 524.352 Thread 0x000001897ff0b150 nmethod 24409 0x0000018970762390 code [0x0000018970762560, 0x0000018970762968]
Event: 524.352 Thread 0x000001897ff0b150 24412       3       com.android.tools.r8.internal.ar3$$Lambda$4281/0x000001890f4997e0::accept (11 bytes)
Event: 524.352 Thread 0x000001897ff0b150 nmethod 24412 0x00000189726a3090 code [0x00000189726a3240, 0x00000189726a3428]
Event: 524.352 Thread 0x000001897ff0b150 24416 %     3       com.android.tools.r8.internal.l32::a @ 1747 (2024 bytes)
Event: 524.352 Thread 0x000001895232c330 nmethod 23969 0x0000018978fda810 code [0x0000018978fda9a0, 0x0000018978fdaab8]
Event: 524.352 Thread 0x000001895232c330 22754       4       com.android.tools.r8.graph.z::F (8 bytes)
Event: 524.353 Thread 0x000001895232c330 nmethod 22754 0x0000018978fda510 code [0x0000018978fda6a0, 0x0000018978fda758]
Event: 524.353 Thread 0x000001895232c330 23422       4       com.android.tools.r8.internal.su3$$Lambda$4159/0x000001890f476ae0::applyAsInt (8 bytes)
Event: 524.354 Thread 0x000001895232c330 nmethod 23422 0x0000018978ca2310 code [0x0000018978ca24a0, 0x0000018978ca2578]
Event: 524.354 Thread 0x000001895232c330 23629       4       com.android.tools.r8.graph.h::b (15 bytes)
Event: 524.354 Thread 0x000001895232c330 nmethod 23629 0x0000018978ca2010 code [0x0000018978ca2180, 0x0000018978ca21f8]
Event: 524.354 Thread 0x000001895232c330 23566       4       com.android.tools.r8.graph.z::b (8 bytes)
Event: 524.354 Thread 0x000001895232c330 nmethod 23566 0x0000018978ca1d10 code [0x0000018978ca1ea0, 0x0000018978ca1f38]
Event: 524.354 Thread 0x000001895232c330 23933       4       com.android.tools.r8.internal.wd4::a (69 bytes)
Event: 524.355 Thread 0x000001895232c330 nmethod 23933 0x0000018978ca1990 code [0x0000018978ca1b20, 0x0000018978ca1bf8]
Event: 524.355 Thread 0x000001895232c330 24394       4       com.android.tools.r8.internal.dc1::a (19 bytes)
Event: 524.355 Thread 0x000001895232c330 nmethod 24394 0x0000018978ca1590 code [0x0000018978ca1700, 0x0000018978ca1798]
Event: 524.355 Thread 0x000001895232c330 23983       4       com.android.tools.r8.internal.jd4::Y (8 bytes)
Event: 524.356 Thread 0x000001895232c330 nmethod 23983 0x00000189789c7210 code [0x00000189789c73a0, 0x00000189789c7498]
Event: 524.356 Thread 0x000001895232c330 24369       4       com.android.tools.r8.internal.k62::b (47 bytes)

GC Heap History (20 events):
Event: 521.884 GC heap after
{Heap after GC invocations=87 (full 0):
 garbage-first heap   total 413696K, used 308461K [0x0000000700000000, 0x0000000800000000)
  region size 2048K, 3 young (6144K), 3 survivors (6144K)
 Metaspace       used 141840K, committed 143296K, reserved 983040K
  class space    used 18914K, committed 19648K, reserved 851968K
}
Event: 522.309 GC heap before
{Heap before GC invocations=87 (full 0):
 garbage-first heap   total 413696K, used 349421K [0x0000000700000000, 0x0000000800000000)
  region size 2048K, 24 young (49152K), 3 survivors (6144K)
 Metaspace       used 143468K, committed 144960K, reserved 983040K
  class space    used 19146K, committed 19904K, reserved 851968K
}
Event: 522.312 GC heap after
{Heap after GC invocations=88 (full 0):
 garbage-first heap   total 413696K, used 313346K [0x0000000700000000, 0x0000000800000000)
  region size 2048K, 3 young (6144K), 3 survivors (6144K)
 Metaspace       used 143468K, committed 144960K, reserved 983040K
  class space    used 19146K, committed 19904K, reserved 851968K
}
Event: 522.486 GC heap before
{Heap before GC invocations=88 (full 0):
 garbage-first heap   total 413696K, used 352258K [0x0000000700000000, 0x0000000800000000)
  region size 2048K, 23 young (47104K), 3 survivors (6144K)
 Metaspace       used 144627K, committed 146112K, reserved 983040K
  class space    used 19291K, committed 20032K, reserved 851968K
}
Event: 522.491 GC heap after
{Heap after GC invocations=89 (full 0):
 garbage-first heap   total 413696K, used 319488K [0x0000000700000000, 0x0000000800000000)
  region size 2048K, 3 young (6144K), 3 survivors (6144K)
 Metaspace       used 144627K, committed 146112K, reserved 983040K
  class space    used 19291K, committed 20032K, reserved 851968K
}
Event: 522.661 GC heap before
{Heap before GC invocations=89 (full 0):
 garbage-first heap   total 413696K, used 354304K [0x0000000700000000, 0x0000000800000000)
  region size 2048K, 21 young (43008K), 3 survivors (6144K)
 Metaspace       used 146367K, committed 147840K, reserved 983040K
  class space    used 19676K, committed 20416K, reserved 851968K
}
Event: 522.665 GC heap after
{Heap after GC invocations=90 (full 0):
 garbage-first heap   total 413696K, used 324922K [0x0000000700000000, 0x0000000800000000)
  region size 2048K, 3 young (6144K), 3 survivors (6144K)
 Metaspace       used 146367K, committed 147840K, reserved 983040K
  class space    used 19676K, committed 20416K, reserved 851968K
}
Event: 522.821 GC heap before
{Heap before GC invocations=90 (full 0):
 garbage-first heap   total 413696K, used 353594K [0x0000000700000000, 0x0000000800000000)
  region size 2048K, 18 young (36864K), 3 survivors (6144K)
 Metaspace       used 147310K, committed 148864K, reserved 983040K
  class space    used 19826K, committed 20608K, reserved 851968K
}
Event: 522.825 GC heap after
{Heap after GC invocations=91 (full 0):
 garbage-first heap   total 413696K, used 329450K [0x0000000700000000, 0x0000000800000000)
  region size 2048K, 3 young (6144K), 3 survivors (6144K)
 Metaspace       used 147310K, committed 148864K, reserved 983040K
  class space    used 19826K, committed 20608K, reserved 851968K
}
Event: 522.875 GC heap before
{Heap before GC invocations=91 (full 0):
 garbage-first heap   total 413696K, used 356074K [0x0000000700000000, 0x0000000800000000)
  region size 2048K, 16 young (32768K), 3 survivors (6144K)
 Metaspace       used 147684K, committed 149248K, reserved 983040K
  class space    used 19890K, committed 20672K, reserved 851968K
}
Event: 522.880 GC heap after
{Heap after GC invocations=92 (full 0):
 garbage-first heap   total 413696K, used 334484K [0x0000000700000000, 0x0000000800000000)
  region size 2048K, 2 young (4096K), 2 survivors (4096K)
 Metaspace       used 147684K, committed 149248K, reserved 983040K
  class space    used 19890K, committed 20672K, reserved 851968K
}
Event: 522.911 GC heap before
{Heap before GC invocations=92 (full 0):
 garbage-first heap   total 413696K, used 354964K [0x0000000700000000, 0x0000000800000000)
  region size 2048K, 13 young (26624K), 2 survivors (4096K)
 Metaspace       used 147887K, committed 149376K, reserved 983040K
  class space    used 19933K, committed 20672K, reserved 851968K
}
Event: 522.916 GC heap after
{Heap after GC invocations=93 (full 0):
 garbage-first heap   total 563200K, used 339968K [0x0000000700000000, 0x0000000800000000)
  region size 2048K, 2 young (4096K), 2 survivors (4096K)
 Metaspace       used 147887K, committed 149376K, reserved 983040K
  class space    used 19933K, committed 20672K, reserved 851968K
}
Event: 523.230 GC heap before
{Heap before GC invocations=93 (full 0):
 garbage-first heap   total 563200K, used 454656K [0x0000000700000000, 0x0000000800000000)
  region size 2048K, 59 young (120832K), 2 survivors (4096K)
 Metaspace       used 149896K, committed 151488K, reserved 983040K
  class space    used 20267K, committed 21056K, reserved 851968K
}
Event: 523.247 GC heap after
{Heap after GC invocations=94 (full 0):
 garbage-first heap   total 563200K, used 362304K [0x0000000700000000, 0x0000000800000000)
  region size 2048K, 8 young (16384K), 8 survivors (16384K)
 Metaspace       used 149896K, committed 151488K, reserved 983040K
  class space    used 20267K, committed 21056K, reserved 851968K
}
Event: 523.727 GC heap before
{Heap before GC invocations=94 (full 0):
 garbage-first heap   total 563200K, used 458560K [0x0000000700000000, 0x0000000800000000)
  region size 2048K, 56 young (114688K), 8 survivors (16384K)
 Metaspace       used 152421K, committed 153984K, reserved 1048576K
  class space    used 20680K, committed 21440K, reserved 851968K
}
Event: 523.741 GC heap after
{Heap after GC invocations=95 (full 0):
 garbage-first heap   total 563200K, used 375293K [0x0000000700000000, 0x0000000800000000)
  region size 2048K, 6 young (12288K), 6 survivors (12288K)
 Metaspace       used 152421K, committed 153984K, reserved 1048576K
  class space    used 20680K, committed 21440K, reserved 851968K
}
Event: 524.004 GC heap before
{Heap before GC invocations=95 (full 0):
 garbage-first heap   total 563200K, used 467453K [0x0000000700000000, 0x0000000800000000)
  region size 2048K, 51 young (104448K), 6 survivors (12288K)
 Metaspace       used 153889K, committed 155520K, reserved 1048576K
  class space    used 20897K, committed 21696K, reserved 851968K
}
Event: 524.013 GC heap after
{Heap after GC invocations=96 (full 0):
 garbage-first heap   total 563200K, used 385360K [0x0000000700000000, 0x0000000800000000)
  region size 2048K, 6 young (12288K), 6 survivors (12288K)
 Metaspace       used 153889K, committed 155520K, reserved 1048576K
  class space    used 20897K, committed 21696K, reserved 851968K
}
Event: 524.378 GC heap before
{Heap before GC invocations=96 (full 0):
 garbage-first heap   total 563200K, used 469328K [0x0000000700000000, 0x0000000800000000)
  region size 2048K, 48 young (98304K), 6 survivors (12288K)
 Metaspace       used 154670K, committed 156288K, reserved 1048576K
  class space    used 21018K, committed 21824K, reserved 851968K
}

Dll operation events (15 events):
Event: 0.009 Loaded shared library C:\Users\ravip\.jdks\ms-17.0.18\bin\java.dll
Event: 0.020 Loaded shared library C:\Users\ravip\.jdks\ms-17.0.18\bin\jsvml.dll
Event: 0.055 Loaded shared library C:\Users\ravip\.jdks\ms-17.0.18\bin\zip.dll
Event: 0.058 Loaded shared library C:\Users\ravip\.jdks\ms-17.0.18\bin\instrument.dll
Event: 0.062 Loaded shared library C:\Users\ravip\.jdks\ms-17.0.18\bin\net.dll
Event: 0.063 Loaded shared library C:\Users\ravip\.jdks\ms-17.0.18\bin\nio.dll
Event: 0.064 Loaded shared library C:\Users\ravip\.jdks\ms-17.0.18\bin\zip.dll
Event: 0.284 Loaded shared library C:\Users\ravip\.jdks\ms-17.0.18\bin\jimage.dll
Event: 0.494 Loaded shared library C:\Users\ravip\.jdks\ms-17.0.18\bin\verify.dll
Event: 0.558 Loaded shared library C:\Users\ravip\.gradle\native\1def1411415f61bf3af743bc5b6707747c0891f09f0c88961ee8f79bc544acac\windows-amd64\native-platform.dll
Event: 0.570 Loaded shared library C:\Users\ravip\.gradle\native\0.2.7\x86_64-windows-gnu\gradle-fileevents.dll
Event: 1.432 Loaded shared library C:\Users\ravip\.jdks\ms-17.0.18\bin\management.dll
Event: 1.433 Loaded shared library C:\Users\ravip\.jdks\ms-17.0.18\bin\management_ext.dll
Event: 1.568 Loaded shared library C:\Users\ravip\.jdks\ms-17.0.18\bin\extnet.dll
Event: 1.738 Loaded shared library C:\Users\ravip\.jdks\ms-17.0.18\bin\sunmscapi.dll

Deoptimization events (20 events):
Event: 524.309 Thread 0x000001894c61bd50 DEOPT PACKING pc=0x0000018972679140 sp=0x0000001cf47fc190
Event: 524.309 Thread 0x000001894c61bd50 DEOPT UNPACKING pc=0x0000018977b4ace3 sp=0x0000001cf47fb908 mode 0
Event: 524.317 Thread 0x000001894c61bd50 DEOPT PACKING pc=0x000001897267a669 sp=0x0000001cf47fc190
Event: 524.318 Thread 0x000001894c61bd50 DEOPT UNPACKING pc=0x0000018977b4ace3 sp=0x0000001cf47fb908 mode 0
Event: 524.327 Thread 0x0000018948ab9ad0 DEOPT PACKING pc=0x000001897267a519 sp=0x0000001cf4bfc310
Event: 524.327 Thread 0x0000018948ab9ad0 DEOPT UNPACKING pc=0x0000018977b4ace3 sp=0x0000001cf4bfba88 mode 0
Event: 524.330 Thread 0x0000018948ab9ad0 DEOPT PACKING pc=0x000001897267a669 sp=0x0000001cf4bfc310
Event: 524.330 Thread 0x0000018948ab9ad0 DEOPT UNPACKING pc=0x0000018977b4ace3 sp=0x0000001cf4bfba88 mode 0
Event: 524.334 Thread 0x0000018948ab9ad0 DEOPT PACKING pc=0x000001897267b410 sp=0x0000001cf4bfc310
Event: 524.334 Thread 0x0000018948ab9ad0 DEOPT UNPACKING pc=0x0000018977b4ace3 sp=0x0000001cf4bfba80 mode 0
Event: 524.336 Thread 0x0000018948ab9ad0 DEOPT PACKING pc=0x000001897267b410 sp=0x0000001cf4bfc310
Event: 524.336 Thread 0x0000018948ab9ad0 DEOPT UNPACKING pc=0x0000018977b4ace3 sp=0x0000001cf4bfba80 mode 0
Event: 524.341 Thread 0x000001894c61bd50 DEOPT PACKING pc=0x000001897267a519 sp=0x0000001cf47fc190
Event: 524.341 Thread 0x000001894c61bd50 DEOPT UNPACKING pc=0x0000018977b4ace3 sp=0x0000001cf47fb908 mode 0
Event: 524.344 Thread 0x0000018948ab9ad0 DEOPT PACKING pc=0x000001897267a519 sp=0x0000001cf4bfc310
Event: 524.344 Thread 0x0000018948ab9ad0 DEOPT UNPACKING pc=0x0000018977b4ace3 sp=0x0000001cf4bfba88 mode 0
Event: 524.367 Thread 0x000001894c61bd50 DEOPT PACKING pc=0x000001897267b410 sp=0x0000001cf47fc190
Event: 524.367 Thread 0x000001894c61bd50 DEOPT UNPACKING pc=0x0000018977b4ace3 sp=0x0000001cf47fb900 mode 0
Event: 524.367 Thread 0x0000018948ab9ad0 DEOPT PACKING pc=0x000001897267b410 sp=0x0000001cf4bfc310
Event: 524.367 Thread 0x0000018948ab9ad0 DEOPT UNPACKING pc=0x0000018977b4ace3 sp=0x0000001cf4bfba80 mode 0

Classes loaded (20 events):
Event: 523.117 Loading class java/util/IdentityHashMap$ValueIterator
Event: 523.117 Loading class java/util/IdentityHashMap$ValueIterator done
Event: 523.170 Loading class java/util/IdentityHashMap$EntrySpliterator
Event: 523.171 Loading class java/util/IdentityHashMap$IdentityHashMapSpliterator
Event: 523.171 Loading class java/util/IdentityHashMap$IdentityHashMapSpliterator done
Event: 523.171 Loading class java/util/IdentityHashMap$EntrySpliterator done
Event: 523.220 Loading class java/util/SortedSet$1
Event: 523.221 Loading class java/util/SortedSet$1 done
Event: 523.223 Loading class java/util/stream/SliceOps
Event: 523.223 Loading class java/util/stream/SliceOps done
Event: 523.223 Loading class java/util/stream/SliceOps$1
Event: 523.224 Loading class java/util/stream/SliceOps$1 done
Event: 523.229 Loading class java/util/stream/SliceOps$1$1
Event: 523.229 Loading class java/util/stream/SliceOps$1$1 done
Event: 523.272 Loading class java/util/PriorityQueue
Event: 523.274 Loading class java/util/PriorityQueue done
Event: 524.232 Loading class java/nio/ShortBuffer
Event: 524.236 Loading class java/nio/ShortBuffer done
Event: 524.318 Loading class java/nio/ByteBufferAsShortBufferL
Event: 524.321 Loading class java/nio/ByteBufferAsShortBufferL done

Classes unloaded (0 events):
No events

Classes redefined (0 events):
No events

Internal exceptions (20 events):
Event: 523.336 Thread 0x0000018948ab4ee0 Exception <a 'java/lang/NoSuchMethodError'{0x000000072166c2e0}: 'int java.lang.invoke.DirectMethodHandle$Holder.invokeSpecial(java.lang.Object, java.lang.Object, java.lang.Object, int, java.lang.Object)'> (0x000000072166c2e0) 
thrown [s\src\hotspot\share\interpreter\linkResolver.cpp, line 759]
Event: 523.336 Thread 0x000001894c6194d0 Exception <a 'java/lang/NoSuchMethodError'{0x00000007202002d0}: 'int java.lang.invoke.DirectMethodHandle$Holder.invokeSpecial(java.lang.Object, java.lang.Object, java.lang.Object, int, java.lang.Object)'> (0x00000007202002d0) 
thrown [s\src\hotspot\share\interpreter\linkResolver.cpp, line 759]
Event: 523.336 Thread 0x000001894c61b330 Exception <a 'java/lang/NoSuchMethodError'{0x000000072051afb8}: 'int java.lang.invoke.DirectMethodHandle$Holder.invokeSpecial(java.lang.Object, java.lang.Object, java.lang.Object, int, java.lang.Object)'> (0x000000072051afb8) 
thrown [s\src\hotspot\share\interpreter\linkResolver.cpp, line 759]
Event: 523.336 Thread 0x000001894c61ae20 Exception <a 'java/lang/NoSuchMethodError'{0x00000007207a6b10}: 'int java.lang.invoke.DirectMethodHandle$Holder.invokeSpecial(java.lang.Object, java.lang.Object, java.lang.Object, int, java.lang.Object)'> (0x00000007207a6b10) 
thrown [s\src\hotspot\share\interpreter\linkResolver.cpp, line 759]
Event: 523.419 Thread 0x0000018948ab4ee0 Exception <a 'java/lang/NoSuchMethodError'{0x000000071ec36c28}: 'void java.lang.invoke.DirectMethodHandle$Holder.invokeVirtual(java.lang.Object, java.lang.Object, int)'> (0x000000071ec36c28) 
thrown [s\src\hotspot\share\interpreter\linkResolver.cpp, line 759]
Event: 523.446 Thread 0x000001894b665c80 Exception <a 'java/lang/NoSuchMethodError'{0x000000071e6e96b8}: 'java.lang.Object java.lang.invoke.DirectMethodHandle$Holder.invokeInterface(java.lang.Object, java.lang.Object, int)'> (0x000000071e6e96b8) 
thrown [s\src\hotspot\share\interpreter\linkResolver.cpp, line 759]
Event: 523.452 Thread 0x000001894c618fc0 Exception <a 'java/lang/NoSuchMethodError'{0x000000071e587188}: 'int java.lang.invoke.DirectMethodHandle$Holder.invokeInterface(java.lang.Object, java.lang.Object, int)'> (0x000000071e587188) 
thrown [s\src\hotspot\share\interpreter\linkResolver.cpp, line 759]
Event: 523.491 Thread 0x000001894c618fc0 Exception <a 'java/lang/NoSuchMethodError'{0x000000071e5b7f00}: 'int java.lang.invoke.DirectMethodHandle$Holder.invokeSpecial(java.lang.Object, java.lang.Object, java.lang.Object, java.lang.Object, java.lang.Object, java.lang.Object)'> (0x000000071e5b7f00) 
thrown [s\src\hotspot\share\interpreter\linkResolver.cpp, line 759]
Event: 523.615 Thread 0x000001894b665c80 Exception <a 'java/lang/IncompatibleClassChangeError'{0x000000071d3ae1e0}: Found class java.lang.Object, but interface was expected> (0x000000071d3ae1e0) 
thrown [s\src\hotspot\share\interpreter\linkResolver.cpp, line 826]
Event: 523.660 Thread 0x0000018948ab4ee0 Exception <a 'java/lang/NoSuchMethodError'{0x000000071c90b5b0}: 'void java.lang.invoke.DirectMethodHandle$Holder.invokeSpecial(java.lang.Object, java.lang.Object, java.lang.Object, java.lang.Object, java.lang.Object, java.lang.Object, java.lang.Object, java.lang.Object, java.lang.Object, java.lang.Object)'> (0x000000071c90b5b0) 
thrown [s\src\hotspot\share\interpreter\linkResolver.cpp, line 759]
Event: 523.660 Thread 0x000001894c618fc0 Exception <a 'java/lang/NoSuchMethodError'{0x000000071c616a98}: 'void java.lang.invoke.DirectMethodHandle$Holder.invokeSpecial(java.lang.Object, java.lang.Object, java.lang.Object, java.lang.Object, java.lang.Object, java.lang.Object, java.lang.Object, java.lang.Object, java.lang.Object, java.lang.Object)'> (0x000000071c616a98) 
thrown [s\src\hotspot\share\interpreter\linkResolver.cpp, line 759]
Event: 523.661 Thread 0x0000018948ab4ee0 Exception <a 'java/lang/NoSuchMethodError'{0x000000071c916bd8}: 'java.lang.Object java.lang.invoke.DirectMethodHandle$Holder.newInvokeSpecial(java.lang.Object, java.lang.Object, java.lang.Object, java.lang.Object, java.lang.Object, java.lang.Object, java.lang.Object, java.lang.Object, java.lang.Object)'> (0x000000071c916bd8) 
thrown [s\src\hotspot\share\interpreter\linkResolver.cpp, line 759]
Event: 523.661 Thread 0x000001894c618fc0 Exception <a 'java/lang/NoSuchMethodError'{0x000000071c622078}: 'java.lang.Object java.lang.invoke.DirectMethodHandle$Holder.newInvokeSpecial(java.lang.Object, java.lang.Object, java.lang.Object, java.lang.Object, java.lang.Object, java.lang.Object, java.lang.Object, java.lang.Object, java.lang.Object)'> (0x000000071c622078) 
thrown [s\src\hotspot\share\interpreter\linkResolver.cpp, line 759]
Event: 523.662 Thread 0x000001894c618fc0 Exception <a 'java/lang/NoSuchMethodError'{0x000000071c626e18}: 'java.lang.Object java.lang.invoke.Invokers$Holder.linkToTargetMethod(java.lang.Object, java.lang.Object, java.lang.Object, java.lang.Object, java.lang.Object, java.lang.Object, java.lang.Object, java.lang.Object, java.lang.Object)'> (0x000000071c626e18) 
thrown [s\src\hotspot\share\interpreter\linkResolver.cpp, line 759]
Event: 523.662 Thread 0x0000018948ab4ee0 Exception <a 'java/lang/NoSuchMethodError'{0x000000071c91b9c0}: 'java.lang.Object java.lang.invoke.Invokers$Holder.linkToTargetMethod(java.lang.Object, java.lang.Object, java.lang.Object, java.lang.Object, java.lang.Object, java.lang.Object, java.lang.Object, java.lang.Object, java.lang.Object)'> (0x000000071c91b9c0) 
thrown [s\src\hotspot\share\interpreter\linkResolver.cpp, line 759]
Event: 523.756 Thread 0x000001894c61b330 Exception <a 'java/lang/NoSuchMethodError'{0x00000007214de1a8}: 'void java.lang.invoke.DirectMethodHandle$Holder.invokeSpecial(java.lang.Object, java.lang.Object, java.lang.Object, int, java.lang.Object, java.lang.Object, java.lang.Object, java.lang.Object)'> (0x00000007214de1a8) 
thrown [s\src\hotspot\share\interpreter\linkResolver.cpp, line 759]
Event: 523.756 Thread 0x000001894b665c80 Exception <a 'java/lang/NoSuchMethodError'{0x0000000721787bf8}: 'java.lang.Object java.lang.invoke.DirectMethodHandle$Holder.newInvokeSpecial(java.lang.Object, int, java.lang.Object, java.lang.Object, java.lang.Object, java.lang.Object)'> (0x0000000721787bf8) 
thrown [s\src\hotspot\share\interpreter\linkResolver.cpp, line 759]
Event: 523.761 Thread 0x0000018948ab3fb0 Exception <a 'java/lang/NoSuchMethodError'{0x00000007212ec0c0}: 'void java.lang.invoke.DirectMethodHandle$Holder.invokeStatic(java.lang.Object, java.lang.Object, java.lang.Object, java.lang.Object, java.lang.Object, java.lang.Object, java.lang.Object, java.lang.Object)'> (0x00000007212ec0c0) 
thrown [s\src\hotspot\share\interpreter\linkResolver.cpp, line 759]
Event: 523.761 Thread 0x000001894c61b330 Exception <a 'java/lang/NoSuchMethodError'{0x000000072136f718}: 'void java.lang.invoke.DirectMethodHandle$Holder.invokeStatic(java.lang.Object, java.lang.Object, java.lang.Object, java.lang.Object, java.lang.Object, java.lang.Object, java.lang.Object, java.lang.Object)'> (0x000000072136f718) 
thrown [s\src\hotspot\share\interpreter\linkResolver.cpp, line 759]
Event: 524.255 Thread 0x0000018948ab3fb0 Exception <a 'java/lang/IncompatibleClassChangeError'{0x000000071e8596a0}: Found class java.lang.Object, but interface was expected> (0x000000071e8596a0) 
thrown [s\src\hotspot\share\interpreter\linkResolver.cpp, line 826]

VM Operations (20 events):
Event: 523.834 Executing VM operation: HandshakeAllThreads done
Event: 523.866 Executing VM operation: ICBufferFull
Event: 523.867 Executing VM operation: ICBufferFull done
Event: 523.937 Executing VM operation: HandshakeAllThreads
Event: 523.937 Executing VM operation: HandshakeAllThreads done
Event: 523.974 Executing VM operation: ICBufferFull
Event: 523.974 Executing VM operation: ICBufferFull done
Event: 524.004 Executing VM operation: G1CollectForAllocation
Event: 524.013 Executing VM operation: G1CollectForAllocation done
Event: 524.064 Executing VM operation: HandshakeAllThreads
Event: 524.084 Executing VM operation: HandshakeAllThreads done
Event: 524.084 Executing VM operation: HandshakeAllThreads
Event: 524.114 Executing VM operation: HandshakeAllThreads done
Event: 524.132 Executing VM operation: HandshakeAllThreads
Event: 524.176 Executing VM operation: HandshakeAllThreads done
Event: 524.257 Executing VM operation: ICBufferFull
Event: 524.269 Executing VM operation: ICBufferFull done
Event: 524.324 Executing VM operation: HandshakeAllThreads
Event: 524.346 Executing VM operation: HandshakeAllThreads done
Event: 524.365 Executing VM operation: G1CollectForAllocation

Memory protections (0 events):
No events

Nmethod flushes (20 events):
Event: 524.154 Thread 0x000001897ff0da80 flushing  nmethod 0x00000189726a3e10
Event: 524.154 Thread 0x000001897ff0da80 flushing  nmethod 0x00000189726a4410
Event: 524.154 Thread 0x000001897ff0da80 flushing  nmethod 0x00000189726a6310
Event: 524.154 Thread 0x000001897ff0da80 flushing  nmethod 0x00000189726a6690
Event: 524.154 Thread 0x000001897ff0da80 flushing  nmethod 0x00000189726aa210
Event: 524.154 Thread 0x000001897ff0da80 flushing  nmethod 0x00000189726ab790
Event: 524.154 Thread 0x000001897ff0da80 flushing  nmethod 0x00000189726abb10
Event: 524.154 Thread 0x000001897ff0da80 flushing  nmethod 0x00000189726c7c10
Event: 524.154 Thread 0x000001897ff0da80 flushing  nmethod 0x00000189726c7f90
Event: 524.155 Thread 0x000001897ff0da80 flushing  nmethod 0x00000189726dce10
Event: 524.155 Thread 0x000001897ff0da80 flushing  nmethod 0x00000189726f0210
Event: 524.155 Thread 0x000001897ff0da80 flushing  nmethod 0x00000189726f0590
Event: 524.155 Thread 0x000001897ff0da80 flushing  nmethod 0x00000189726f0910
Event: 524.155 Thread 0x000001897ff0da80 flushing  nmethod 0x00000189726f0d10
Event: 524.155 Thread 0x000001897ff0da80 flushing  nmethod 0x00000189726f1110
Event: 524.155 Thread 0x000001897ff0da80 flushing  nmethod 0x00000189726f1510
Event: 524.155 Thread 0x000001897ff0da80 flushing  nmethod 0x00000189726f1c90
Event: 524.155 Thread 0x000001897ff0da80 flushing  nmethod 0x00000189726f2010
Event: 524.155 Thread 0x000001897ff0da80 flushing  nmethod 0x00000189726f8190
Event: 524.155 Thread 0x000001897ff0da80 flushing  nmethod 0x0000018972703210

Events (20 events):
Event: 506.860 Thread 0x000001894b669430 Thread exited: 0x000001894b669430
Event: 506.993 Thread 0x00000189520a7f60 Thread exited: 0x00000189520a7f60
Event: 507.559 Thread 0x000001897ff0b150 Thread added: 0x000001895232d870
Event: 512.388 Thread 0x000001895232d870 Thread exited: 0x000001895232d870
Event: 512.420 Thread 0x000001897ff03c00 Thread added: 0x000001895232c880
Event: 512.897 Thread 0x000001895232c880 Thread exited: 0x000001895232c880
Event: 518.659 Thread 0x000001897ff03c00 Thread added: 0x000001895232b890
Event: 518.881 Thread 0x0000018952135df0 Thread added: 0x0000018948ab7250
Event: 519.974 Thread 0x000001897ff0b150 Thread added: 0x000001895232adf0
Event: 520.164 Thread 0x000001895232adf0 Thread exited: 0x000001895232adf0
Event: 520.376 Thread 0x000001895232b890 Thread exited: 0x000001895232b890
Event: 520.895 Thread 0x0000018948ab8180 Thread exited: 0x0000018948ab8180
Event: 521.072 Thread 0x000001897ff0b150 Thread added: 0x000001895232cdd0
Event: 521.130 Thread 0x000001897ff0b150 Thread added: 0x000001895232a8a0
Event: 521.324 Thread 0x000001895232a8a0 Thread exited: 0x000001895232a8a0
Event: 521.679 Thread 0x000001895232cdd0 Thread exited: 0x000001895232cdd0
Event: 521.931 Thread 0x000001897ff0b150 Thread added: 0x000001895232c330
Event: 521.932 Thread 0x000001897ff0b150 Thread added: 0x000001895232cdd0
Event: 522.145 Thread 0x000001895232cdd0 Thread exited: 0x000001895232cdd0
Event: 522.388 Thread 0x000001897ff0b150 Thread added: 0x0000018952329e00


Dynamic libraries:
0x00007ff74a320000 - 0x00007ff74a32e000 	C:\Users\ravip\.jdks\ms-17.0.18\bin\java.exe
0x00007ffbe50a0000 - 0x00007ffbe5307000 	C:\WINDOWS\SYSTEM32\ntdll.dll
0x00007ffbe4170000 - 0x00007ffbe4239000 	C:\WINDOWS\System32\KERNEL32.DLL
0x00007ffbe2050000 - 0x00007ffbe2444000 	C:\WINDOWS\System32\KERNELBASE.dll
0x00007ffbe1d10000 - 0x00007ffbe1e5b000 	C:\WINDOWS\System32\ucrtbase.dll
0x00007ffbd15a0000 - 0x00007ffbd15b8000 	C:\Users\ravip\.jdks\ms-17.0.18\bin\jli.dll
0x00007ffbd1220000 - 0x00007ffbd123e000 	C:\Users\ravip\.jdks\ms-17.0.18\bin\VCRUNTIME140.dll
0x00007ffbe47a0000 - 0x00007ffbe4965000 	C:\WINDOWS\System32\USER32.dll
0x00007ffbd2320000 - 0x00007ffbd25b3000 	C:\WINDOWS\WinSxS\amd64_microsoft.windows.common-controls_6595b64144ccf1df_6.0.26100.8115_none_3e075c82e3354f9c\COMCTL32.dll
0x00007ffbe2020000 - 0x00007ffbe2047000 	C:\WINDOWS\System32\win32u.dll
0x00007ffbe3230000 - 0x00007ffbe32d9000 	C:\WINDOWS\System32\msvcrt.dll
0x00007ffbe4970000 - 0x00007ffbe499b000 	C:\WINDOWS\System32\GDI32.dll
0x00007ffbe1e60000 - 0x00007ffbe1f8b000 	C:\WINDOWS\System32\gdi32full.dll
0x00007ffbe1970000 - 0x00007ffbe1a13000 	C:\WINDOWS\System32\msvcp_win.dll
0x00007ffbe46d0000 - 0x00007ffbe4702000 	C:\WINDOWS\System32\IMM32.DLL
0x00007ffbce870000 - 0x00007ffbce87c000 	C:\Users\ravip\.jdks\ms-17.0.18\bin\vcruntime140_1.dll
0x00007ffbb61f0000 - 0x00007ffbb6279000 	C:\Users\ravip\.jdks\ms-17.0.18\bin\msvcp140.dll
0x00007ffb678c0000 - 0x00007ffb6853a000 	C:\Users\ravip\.jdks\ms-17.0.18\bin\server\jvm.dll
0x00007ffbe3ed0000 - 0x00007ffbe3f86000 	C:\WINDOWS\System32\ADVAPI32.dll
0x00007ffbe2f10000 - 0x00007ffbe2fb7000 	C:\WINDOWS\System32\sechost.dll
0x00007ffbe3020000 - 0x00007ffbe3138000 	C:\WINDOWS\System32\RPCRT4.dll
0x00007ffbe4c40000 - 0x00007ffbe4cc0000 	C:\WINDOWS\System32\WS2_32.dll
0x00007ffbe17f0000 - 0x00007ffbe184e000 	C:\WINDOWS\SYSTEM32\POWRPROF.dll
0x00007ffbd8ce0000 - 0x00007ffbd8d16000 	C:\WINDOWS\SYSTEM32\WINMM.dll
0x00007ffbd8c70000 - 0x00007ffbd8c7b000 	C:\WINDOWS\SYSTEM32\VERSION.dll
0x00007ffbe17d0000 - 0x00007ffbe17e4000 	C:\WINDOWS\SYSTEM32\UMPDC.dll
0x00007ffbe06c0000 - 0x00007ffbe06db000 	C:\WINDOWS\SYSTEM32\kernel.appcore.dll
0x00007ffbce860000 - 0x00007ffbce86a000 	C:\Users\ravip\.jdks\ms-17.0.18\bin\jimage.dll
0x00007ffbcf170000 - 0x00007ffbcf3b2000 	C:\WINDOWS\SYSTEM32\DBGHELP.DLL
0x00007ffbe4cd0000 - 0x00007ffbe5052000 	C:\WINDOWS\System32\combase.dll
0x00007ffbe3c80000 - 0x00007ffbe3d58000 	C:\WINDOWS\System32\OLEAUT32.dll
0x00007ffbc0e10000 - 0x00007ffbc0e4b000 	C:\WINDOWS\SYSTEM32\dbgcore.DLL
0x00007ffbe1ae0000 - 0x00007ffbe1b85000 	C:\WINDOWS\System32\bcryptPrimitives.dll
0x00007ffbdf0f0000 - 0x00007ffbdf0ff000 	C:\Users\ravip\.jdks\ms-17.0.18\bin\instrument.dll
0x00007ffbcc6d0000 - 0x00007ffbcc6f6000 	C:\Users\ravip\.jdks\ms-17.0.18\bin\java.dll
0x00007ffbae0d0000 - 0x00007ffbae1a6000 	C:\Users\ravip\.jdks\ms-17.0.18\bin\jsvml.dll
0x00007ffbe3510000 - 0x00007ffbe3c77000 	C:\WINDOWS\System32\SHELL32.dll
0x00007ffbe2450000 - 0x00007ffbe25ba000 	C:\WINDOWS\System32\wintypes.dll
0x00007ffbe25c0000 - 0x00007ffbe2e28000 	C:\WINDOWS\System32\windows.storage.dll
0x00007ffbe49a0000 - 0x00007ffbe4a98000 	C:\WINDOWS\System32\SHCORE.dll
0x00007ffbe31c0000 - 0x00007ffbe3226000 	C:\WINDOWS\System32\shlwapi.dll
0x00007ffbe1860000 - 0x00007ffbe1889000 	C:\WINDOWS\SYSTEM32\profapi.dll
0x00007ffbcc730000 - 0x00007ffbcc748000 	C:\Users\ravip\.jdks\ms-17.0.18\bin\zip.dll
0x00007ffbcc660000 - 0x00007ffbcc67b000 	C:\Users\ravip\.jdks\ms-17.0.18\bin\net.dll
0x00007ffbdb7e0000 - 0x00007ffbdb90d000 	C:\WINDOWS\SYSTEM32\WINHTTP.dll
0x00007ffbe0c10000 - 0x00007ffbe0c7c000 	C:\WINDOWS\system32\mswsock.dll
0x00007ffbb8220000 - 0x00007ffbb8236000 	C:\Users\ravip\.jdks\ms-17.0.18\bin\nio.dll
0x00007ffbcc650000 - 0x00007ffbcc660000 	C:\Users\ravip\.jdks\ms-17.0.18\bin\verify.dll
0x00007ffbb8e10000 - 0x00007ffbb8e37000 	C:\Users\ravip\.gradle\native\1def1411415f61bf3af743bc5b6707747c0891f09f0c88961ee8f79bc544acac\windows-amd64\native-platform.dll
0x00007ffbc06d0000 - 0x00007ffbc0748000 	C:\Users\ravip\.gradle\native\0.2.7\x86_64-windows-gnu\gradle-fileevents.dll
0x00007ffbbd210000 - 0x00007ffbbd21a000 	C:\Users\ravip\.jdks\ms-17.0.18\bin\management.dll
0x00007ffbbad60000 - 0x00007ffbbad6c000 	C:\Users\ravip\.jdks\ms-17.0.18\bin\management_ext.dll
0x00007ffbe3f90000 - 0x00007ffbe3f98000 	C:\WINDOWS\System32\PSAPI.DLL
0x00007ffbe00a0000 - 0x00007ffbe00d2000 	C:\WINDOWS\SYSTEM32\IPHLPAPI.DLL
0x00007ffbe4aa0000 - 0x00007ffbe4aaa000 	C:\WINDOWS\System32\NSI.dll
0x00007ffbdbaf0000 - 0x00007ffbdbb0d000 	C:\WINDOWS\SYSTEM32\dhcpcsvc6.DLL
0x00007ffbdb740000 - 0x00007ffbdb765000 	C:\WINDOWS\SYSTEM32\dhcpcsvc.DLL
0x00007ffbe00e0000 - 0x00007ffbe0212000 	C:\WINDOWS\SYSTEM32\DNSAPI.dll
0x00007ffbb73a0000 - 0x00007ffbb73a9000 	C:\Users\ravip\.jdks\ms-17.0.18\bin\extnet.dll
0x00007ffbe1010000 - 0x00007ffbe102b000 	C:\WINDOWS\SYSTEM32\CRYPTSP.dll
0x00007ffbe0620000 - 0x00007ffbe0659000 	C:\WINDOWS\system32\rsaenh.dll
0x00007ffbe0cc0000 - 0x00007ffbe0cf3000 	C:\WINDOWS\SYSTEM32\USERENV.dll
0x00007ffbe1890000 - 0x00007ffbe18ba000 	C:\WINDOWS\SYSTEM32\bcrypt.dll
0x00007ffbe0e70000 - 0x00007ffbe0e7c000 	C:\WINDOWS\SYSTEM32\CRYPTBASE.dll
0x00007ffbdf0d0000 - 0x00007ffbdf0de000 	C:\Users\ravip\.jdks\ms-17.0.18\bin\sunmscapi.dll
0x00007ffbe1b90000 - 0x00007ffbe1d07000 	C:\WINDOWS\System32\CRYPT32.dll
0x00007ffbe1170000 - 0x00007ffbe11a0000 	C:\WINDOWS\SYSTEM32\ncrypt.dll
0x00007ffbe1120000 - 0x00007ffbe115f000 	C:\WINDOWS\SYSTEM32\NTASN1.dll
0x00007ffb7b110000 - 0x00007ffb7b118000 	C:\WINDOWS\system32\wshunix.dll
0x00007ffbbf8e0000 - 0x00007ffbbf8f8000 	C:\WINDOWS\system32\napinsp.dll
0x00007ffbbf8c0000 - 0x00007ffbbf8d3000 	C:\WINDOWS\System32\winrnr.dll
0x00007ffbbf890000 - 0x00007ffbbf8b2000 	C:\WINDOWS\system32\nlansp_c.dll
0x00007ffbc0ee0000 - 0x00007ffbc0ef6000 	C:\WINDOWS\system32\wshbth.dll
0x00007ffbd8b80000 - 0x00007ffbd8b8b000 	C:\Windows\System32\rasadhlp.dll
0x00007ffbdaea0000 - 0x00007ffbdaf26000 	C:\WINDOWS\System32\fwpuclnt.dll
0x00007ffbe07e0000 - 0x00007ffbe0816000 	C:\WINDOWS\SYSTEM32\ntmarta.dll

dbghelp: loaded successfully - version: 4.0.5 - missing functions: none
symbol engine: initialized successfully - sym options: 0x614 - pdb path: .;C:\Users\ravip\.jdks\ms-17.0.18\bin;C:\WINDOWS\SYSTEM32;C:\WINDOWS\WinSxS\amd64_microsoft.windows.common-controls_6595b64144ccf1df_6.0.26100.8115_none_3e075c82e3354f9c;C:\Users\ravip\.jdks\ms-17.0.18\bin\server;C:\Users\ravip\.gradle\native\1def1411415f61bf3af743bc5b6707747c0891f09f0c88961ee8f79bc544acac\windows-amd64;C:\Users\ravip\.gradle\native\0.2.7\x86_64-windows-gnu

VM Arguments:
jvm_args: --add-opens=java.base/java.lang=ALL-UNNAMED --add-opens=java.base/java.lang.invoke=ALL-UNNAMED --add-opens=java.base/java.util=ALL-UNNAMED --add-opens=java.prefs/java.util.prefs=ALL-UNNAMED --add-exports=jdk.compiler/com.sun.tools.javac.api=ALL-UNNAMED --add-exports=jdk.compiler/com.sun.tools.javac.util=ALL-UNNAMED --add-opens=java.base/java.util=ALL-UNNAMED --add-opens=java.prefs/java.util.prefs=ALL-UNNAMED --add-opens=java.base/java.nio.charset=ALL-UNNAMED --add-opens=java.base/java.net=ALL-UNNAMED --add-opens=java.base/java.util.concurrent.atomic=ALL-UNNAMED --add-opens=java.xml/javax.xml.namespace=ALL-UNNAMED -XX:MaxMetaspaceSize=1024m --add-exports=jdk.compiler/com.sun.tools.javac.main=ALL-UNNAMED --add-exports=jdk.compiler/com.sun.tools.javac.file=ALL-UNNAMED --add-exports=jdk.compiler/com.sun.tools.javac.util=ALL-UNNAMED --add-exports=jdk.compiler/com.sun.tools.javac.tree=ALL-UNNAMED --add-exports=jdk.compiler/com.sun.tools.javac.api=ALL-UNNAMED -Xmx4096m -Dfile.encoding=UTF-8 -Duser.country=IN -Duser.language=en -Duser.variant -javaagent:C:\Users\ravip\.gradle\wrapper\dists\gradle-8.13-bin\5xuhj0ry160q40clulazy9h7d\gradle-8.13\lib\agents\gradle-instrumentation-agent-8.13.jar 
java_command: org.gradle.launcher.daemon.bootstrap.GradleDaemon 8.13
java_class_path (initial): C:\Users\ravip\.gradle\wrapper\dists\gradle-8.13-bin\5xuhj0ry160q40clulazy9h7d\gradle-8.13\lib\gradle-daemon-main-8.13.jar
Launcher Type: SUN_STANDARD

[Global flags]
     intx CICompilerCount                          = 4                                         {product} {ergonomic}
   size_t CompressedClassSpaceSize                 = 872415232                                 {product} {ergonomic}
     uint ConcGCThreads                            = 3                                         {product} {ergonomic}
     uint G1ConcRefinementThreads                  = 10                                        {product} {ergonomic}
   size_t G1HeapRegionSize                         = 2097152                                   {product} {ergonomic}
    uintx GCDrainStackTargetSize                   = 64                                        {product} {ergonomic}
   size_t InitialHeapSize                          = 262144000                                 {product} {ergonomic}
   size_t MarkStackSize                            = 4194304                                   {product} {ergonomic}
   size_t MaxHeapSize                              = 4294967296                                {product} {command line}
   size_t MaxMetaspaceSize                         = 1073741824                                {product} {command line}
   size_t MaxNewSize                               = 2575302656                                {product} {ergonomic}
   size_t MinHeapDeltaBytes                        = 2097152                                   {product} {ergonomic}
   size_t MinHeapSize                              = 8388608                                   {product} {ergonomic}
    uintx NonNMethodCodeHeapSize                   = 5839372                                {pd product} {ergonomic}
    uintx NonProfiledCodeHeapSize                  = 122909434                              {pd product} {ergonomic}
    uintx ProfiledCodeHeapSize                     = 122909434                              {pd product} {ergonomic}
    uintx ReservedCodeCacheSize                    = 251658240                              {pd product} {ergonomic}
     bool SegmentedCodeCache                       = true                                      {product} {ergonomic}
   size_t SoftMaxHeapSize                          = 4294967296                             {manageable} {ergonomic}
     bool UseCompressedClassPointers               = true                           {product lp64_product} {ergonomic}
     bool UseCompressedOops                        = true                           {product lp64_product} {ergonomic}
     bool UseG1GC                                  = true                                      {product} {ergonomic}
     bool UseLargePagesIndividualAllocation        = false                                  {pd product} {ergonomic}

Logging:
Log output configuration:
 #0: stdout all=warning uptime,level,tags
 #1: stderr all=off uptime,level,tags

Environment Variables:
JAVA_HOME=C:\Program Files\Android\Android Studio\jbr
PATH=C:\Program Files\Android\Android Studio\jbr\bin;%PATH%;C:\Program Files\Git\cmd;C:\Users\ravip\AppData\Local\nvm;C:\nvm4w\nodejs;C:\Program Files\cursor\resources\app\bin;C:\Users\ravip\AppData\Local\Programs\Python\Python312\Scripts\;C:\Users\ravip\AppData\Local\Programs\Python\Python312\;C:\Users\ravip\AppData\Local\Programs\Antigravity\bin
USERNAME=ravip
OS=Windows_NT
PROCESSOR_IDENTIFIER=Intel64 Family 6 Model 167 Stepping 1, GenuineIntel
TMP=C:\Users\ravip\AppData\Local\Temp
TEMP=C:\Users\ravip\AppData\Local\Temp



Periodic native trim disabled


---------------  S Y S T E M  ---------------

OS:
 Windows 11 , 64 bit Build 26100 (10.0.26100.8246)
OS uptime: 4 days 2:34 hours
Hyper-V role detected

CPU: total 12 (initial active 12) (6 cores per cpu, 2 threads per core) family 6 model 167 stepping 1 microcode 0x50, cx8, cmov, fxsr, ht, mmx, 3dnowpref, sse, sse2, sse3, ssse3, sse4.1, sse4.2, popcnt, lzcnt, tsc, tscinvbit, avx, avx2, aes, erms, clmul, bmi1, bmi2, adx, avx512f, avx512dq, avx512cd, avx512bw, avx512vl, sha, fma, vzeroupper, avx512_vpopcntdq, avx512_vpclmulqdq, avx512_vaes, avx512_vnni, clflush, clflushopt, avx512_vbmi2, avx512_vbmi, hv
Processor Information for the first 12 processors :
  Max Mhz: 2712, Current Mhz: 2712, Mhz Limit: 2712

Memory: 4k page, system-wide physical 15975M (536M free)
TotalPageFile size 31015M (AvailPageFile size 132M)
current process WorkingSet (physical memory assigned to process): 824M, peak: 841M
current process commit charge ("private bytes"): 1082M, peak: 1362M

vm_info: OpenJDK 64-Bit Server VM (17.0.18+8-LTS) for windows-amd64 JRE (17.0.18+8-LTS), built on Jan 15 2026 18:50:45 by "MicrosoftCorporation" with MS VC++ 17.14 (VS2022)

END.
