#
# There is insufficient memory for the Java Runtime Environment to continue.
# Native memory allocation (mmap) failed to map 203423744 bytes. Error detail: G1 virtual space
# Possible reasons:
#   The system is out of physical RAM or swap space
#   This process is running with CompressedOops enabled, and the Java Heap may be blocking the growth of the native heap
# Possible solutions:
#   Reduce memory load on the system
#   Increase physical memory or swap space
#   Check if swap backing store is full
#   Decrease Java heap size (-Xmx/-Xms)
#   Decrease number of Java threads
#   Decrease Java thread stack sizes (-Xss)
#   Set larger code cache with -XX:ReservedCodeCacheSize=
#   JVM is running with Zero Based Compressed Oops mode in which the Java heap is
#     placed in the first 32GB address space. The Java Heap base address is the
#     maximum limit for the native heap growth. Please use -XX:HeapBaseMinAddress
#     to set the Java Heap base and to place the Java Heap above 32GB virtual address.
# This output file may be truncated or incomplete.
#
#  Out of Memory Error (os_windows.cpp:3690), pid=18280, tid=8520
#
# JRE version: OpenJDK Runtime Environment Microsoft-13106358 (17.0.18+8) (build 17.0.18+8-LTS)
# Java VM: OpenJDK 64-Bit Server VM Microsoft-13106358 (17.0.18+8-LTS, mixed mode, sharing, tiered, compressed oops, compressed class ptrs, g1 gc, windows-amd64)
# No core dump will be written. Minidumps are not enabled by default on client versions of Windows
#

---------------  S U M M A R Y ------------

Command Line: --add-opens=java.base/java.lang=ALL-UNNAMED --add-opens=java.base/java.lang.invoke=ALL-UNNAMED --add-opens=java.base/java.util=ALL-UNNAMED --add-opens=java.prefs/java.util.prefs=ALL-UNNAMED --add-exports=jdk.compiler/com.sun.tools.javac.api=ALL-UNNAMED --add-exports=jdk.compiler/com.sun.tools.javac.util=ALL-UNNAMED --add-opens=java.base/java.util=ALL-UNNAMED --add-opens=java.prefs/java.util.prefs=ALL-UNNAMED --add-opens=java.base/java.nio.charset=ALL-UNNAMED --add-opens=java.base/java.net=ALL-UNNAMED --add-opens=java.base/java.util.concurrent.atomic=ALL-UNNAMED --add-opens=java.xml/javax.xml.namespace=ALL-UNNAMED -XX:MaxMetaspaceSize=1024m --add-exports=jdk.compiler/com.sun.tools.javac.main=ALL-UNNAMED --add-exports=jdk.compiler/com.sun.tools.javac.file=ALL-UNNAMED --add-exports=jdk.compiler/com.sun.tools.javac.util=ALL-UNNAMED --add-exports=jdk.compiler/com.sun.tools.javac.tree=ALL-UNNAMED --add-exports=jdk.compiler/com.sun.tools.javac.api=ALL-UNNAMED -Xmx4096m -Dfile.encoding=UTF-8 -Duser.country=IN -Duser.language=en -Duser.variant -javaagent:C:\Users\ravip\.gradle\wrapper\dists\gradle-8.13-bin\5xuhj0ry160q40clulazy9h7d\gradle-8.13\lib\agents\gradle-instrumentation-agent-8.13.jar org.gradle.launcher.daemon.bootstrap.GradleDaemon 8.13

Host: 11th Gen Intel(R) Core(TM) i5-11500 @ 2.70GHz, 12 cores, 15G,  Windows 11 , 64 bit Build 26100 (10.0.26100.8246)
Time: Thu Apr 23 16:53:38 2026 India Standard Time elapsed time: 10414.502215 seconds (0d 2h 53m 34s)

---------------  T H R E A D  ---------------

Current thread (0x00000125631f4120):  VMThread "VM Thread" [stack: 0x0000001694d00000,0x0000001694e00000] [id=8520]

Stack: [0x0000001694d00000,0x0000001694e00000]
Native frames: (J=compiled Java code, j=interpreted, Vv=VM code, C=native code)
V  [jvm.dll+0x68c879]  (no source info available)
V  [jvm.dll+0x845979]  (no source info available)
V  [jvm.dll+0x8476e8]  (no source info available)
V  [jvm.dll+0x847d73]  (no source info available)
V  [jvm.dll+0x24cf6f]  (no source info available)
V  [jvm.dll+0x68bc79]  (no source info available)
V  [jvm.dll+0x68023a]  (no source info available)
V  [jvm.dll+0x3101a0]  (no source info available)
V  [jvm.dll+0x310042]  (no source info available)
V  [jvm.dll+0x317599]  (no source info available)
V  [jvm.dll+0x369999]  (no source info available)
V  [jvm.dll+0x369bcd]  (no source info available)
V  [jvm.dll+0x2e69aa]  (no source info available)
V  [jvm.dll+0x2e4da1]  (no source info available)
V  [jvm.dll+0x2e453c]  (no source info available)
V  [jvm.dll+0x328ecb]  (no source info available)
V  [jvm.dll+0x84c5fd]  (no source info available)
V  [jvm.dll+0x84d313]  (no source info available)
V  [jvm.dll+0x84d844]  (no source info available)
V  [jvm.dll+0x84dc28]  (no source info available)
V  [jvm.dll+0x84dd1e]  (no source info available)
V  [jvm.dll+0x7f5ebc]  (no source info available)
V  [jvm.dll+0x68de17]  (no source info available)
C  [ucrtbase.dll+0x37b0]  (no source info available)
C  [KERNEL32.DLL+0x2e8d7]  (no source info available)
C  [ntdll.dll+0x8c3fc]  (no source info available)

VM_Operation (0x00000016a2afbb70): G1CollectForAllocation, mode: safepoint, requested by thread 0x0000012570853500


---------------  P R O C E S S  ---------------

Threads class SMR info:
_java_thread_list=0x000001257aec3f70, length=237, elements={
0x00000125427a02d0, 0x00000125631fbb40, 0x00000125631fe420, 0x000001256320fb90,
0x0000012563210460, 0x0000012563211140, 0x0000012563211a10, 0x0000012563218630,
0x000001256322e510, 0x0000012563257240, 0x0000012565d91280, 0x0000012565f7ce10,
0x000001256c1a7ac0, 0x000001256c24d050, 0x000001256b1d4ec0, 0x000001256c547280,
0x000001256c547790, 0x000001256c5490e0, 0x000001256c548bd0, 0x000001256e590bf0,
0x000001256e58d950, 0x000001256e5906e0, 0x000001256e58e370, 0x000001256bba0050,
0x0000012570851bb0, 0x000001256628eca0, 0x000001256628f1b0, 0x000001256c5486c0,
0x000001256c5495f0, 0x000001256c546350, 0x000001256d16a120, 0x000001256e592540,
0x000001256e5943a0, 0x000001256e592a50, 0x000001256d16ab40, 0x000001256d16a630,
0x000001256d1678a0, 0x000001256d169700, 0x000001256d167db0, 0x000001256d169c10,
0x000001256d167390, 0x000001256d1682c0, 0x000001256d16b050, 0x000001256e3796f0,
0x00000125726953f0, 0x0000012570856290, 0x0000012570856cb0, 0x0000012566291520,
0x0000012566291f40, 0x000001256d4cf360, 0x000001256d4cda10, 0x000001256d4cbbb0,
0x0000012578434a80, 0x0000012578433130, 0x00000125784308b0, 0x0000012578432200,
0x0000012578430dc0, 0x0000012578432710, 0x00000125784317e0, 0x00000125784312d0,
0x000001257842f980, 0x0000012578431cf0, 0x0000012578433640, 0x000001257842fe90,
0x0000012578433b50, 0x00000125784303a0, 0x0000012578434570, 0x0000012578434f90,
0x00000125784368e0, 0x0000012578436df0, 0x00000125784354a0, 0x00000125784359b0,
0x0000012578435ec0, 0x00000125784363d0, 0x000001256d4c2df0, 0x000001256d4c19b0,
0x000001256d4c28e0, 0x000001256d4c0a80, 0x000001256d4c0f90, 0x000001256d4c0570,
0x000001256d4c14a0, 0x000001256d4c3300, 0x000001256d4c23d0, 0x000001256d4bfb50,
0x000001256d4c5160, 0x000001256d4c6fc0, 0x000001256d4c6ab0, 0x000001256d4c5670,
0x000001256d4c74d0, 0x000001256d4c5b80, 0x000001256d4c3d20, 0x000001256d4c6090,
0x000001256d4c4230, 0x000001256d4c65a0, 0x000001256d4c7ef0, 0x000001256d4c4740,
0x000001256d4c8e20, 0x000001256d4c9840, 0x000001256d4c9d50, 0x000001256d4ca260,
0x000001256d4c8400, 0x000001256d4cac80, 0x000001256d4ca770, 0x000001256d4cb190,
0x000001256d4c79e0, 0x000001256d4cb6a0, 0x000001256d4cc0c0, 0x000001256d4c8910,
0x000001256d4cee50, 0x000001256d4cc5d0, 0x000001256d4ccae0, 0x000001256d4ce430,
0x000001256d4ccff0, 0x000001256d4cd500, 0x000001256d4ce940, 0x000001256e375520,
0x000001256e375010, 0x000001256e3745f0, 0x000001256e372790, 0x000001256e3731b0,
0x000001256e3740e0, 0x000001256e374b00, 0x000001256e372ca0, 0x000001256e375a30,
0x000001256e372280, 0x000001256e373bd0, 0x000001256e376960, 0x000001256e375f40,
0x000001256e376e70, 0x000001256e376450, 0x000001256e3736c0, 0x000001256e377da0,
0x000001256e3782b0, 0x000001256e3787c0, 0x000001256e379c00, 0x0000012571f9f730,
0x0000012571f9dde0, 0x0000012571f9d3c0, 0x0000012571f9d8d0, 0x0000012571f9e2f0,
0x0000012571f9ed10, 0x0000012571f9c9a0, 0x0000012571f9e800, 0x0000012571f9c490,
0x0000012571fa2ee0, 0x0000012571fa24c0, 0x0000012571fa0150, 0x0000012571fa0660,
0x0000012571fa0b70, 0x0000012571fa1080, 0x0000012571fa1590, 0x000001256bba32f0,
0x000001256bba2de0, 0x000001256bba0560, 0x000001256bba4730, 0x000001256bba19a0,
0x000001256bba0f80, 0x000001256bba5150, 0x000001256bba1eb0, 0x000001256bba5b70,
0x000001256bba23c0, 0x000001256bba6080, 0x000001256bba28d0, 0x000001256bba6590,
0x000001256bba6aa0, 0x000001256bba74c0, 0x000001256bba6fb0, 0x000001256bba79d0,
0x0000012572692b70, 0x0000012572692660, 0x00000125726944c0, 0x0000012572693590,
0x0000012572693aa0, 0x0000012572695900, 0x00000125726949d0, 0x0000012572693fb0,
0x0000012572692150, 0x0000012572694ee0, 0x0000012572697760, 0x0000012572697c70,
0x0000012572698ba0, 0x0000012572695e10, 0x0000012572696320, 0x0000012572696830,
0x000001256d16b560, 0x000001256d16ba70, 0x000001256d168ce0, 0x000001256d1687d0,
0x000001256d16bf80, 0x000001256d16c9a0, 0x000001256d1691f0, 0x000001256d16ceb0,
0x000001256d16d3c0, 0x000001256d16dde0, 0x000001256d16e2f0, 0x000001256d16e800,
0x000001256e58fcc0, 0x000001256e58d440, 0x000001256e591100, 0x000001256e591b20,
0x000001256e592030, 0x000001256e58e880, 0x000001256e593470, 0x000001256e5948b0,
0x0000012570853f20, 0x00000125708516a0, 0x0000012570855870, 0x0000012570855d80,
0x0000012570853500, 0x00000125708571c0, 0x0000012570857be0, 0x0000012566291a30,
0x00000125662900e0, 0x0000012566292450, 0x000001256c547ca0, 0x000001256c546d70,
0x0000012571fa33f0, 0x000001256e378cd0, 0x000001256e377890, 0x000001256bba4220,
0x0000012565f8e810, 0x0000012565f8ba80, 0x0000012565f8d8e0, 0x0000012565f8cec0,
0x0000012565f8e300, 0x0000012565f8b570, 0x0000012565f8d3d0, 0x0000012565f8b060,
0x0000012565f90670, 0x00000125796d35b0, 0x000001257ac7f530, 0x00000125785b3ba0,
0x0000012579723aa0, 0x0000012577a73470, 0x0000012579722660, 0x0000012577483070,
0x000001256b4d9ae0
}

Java Threads: ( => current thread )
  0x00000125427a02d0 JavaThread "main" [_thread_blocked, id=11324, stack(0x0000001694700000,0x0000001694800000)]
  0x00000125631fbb40 JavaThread "Reference Handler" daemon [_thread_blocked, id=5508, stack(0x0000001694e00000,0x0000001694f00000)]
  0x00000125631fe420 JavaThread "Finalizer" daemon [_thread_blocked, id=11452, stack(0x0000001694f00000,0x0000001695000000)]
  0x000001256320fb90 JavaThread "Signal Dispatcher" daemon [_thread_blocked, id=20916, stack(0x0000001695000000,0x0000001695100000)]
  0x0000012563210460 JavaThread "Attach Listener" daemon [_thread_blocked, id=20924, stack(0x0000001695100000,0x0000001695200000)]
  0x0000012563211140 JavaThread "Service Thread" daemon [_thread_blocked, id=20908, stack(0x0000001695200000,0x0000001695300000)]
  0x0000012563211a10 JavaThread "Monitor Deflation Thread" daemon [_thread_blocked, id=17036, stack(0x0000001695300000,0x0000001695400000)]
  0x0000012563218630 JavaThread "C2 CompilerThread0" daemon [_thread_blocked, id=9068, stack(0x0000001695400000,0x0000001695500000)]
  0x000001256322e510 JavaThread "C1 CompilerThread0" daemon [_thread_blocked, id=14408, stack(0x0000001695500000,0x0000001695600000)]
  0x0000012563257240 JavaThread "Sweeper thread" daemon [_thread_blocked, id=17704, stack(0x0000001695600000,0x0000001695700000)]
  0x0000012565d91280 JavaThread "Common-Cleaner" daemon [_thread_blocked, id=9384, stack(0x0000001695700000,0x0000001695800000)]
  0x0000012565f7ce10 JavaThread "Notification Thread" daemon [_thread_blocked, id=21288, stack(0x0000001695800000,0x0000001695900000)]
  0x000001256c1a7ac0 JavaThread "Daemon health stats" [_thread_blocked, id=13592, stack(0x0000001696200000,0x0000001696300000)]
  0x000001256c24d050 JavaThread "Incoming local TCP Connector on port 52908" [_thread_in_native, id=15628, stack(0x0000001696300000,0x0000001696400000)]
  0x000001256b1d4ec0 JavaThread "Daemon periodic checks" [_thread_blocked, id=12816, stack(0x0000001696400000,0x0000001696500000)]
  0x000001256c547280 JavaThread "Cache worker for journal cache (C:\Users\ravip\.gradle\caches\journal-1)" [_thread_blocked, id=15620, stack(0x0000001696c00000,0x0000001696d00000)]
  0x000001256c547790 JavaThread "File lock request listener" [_thread_in_native, id=12704, stack(0x0000001696d00000,0x0000001696e00000)]
  0x000001256c5490e0 JavaThread "Cache worker for file hash cache (C:\Users\ravip\.gradle\caches\8.13\fileHashes)" [_thread_blocked, id=21296, stack(0x0000001696e00000,0x0000001696f00000)]
  0x000001256c548bd0 JavaThread "File watcher server" daemon [_thread_blocked, id=7428, stack(0x0000001697600000,0x0000001697700000)]
  0x000001256e590bf0 JavaThread "File watcher consumer" daemon [_thread_blocked, id=19844, stack(0x0000001697700000,0x0000001697800000)]
  0x000001256e58d950 JavaThread "jar transforms" [_thread_blocked, id=6240, stack(0x0000001697800000,0x0000001697900000)]
  0x000001256e5906e0 JavaThread "jar transforms Thread 2" [_thread_blocked, id=21108, stack(0x0000001697900000,0x0000001697a00000)]
  0x000001256e58e370 JavaThread "Cache worker for file content cache (C:\Users\ravip\.gradle\caches\8.13\fileContent)" [_thread_blocked, id=2756, stack(0x0000001697c00000,0x0000001697d00000)]
  0x000001256bba0050 JavaThread "Memory manager" [_thread_blocked, id=17952, stack(0x0000001698200000,0x0000001698300000)]
  0x0000012570851bb0 JavaThread "pool-3-thread-1" [_thread_blocked, id=6024, stack(0x000000169c500000,0x000000169c600000)]
  0x000001256628eca0 JavaThread "ForkJoinPool.commonPool-worker-12" daemon [_thread_blocked, id=4116, stack(0x000000169a400000,0x000000169a500000)]
  0x000001256628f1b0 JavaThread "ForkJoinPool.commonPool-worker-13" daemon [_thread_blocked, id=9316, stack(0x000000169a500000,0x000000169a600000)]
  0x000001256c5486c0 JavaThread "ForkJoinPool.commonPool-worker-16" daemon [_thread_blocked, id=13844, stack(0x000000169a800000,0x000000169a900000)]
  0x000001256c5495f0 JavaThread "ForkJoinPool.commonPool-worker-18" daemon [_thread_blocked, id=9400, stack(0x000000169a900000,0x000000169aa00000)]
  0x000001256c546350 JavaThread "pool-6-thread-1" [_thread_blocked, id=2568, stack(0x000000169ab00000,0x000000169ac00000)]
  0x000001256d16a120 JavaThread "pool-9-thread-1" [_thread_blocked, id=4316, stack(0x000000169ae00000,0x000000169af00000)]
  0x000001256e592540 JavaThread "ForkJoinPool.commonPool-worker-21" daemon [_thread_blocked, id=652, stack(0x000000169b000000,0x000000169b100000)]
  0x000001256e5943a0 JavaThread "pool-12-thread-1" [_thread_blocked, id=2928, stack(0x000000169b100000,0x000000169b200000)]
  0x000001256e592a50 JavaThread "jar transforms Thread 3" [_thread_blocked, id=19820, stack(0x0000001696a00000,0x0000001696b00000)]
  0x000001256d16ab40 JavaThread "jar transforms Thread 4" [_thread_blocked, id=20176, stack(0x0000001696b00000,0x0000001696c00000)]
  0x000001256d16a630 JavaThread "jar transforms Thread 5" [_thread_blocked, id=17812, stack(0x0000001696f00000,0x0000001697000000)]
  0x000001256d1678a0 JavaThread "jar transforms Thread 6" [_thread_blocked, id=6944, stack(0x0000001697000000,0x0000001697100000)]
  0x000001256d169700 JavaThread "jar transforms Thread 7" [_thread_blocked, id=12072, stack(0x0000001697b00000,0x0000001697c00000)]
  0x000001256d167db0 JavaThread "jar transforms Thread 8" [_thread_blocked, id=3400, stack(0x0000001697d00000,0x0000001697e00000)]
  0x000001256d169c10 JavaThread "jar transforms Thread 9" [_thread_blocked, id=9900, stack(0x0000001697e00000,0x0000001697f00000)]
  0x000001256d167390 JavaThread "jar transforms Thread 10" [_thread_blocked, id=6532, stack(0x0000001697f00000,0x0000001698000000)]
  0x000001256d1682c0 JavaThread "jar transforms Thread 11" [_thread_blocked, id=6500, stack(0x0000001698000000,0x0000001698100000)]
  0x000001256d16b050 JavaThread "jar transforms Thread 12" [_thread_blocked, id=336, stack(0x0000001698100000,0x0000001698200000)]
  0x000001256e3796f0 JavaThread "pool-15-thread-1" [_thread_blocked, id=19004, stack(0x000000169d600000,0x000000169d700000)]
  0x00000125726953f0 JavaThread "pool-18-thread-1" [_thread_blocked, id=11928, stack(0x000000169d100000,0x000000169d200000)]
  0x0000012570856290 JavaThread "RMI Scheduler(0)" daemon [_thread_blocked, id=19952, stack(0x00000016a2f00000,0x00000016a3000000)]
  0x0000012570856cb0 JavaThread "RMI GC Daemon" daemon [_thread_blocked, id=15332, stack(0x00000016a3100000,0x00000016a3200000)]
  0x0000012566291520 JavaThread "RMI TCP Accept-0" daemon [_thread_in_native, id=20024, stack(0x00000016a3200000,0x00000016a3300000)]
  0x0000012566291f40 JavaThread "RMI Reaper" [_thread_blocked, id=18152, stack(0x00000016a3300000,0x00000016a3400000)]
  0x000001256d4cf360 JavaThread "ForkJoinPool.commonPool-worker-23" daemon [_thread_blocked, id=11500, stack(0x000000169b900000,0x000000169ba00000)]
  0x000001256d4cda10 JavaThread "ForkJoinPool.commonPool-worker-24" daemon [_thread_blocked, id=17820, stack(0x000000169ba00000,0x000000169bb00000)]
  0x000001256d4cbbb0 JavaThread "pool-21-thread-1" [_thread_blocked, id=14852, stack(0x000000169bb00000,0x000000169bc00000)]
  0x0000012578434a80 JavaThread "pool-24-thread-1" [_thread_blocked, id=16832, stack(0x000000169bc00000,0x000000169bd00000)]
  0x0000012578433130 JavaThread "Daemon Thread 4" [_thread_blocked, id=3732, stack(0x0000001694400000,0x0000001694500000)]
  0x00000125784308b0 JavaThread "Handler for socket connection from /127.0.0.1:52908 to /127.0.0.1:51903" [_thread_in_native, id=11108, stack(0x0000001694500000,0x0000001694600000)]
  0x0000012578432200 JavaThread "Cancel handler" [_thread_blocked, id=17292, stack(0x0000001694600000,0x0000001694700000)]
  0x0000012578430dc0 JavaThread "Daemon worker Thread 4" [_thread_blocked, id=15300, stack(0x0000001695a00000,0x0000001695b00000)]
  0x0000012578432710 JavaThread "Asynchronous log dispatcher for DefaultDaemonConnection: socket connection from /127.0.0.1:52908 to /127.0.0.1:51903" [_thread_blocked, id=11000, stack(0x0000001695b00000,0x0000001695c00000)]
  0x00000125784317e0 JavaThread "Stdin handler" [_thread_blocked, id=6612, stack(0x0000001696500000,0x0000001696600000)]
  0x00000125784312d0 JavaThread "Daemon client event forwarder" [_thread_blocked, id=21472, stack(0x0000001696600000,0x0000001696700000)]
  0x000001257842f980 JavaThread "Cache worker for file hash cache (C:\Users\ravip\AndroidStudioProjects\PoliceMobileDirectory\.gradle\8.13\fileHashes)" [_thread_blocked, id=3056, stack(0x0000001696700000,0x0000001696800000)]
  0x0000012578431cf0 JavaThread "Cache worker for Build Output Cleanup Cache (C:\Users\ravip\AndroidStudioProjects\PoliceMobileDirectory\.gradle\buildOutputCleanup)" [_thread_blocked, id=19888, stack(0x0000001696800000,0x0000001696900000)]
  0x0000012578433640 JavaThread "Cache worker for checksums cache (C:\Users\ravip\AndroidStudioProjects\PoliceMobileDirectory\.gradle\8.13\checksums)" [_thread_blocked, id=20400, stack(0x0000001696900000,0x0000001696a00000)]
  0x000001257842fe90 JavaThread "Cache worker for cache directory md-supplier (C:\Users\ravip\.gradle\caches\8.13\md-supplier)" [_thread_blocked, id=6916, stack(0x0000001698300000,0x0000001698400000)]
  0x0000012578433b50 JavaThread "Cache worker for cache directory md-rule (C:\Users\ravip\.gradle\caches\8.13\md-rule)" [_thread_blocked, id=13064, stack(0x0000001698400000,0x0000001698500000)]
  0x00000125784303a0 JavaThread "Unconstrained build operations" [_thread_blocked, id=8940, stack(0x0000001698500000,0x0000001698600000)]
  0x0000012578434570 JavaThread "Unconstrained build operations Thread 2" [_thread_blocked, id=11604, stack(0x0000001698600000,0x0000001698700000)]
  0x0000012578434f90 JavaThread "Unconstrained build operations Thread 3" [_thread_blocked, id=4068, stack(0x0000001698700000,0x0000001698800000)]
  0x00000125784368e0 JavaThread "Unconstrained build operations Thread 4" [_thread_blocked, id=17276, stack(0x0000001698800000,0x0000001698900000)]
  0x0000012578436df0 JavaThread "Unconstrained build operations Thread 5" [_thread_blocked, id=20940, stack(0x0000001698900000,0x0000001698a00000)]
  0x00000125784354a0 JavaThread "Unconstrained build operations Thread 6" [_thread_blocked, id=4596, stack(0x0000001698a00000,0x0000001698b00000)]
  0x00000125784359b0 JavaThread "Unconstrained build operations Thread 7" [_thread_blocked, id=15232, stack(0x0000001698b00000,0x0000001698c00000)]
  0x0000012578435ec0 JavaThread "Unconstrained build operations Thread 8" [_thread_blocked, id=18396, stack(0x0000001698c00000,0x0000001698d00000)]
  0x00000125784363d0 JavaThread "Unconstrained build operations Thread 9" [_thread_blocked, id=18472, stack(0x0000001698d00000,0x0000001698e00000)]
  0x000001256d4c2df0 JavaThread "Unconstrained build operations Thread 10" [_thread_blocked, id=11772, stack(0x0000001698e00000,0x0000001698f00000)]
  0x000001256d4c19b0 JavaThread "Unconstrained build operations Thread 11" [_thread_blocked, id=8692, stack(0x0000001698f00000,0x0000001699000000)]
  0x000001256d4c28e0 JavaThread "Unconstrained build operations Thread 12" [_thread_blocked, id=17604, stack(0x0000001699000000,0x0000001699100000)]
  0x000001256d4c0a80 JavaThread "Unconstrained build operations Thread 13" [_thread_blocked, id=21312, stack(0x0000001699100000,0x0000001699200000)]
  0x000001256d4c0f90 JavaThread "Unconstrained build operations Thread 14" [_thread_blocked, id=2240, stack(0x0000001699200000,0x0000001699300000)]
  0x000001256d4c0570 JavaThread "Unconstrained build operations Thread 15" [_thread_blocked, id=15272, stack(0x0000001699300000,0x0000001699400000)]
  0x000001256d4c14a0 JavaThread "Unconstrained build operations Thread 16" [_thread_blocked, id=16428, stack(0x0000001699400000,0x0000001699500000)]
  0x000001256d4c3300 JavaThread "Unconstrained build operations Thread 17" [_thread_blocked, id=14140, stack(0x0000001699500000,0x0000001699600000)]
  0x000001256d4c23d0 JavaThread "Unconstrained build operations Thread 18" [_thread_blocked, id=9104, stack(0x0000001699600000,0x0000001699700000)]
  0x000001256d4bfb50 JavaThread "Unconstrained build operations Thread 19" [_thread_blocked, id=15356, stack(0x0000001699700000,0x0000001699800000)]
  0x000001256d4c5160 JavaThread "Unconstrained build operations Thread 20" [_thread_blocked, id=1192, stack(0x0000001699800000,0x0000001699900000)]
  0x000001256d4c6fc0 JavaThread "Unconstrained build operations Thread 21" [_thread_blocked, id=6124, stack(0x0000001699900000,0x0000001699a00000)]
  0x000001256d4c6ab0 JavaThread "Unconstrained build operations Thread 22" [_thread_blocked, id=15284, stack(0x0000001699a00000,0x0000001699b00000)]
  0x000001256d4c5670 JavaThread "Unconstrained build operations Thread 23" [_thread_blocked, id=15308, stack(0x0000001699b00000,0x0000001699c00000)]
  0x000001256d4c74d0 JavaThread "Unconstrained build operations Thread 24" [_thread_blocked, id=16380, stack(0x0000001699c00000,0x0000001699d00000)]
  0x000001256d4c5b80 JavaThread "Unconstrained build operations Thread 25" [_thread_blocked, id=19780, stack(0x0000001699d00000,0x0000001699e00000)]
  0x000001256d4c3d20 JavaThread "Unconstrained build operations Thread 26" [_thread_blocked, id=1760, stack(0x0000001699e00000,0x0000001699f00000)]
  0x000001256d4c6090 JavaThread "Unconstrained build operations Thread 27" [_thread_blocked, id=17500, stack(0x0000001699f00000,0x000000169a000000)]
  0x000001256d4c4230 JavaThread "Unconstrained build operations Thread 28" [_thread_blocked, id=15680, stack(0x000000169a000000,0x000000169a100000)]
  0x000001256d4c65a0 JavaThread "Unconstrained build operations Thread 29" [_thread_blocked, id=18736, stack(0x000000169a100000,0x000000169a200000)]
  0x000001256d4c7ef0 JavaThread "Unconstrained build operations Thread 30" [_thread_blocked, id=20360, stack(0x000000169a200000,0x000000169a300000)]
  0x000001256d4c4740 JavaThread "Unconstrained build operations Thread 31" [_thread_blocked, id=17152, stack(0x000000169a300000,0x000000169a400000)]
  0x000001256d4c8e20 JavaThread "Unconstrained build operations Thread 32" [_thread_blocked, id=17056, stack(0x000000169a700000,0x000000169a800000)]
  0x000001256d4c9840 JavaThread "Unconstrained build operations Thread 33" [_thread_blocked, id=16484, stack(0x000000169ad00000,0x000000169ae00000)]
  0x000001256d4c9d50 JavaThread "Unconstrained build operations Thread 34" [_thread_blocked, id=17736, stack(0x000000169af00000,0x000000169b000000)]
  0x000001256d4ca260 JavaThread "Unconstrained build operations Thread 35" [_thread_blocked, id=13568, stack(0x000000169b200000,0x000000169b300000)]
  0x000001256d4c8400 JavaThread "Unconstrained build operations Thread 36" [_thread_blocked, id=1132, stack(0x000000169b300000,0x000000169b400000)]
  0x000001256d4cac80 JavaThread "Unconstrained build operations Thread 37" [_thread_blocked, id=5444, stack(0x000000169b400000,0x000000169b500000)]
  0x000001256d4ca770 JavaThread "Unconstrained build operations Thread 38" [_thread_blocked, id=6196, stack(0x000000169b500000,0x000000169b600000)]
  0x000001256d4cb190 JavaThread "Unconstrained build operations Thread 39" [_thread_blocked, id=5828, stack(0x000000169b600000,0x000000169b700000)]
  0x000001256d4c79e0 JavaThread "Unconstrained build operations Thread 40" [_thread_blocked, id=15920, stack(0x000000169b700000,0x000000169b800000)]
  0x000001256d4cb6a0 JavaThread "Unconstrained build operations Thread 41" [_thread_blocked, id=12864, stack(0x000000169b800000,0x000000169b900000)]
  0x000001256d4cc0c0 JavaThread "Unconstrained build operations Thread 42" [_thread_blocked, id=3852, stack(0x000000169bd00000,0x000000169be00000)]
  0x000001256d4c8910 JavaThread "Unconstrained build operations Thread 43" [_thread_blocked, id=17400, stack(0x000000169be00000,0x000000169bf00000)]
  0x000001256d4cee50 JavaThread "Unconstrained build operations Thread 44" [_thread_blocked, id=2360, stack(0x000000169bf00000,0x000000169c000000)]
  0x000001256d4cc5d0 JavaThread "Unconstrained build operations Thread 45" [_thread_blocked, id=1508, stack(0x000000169c000000,0x000000169c100000)]
  0x000001256d4ccae0 JavaThread "Unconstrained build operations Thread 46" [_thread_blocked, id=8144, stack(0x000000169c100000,0x000000169c200000)]
  0x000001256d4ce430 JavaThread "Unconstrained build operations Thread 47" [_thread_blocked, id=17296, stack(0x000000169c200000,0x000000169c300000)]
  0x000001256d4ccff0 JavaThread "Unconstrained build operations Thread 48" [_thread_blocked, id=4588, stack(0x000000169c300000,0x000000169c400000)]
  0x000001256d4cd500 JavaThread "Unconstrained build operations Thread 49" [_thread_blocked, id=10036, stack(0x000000169c400000,0x000000169c500000)]
  0x000001256d4ce940 JavaThread "Unconstrained build operations Thread 50" [_thread_blocked, id=4528, stack(0x000000169c600000,0x000000169c700000)]
  0x000001256e375520 JavaThread "Unconstrained build operations Thread 51" [_thread_blocked, id=20952, stack(0x000000169c700000,0x000000169c800000)]
  0x000001256e375010 JavaThread "Unconstrained build operations Thread 52" [_thread_blocked, id=19560, stack(0x000000169c800000,0x000000169c900000)]
  0x000001256e3745f0 JavaThread "Unconstrained build operations Thread 53" [_thread_blocked, id=12892, stack(0x000000169c900000,0x000000169ca00000)]
  0x000001256e372790 JavaThread "Unconstrained build operations Thread 54" [_thread_blocked, id=5948, stack(0x000000169ca00000,0x000000169cb00000)]
  0x000001256e3731b0 JavaThread "Unconstrained build operations Thread 55" [_thread_blocked, id=20268, stack(0x000000169cb00000,0x000000169cc00000)]
  0x000001256e3740e0 JavaThread "Unconstrained build operations Thread 56" [_thread_blocked, id=15836, stack(0x000000169cc00000,0x000000169cd00000)]
  0x000001256e374b00 JavaThread "Unconstrained build operations Thread 57" [_thread_blocked, id=19448, stack(0x000000169cd00000,0x000000169ce00000)]
  0x000001256e372ca0 JavaThread "Unconstrained build operations Thread 58" [_thread_blocked, id=17976, stack(0x000000169ce00000,0x000000169cf00000)]
  0x000001256e375a30 JavaThread "Unconstrained build operations Thread 59" [_thread_blocked, id=21056, stack(0x000000169cf00000,0x000000169d000000)]
  0x000001256e372280 JavaThread "Unconstrained build operations Thread 60" [_thread_blocked, id=10000, stack(0x000000169d000000,0x000000169d100000)]
  0x000001256e373bd0 JavaThread "Unconstrained build operations Thread 61" [_thread_blocked, id=19776, stack(0x000000169d200000,0x000000169d300000)]
  0x000001256e376960 JavaThread "Unconstrained build operations Thread 62" [_thread_blocked, id=16984, stack(0x000000169d300000,0x000000169d400000)]
  0x000001256e375f40 JavaThread "Unconstrained build operations Thread 63" [_thread_blocked, id=21020, stack(0x000000169d400000,0x000000169d500000)]
  0x000001256e376e70 JavaThread "Unconstrained build operations Thread 64" [_thread_blocked, id=15892, stack(0x000000169d700000,0x000000169d800000)]
  0x000001256e376450 JavaThread "Unconstrained build operations Thread 65" [_thread_blocked, id=7956, stack(0x000000169d800000,0x000000169d900000)]
  0x000001256e3736c0 JavaThread "Unconstrained build operations Thread 66" [_thread_blocked, id=2224, stack(0x000000169d900000,0x000000169da00000)]
  0x000001256e377da0 JavaThread "Unconstrained build operations Thread 67" [_thread_blocked, id=2020, stack(0x000000169da00000,0x000000169db00000)]
  0x000001256e3782b0 JavaThread "Unconstrained build operations Thread 68" [_thread_blocked, id=6868, stack(0x000000169db00000,0x000000169dc00000)]
  0x000001256e3787c0 JavaThread "build event listener" [_thread_blocked, id=18728, stack(0x000000169dc00000,0x000000169dd00000)]
  0x000001256e379c00 JavaThread "build event listener" [_thread_blocked, id=8848, stack(0x000000169dd00000,0x000000169de00000)]
  0x0000012571f9f730 JavaThread "pool-27-thread-1" [_thread_blocked, id=11436, stack(0x000000169de00000,0x000000169df00000)]
  0x0000012571f9dde0 JavaThread "build event listener" [_thread_blocked, id=19968, stack(0x000000169df00000,0x000000169e000000)]
  0x0000012571f9d3c0 JavaThread "included builds" [_thread_blocked, id=13464, stack(0x000000169e000000,0x000000169e100000)]
  0x0000012571f9d8d0 JavaThread "Execution worker" [_thread_blocked, id=19112, stack(0x000000169e100000,0x000000169e200000)]
  0x0000012571f9e2f0 JavaThread "Execution worker Thread 2" [_thread_blocked, id=12768, stack(0x000000169e200000,0x000000169e300000)]
  0x0000012571f9ed10 JavaThread "Execution worker Thread 3" [_thread_blocked, id=19704, stack(0x000000169e300000,0x000000169e400000)]
  0x0000012571f9c9a0 JavaThread "Execution worker Thread 4" [_thread_blocked, id=16692, stack(0x000000169e400000,0x000000169e500000)]
  0x0000012571f9e800 JavaThread "Execution worker Thread 5" [_thread_blocked, id=16468, stack(0x000000169e500000,0x000000169e600000)]
  0x0000012571f9c490 JavaThread "Execution worker Thread 6" [_thread_blocked, id=9952, stack(0x000000169e600000,0x000000169e700000)]
  0x0000012571fa2ee0 JavaThread "Execution worker Thread 7" [_thread_blocked, id=18512, stack(0x000000169e700000,0x000000169e800000)]
  0x0000012571fa24c0 JavaThread "Execution worker Thread 8" [_thread_blocked, id=20108, stack(0x000000169e800000,0x000000169e900000)]
  0x0000012571fa0150 JavaThread "Execution worker Thread 9" [_thread_blocked, id=20328, stack(0x000000169e900000,0x000000169ea00000)]
  0x0000012571fa0660 JavaThread "Execution worker Thread 10" [_thread_blocked, id=17576, stack(0x000000169ea00000,0x000000169eb00000)]
  0x0000012571fa0b70 JavaThread "Execution worker Thread 11" [_thread_blocked, id=20172, stack(0x000000169eb00000,0x000000169ec00000)]
  0x0000012571fa1080 JavaThread "Cache worker for execution history cache (C:\Users\ravip\AndroidStudioProjects\PoliceMobileDirectory\.gradle\8.13\executionHistory)" [_thread_blocked, id=5760, stack(0x000000169ec00000,0x000000169ed00000)]
  0x0000012571fa1590 JavaThread "Unconstrained build operations Thread 69" [_thread_blocked, id=10860, stack(0x000000169ac00000,0x000000169ad00000)]
  0x000001256bba32f0 JavaThread "Unconstrained build operations Thread 70" [_thread_blocked, id=1984, stack(0x000000169ed00000,0x000000169ee00000)]
  0x000001256bba2de0 JavaThread "Unconstrained build operations Thread 71" [_thread_blocked, id=9180, stack(0x000000169ee00000,0x000000169ef00000)]
  0x000001256bba0560 JavaThread "Unconstrained build operations Thread 72" [_thread_blocked, id=14880, stack(0x000000169ef00000,0x000000169f000000)]
  0x000001256bba4730 JavaThread "Unconstrained build operations Thread 73" [_thread_blocked, id=2216, stack(0x000000169f000000,0x000000169f100000)]
  0x000001256bba19a0 JavaThread "Unconstrained build operations Thread 74" [_thread_blocked, id=6996, stack(0x000000169f100000,0x000000169f200000)]
  0x000001256bba0f80 JavaThread "Unconstrained build operations Thread 75" [_thread_blocked, id=9508, stack(0x000000169f200000,0x000000169f300000)]
  0x000001256bba5150 JavaThread "Unconstrained build operations Thread 76" [_thread_blocked, id=3176, stack(0x000000169f300000,0x000000169f400000)]
  0x000001256bba1eb0 JavaThread "Unconstrained build operations Thread 77" [_thread_blocked, id=14044, stack(0x000000169f400000,0x000000169f500000)]
  0x000001256bba5b70 JavaThread "Unconstrained build operations Thread 78" [_thread_blocked, id=15536, stack(0x000000169f500000,0x000000169f600000)]
  0x000001256bba23c0 JavaThread "Unconstrained build operations Thread 79" [_thread_blocked, id=4624, stack(0x000000169f600000,0x000000169f700000)]
  0x000001256bba6080 JavaThread "WorkerExecutor Queue" [_thread_blocked, id=6832, stack(0x000000169f700000,0x000000169f800000)]
  0x000001256bba28d0 JavaThread "Unconstrained build operations Thread 80" [_thread_blocked, id=17580, stack(0x000000169f800000,0x000000169f900000)]
  0x000001256bba6590 JavaThread "Unconstrained build operations Thread 81" [_thread_blocked, id=9844, stack(0x000000169f900000,0x000000169fa00000)]
  0x000001256bba6aa0 JavaThread "Unconstrained build operations Thread 82" [_thread_blocked, id=16368, stack(0x000000169fa00000,0x000000169fb00000)]
  0x000001256bba74c0 JavaThread "Unconstrained build operations Thread 83" [_thread_blocked, id=17392, stack(0x000000169fb00000,0x000000169fc00000)]
  0x000001256bba6fb0 JavaThread "Unconstrained build operations Thread 84" [_thread_blocked, id=16280, stack(0x000000169fc00000,0x000000169fd00000)]
  0x000001256bba79d0 JavaThread "Unconstrained build operations Thread 85" [_thread_blocked, id=4472, stack(0x000000169fd00000,0x000000169fe00000)]
  0x0000012572692b70 JavaThread "Unconstrained build operations Thread 86" [_thread_blocked, id=18576, stack(0x000000169fe00000,0x000000169ff00000)]
  0x0000012572692660 JavaThread "Unconstrained build operations Thread 87" [_thread_blocked, id=19924, stack(0x000000169ff00000,0x00000016a0000000)]
  0x00000125726944c0 JavaThread "Unconstrained build operations Thread 88" [_thread_blocked, id=11076, stack(0x00000016a0000000,0x00000016a0100000)]
  0x0000012572693590 JavaThread "Unconstrained build operations Thread 89" [_thread_blocked, id=14400, stack(0x00000016a0100000,0x00000016a0200000)]
  0x0000012572693aa0 JavaThread "Unconstrained build operations Thread 90" [_thread_blocked, id=8800, stack(0x00000016a0200000,0x00000016a0300000)]
  0x0000012572695900 JavaThread "Unconstrained build operations Thread 91" [_thread_blocked, id=6064, stack(0x00000016a0300000,0x00000016a0400000)]
  0x00000125726949d0 JavaThread "Unconstrained build operations Thread 92" [_thread_blocked, id=18644, stack(0x00000016a0400000,0x00000016a0500000)]
  0x0000012572693fb0 JavaThread "Unconstrained build operations Thread 93" [_thread_blocked, id=21248, stack(0x00000016a0500000,0x00000016a0600000)]
  0x0000012572692150 JavaThread "Unconstrained build operations Thread 94" [_thread_blocked, id=20724, stack(0x00000016a0600000,0x00000016a0700000)]
  0x0000012572694ee0 JavaThread "Unconstrained build operations Thread 95" [_thread_blocked, id=3548, stack(0x00000016a0700000,0x00000016a0800000)]
  0x0000012572697760 JavaThread "Unconstrained build operations Thread 96" [_thread_blocked, id=6892, stack(0x00000016a0800000,0x00000016a0900000)]
  0x0000012572697c70 JavaThread "Unconstrained build operations Thread 97" [_thread_blocked, id=5000, stack(0x00000016a0900000,0x00000016a0a00000)]
  0x0000012572698ba0 JavaThread "Unconstrained build operations Thread 98" [_thread_blocked, id=8208, stack(0x00000016a0a00000,0x00000016a0b00000)]
  0x0000012572695e10 JavaThread "Unconstrained build operations Thread 99" [_thread_blocked, id=16724, stack(0x00000016a0b00000,0x00000016a0c00000)]
  0x0000012572696320 JavaThread "Unconstrained build operations Thread 100" [_thread_blocked, id=3872, stack(0x00000016a0c00000,0x00000016a0d00000)]
  0x0000012572696830 JavaThread "Unconstrained build operations Thread 101" [_thread_blocked, id=18116, stack(0x00000016a0d00000,0x00000016a0e00000)]
  0x000001256d16b560 JavaThread "Unconstrained build operations Thread 102" [_thread_blocked, id=19412, stack(0x000000169aa00000,0x000000169ab00000)]
  0x000001256d16ba70 JavaThread "Unconstrained build operations Thread 103" [_thread_blocked, id=14416, stack(0x00000016a0e00000,0x00000016a0f00000)]
  0x000001256d168ce0 JavaThread "Unconstrained build operations Thread 104" [_thread_blocked, id=6004, stack(0x00000016a0f00000,0x00000016a1000000)]
  0x000001256d1687d0 JavaThread "Unconstrained build operations Thread 105" [_thread_blocked, id=11884, stack(0x00000016a1000000,0x00000016a1100000)]
  0x000001256d16bf80 JavaThread "Unconstrained build operations Thread 106" [_thread_blocked, id=16308, stack(0x00000016a1200000,0x00000016a1300000)]
  0x000001256d16c9a0 JavaThread "Unconstrained build operations Thread 107" [_thread_blocked, id=19020, stack(0x00000016a1300000,0x00000016a1400000)]
  0x000001256d1691f0 JavaThread "Unconstrained build operations Thread 108" [_thread_blocked, id=18104, stack(0x00000016a1400000,0x00000016a1500000)]
  0x000001256d16ceb0 JavaThread "Unconstrained build operations Thread 109" [_thread_blocked, id=17344, stack(0x00000016a1500000,0x00000016a1600000)]
  0x000001256d16d3c0 JavaThread "Unconstrained build operations Thread 110" [_thread_blocked, id=16956, stack(0x00000016a1600000,0x00000016a1700000)]
  0x000001256d16dde0 JavaThread "Unconstrained build operations Thread 111" [_thread_blocked, id=388, stack(0x00000016a1700000,0x00000016a1800000)]
  0x000001256d16e2f0 JavaThread "Unconstrained build operations Thread 112" [_thread_blocked, id=5116, stack(0x00000016a1800000,0x00000016a1900000)]
  0x000001256d16e800 JavaThread "Unconstrained build operations Thread 113" [_thread_blocked, id=13876, stack(0x00000016a1900000,0x00000016a1a00000)]
  0x000001256e58fcc0 JavaThread "Unconstrained build operations Thread 114" [_thread_blocked, id=19548, stack(0x00000016a1a00000,0x00000016a1b00000)]
  0x000001256e58d440 JavaThread "Unconstrained build operations Thread 115" [_thread_blocked, id=18712, stack(0x00000016a1b00000,0x00000016a1c00000)]
  0x000001256e591100 JavaThread "Unconstrained build operations Thread 116" [_thread_blocked, id=12512, stack(0x00000016a1c00000,0x00000016a1d00000)]
  0x000001256e591b20 JavaThread "Unconstrained build operations Thread 117" [_thread_blocked, id=15016, stack(0x00000016a1d00000,0x00000016a1e00000)]
  0x000001256e592030 JavaThread "Unconstrained build operations Thread 118" [_thread_blocked, id=18888, stack(0x00000016a1e00000,0x00000016a1f00000)]
  0x000001256e58e880 JavaThread "Unconstrained build operations Thread 119" [_thread_blocked, id=19736, stack(0x00000016a1f00000,0x00000016a2000000)]
  0x000001256e593470 JavaThread "Unconstrained build operations Thread 120" [_thread_blocked, id=20444, stack(0x00000016a2000000,0x00000016a2100000)]
  0x000001256e5948b0 JavaThread "WorkerExecutor Queue Thread 2" [_thread_blocked, id=6876, stack(0x00000016a2300000,0x00000016a2400000)]
  0x0000012570853f20 JavaThread "WorkerExecutor Queue Thread 3" [_thread_blocked, id=18808, stack(0x00000016a2600000,0x00000016a2700000)]
  0x00000125708516a0 JavaThread "WorkerExecutor Queue Thread 4" [_thread_blocked, id=14920, stack(0x00000016a2700000,0x00000016a2800000)]
  0x0000012570855870 JavaThread "WorkerExecutor Queue Thread 5" [_thread_blocked, id=20888, stack(0x00000016a2800000,0x00000016a2900000)]
  0x0000012570855d80 JavaThread "WorkerExecutor Queue Thread 6" [_thread_blocked, id=15552, stack(0x00000016a2900000,0x00000016a2a00000)]
  0x0000012570853500 JavaThread "WorkerExecutor Queue Thread 7" [_thread_blocked, id=3200, stack(0x00000016a2a00000,0x00000016a2b00000)]
  0x00000125708571c0 JavaThread "WorkerExecutor Queue Thread 8" [_thread_blocked, id=20472, stack(0x00000016a2b00000,0x00000016a2c00000)]
  0x0000012570857be0 JavaThread "WorkerExecutor Queue Thread 10" [_thread_blocked, id=14324, stack(0x00000016a2d00000,0x00000016a2e00000)]
  0x0000012566291a30 JavaThread "WorkerExecutor Queue Thread 12" [_thread_blocked, id=5696, stack(0x00000016a3000000,0x00000016a3100000)]
  0x00000125662900e0 JavaThread "WorkerExecutor Queue Thread 13" [_thread_blocked, id=6680, stack(0x00000016a3400000,0x00000016a3500000)]
  0x0000012566292450 JavaThread "WorkerExecutor Queue Thread 14" [_thread_blocked, id=2708, stack(0x00000016a2200000,0x00000016a2300000)]
  0x000001256c547ca0 JavaThread "RMI TCP Connection(11)-127.0.0.1" daemon [_thread_in_native, id=18768, stack(0x000000169a600000,0x000000169a700000)]
  0x000001256c546d70 JavaThread "Cache worker for Java compile cache (C:\Users\ravip\.gradle\caches\8.13\javaCompile)" [_thread_blocked, id=11544, stack(0x00000016a2100000,0x00000016a2200000)]
  0x0000012571fa33f0 JavaThread "Problems report writer" [_thread_blocked, id=19488, stack(0x00000016a2c00000,0x00000016a2d00000)]
  0x000001256e378cd0 JavaThread "Build operations" [_thread_blocked, id=10288, stack(0x000000169d500000,0x000000169d600000)]
  0x000001256e377890 JavaThread "Build operations Thread 2" [_thread_blocked, id=7808, stack(0x00000016a1100000,0x00000016a1200000)]
  0x000001256bba4220 JavaThread "Build operations Thread 3" [_thread_blocked, id=9520, stack(0x00000016a2500000,0x00000016a2600000)]
  0x0000012565f8e810 JavaThread "Build operations Thread 4" [_thread_blocked, id=14276, stack(0x00000016a2e00000,0x00000016a2f00000)]
  0x0000012565f8ba80 JavaThread "Build operations Thread 5" [_thread_blocked, id=17920, stack(0x00000016a3500000,0x00000016a3600000)]
  0x0000012565f8d8e0 JavaThread "Build operations Thread 6" [_thread_blocked, id=2016, stack(0x00000016a3600000,0x00000016a3700000)]
  0x0000012565f8cec0 JavaThread "Build operations Thread 7" [_thread_blocked, id=21148, stack(0x00000016a3700000,0x00000016a3800000)]
  0x0000012565f8e300 JavaThread "Build operations Thread 8" [_thread_blocked, id=12064, stack(0x00000016a3800000,0x00000016a3900000)]
  0x0000012565f8b570 JavaThread "Build operations Thread 9" [_thread_blocked, id=7784, stack(0x00000016a3900000,0x00000016a3a00000)]
  0x0000012565f8d3d0 JavaThread "Build operations Thread 10" [_thread_blocked, id=19408, stack(0x00000016a3a00000,0x00000016a3b00000)]
  0x0000012565f8b060 JavaThread "Build operations Thread 11" [_thread_blocked, id=14320, stack(0x00000016a3b00000,0x00000016a3c00000)]
  0x0000012565f90670 JavaThread "Build operations Thread 12" [_thread_blocked, id=11844, stack(0x00000016a2400000,0x00000016a2500000)]
  0x00000125796d35b0 JavaThread "RMI RenewClean-[127.0.0.1:17081,org.jetbrains.kotlin.daemon.common.LoopbackNetworkInterface$ClientLoopbackSocketFactory@a2ae066]" daemon [_thread_blocked, id=15512, stack(0x00000016a4600000,0x00000016a4700000)]
  0x000001257ac7f530 JavaThread "RMI TCP Connection(12)-127.0.0.1" daemon [_thread_in_native, id=11708, stack(0x00000016a4700000,0x00000016a4800000)]
  0x00000125785b3ba0 JavaThread "RMI RenewClean-[127.0.0.1:17081,org.jetbrains.kotlin.daemon.common.LoopbackNetworkInterface$ClientLoopbackSocketFactory@64de9b20]" daemon [_thread_blocked, id=20796, stack(0x00000016a4100000,0x00000016a4200000)]
  0x0000012579723aa0 JavaThread "RMI TCP Connection(13)-127.0.0.1" daemon [_thread_in_native, id=15516, stack(0x00000016a4200000,0x00000016a4300000)]
  0x0000012577a73470 JavaThread "RMI RenewClean-[127.0.0.1:17081,org.jetbrains.kotlin.daemon.common.LoopbackNetworkInterface$ClientLoopbackSocketFactory@3675a9b9]" daemon [_thread_blocked, id=15108, stack(0x00000016a4800000,0x00000016a4900000)]
  0x0000012579722660 JavaThread "RMI TCP Connection(14)-127.0.0.1" daemon [_thread_in_native, id=11464, stack(0x00000016a4900000,0x00000016a4a00000)]
  0x0000012577483070 JavaThread "C2 CompilerThread1" daemon [_thread_blocked, id=15152, stack(0x00000016a4300000,0x00000016a4400000)]
  0x000001256b4d9ae0 JavaThread "C2 CompilerThread2" daemon [_thread_blocked, id=5588, stack(0x00000016a4a00000,0x00000016a4b00000)]

Other Threads:
=>0x00000125631f4120 VMThread "VM Thread" [stack: 0x0000001694d00000,0x0000001694e00000] [id=8520]
  0x0000012565f7db00 WatcherThread [stack: 0x0000001695900000,0x0000001695a00000] [id=18720]
  0x000001254044e870 GCTaskThread "GC Thread#0" [stack: 0x0000001694800000,0x0000001694900000] [id=12976]
  0x00000125660638c0 GCTaskThread "GC Thread#1" [stack: 0x0000001695c00000,0x0000001695d00000] [id=16216]
  0x00000125667115a0 GCTaskThread "GC Thread#2" [stack: 0x0000001695d00000,0x0000001695e00000] [id=20748]
  0x000001256617da60 GCTaskThread "GC Thread#3" [stack: 0x0000001695e00000,0x0000001695f00000] [id=20732]
  0x000001256617d1f0 GCTaskThread "GC Thread#4" [stack: 0x0000001695f00000,0x0000001696000000] [id=20688]
  0x000001256617d4c0 GCTaskThread "GC Thread#5" [stack: 0x0000001696000000,0x0000001696100000] [id=9688]
  0x000001256617cc50 GCTaskThread "GC Thread#6" [stack: 0x0000001696100000,0x0000001696200000] [id=20756]
  0x000001256ccac720 GCTaskThread "GC Thread#7" [stack: 0x0000001697100000,0x0000001697200000] [id=18876]
  0x000001256ccabeb0 GCTaskThread "GC Thread#8" [stack: 0x0000001697200000,0x0000001697300000] [id=8628]
  0x000001256ccaf420 GCTaskThread "GC Thread#9" [stack: 0x0000001697300000,0x0000001697400000] [id=21132]
  0x00000125630a2010 ConcurrentGCThread "G1 Main Marker" [stack: 0x0000001694900000,0x0000001694a00000] [id=21392]
  0x0000012542817a60 ConcurrentGCThread "G1 Conc#0" [stack: 0x0000001694a00000,0x0000001694b00000] [id=21408]
  0x000001256ccaf150 ConcurrentGCThread "G1 Conc#1" [stack: 0x0000001697400000,0x0000001697500000] [id=7328]
  0x000001256ccac9f0 ConcurrentGCThread "G1 Conc#2" [stack: 0x0000001697500000,0x0000001697600000] [id=20980]
  0x000001254284e820 ConcurrentGCThread "G1 Refine#0" [stack: 0x0000001694b00000,0x0000001694c00000] [id=4756]
  0x000001256f55c8a0 ConcurrentGCThread "G1 Refine#1" [stack: 0x0000001697a00000,0x0000001697b00000] [id=3716]
  0x000001257aabb760 ConcurrentGCThread "G1 Refine#2" [stack: 0x00000016a3d00000,0x00000016a3e00000] [id=19136]
  0x00000125708e7700 ConcurrentGCThread "G1 Refine#3" [stack: 0x00000016a3e00000,0x00000016a3f00000] [id=17840]
  0x000001256ca019a0 ConcurrentGCThread "G1 Refine#4" [stack: 0x00000016a3f00000,0x00000016a4000000] [id=13192]
  0x0000012565e4d830 ConcurrentGCThread "G1 Refine#5" [stack: 0x00000016a4000000,0x00000016a4100000] [id=20016]
  0x000001256312c120 ConcurrentGCThread "G1 Service" [stack: 0x0000001694c00000,0x0000001694d00000] [id=17236]

Threads with active compile tasks:
C2 CompilerThread0  10414530 40119 %     4       com.android.tools.r8.internal.gt::a @ 3345 (4509 bytes)
C1 CompilerThread0  10414530 40820       2       com.android.tools.r8.graph.la::b (26 bytes)
C2 CompilerThread1  10414530 40802       4       com.android.tools.r8.internal.a74::d (38 bytes)
C2 CompilerThread2  10414530 40782       4       com.android.tools.r8.graph.r9::a (119 bytes)

VM state: at safepoint (normal execution)

VM Mutex/Monitor currently owned by a thread:  ([mutex/lock_event])
[0x000001254279b470] Threads_lock - owner thread: 0x00000125631f4120
[0x000001254279b2c0] Heap_lock - owner thread: 0x0000012570853500

Heap address: 0x0000000700000000, size: 4096 MB, Compressed Oops mode: Zero based, Oop shift amount: 3

CDS archive(s) mapped at: [0x0000012500000000-0x0000012500bb0000-0x0000012500bb0000), size 12255232, SharedBaseAddress: 0x0000012500000000, ArchiveRelocationMode: 1.
Compressed class space mapped at: 0x0000012501000000-0x0000012535000000, reserved size: 872415232
Narrow klass base: 0x0000012500000000, Narrow klass shift: 0, Narrow klass range: 0x100000000

GC Precious Log:
 CPUs: 12 total, 12 available
 Memory: 15975M
 Large Page Support: Disabled
 NUMA Support: Disabled
 Compressed Oops: Enabled (Zero based)
 Heap Region Size: 2M
 Heap Min Capacity: 8M
 Heap Initial Capacity: 250M
 Heap Max Capacity: 4G
 Pre-touch: Disabled
 Parallel Workers: 10
 Concurrent Workers: 3
 Concurrent Refinement Workers: 10
 Periodic GC: Disabled

Heap:
 garbage-first heap   total 823296K, used 682758K [0x0000000700000000, 0x0000000800000000)
  region size 2048K, 4 young (8192K), 4 survivors (8192K)
 Metaspace       used 208066K, committed 210304K, reserved 1048576K
  class space    used 27240K, committed 28352K, reserved 851968K

Heap Regions: E=young(eden), S=young(survivor), O=old, HS=humongous(starts), HC=humongous(continues), CS=collection set, F=free, OA=open archive, CA=closed archive, TAMS=top-at-mark-start (previous, next)
|   0|0x0000000700000000, 0x0000000700200000, 0x0000000700200000|100%|HS|  |TAMS 0x0000000700200000, 0x0000000700000000| Complete 
|   1|0x0000000700200000, 0x0000000700400000, 0x0000000700400000|100%|HC|  |TAMS 0x0000000700400000, 0x0000000700200000| Complete 
|   2|0x0000000700400000, 0x0000000700600000, 0x0000000700600000|100%| O|  |TAMS 0x0000000700600000, 0x0000000700400000| Untracked 
|   3|0x0000000700600000, 0x0000000700800000, 0x0000000700800000|100%| O|  |TAMS 0x0000000700800000, 0x0000000700600000| Untracked 
|   4|0x0000000700800000, 0x0000000700a00000, 0x0000000700a00000|100%| O|  |TAMS 0x0000000700a00000, 0x0000000700800000| Untracked 
|   5|0x0000000700a00000, 0x0000000700c00000, 0x0000000700c00000|100%| O|  |TAMS 0x0000000700c00000, 0x0000000700a00000| Untracked 
|   6|0x0000000700c00000, 0x0000000700e00000, 0x0000000700e00000|100%| O|  |TAMS 0x0000000700e00000, 0x0000000700c00000| Untracked 
|   7|0x0000000700e00000, 0x0000000701000000, 0x0000000701000000|100%| O|  |TAMS 0x0000000701000000, 0x0000000700e00000| Untracked 
|   8|0x0000000701000000, 0x0000000701200000, 0x0000000701200000|100%| O|  |TAMS 0x0000000701200000, 0x0000000701000000| Untracked 
|   9|0x0000000701200000, 0x0000000701400000, 0x0000000701400000|100%| O|  |TAMS 0x0000000701400000, 0x0000000701200000| Untracked 
|  10|0x0000000701400000, 0x0000000701600000, 0x0000000701600000|100%| O|  |TAMS 0x0000000701600000, 0x0000000701400000| Untracked 
|  11|0x0000000701600000, 0x0000000701800000, 0x0000000701800000|100%| O|  |TAMS 0x0000000701800000, 0x0000000701600000| Untracked 
|  12|0x0000000701800000, 0x0000000701a00000, 0x0000000701a00000|100%| O|  |TAMS 0x0000000701a00000, 0x0000000701800000| Untracked 
|  13|0x0000000701a00000, 0x0000000701c00000, 0x0000000701c00000|100%| O|  |TAMS 0x0000000701c00000, 0x0000000701a00000| Untracked 
|  14|0x0000000701c00000, 0x0000000701e00000, 0x0000000701e00000|100%| O|  |TAMS 0x0000000701e00000, 0x0000000701c00000| Untracked 
|  15|0x0000000701e00000, 0x0000000702000000, 0x0000000702000000|100%| O|  |TAMS 0x0000000702000000, 0x0000000701e00000| Untracked 
|  16|0x0000000702000000, 0x0000000702200000, 0x0000000702200000|100%| O|  |TAMS 0x0000000702200000, 0x0000000702000000| Untracked 
|  17|0x0000000702200000, 0x0000000702400000, 0x0000000702400000|100%| O|  |TAMS 0x0000000702400000, 0x0000000702200000| Untracked 
|  18|0x0000000702400000, 0x0000000702600000, 0x0000000702600000|100%| O|  |TAMS 0x0000000702400000, 0x0000000702400000| Untracked 
|  19|0x0000000702600000, 0x0000000702800000, 0x0000000702800000|100%|HS|  |TAMS 0x0000000702800000, 0x0000000702600000| Complete 
|  20|0x0000000702800000, 0x0000000702a00000, 0x0000000702a00000|100%| O|  |TAMS 0x0000000702a00000, 0x0000000702800000| Untracked 
|  21|0x0000000702a00000, 0x0000000702c00000, 0x0000000702c00000|100%| O|  |TAMS 0x0000000702c00000, 0x0000000702a00000| Untracked 
|  22|0x0000000702c00000, 0x0000000702e00000, 0x0000000702e00000|100%| O|  |TAMS 0x0000000702e00000, 0x0000000702c00000| Untracked 
|  23|0x0000000702e00000, 0x0000000703000000, 0x0000000703000000|100%| O|  |TAMS 0x0000000703000000, 0x0000000702e00000| Untracked 
|  24|0x0000000703000000, 0x0000000703200000, 0x0000000703200000|100%| O|  |TAMS 0x0000000703200000, 0x0000000703000000| Untracked 
|  25|0x0000000703200000, 0x0000000703400000, 0x0000000703400000|100%|HS|  |TAMS 0x0000000703400000, 0x0000000703200000| Complete 
|  26|0x0000000703400000, 0x0000000703600000, 0x0000000703600000|100%|HS|  |TAMS 0x0000000703600000, 0x0000000703400000| Complete 
|  27|0x0000000703600000, 0x0000000703800000, 0x0000000703800000|100%|HC|  |TAMS 0x0000000703800000, 0x0000000703600000| Complete 
|  28|0x0000000703800000, 0x0000000703a00000, 0x0000000703a00000|100%| O|  |TAMS 0x0000000703a00000, 0x0000000703800000| Untracked 
|  29|0x0000000703a00000, 0x0000000703c00000, 0x0000000703c00000|100%| O|  |TAMS 0x0000000703a00000, 0x0000000703a00000| Untracked 
|  30|0x0000000703c00000, 0x0000000703e00000, 0x0000000703e00000|100%|HS|  |TAMS 0x0000000703e00000, 0x0000000703c00000| Complete 
|  31|0x0000000703e00000, 0x0000000704000000, 0x0000000704000000|100%| O|  |TAMS 0x0000000704000000, 0x0000000703e00000| Untracked 
|  32|0x0000000704000000, 0x0000000704200000, 0x0000000704200000|100%| O|  |TAMS 0x0000000704200000, 0x0000000704000000| Untracked 
|  33|0x0000000704200000, 0x0000000704400000, 0x0000000704400000|100%| O|  |TAMS 0x0000000704400000, 0x0000000704200000| Untracked 
|  34|0x0000000704400000, 0x0000000704600000, 0x0000000704600000|100%| O|  |TAMS 0x0000000704600000, 0x0000000704400000| Untracked 
|  35|0x0000000704600000, 0x0000000704800000, 0x0000000704800000|100%| O|  |TAMS 0x0000000704800000, 0x0000000704600000| Untracked 
|  36|0x0000000704800000, 0x0000000704a00000, 0x0000000704a00000|100%| O|  |TAMS 0x0000000704a00000, 0x0000000704800000| Untracked 
|  37|0x0000000704a00000, 0x0000000704c00000, 0x0000000704c00000|100%| O|  |TAMS 0x0000000704c00000, 0x0000000704a00000| Untracked 
|  38|0x0000000704c00000, 0x0000000704e00000, 0x0000000704e00000|100%| O|  |TAMS 0x0000000704e00000, 0x0000000704c00000| Untracked 
|  39|0x0000000704e00000, 0x0000000705000000, 0x0000000705000000|100%| O|  |TAMS 0x0000000705000000, 0x0000000704e00000| Untracked 
|  40|0x0000000705000000, 0x0000000705200000, 0x0000000705200000|100%| O|  |TAMS 0x0000000705200000, 0x0000000705000000| Untracked 
|  41|0x0000000705200000, 0x0000000705400000, 0x0000000705400000|100%| O|  |TAMS 0x0000000705400000, 0x0000000705200000| Untracked 
|  42|0x0000000705400000, 0x0000000705600000, 0x0000000705600000|100%| O|  |TAMS 0x0000000705600000, 0x0000000705400000| Untracked 
|  43|0x0000000705600000, 0x0000000705800000, 0x0000000705800000|100%| O|  |TAMS 0x0000000705800000, 0x0000000705600000| Untracked 
|  44|0x0000000705800000, 0x0000000705a00000, 0x0000000705a00000|100%|HS|  |TAMS 0x0000000705a00000, 0x0000000705800000| Complete 
|  45|0x0000000705a00000, 0x0000000705c00000, 0x0000000705c00000|100%|HC|  |TAMS 0x0000000705c00000, 0x0000000705a00000| Complete 
|  46|0x0000000705c00000, 0x0000000705e00000, 0x0000000705e00000|100%| O|  |TAMS 0x0000000705c00000, 0x0000000705c00000| Untracked 
|  47|0x0000000705e00000, 0x0000000706000000, 0x0000000706000000|100%| O|  |TAMS 0x0000000706000000, 0x0000000705e00000| Untracked 
|  48|0x0000000706000000, 0x0000000706200000, 0x0000000706200000|100%| O|  |TAMS 0x0000000706200000, 0x0000000706000000| Untracked 
|  49|0x0000000706200000, 0x0000000706400000, 0x0000000706400000|100%| O|  |TAMS 0x0000000706400000, 0x0000000706200000| Untracked 
|  50|0x0000000706400000, 0x0000000706600000, 0x0000000706600000|100%| O|  |TAMS 0x0000000706400000, 0x0000000706400000| Untracked 
|  51|0x0000000706600000, 0x0000000706800000, 0x0000000706800000|100%| O|  |TAMS 0x0000000706800000, 0x0000000706600000| Untracked 
|  52|0x0000000706800000, 0x0000000706a00000, 0x0000000706a00000|100%| O|  |TAMS 0x0000000706800000, 0x0000000706800000| Untracked 
|  53|0x0000000706a00000, 0x0000000706c00000, 0x0000000706c00000|100%| O|  |TAMS 0x0000000706a00000, 0x0000000706a00000| Untracked 
|  54|0x0000000706c00000, 0x0000000706e00000, 0x0000000706e00000|100%| O|  |TAMS 0x0000000706c00000, 0x0000000706c00000| Untracked 
|  55|0x0000000706e00000, 0x0000000707000000, 0x0000000707000000|100%| O|  |TAMS 0x0000000707000000, 0x0000000706e00000| Untracked 
|  56|0x0000000707000000, 0x0000000707200000, 0x0000000707200000|100%| O|  |TAMS 0x0000000707200000, 0x0000000707000000| Untracked 
|  57|0x0000000707200000, 0x0000000707400000, 0x0000000707400000|100%| O|  |TAMS 0x0000000707400000, 0x0000000707200000| Untracked 
|  58|0x0000000707400000, 0x0000000707600000, 0x0000000707600000|100%| O|  |TAMS 0x0000000707600000, 0x0000000707400000| Untracked 
|  59|0x0000000707600000, 0x0000000707800000, 0x0000000707800000|100%| O|  |TAMS 0x0000000707800000, 0x0000000707600000| Untracked 
|  60|0x0000000707800000, 0x0000000707a00000, 0x0000000707a00000|100%| O|  |TAMS 0x0000000707a00000, 0x0000000707800000| Untracked 
|  61|0x0000000707a00000, 0x0000000707c00000, 0x0000000707c00000|100%| O|  |TAMS 0x0000000707a00000, 0x0000000707a00000| Untracked 
|  62|0x0000000707c00000, 0x0000000707e00000, 0x0000000707e00000|100%| O|  |TAMS 0x0000000707e00000, 0x0000000707c00000| Untracked 
|  63|0x0000000707e00000, 0x0000000708000000, 0x0000000708000000|100%| O|  |TAMS 0x0000000707e00000, 0x0000000707e00000| Untracked 
|  64|0x0000000708000000, 0x0000000708200000, 0x0000000708200000|100%| O|  |TAMS 0x0000000708200000, 0x0000000708000000| Untracked 
|  65|0x0000000708200000, 0x0000000708400000, 0x0000000708400000|100%| O|  |TAMS 0x0000000708400000, 0x0000000708200000| Untracked 
|  66|0x0000000708400000, 0x0000000708600000, 0x0000000708600000|100%| O|  |TAMS 0x0000000708600000, 0x0000000708400000| Untracked 
|  67|0x0000000708600000, 0x0000000708800000, 0x0000000708800000|100%| O|  |TAMS 0x0000000708800000, 0x0000000708600000| Untracked 
|  68|0x0000000708800000, 0x0000000708a00000, 0x0000000708a00000|100%| O|  |TAMS 0x0000000708a00000, 0x0000000708800000| Untracked 
|  69|0x0000000708a00000, 0x0000000708c00000, 0x0000000708c00000|100%| O|  |TAMS 0x0000000708a00000, 0x0000000708a00000| Untracked 
|  70|0x0000000708c00000, 0x0000000708e00000, 0x0000000708e00000|100%| O|  |TAMS 0x0000000708c00000, 0x0000000708c00000| Untracked 
|  71|0x0000000708e00000, 0x0000000709000000, 0x0000000709000000|100%| O|  |TAMS 0x0000000708e00000, 0x0000000708e00000| Untracked 
|  72|0x0000000709000000, 0x0000000709200000, 0x0000000709200000|100%|HS|  |TAMS 0x0000000709000000, 0x0000000709000000| Complete 
|  73|0x0000000709200000, 0x0000000709400000, 0x0000000709400000|100%| O|  |TAMS 0x0000000709400000, 0x0000000709200000| Untracked 
|  74|0x0000000709400000, 0x0000000709600000, 0x0000000709600000|100%| O|  |TAMS 0x0000000709600000, 0x0000000709400000| Untracked 
|  75|0x0000000709600000, 0x0000000709800000, 0x0000000709800000|100%| O|  |TAMS 0x0000000709800000, 0x0000000709600000| Untracked 
|  76|0x0000000709800000, 0x0000000709a00000, 0x0000000709a00000|100%|HS|  |TAMS 0x0000000709800000, 0x0000000709800000| Complete 
|  77|0x0000000709a00000, 0x0000000709c00000, 0x0000000709c00000|100%| O|  |TAMS 0x0000000709a00000, 0x0000000709a00000| Untracked 
|  78|0x0000000709c00000, 0x0000000709e00000, 0x0000000709e00000|100%| O|  |TAMS 0x0000000709e00000, 0x0000000709c00000| Untracked 
|  79|0x0000000709e00000, 0x000000070a000000, 0x000000070a000000|100%| O|  |TAMS 0x0000000709e00000, 0x0000000709e00000| Untracked 
|  80|0x000000070a000000, 0x000000070a200000, 0x000000070a200000|100%| O|  |TAMS 0x000000070a000000, 0x000000070a000000| Untracked 
|  81|0x000000070a200000, 0x000000070a400000, 0x000000070a400000|100%| O|  |TAMS 0x000000070a200000, 0x000000070a200000| Untracked 
|  82|0x000000070a400000, 0x000000070a600000, 0x000000070a600000|100%| O|  |TAMS 0x000000070a400000, 0x000000070a400000| Untracked 
|  83|0x000000070a600000, 0x000000070a800000, 0x000000070a800000|100%| O|  |TAMS 0x000000070a600000, 0x000000070a600000| Untracked 
|  84|0x000000070a800000, 0x000000070aa00000, 0x000000070aa00000|100%| O|  |TAMS 0x000000070a800000, 0x000000070a800000| Untracked 
|  85|0x000000070aa00000, 0x000000070ac00000, 0x000000070ac00000|100%| O|  |TAMS 0x000000070aa00000, 0x000000070aa00000| Untracked 
|  86|0x000000070ac00000, 0x000000070ae00000, 0x000000070ae00000|100%|HS|  |TAMS 0x000000070ac00000, 0x000000070ac00000| Complete 
|  87|0x000000070ae00000, 0x000000070b000000, 0x000000070b000000|100%|HS|  |TAMS 0x000000070b000000, 0x000000070ae00000| Complete 
|  88|0x000000070b000000, 0x000000070b200000, 0x000000070b200000|100%|HC|  |TAMS 0x000000070b200000, 0x000000070b000000| Complete 
|  89|0x000000070b200000, 0x000000070b400000, 0x000000070b400000|100%|HC|  |TAMS 0x000000070b400000, 0x000000070b200000| Complete 
|  90|0x000000070b400000, 0x000000070b600000, 0x000000070b600000|100%|HS|  |TAMS 0x000000070b600000, 0x000000070b400000| Complete 
|  91|0x000000070b600000, 0x000000070b800000, 0x000000070b800000|100%|HS|  |TAMS 0x000000070b800000, 0x000000070b600000| Complete 
|  92|0x000000070b800000, 0x000000070ba00000, 0x000000070ba00000|100%|HC|  |TAMS 0x000000070ba00000, 0x000000070b800000| Complete 
|  93|0x000000070ba00000, 0x000000070bc00000, 0x000000070bc00000|100%|HC|  |TAMS 0x000000070bc00000, 0x000000070ba00000| Complete 
|  94|0x000000070bc00000, 0x000000070be00000, 0x000000070be00000|100%| O|  |TAMS 0x000000070bc00000, 0x000000070bc00000| Untracked 
|  95|0x000000070be00000, 0x000000070c000000, 0x000000070c000000|100%| O|  |TAMS 0x000000070be00000, 0x000000070be00000| Untracked 
|  96|0x000000070c000000, 0x000000070c200000, 0x000000070c200000|100%| O|  |TAMS 0x000000070c000000, 0x000000070c000000| Untracked 
|  97|0x000000070c200000, 0x000000070c400000, 0x000000070c400000|100%| O|  |TAMS 0x000000070c200000, 0x000000070c200000| Untracked 
|  98|0x000000070c400000, 0x000000070c600000, 0x000000070c600000|100%|HS|  |TAMS 0x000000070c600000, 0x000000070c400000| Complete 
|  99|0x000000070c600000, 0x000000070c800000, 0x000000070c800000|100%| O|  |TAMS 0x000000070c800000, 0x000000070c600000| Untracked 
| 100|0x000000070c800000, 0x000000070ca00000, 0x000000070ca00000|100%|HS|  |TAMS 0x000000070ca00000, 0x000000070c800000| Complete 
| 101|0x000000070ca00000, 0x000000070cc00000, 0x000000070cc00000|100%| O|  |TAMS 0x000000070cc00000, 0x000000070ca00000| Untracked 
| 102|0x000000070cc00000, 0x000000070ce00000, 0x000000070ce00000|100%| O|  |TAMS 0x000000070ce00000, 0x000000070cc00000| Untracked 
| 103|0x000000070ce00000, 0x000000070d000000, 0x000000070d000000|100%| O|  |TAMS 0x000000070ce00000, 0x000000070ce00000| Untracked 
| 104|0x000000070d000000, 0x000000070d200000, 0x000000070d200000|100%| O|  |TAMS 0x000000070d200000, 0x000000070d000000| Untracked 
| 105|0x000000070d200000, 0x000000070d400000, 0x000000070d400000|100%| O|  |TAMS 0x000000070d200000, 0x000000070d200000| Untracked 
| 106|0x000000070d400000, 0x000000070d600000, 0x000000070d600000|100%| O|  |TAMS 0x000000070d400000, 0x000000070d400000| Untracked 
| 107|0x000000070d600000, 0x000000070d800000, 0x000000070d800000|100%| O|  |TAMS 0x000000070d600000, 0x000000070d600000| Untracked 
| 108|0x000000070d800000, 0x000000070da00000, 0x000000070da00000|100%| O|  |TAMS 0x000000070da00000, 0x000000070d800000| Untracked 
| 109|0x000000070da00000, 0x000000070dc00000, 0x000000070dc00000|100%| O|  |TAMS 0x000000070da00000, 0x000000070da00000| Untracked 
| 110|0x000000070dc00000, 0x000000070de00000, 0x000000070de00000|100%| O|  |TAMS 0x000000070dc00000, 0x000000070dc00000| Untracked 
| 111|0x000000070de00000, 0x000000070e000000, 0x000000070e000000|100%| O|  |TAMS 0x000000070de00000, 0x000000070de00000| Untracked 
| 112|0x000000070e000000, 0x000000070e200000, 0x000000070e200000|100%| O|  |TAMS 0x000000070e000000, 0x000000070e000000| Untracked 
| 113|0x000000070e200000, 0x000000070e400000, 0x000000070e400000|100%| O|  |TAMS 0x000000070e200000, 0x000000070e200000| Untracked 
| 114|0x000000070e400000, 0x000000070e600000, 0x000000070e600000|100%| O|  |TAMS 0x000000070e400000, 0x000000070e400000| Untracked 
| 115|0x000000070e600000, 0x000000070e800000, 0x000000070e800000|100%| O|  |TAMS 0x000000070e600000, 0x000000070e600000| Untracked 
| 116|0x000000070e800000, 0x000000070ea00000, 0x000000070ea00000|100%| O|  |TAMS 0x000000070ea00000, 0x000000070e800000| Untracked 
| 117|0x000000070ea00000, 0x000000070ec00000, 0x000000070ec00000|100%| O|  |TAMS 0x000000070ea00000, 0x000000070ea00000| Untracked 
| 118|0x000000070ec00000, 0x000000070ee00000, 0x000000070ee00000|100%| O|  |TAMS 0x000000070ee00000, 0x000000070ec00000| Untracked 
| 119|0x000000070ee00000, 0x000000070f000000, 0x000000070f000000|100%| O|  |TAMS 0x000000070f000000, 0x000000070ee00000| Untracked 
| 120|0x000000070f000000, 0x000000070f200000, 0x000000070f200000|100%| O|  |TAMS 0x000000070f000000, 0x000000070f000000| Untracked 
| 121|0x000000070f200000, 0x000000070f400000, 0x000000070f400000|100%| O|  |TAMS 0x000000070f200000, 0x000000070f200000| Untracked 
| 122|0x000000070f400000, 0x000000070f600000, 0x000000070f600000|100%| O|  |TAMS 0x000000070f400000, 0x000000070f400000| Untracked 
| 123|0x000000070f600000, 0x000000070f800000, 0x000000070f800000|100%| O|  |TAMS 0x000000070f800000, 0x000000070f600000| Untracked 
| 124|0x000000070f800000, 0x000000070fa00000, 0x000000070fa00000|100%| O|  |TAMS 0x000000070f800000, 0x000000070f800000| Untracked 
| 125|0x000000070fa00000, 0x000000070fc00000, 0x000000070fc00000|100%| O|  |TAMS 0x000000070fa00000, 0x000000070fa00000| Untracked 
| 126|0x000000070fc00000, 0x000000070fe00000, 0x000000070fe00000|100%|HS|  |TAMS 0x000000070fc00000, 0x000000070fc00000| Complete 
| 127|0x000000070fe00000, 0x0000000710000000, 0x0000000710000000|100%|HS|  |TAMS 0x000000070fe00000, 0x000000070fe00000| Complete 
| 128|0x0000000710000000, 0x0000000710200000, 0x0000000710200000|100%| O|  |TAMS 0x0000000710200000, 0x0000000710000000| Untracked 
| 129|0x0000000710200000, 0x0000000710400000, 0x0000000710400000|100%| O|  |TAMS 0x0000000710400000, 0x0000000710200000| Untracked 
| 130|0x0000000710400000, 0x0000000710600000, 0x0000000710600000|100%| O|  |TAMS 0x0000000710400000, 0x0000000710400000| Untracked 
| 131|0x0000000710600000, 0x0000000710800000, 0x0000000710800000|100%| O|  |TAMS 0x0000000710600000, 0x0000000710600000| Untracked 
| 132|0x0000000710800000, 0x0000000710a00000, 0x0000000710a00000|100%| O|  |TAMS 0x0000000710800000, 0x0000000710800000| Untracked 
| 133|0x0000000710a00000, 0x0000000710c00000, 0x0000000710c00000|100%| O|  |TAMS 0x0000000710a00000, 0x0000000710a00000| Untracked 
| 134|0x0000000710c00000, 0x0000000710e00000, 0x0000000710e00000|100%| O|  |TAMS 0x0000000710c00000, 0x0000000710c00000| Untracked 
| 135|0x0000000710e00000, 0x0000000711000000, 0x0000000711000000|100%| O|  |TAMS 0x0000000710e00000, 0x0000000710e00000| Untracked 
| 136|0x0000000711000000, 0x0000000711200000, 0x0000000711200000|100%| O|  |TAMS 0x0000000711200000, 0x0000000711000000| Untracked 
| 137|0x0000000711200000, 0x0000000711400000, 0x0000000711400000|100%| O|  |TAMS 0x0000000711400000, 0x0000000711200000| Untracked 
| 138|0x0000000711400000, 0x0000000711600000, 0x0000000711600000|100%| O|  |TAMS 0x0000000711400000, 0x0000000711400000| Untracked 
| 139|0x0000000711600000, 0x0000000711800000, 0x0000000711800000|100%| O|  |TAMS 0x0000000711600000, 0x0000000711600000| Untracked 
| 140|0x0000000711800000, 0x0000000711a00000, 0x0000000711a00000|100%| O|  |TAMS 0x0000000711800000, 0x0000000711800000| Untracked 
| 141|0x0000000711a00000, 0x0000000711c00000, 0x0000000711c00000|100%| O|  |TAMS 0x0000000711c00000, 0x0000000711a00000| Untracked 
| 142|0x0000000711c00000, 0x0000000711e00000, 0x0000000711e00000|100%| O|  |TAMS 0x0000000711e00000, 0x0000000711c00000| Untracked 
| 143|0x0000000711e00000, 0x0000000712000000, 0x0000000712000000|100%| O|  |TAMS 0x0000000712000000, 0x0000000711e00000| Untracked 
| 144|0x0000000712000000, 0x0000000712200000, 0x0000000712200000|100%| O|  |TAMS 0x0000000712000000, 0x0000000712000000| Untracked 
| 145|0x0000000712200000, 0x0000000712400000, 0x0000000712400000|100%| O|  |TAMS 0x0000000712200000, 0x0000000712200000| Untracked 
| 146|0x0000000712400000, 0x0000000712600000, 0x0000000712600000|100%| O|  |TAMS 0x0000000712400000, 0x0000000712400000| Untracked 
| 147|0x0000000712600000, 0x0000000712800000, 0x0000000712800000|100%| O|  |TAMS 0x0000000712600000, 0x0000000712600000| Untracked 
| 148|0x0000000712800000, 0x0000000712a00000, 0x0000000712a00000|100%| O|  |TAMS 0x0000000712800000, 0x0000000712800000| Untracked 
| 149|0x0000000712a00000, 0x0000000712c00000, 0x0000000712c00000|100%| O|  |TAMS 0x0000000712a00000, 0x0000000712a00000| Untracked 
| 150|0x0000000712c00000, 0x0000000712e00000, 0x0000000712e00000|100%| O|  |TAMS 0x0000000712c00000, 0x0000000712c00000| Untracked 
| 151|0x0000000712e00000, 0x0000000713000000, 0x0000000713000000|100%| O|  |TAMS 0x0000000712e00000, 0x0000000712e00000| Untracked 
| 152|0x0000000713000000, 0x0000000713200000, 0x0000000713200000|100%| O|  |TAMS 0x0000000713000000, 0x0000000713000000| Untracked 
| 153|0x0000000713200000, 0x0000000713400000, 0x0000000713400000|100%| O|  |TAMS 0x0000000713400000, 0x0000000713200000| Untracked 
| 154|0x0000000713400000, 0x0000000713600000, 0x0000000713600000|100%| O|  |TAMS 0x0000000713600000, 0x0000000713400000| Untracked 
| 155|0x0000000713600000, 0x0000000713800000, 0x0000000713800000|100%| O|  |TAMS 0x0000000713600000, 0x0000000713600000| Untracked 
| 156|0x0000000713800000, 0x0000000713a00000, 0x0000000713a00000|100%| O|  |TAMS 0x0000000713a00000, 0x0000000713800000| Untracked 
| 157|0x0000000713a00000, 0x0000000713c00000, 0x0000000713c00000|100%| O|  |TAMS 0x0000000713c00000, 0x0000000713a00000| Untracked 
| 158|0x0000000713c00000, 0x0000000713e00000, 0x0000000713e00000|100%| O|  |TAMS 0x0000000713e00000, 0x0000000713c00000| Untracked 
| 159|0x0000000713e00000, 0x0000000714000000, 0x0000000714000000|100%| O|  |TAMS 0x0000000714000000, 0x0000000713e00000| Untracked 
| 160|0x0000000714000000, 0x0000000714200000, 0x0000000714200000|100%| O|  |TAMS 0x0000000714200000, 0x0000000714000000| Untracked 
| 161|0x0000000714200000, 0x0000000714400000, 0x0000000714400000|100%| O|  |TAMS 0x0000000714400000, 0x0000000714200000| Untracked 
| 162|0x0000000714400000, 0x0000000714600000, 0x0000000714600000|100%| O|  |TAMS 0x0000000714600000, 0x0000000714400000| Untracked 
| 163|0x0000000714600000, 0x0000000714800000, 0x0000000714800000|100%| O|  |TAMS 0x0000000714800000, 0x0000000714600000| Untracked 
| 164|0x0000000714800000, 0x0000000714a00000, 0x0000000714a00000|100%| O|  |TAMS 0x0000000714a00000, 0x0000000714800000| Untracked 
| 165|0x0000000714a00000, 0x0000000714c00000, 0x0000000714c00000|100%| O|  |TAMS 0x0000000714c00000, 0x0000000714a00000| Untracked 
| 166|0x0000000714c00000, 0x0000000714e00000, 0x0000000714e00000|100%| O|  |TAMS 0x0000000714e00000, 0x0000000714c00000| Untracked 
| 167|0x0000000714e00000, 0x0000000715000000, 0x0000000715000000|100%| O|  |TAMS 0x0000000715000000, 0x0000000714e00000| Untracked 
| 168|0x0000000715000000, 0x0000000715200000, 0x0000000715200000|100%| O|  |TAMS 0x0000000715200000, 0x0000000715000000| Untracked 
| 169|0x0000000715200000, 0x0000000715400000, 0x0000000715400000|100%| O|  |TAMS 0x0000000715400000, 0x0000000715200000| Untracked 
| 170|0x0000000715400000, 0x0000000715600000, 0x0000000715600000|100%| O|  |TAMS 0x0000000715600000, 0x0000000715400000| Untracked 
| 171|0x0000000715600000, 0x0000000715800000, 0x0000000715800000|100%| O|  |TAMS 0x0000000715800000, 0x0000000715600000| Untracked 
| 172|0x0000000715800000, 0x0000000715a00000, 0x0000000715a00000|100%| O|  |TAMS 0x0000000715a00000, 0x0000000715800000| Untracked 
| 173|0x0000000715a00000, 0x0000000715c00000, 0x0000000715c00000|100%| O|  |TAMS 0x0000000715a00000, 0x0000000715a00000| Untracked 
| 174|0x0000000715c00000, 0x0000000715e00000, 0x0000000715e00000|100%| O|  |TAMS 0x0000000715c00000, 0x0000000715c00000| Untracked 
| 175|0x0000000715e00000, 0x0000000716000000, 0x0000000716000000|100%| O|  |TAMS 0x0000000715e00000, 0x0000000715e00000| Untracked 
| 176|0x0000000716000000, 0x0000000716200000, 0x0000000716200000|100%| O|  |TAMS 0x0000000716000000, 0x0000000716000000| Untracked 
| 177|0x0000000716200000, 0x0000000716400000, 0x0000000716400000|100%| O|  |TAMS 0x0000000716400000, 0x0000000716200000| Untracked 
| 178|0x0000000716400000, 0x0000000716600000, 0x0000000716600000|100%| O|  |TAMS 0x0000000716400000, 0x0000000716400000| Untracked 
| 179|0x0000000716600000, 0x0000000716800000, 0x0000000716800000|100%| O|  |TAMS 0x0000000716600000, 0x0000000716600000| Untracked 
| 180|0x0000000716800000, 0x0000000716a00000, 0x0000000716a00000|100%| O|  |TAMS 0x0000000716800000, 0x0000000716800000| Untracked 
| 181|0x0000000716a00000, 0x0000000716c00000, 0x0000000716c00000|100%| O|  |TAMS 0x0000000716a00000, 0x0000000716a00000| Untracked 
| 182|0x0000000716c00000, 0x0000000716e00000, 0x0000000716e00000|100%| O|  |TAMS 0x0000000716c00000, 0x0000000716c00000| Untracked 
| 183|0x0000000716e00000, 0x0000000717000000, 0x0000000717000000|100%| O|  |TAMS 0x0000000716e00000, 0x0000000716e00000| Untracked 
| 184|0x0000000717000000, 0x0000000717200000, 0x0000000717200000|100%| O|  |TAMS 0x0000000717000000, 0x0000000717000000| Untracked 
| 185|0x0000000717200000, 0x0000000717400000, 0x0000000717400000|100%| O|  |TAMS 0x0000000717200000, 0x0000000717200000| Untracked 
| 186|0x0000000717400000, 0x0000000717600000, 0x0000000717600000|100%| O|  |TAMS 0x0000000717400000, 0x0000000717400000| Untracked 
| 187|0x0000000717600000, 0x0000000717800000, 0x0000000717800000|100%| O|  |TAMS 0x0000000717600000, 0x0000000717600000| Untracked 
| 188|0x0000000717800000, 0x0000000717a00000, 0x0000000717a00000|100%| O|  |TAMS 0x0000000717800000, 0x0000000717800000| Untracked 
| 189|0x0000000717a00000, 0x0000000717c00000, 0x0000000717c00000|100%| O|  |TAMS 0x0000000717a00000, 0x0000000717a00000| Untracked 
| 190|0x0000000717c00000, 0x0000000717e00000, 0x0000000717e00000|100%| O|  |TAMS 0x0000000717c00000, 0x0000000717c00000| Untracked 
| 191|0x0000000717e00000, 0x0000000718000000, 0x0000000718000000|100%| O|  |TAMS 0x0000000717e00000, 0x0000000717e00000| Untracked 
| 192|0x0000000718000000, 0x0000000718200000, 0x0000000718200000|100%| O|  |TAMS 0x0000000718000000, 0x0000000718000000| Untracked 
| 193|0x0000000718200000, 0x0000000718400000, 0x0000000718400000|100%| O|  |TAMS 0x0000000718200000, 0x0000000718200000| Untracked 
| 194|0x0000000718400000, 0x0000000718600000, 0x0000000718600000|100%| O|  |TAMS 0x0000000718400000, 0x0000000718400000| Untracked 
| 195|0x0000000718600000, 0x0000000718800000, 0x0000000718800000|100%| O|  |TAMS 0x0000000718600000, 0x0000000718600000| Untracked 
| 196|0x0000000718800000, 0x0000000718a00000, 0x0000000718a00000|100%| O|  |TAMS 0x0000000718800000, 0x0000000718800000| Untracked 
| 197|0x0000000718a00000, 0x0000000718c00000, 0x0000000718c00000|100%| O|  |TAMS 0x0000000718a00000, 0x0000000718a00000| Untracked 
| 198|0x0000000718c00000, 0x0000000718e00000, 0x0000000718e00000|100%| O|  |TAMS 0x0000000718c00000, 0x0000000718c00000| Untracked 
| 199|0x0000000718e00000, 0x0000000719000000, 0x0000000719000000|100%| O|  |TAMS 0x0000000718e00000, 0x0000000718e00000| Untracked 
| 200|0x0000000719000000, 0x0000000719200000, 0x0000000719200000|100%| O|  |TAMS 0x0000000719000000, 0x0000000719000000| Untracked 
| 201|0x0000000719200000, 0x0000000719400000, 0x0000000719400000|100%| O|  |TAMS 0x0000000719200000, 0x0000000719200000| Untracked 
| 202|0x0000000719400000, 0x0000000719600000, 0x0000000719600000|100%| O|  |TAMS 0x0000000719400000, 0x0000000719400000| Untracked 
| 203|0x0000000719600000, 0x0000000719800000, 0x0000000719800000|100%| O|  |TAMS 0x0000000719600000, 0x0000000719600000| Untracked 
| 204|0x0000000719800000, 0x0000000719a00000, 0x0000000719a00000|100%| O|  |TAMS 0x0000000719800000, 0x0000000719800000| Untracked 
| 205|0x0000000719a00000, 0x0000000719c00000, 0x0000000719c00000|100%| O|  |TAMS 0x0000000719c00000, 0x0000000719a00000| Untracked 
| 206|0x0000000719c00000, 0x0000000719e00000, 0x0000000719e00000|100%| O|  |TAMS 0x0000000719e00000, 0x0000000719c00000| Untracked 
| 207|0x0000000719e00000, 0x000000071a000000, 0x000000071a000000|100%| O|  |TAMS 0x000000071a000000, 0x0000000719e00000| Untracked 
| 208|0x000000071a000000, 0x000000071a200000, 0x000000071a200000|100%| O|  |TAMS 0x000000071a200000, 0x000000071a000000| Untracked 
| 209|0x000000071a200000, 0x000000071a400000, 0x000000071a400000|100%| O|  |TAMS 0x000000071a284800, 0x000000071a200000| Untracked 
| 210|0x000000071a400000, 0x000000071a600000, 0x000000071a600000|100%| O|  |TAMS 0x000000071a400000, 0x000000071a400000| Untracked 
| 211|0x000000071a600000, 0x000000071a800000, 0x000000071a800000|100%| O|  |TAMS 0x000000071a600000, 0x000000071a600000| Untracked 
| 212|0x000000071a800000, 0x000000071aa00000, 0x000000071aa00000|100%| O|  |TAMS 0x000000071a800000, 0x000000071a800000| Untracked 
| 213|0x000000071aa00000, 0x000000071ac00000, 0x000000071ac00000|100%| O|  |TAMS 0x000000071aa00000, 0x000000071aa00000| Untracked 
| 214|0x000000071ac00000, 0x000000071ae00000, 0x000000071ae00000|100%| O|  |TAMS 0x000000071ac00000, 0x000000071ac00000| Untracked 
| 215|0x000000071ae00000, 0x000000071b000000, 0x000000071b000000|100%| O|  |TAMS 0x000000071ae00000, 0x000000071ae00000| Untracked 
| 216|0x000000071b000000, 0x000000071b200000, 0x000000071b200000|100%| O|  |TAMS 0x000000071b000000, 0x000000071b000000| Untracked 
| 217|0x000000071b200000, 0x000000071b400000, 0x000000071b400000|100%| O|  |TAMS 0x000000071b200000, 0x000000071b200000| Untracked 
| 218|0x000000071b400000, 0x000000071b600000, 0x000000071b600000|100%| O|  |TAMS 0x000000071b400000, 0x000000071b400000| Untracked 
| 219|0x000000071b600000, 0x000000071b800000, 0x000000071b800000|100%| O|  |TAMS 0x000000071b600000, 0x000000071b600000| Untracked 
| 220|0x000000071b800000, 0x000000071ba00000, 0x000000071ba00000|100%| O|  |TAMS 0x000000071b800000, 0x000000071b800000| Untracked 
| 221|0x000000071ba00000, 0x000000071bc00000, 0x000000071bc00000|100%| O|  |TAMS 0x000000071ba00000, 0x000000071ba00000| Untracked 
| 222|0x000000071bc00000, 0x000000071be00000, 0x000000071be00000|100%| O|  |TAMS 0x000000071bc00000, 0x000000071bc00000| Untracked 
| 223|0x000000071be00000, 0x000000071c000000, 0x000000071c000000|100%| O|  |TAMS 0x000000071be00000, 0x000000071be00000| Untracked 
| 224|0x000000071c000000, 0x000000071c200000, 0x000000071c200000|100%| O|  |TAMS 0x000000071c000000, 0x000000071c000000| Untracked 
| 225|0x000000071c200000, 0x000000071c400000, 0x000000071c400000|100%| O|  |TAMS 0x000000071c200000, 0x000000071c200000| Untracked 
| 226|0x000000071c400000, 0x000000071c600000, 0x000000071c600000|100%| O|  |TAMS 0x000000071c400000, 0x000000071c400000| Untracked 
| 227|0x000000071c600000, 0x000000071c800000, 0x000000071c800000|100%| O|  |TAMS 0x000000071c600000, 0x000000071c600000| Untracked 
| 228|0x000000071c800000, 0x000000071ca00000, 0x000000071ca00000|100%| O|  |TAMS 0x000000071c800000, 0x000000071c800000| Untracked 
| 229|0x000000071ca00000, 0x000000071cc00000, 0x000000071cc00000|100%| O|  |TAMS 0x000000071ca00000, 0x000000071ca00000| Untracked 
| 230|0x000000071cc00000, 0x000000071ce00000, 0x000000071ce00000|100%| O|  |TAMS 0x000000071cc00000, 0x000000071cc00000| Untracked 
| 231|0x000000071ce00000, 0x000000071d000000, 0x000000071d000000|100%| O|  |TAMS 0x000000071ce00000, 0x000000071ce00000| Untracked 
| 232|0x000000071d000000, 0x000000071d200000, 0x000000071d200000|100%| O|  |TAMS 0x000000071d000000, 0x000000071d000000| Untracked 
| 233|0x000000071d200000, 0x000000071d400000, 0x000000071d400000|100%| O|  |TAMS 0x000000071d200000, 0x000000071d200000| Untracked 
| 234|0x000000071d400000, 0x000000071d600000, 0x000000071d600000|100%|HS|  |TAMS 0x000000071d400000, 0x000000071d400000| Complete 
| 235|0x000000071d600000, 0x000000071d800000, 0x000000071d800000|100%|HS|  |TAMS 0x000000071d600000, 0x000000071d600000| Complete 
| 236|0x000000071d800000, 0x000000071da00000, 0x000000071da00000|100%|HS|  |TAMS 0x000000071d800000, 0x000000071d800000| Complete 
| 237|0x000000071da00000, 0x000000071dc00000, 0x000000071dc00000|100%|HC|  |TAMS 0x000000071da00000, 0x000000071da00000| Complete 
| 238|0x000000071dc00000, 0x000000071de00000, 0x000000071de00000|100%|HS|  |TAMS 0x000000071dc00000, 0x000000071dc00000| Complete 
| 239|0x000000071de00000, 0x000000071e000000, 0x000000071e000000|100%|HS|  |TAMS 0x000000071de00000, 0x000000071de00000| Complete 
| 240|0x000000071e000000, 0x000000071e200000, 0x000000071e200000|100%| O|  |TAMS 0x000000071e000000, 0x000000071e000000| Untracked 
| 241|0x000000071e200000, 0x000000071e400000, 0x000000071e400000|100%| O|  |TAMS 0x000000071e200000, 0x000000071e200000| Untracked 
| 242|0x000000071e400000, 0x000000071e600000, 0x000000071e600000|100%| O|  |TAMS 0x000000071e400000, 0x000000071e400000| Untracked 
| 243|0x000000071e600000, 0x000000071e800000, 0x000000071e800000|100%| O|  |TAMS 0x000000071e600000, 0x000000071e600000| Untracked 
| 244|0x000000071e800000, 0x000000071ea00000, 0x000000071ea00000|100%| O|  |TAMS 0x000000071e800000, 0x000000071e800000| Untracked 
| 245|0x000000071ea00000, 0x000000071ec00000, 0x000000071ec00000|100%| O|  |TAMS 0x000000071ea00000, 0x000000071ea00000| Untracked 
| 246|0x000000071ec00000, 0x000000071ee00000, 0x000000071ee00000|100%| O|  |TAMS 0x000000071ec00000, 0x000000071ec00000| Untracked 
| 247|0x000000071ee00000, 0x000000071f000000, 0x000000071f000000|100%| O|  |TAMS 0x000000071ee00000, 0x000000071ee00000| Untracked 
| 248|0x000000071f000000, 0x000000071f200000, 0x000000071f200000|100%|HS|  |TAMS 0x000000071f000000, 0x000000071f000000| Complete 
| 249|0x000000071f200000, 0x000000071f400000, 0x000000071f400000|100%|HC|  |TAMS 0x000000071f200000, 0x000000071f200000| Complete 
| 250|0x000000071f400000, 0x000000071f600000, 0x000000071f600000|100%|HS|  |TAMS 0x000000071f400000, 0x000000071f400000| Complete 
| 251|0x000000071f600000, 0x000000071f800000, 0x000000071f800000|100%|HS|  |TAMS 0x000000071f600000, 0x000000071f600000| Complete 
| 252|0x000000071f800000, 0x000000071fa00000, 0x000000071fa00000|100%|HC|  |TAMS 0x000000071f800000, 0x000000071f800000| Complete 
| 253|0x000000071fa00000, 0x000000071fc00000, 0x000000071fc00000|100%| O|  |TAMS 0x000000071fa00000, 0x000000071fa00000| Untracked 
| 254|0x000000071fc00000, 0x000000071fe00000, 0x000000071fe00000|100%| O|  |TAMS 0x000000071fc00000, 0x000000071fc00000| Untracked 
| 255|0x000000071fe00000, 0x0000000720000000, 0x0000000720000000|100%| O|  |TAMS 0x000000071fe00000, 0x000000071fe00000| Untracked 
| 256|0x0000000720000000, 0x0000000720200000, 0x0000000720200000|100%| O|  |TAMS 0x0000000720000000, 0x0000000720000000| Untracked 
| 257|0x0000000720200000, 0x0000000720400000, 0x0000000720400000|100%| O|  |TAMS 0x0000000720200000, 0x0000000720200000| Untracked 
| 258|0x0000000720400000, 0x0000000720600000, 0x0000000720600000|100%| O|  |TAMS 0x0000000720400000, 0x0000000720400000| Untracked 
| 259|0x0000000720600000, 0x0000000720800000, 0x0000000720800000|100%| O|  |TAMS 0x0000000720600000, 0x0000000720600000| Untracked 
| 260|0x0000000720800000, 0x0000000720a00000, 0x0000000720a00000|100%| O|  |TAMS 0x0000000720800000, 0x0000000720800000| Untracked 
| 261|0x0000000720a00000, 0x0000000720c00000, 0x0000000720c00000|100%| O|  |TAMS 0x0000000720a00000, 0x0000000720a00000| Untracked 
| 262|0x0000000720c00000, 0x0000000720e00000, 0x0000000720e00000|100%| O|  |TAMS 0x0000000720c00000, 0x0000000720c00000| Untracked 
| 263|0x0000000720e00000, 0x0000000721000000, 0x0000000721000000|100%| O|  |TAMS 0x0000000720e00000, 0x0000000720e00000| Untracked 
| 264|0x0000000721000000, 0x0000000721200000, 0x0000000721200000|100%| O|  |TAMS 0x0000000721000000, 0x0000000721000000| Untracked 
| 265|0x0000000721200000, 0x0000000721400000, 0x0000000721400000|100%| O|  |TAMS 0x0000000721200000, 0x0000000721200000| Untracked 
| 266|0x0000000721400000, 0x0000000721600000, 0x0000000721600000|100%| O|  |TAMS 0x0000000721400000, 0x0000000721400000| Untracked 
| 267|0x0000000721600000, 0x0000000721800000, 0x0000000721800000|100%| O|  |TAMS 0x0000000721600000, 0x0000000721600000| Untracked 
| 268|0x0000000721800000, 0x0000000721a00000, 0x0000000721a00000|100%| O|  |TAMS 0x0000000721800000, 0x0000000721800000| Untracked 
| 269|0x0000000721a00000, 0x0000000721c00000, 0x0000000721c00000|100%| O|  |TAMS 0x0000000721a00000, 0x0000000721a00000| Untracked 
| 270|0x0000000721c00000, 0x0000000721e00000, 0x0000000721e00000|100%| O|  |TAMS 0x0000000721c00000, 0x0000000721c00000| Untracked 
| 271|0x0000000721e00000, 0x0000000722000000, 0x0000000722000000|100%| O|  |TAMS 0x0000000721e00000, 0x0000000721e00000| Untracked 
| 272|0x0000000722000000, 0x0000000722200000, 0x0000000722200000|100%| O|  |TAMS 0x0000000722000000, 0x0000000722000000| Untracked 
| 273|0x0000000722200000, 0x0000000722400000, 0x0000000722400000|100%| O|  |TAMS 0x0000000722200000, 0x0000000722200000| Untracked 
| 274|0x0000000722400000, 0x0000000722600000, 0x0000000722600000|100%| O|  |TAMS 0x0000000722400000, 0x0000000722400000| Untracked 
| 275|0x0000000722600000, 0x0000000722800000, 0x0000000722800000|100%| O|  |TAMS 0x0000000722600000, 0x0000000722600000| Untracked 
| 276|0x0000000722800000, 0x0000000722a00000, 0x0000000722a00000|100%| O|  |TAMS 0x0000000722800000, 0x0000000722800000| Untracked 
| 277|0x0000000722a00000, 0x0000000722c00000, 0x0000000722c00000|100%| O|  |TAMS 0x0000000722a00000, 0x0000000722a00000| Untracked 
| 278|0x0000000722c00000, 0x0000000722e00000, 0x0000000722e00000|100%| O|  |TAMS 0x0000000722c00000, 0x0000000722c00000| Untracked 
| 279|0x0000000722e00000, 0x0000000723000000, 0x0000000723000000|100%|HS|  |TAMS 0x0000000722e00000, 0x0000000722e00000| Complete 
| 280|0x0000000723000000, 0x0000000723200000, 0x0000000723200000|100%|HS|  |TAMS 0x0000000723000000, 0x0000000723000000| Complete 
| 281|0x0000000723200000, 0x0000000723400000, 0x0000000723400000|100%| O|  |TAMS 0x0000000723200000, 0x0000000723200000| Untracked 
| 282|0x0000000723400000, 0x0000000723600000, 0x0000000723600000|100%| O|  |TAMS 0x0000000723400000, 0x0000000723400000| Untracked 
| 283|0x0000000723600000, 0x0000000723800000, 0x0000000723800000|100%| O|  |TAMS 0x0000000723600000, 0x0000000723600000| Untracked 
| 284|0x0000000723800000, 0x0000000723a00000, 0x0000000723a00000|100%| O|  |TAMS 0x0000000723800000, 0x0000000723800000| Untracked 
| 285|0x0000000723a00000, 0x0000000723c00000, 0x0000000723c00000|100%| O|  |TAMS 0x0000000723a00000, 0x0000000723a00000| Untracked 
| 286|0x0000000723c00000, 0x0000000723e00000, 0x0000000723e00000|100%| O|  |TAMS 0x0000000723c00000, 0x0000000723c00000| Untracked 
| 287|0x0000000723e00000, 0x0000000724000000, 0x0000000724000000|100%| O|  |TAMS 0x0000000723e00000, 0x0000000723e00000| Untracked 
| 288|0x0000000724000000, 0x0000000724200000, 0x0000000724200000|100%| O|  |TAMS 0x0000000724000000, 0x0000000724000000| Untracked 
| 289|0x0000000724200000, 0x0000000724400000, 0x0000000724400000|100%| O|  |TAMS 0x0000000724200000, 0x0000000724200000| Untracked 
| 290|0x0000000724400000, 0x0000000724600000, 0x0000000724600000|100%| O|  |TAMS 0x0000000724400000, 0x0000000724400000| Untracked 
| 291|0x0000000724600000, 0x0000000724800000, 0x0000000724800000|100%| O|  |TAMS 0x0000000724600000, 0x0000000724600000| Untracked 
| 292|0x0000000724800000, 0x0000000724a00000, 0x0000000724a00000|100%| O|  |TAMS 0x0000000724800000, 0x0000000724800000| Untracked 
| 293|0x0000000724a00000, 0x0000000724c00000, 0x0000000724c00000|100%| O|  |TAMS 0x0000000724a00000, 0x0000000724a00000| Untracked 
| 294|0x0000000724c00000, 0x0000000724e00000, 0x0000000724e00000|100%| O|  |TAMS 0x0000000724c00000, 0x0000000724c00000| Untracked 
| 295|0x0000000724e00000, 0x0000000725000000, 0x0000000725000000|100%| O|  |TAMS 0x0000000724e00000, 0x0000000724e00000| Untracked 
| 296|0x0000000725000000, 0x0000000725200000, 0x0000000725200000|100%| O|  |TAMS 0x0000000725000000, 0x0000000725000000| Untracked 
| 297|0x0000000725200000, 0x0000000725400000, 0x0000000725400000|100%| O|  |TAMS 0x0000000725200000, 0x0000000725200000| Untracked 
| 298|0x0000000725400000, 0x0000000725600000, 0x0000000725600000|100%| O|  |TAMS 0x0000000725400000, 0x0000000725400000| Untracked 
| 299|0x0000000725600000, 0x0000000725800000, 0x0000000725800000|100%| O|  |TAMS 0x0000000725600000, 0x0000000725600000| Untracked 
| 300|0x0000000725800000, 0x0000000725a00000, 0x0000000725a00000|100%| O|  |TAMS 0x0000000725800000, 0x0000000725800000| Untracked 
| 301|0x0000000725a00000, 0x0000000725c00000, 0x0000000725c00000|100%| O|  |TAMS 0x0000000725a00000, 0x0000000725a00000| Untracked 
| 302|0x0000000725c00000, 0x0000000725e00000, 0x0000000725e00000|100%| O|  |TAMS 0x0000000725c00000, 0x0000000725c00000| Untracked 
| 303|0x0000000725e00000, 0x0000000726000000, 0x0000000726000000|100%| O|  |TAMS 0x0000000725e00000, 0x0000000725e00000| Untracked 
| 304|0x0000000726000000, 0x0000000726200000, 0x0000000726200000|100%| O|  |TAMS 0x0000000726000000, 0x0000000726000000| Untracked 
| 305|0x0000000726200000, 0x0000000726400000, 0x0000000726400000|100%| O|  |TAMS 0x0000000726200000, 0x0000000726200000| Untracked 
| 306|0x0000000726400000, 0x0000000726600000, 0x0000000726600000|100%| O|  |TAMS 0x0000000726400000, 0x0000000726400000| Untracked 
| 307|0x0000000726600000, 0x0000000726800000, 0x0000000726800000|100%| O|  |TAMS 0x0000000726600000, 0x0000000726600000| Untracked 
| 308|0x0000000726800000, 0x0000000726a00000, 0x0000000726a00000|100%| O|  |TAMS 0x0000000726800000, 0x0000000726800000| Untracked 
| 309|0x0000000726a00000, 0x0000000726c00000, 0x0000000726c00000|100%| O|  |TAMS 0x0000000726a00000, 0x0000000726a00000| Untracked 
| 310|0x0000000726c00000, 0x0000000726e00000, 0x0000000726e00000|100%| O|  |TAMS 0x0000000726c00000, 0x0000000726c00000| Untracked 
| 311|0x0000000726e00000, 0x0000000727000000, 0x0000000727000000|100%| O|  |TAMS 0x0000000726e00000, 0x0000000726e00000| Untracked 
| 312|0x0000000727000000, 0x0000000727200000, 0x0000000727200000|100%| O|  |TAMS 0x0000000727000000, 0x0000000727000000| Untracked 
| 313|0x0000000727200000, 0x0000000727400000, 0x0000000727400000|100%| O|  |TAMS 0x0000000727200000, 0x0000000727200000| Untracked 
| 314|0x0000000727400000, 0x0000000727600000, 0x0000000727600000|100%| O|  |TAMS 0x0000000727400000, 0x0000000727400000| Untracked 
| 315|0x0000000727600000, 0x0000000727800000, 0x0000000727800000|100%| O|  |TAMS 0x0000000727600000, 0x0000000727600000| Untracked 
| 316|0x0000000727800000, 0x0000000727a00000, 0x0000000727a00000|100%| O|  |TAMS 0x0000000727800000, 0x0000000727800000| Untracked 
| 317|0x0000000727a00000, 0x0000000727c00000, 0x0000000727c00000|100%| O|  |TAMS 0x0000000727a00000, 0x0000000727a00000| Untracked 
| 318|0x0000000727c00000, 0x0000000727e00000, 0x0000000727e00000|100%| O|  |TAMS 0x0000000727c00000, 0x0000000727c00000| Untracked 
| 319|0x0000000727e00000, 0x0000000728000000, 0x0000000728000000|100%| O|  |TAMS 0x0000000727e00000, 0x0000000727e00000| Untracked 
| 320|0x0000000728000000, 0x0000000728200000, 0x0000000728200000|100%| O|  |TAMS 0x0000000728000000, 0x0000000728000000| Untracked 
| 321|0x0000000728200000, 0x0000000728400000, 0x0000000728400000|100%| O|  |TAMS 0x0000000728200000, 0x0000000728200000| Untracked 
| 322|0x0000000728400000, 0x0000000728600000, 0x0000000728600000|100%| O|  |TAMS 0x0000000728400000, 0x0000000728400000| Untracked 
| 323|0x0000000728600000, 0x0000000728800000, 0x0000000728800000|100%| O|  |TAMS 0x0000000728600000, 0x0000000728600000| Untracked 
| 324|0x0000000728800000, 0x0000000728a00000, 0x0000000728a00000|100%| O|  |TAMS 0x0000000728800000, 0x0000000728800000| Untracked 
| 325|0x0000000728a00000, 0x0000000728c00000, 0x0000000728c00000|100%| O|  |TAMS 0x0000000728a00000, 0x0000000728a00000| Untracked 
| 326|0x0000000728c00000, 0x0000000728e00000, 0x0000000728e00000|100%| O|  |TAMS 0x0000000728c00000, 0x0000000728c00000| Untracked 
| 327|0x0000000728e00000, 0x0000000729000000, 0x0000000729000000|100%| O|  |TAMS 0x0000000728e00000, 0x0000000728e00000| Untracked 
| 328|0x0000000729000000, 0x0000000729200000, 0x0000000729200000|100%| O|  |TAMS 0x0000000729000000, 0x0000000729000000| Untracked 
| 329|0x0000000729200000, 0x00000007292c1a00, 0x0000000729400000| 37%| O|  |TAMS 0x0000000729200000, 0x0000000729200000| Untracked 
| 330|0x0000000729400000, 0x0000000729400000, 0x0000000729600000|  0%| F|  |TAMS 0x0000000729400000, 0x0000000729400000| Untracked 
| 331|0x0000000729600000, 0x0000000729600000, 0x0000000729800000|  0%| F|  |TAMS 0x0000000729600000, 0x0000000729600000| Untracked 
| 332|0x0000000729800000, 0x0000000729800000, 0x0000000729a00000|  0%| F|  |TAMS 0x0000000729800000, 0x0000000729800000| Untracked 
| 333|0x0000000729a00000, 0x0000000729a00000, 0x0000000729c00000|  0%| F|  |TAMS 0x0000000729a00000, 0x0000000729a00000| Untracked 
| 334|0x0000000729c00000, 0x0000000729c00000, 0x0000000729e00000|  0%| F|  |TAMS 0x0000000729c00000, 0x0000000729c00000| Untracked 
| 335|0x0000000729e00000, 0x0000000729e00000, 0x000000072a000000|  0%| F|  |TAMS 0x0000000729e00000, 0x0000000729e00000| Untracked 
| 336|0x000000072a000000, 0x000000072a000000, 0x000000072a200000|  0%| F|  |TAMS 0x000000072a000000, 0x000000072a000000| Untracked 
| 337|0x000000072a200000, 0x000000072a200000, 0x000000072a400000|  0%| F|  |TAMS 0x000000072a200000, 0x000000072a200000| Untracked 
| 338|0x000000072a400000, 0x000000072a400000, 0x000000072a600000|  0%| F|  |TAMS 0x000000072a400000, 0x000000072a400000| Untracked 
| 339|0x000000072a600000, 0x000000072a600000, 0x000000072a800000|  0%| F|  |TAMS 0x000000072a600000, 0x000000072a600000| Untracked 
| 340|0x000000072a800000, 0x000000072a800000, 0x000000072aa00000|  0%| F|  |TAMS 0x000000072a800000, 0x000000072a800000| Untracked 
| 341|0x000000072aa00000, 0x000000072aa00000, 0x000000072ac00000|  0%| F|  |TAMS 0x000000072aa00000, 0x000000072aa00000| Untracked 
| 342|0x000000072ac00000, 0x000000072ac00000, 0x000000072ae00000|  0%| F|  |TAMS 0x000000072ac00000, 0x000000072ac00000| Untracked 
| 343|0x000000072ae00000, 0x000000072ae00000, 0x000000072b000000|  0%| F|  |TAMS 0x000000072ae00000, 0x000000072ae00000| Untracked 
| 344|0x000000072b000000, 0x000000072b000000, 0x000000072b200000|  0%| F|  |TAMS 0x000000072b000000, 0x000000072b000000| Untracked 
| 345|0x000000072b200000, 0x000000072b200000, 0x000000072b400000|  0%| F|  |TAMS 0x000000072b200000, 0x000000072b200000| Untracked 
| 346|0x000000072b400000, 0x000000072b400000, 0x000000072b600000|  0%| F|  |TAMS 0x000000072b400000, 0x000000072b400000| Untracked 
| 347|0x000000072b600000, 0x000000072b600000, 0x000000072b800000|  0%| F|  |TAMS 0x000000072b600000, 0x000000072b600000| Untracked 
| 348|0x000000072b800000, 0x000000072b800000, 0x000000072ba00000|  0%| F|  |TAMS 0x000000072b800000, 0x000000072b800000| Untracked 
| 349|0x000000072ba00000, 0x000000072ba00000, 0x000000072bc00000|  0%| F|  |TAMS 0x000000072ba00000, 0x000000072ba00000| Untracked 
| 350|0x000000072bc00000, 0x000000072bc00000, 0x000000072be00000|  0%| F|  |TAMS 0x000000072bc00000, 0x000000072bc00000| Untracked 
| 351|0x000000072be00000, 0x000000072be00000, 0x000000072c000000|  0%| F|  |TAMS 0x000000072be00000, 0x000000072be00000| Untracked 
| 352|0x000000072c000000, 0x000000072c000000, 0x000000072c200000|  0%| F|  |TAMS 0x000000072c000000, 0x000000072c000000| Untracked 
| 353|0x000000072c200000, 0x000000072c200000, 0x000000072c400000|  0%| F|  |TAMS 0x000000072c200000, 0x000000072c200000| Untracked 
| 354|0x000000072c400000, 0x000000072c400000, 0x000000072c600000|  0%| F|  |TAMS 0x000000072c400000, 0x000000072c400000| Untracked 
| 355|0x000000072c600000, 0x000000072c600000, 0x000000072c800000|  0%| F|  |TAMS 0x000000072c600000, 0x000000072c600000| Untracked 
| 356|0x000000072c800000, 0x000000072c800000, 0x000000072ca00000|  0%| F|  |TAMS 0x000000072c800000, 0x000000072c800000| Untracked 
| 357|0x000000072ca00000, 0x000000072ca00000, 0x000000072cc00000|  0%| F|  |TAMS 0x000000072ca00000, 0x000000072ca00000| Untracked 
| 358|0x000000072cc00000, 0x000000072cc00000, 0x000000072ce00000|  0%| F|  |TAMS 0x000000072cc00000, 0x000000072cc00000| Untracked 
| 359|0x000000072ce00000, 0x000000072ce00000, 0x000000072d000000|  0%| F|  |TAMS 0x000000072ce00000, 0x000000072ce00000| Untracked 
| 360|0x000000072d000000, 0x000000072d000000, 0x000000072d200000|  0%| F|  |TAMS 0x000000072d000000, 0x000000072d000000| Untracked 
| 361|0x000000072d200000, 0x000000072d200000, 0x000000072d400000|  0%| F|  |TAMS 0x000000072d200000, 0x000000072d200000| Untracked 
| 362|0x000000072d400000, 0x000000072d400000, 0x000000072d600000|  0%| F|  |TAMS 0x000000072d400000, 0x000000072d400000| Untracked 
| 363|0x000000072d600000, 0x000000072d600000, 0x000000072d800000|  0%| F|  |TAMS 0x000000072d600000, 0x000000072d600000| Untracked 
| 364|0x000000072d800000, 0x000000072d800000, 0x000000072da00000|  0%| F|  |TAMS 0x000000072d800000, 0x000000072d800000| Untracked 
| 365|0x000000072da00000, 0x000000072da00000, 0x000000072dc00000|  0%| F|  |TAMS 0x000000072da00000, 0x000000072da00000| Untracked 
| 366|0x000000072dc00000, 0x000000072dc00000, 0x000000072de00000|  0%| F|  |TAMS 0x000000072dc00000, 0x000000072dc00000| Untracked 
| 367|0x000000072de00000, 0x000000072de00000, 0x000000072e000000|  0%| F|  |TAMS 0x000000072de00000, 0x000000072de00000| Untracked 
| 368|0x000000072e000000, 0x000000072e000000, 0x000000072e200000|  0%| F|  |TAMS 0x000000072e000000, 0x000000072e000000| Untracked 
| 369|0x000000072e200000, 0x000000072e200000, 0x000000072e400000|  0%| F|  |TAMS 0x000000072e200000, 0x000000072e200000| Untracked 
| 370|0x000000072e400000, 0x000000072e400000, 0x000000072e600000|  0%| F|  |TAMS 0x000000072e400000, 0x000000072e400000| Untracked 
| 371|0x000000072e600000, 0x000000072e600000, 0x000000072e800000|  0%| F|  |TAMS 0x000000072e600000, 0x000000072e600000| Untracked 
| 372|0x000000072e800000, 0x000000072e800000, 0x000000072ea00000|  0%| F|  |TAMS 0x000000072e800000, 0x000000072e800000| Untracked 
| 373|0x000000072ea00000, 0x000000072ec00000, 0x000000072ec00000|100%| S|CS|TAMS 0x000000072ea00000, 0x000000072ea00000| Complete 
| 374|0x000000072ec00000, 0x000000072ee00000, 0x000000072ee00000|100%| S|CS|TAMS 0x000000072ec00000, 0x000000072ec00000| Complete 
| 375|0x000000072ee00000, 0x000000072f000000, 0x000000072f000000|100%| S|CS|TAMS 0x000000072ee00000, 0x000000072ee00000| Complete 
| 376|0x000000072f000000, 0x000000072f000000, 0x000000072f200000|  0%| F|  |TAMS 0x000000072f000000, 0x000000072f000000| Untracked 
| 377|0x000000072f200000, 0x000000072f200000, 0x000000072f400000|  0%| F|  |TAMS 0x000000072f200000, 0x000000072f200000| Untracked 
| 378|0x000000072f400000, 0x000000072f600000, 0x000000072f600000|100%| S|CS|TAMS 0x000000072f400000, 0x000000072f400000| Complete 
| 379|0x000000072f600000, 0x000000072f600000, 0x000000072f800000|  0%| F|  |TAMS 0x000000072f600000, 0x000000072f600000| Untracked 
| 380|0x000000072f800000, 0x000000072f800000, 0x000000072fa00000|  0%| F|  |TAMS 0x000000072f800000, 0x000000072f800000| Untracked 
| 381|0x000000072fa00000, 0x000000072fa00000, 0x000000072fc00000|  0%| F|  |TAMS 0x000000072fa00000, 0x000000072fa00000| Untracked 
| 382|0x000000072fc00000, 0x000000072fc00000, 0x000000072fe00000|  0%| F|  |TAMS 0x000000072fc00000, 0x000000072fc00000| Untracked 
| 383|0x000000072fe00000, 0x000000072fe00000, 0x0000000730000000|  0%| F|  |TAMS 0x000000072fe00000, 0x000000072fe00000| Untracked 
| 384|0x0000000730000000, 0x0000000730000000, 0x0000000730200000|  0%| F|  |TAMS 0x0000000730000000, 0x0000000730000000| Untracked 
| 385|0x0000000730200000, 0x0000000730200000, 0x0000000730400000|  0%| F|  |TAMS 0x0000000730200000, 0x0000000730200000| Untracked 
| 386|0x0000000730400000, 0x0000000730400000, 0x0000000730600000|  0%| F|  |TAMS 0x0000000730400000, 0x0000000730400000| Untracked 
| 387|0x0000000730600000, 0x0000000730600000, 0x0000000730800000|  0%| F|  |TAMS 0x0000000730600000, 0x0000000730600000| Untracked 
| 388|0x0000000730800000, 0x0000000730800000, 0x0000000730a00000|  0%| F|  |TAMS 0x0000000730800000, 0x0000000730800000| Untracked 
| 389|0x0000000730a00000, 0x0000000730a00000, 0x0000000730c00000|  0%| F|  |TAMS 0x0000000730a00000, 0x0000000730a00000| Untracked 
| 390|0x0000000730c00000, 0x0000000730c00000, 0x0000000730e00000|  0%| F|  |TAMS 0x0000000730c00000, 0x0000000730c00000| Untracked 
| 391|0x0000000730e00000, 0x0000000730e00000, 0x0000000731000000|  0%| F|  |TAMS 0x0000000730e00000, 0x0000000730e00000| Untracked 
| 392|0x0000000731000000, 0x0000000731000000, 0x0000000731200000|  0%| F|  |TAMS 0x0000000731000000, 0x0000000731000000| Untracked 
| 393|0x0000000731200000, 0x0000000731200000, 0x0000000731400000|  0%| F|  |TAMS 0x0000000731200000, 0x0000000731200000| Untracked 
| 394|0x0000000731400000, 0x0000000731400000, 0x0000000731600000|  0%| F|  |TAMS 0x0000000731400000, 0x0000000731400000| Untracked 
| 395|0x0000000731600000, 0x0000000731600000, 0x0000000731800000|  0%| F|  |TAMS 0x0000000731600000, 0x0000000731600000| Untracked 
| 396|0x0000000731800000, 0x0000000731800000, 0x0000000731a00000|  0%| F|  |TAMS 0x0000000731800000, 0x0000000731800000| Untracked 
| 397|0x0000000731a00000, 0x0000000731a00000, 0x0000000731c00000|  0%| F|  |TAMS 0x0000000731a00000, 0x0000000731a00000| Untracked 
| 398|0x0000000731c00000, 0x0000000731c00000, 0x0000000731e00000|  0%| F|  |TAMS 0x0000000731c00000, 0x0000000731c00000| Untracked 
| 399|0x0000000731e00000, 0x0000000731e00000, 0x0000000732000000|  0%| F|  |TAMS 0x0000000731e00000, 0x0000000731e00000| Untracked 
| 400|0x0000000732000000, 0x0000000732000000, 0x0000000732200000|  0%| F|  |TAMS 0x0000000732000000, 0x0000000732000000| Untracked 
| 401|0x0000000732200000, 0x0000000732200000, 0x0000000732400000|  0%| F|  |TAMS 0x0000000732200000, 0x0000000732200000| Untracked 

Card table byte_map: [0x000001255a060000,0x000001255a860000] _byte_map_base: 0x0000012556860000

Marking Bits (Prev, Next): (CMBitMap*) 0x0000012542809600, (CMBitMap*) 0x00000125428095c0
 Prev Bits: [0x000001255f060000, 0x0000012563060000)
 Next Bits: [0x000001255b060000, 0x000001255f060000)

Polling page: 0x0000012540560000

Metaspace:

Usage:
  Non-class:    176.59 MB used.
      Class:     26.60 MB used.
       Both:    203.19 MB used.

Virtual space:
  Non-class space:      192.00 MB reserved,     177.69 MB ( 93%) committed,  3 nodes.
      Class space:      832.00 MB reserved,      27.69 MB (  3%) committed,  1 nodes.
             Both:        1.00 GB reserved,     205.38 MB ( 20%) committed. 

Chunk freelists:
   Non-Class:  14.30 MB
       Class:  4.22 MB
        Both:  18.52 MB

MaxMetaspaceSize: 1.00 GB
CompressedClassSpaceSize: 832.00 MB
Initial GC threshold: 21.00 MB
Current GC threshold: 273.75 MB
CDS: on
MetaspaceReclaimPolicy: balanced
 - commit_granule_bytes: 65536.
 - commit_granule_words: 8192.
 - virtual_space_node_default_size: 8388608.
 - enlarge_chunks_in_place: 1.
 - new_chunks_are_fully_committed: 0.
 - uncommit_free_chunks: 1.
 - use_allocation_guard: 0.
 - handle_deallocations: 1.


Internal statistics:

num_allocs_failed_limit: 9.
num_arena_births: 3998.
num_arena_deaths: 192.
num_vsnodes_births: 4.
num_vsnodes_deaths: 0.
num_space_committed: 3286.
num_space_uncommitted: 2.
num_chunks_returned_to_freelist: 258.
num_chunks_taken_from_freelist: 13677.
num_chunk_merges: 91.
num_chunk_splits: 8625.
num_chunks_enlarged: 5158.
num_inconsistent_stats: 0.

CodeHeap 'non-profiled nmethods': size=120000Kb used=31017Kb max_used=31130Kb free=88982Kb
 bounds [0x0000012551de0000, 0x0000012553c60000, 0x0000012559310000]
CodeHeap 'profiled nmethods': size=120000Kb used=60816Kb max_used=61316Kb free=59183Kb
 bounds [0x000001254a310000, 0x000001254df60000, 0x0000012551840000]
CodeHeap 'non-nmethods': size=5760Kb used=2661Kb max_used=2778Kb free=3098Kb
 bounds [0x0000012551840000, 0x0000012551b00000, 0x0000012551de0000]
 total_blobs=32332 nmethods=31127 adapters=1116
 compilation: enabled
              stopped_count=0, restarted_count=0
 full_count=0

Compilation events (20 events):
Event: 10414.476 Thread 0x000001256322e510 40829       3       com.android.tools.r8.internal.ol::a (270 bytes)
Event: 10414.476 Thread 0x000001256322e510 nmethod 40829 0x000001254dddb490 code [0x000001254dddb7c0, 0x000001254dddc598]
Event: 10414.476 Thread 0x000001256322e510 40824       2       com.android.tools.r8.internal.q83::a (200 bytes)
Event: 10414.477 Thread 0x000001256322e510 nmethod 40824 0x000001254b0f5610 code [0x000001254b0f5820, 0x000001254b0f5c38]
Event: 10414.477 Thread 0x000001256322e510 40827       2       com.android.tools.r8.internal.j00::a (52 bytes)
Event: 10414.477 Thread 0x000001256322e510 nmethod 40827 0x000001254baad810 code [0x000001254baada00, 0x000001254baadcf8]
Event: 10414.477 Thread 0x000001256322e510 40817       2       com.android.tools.r8.graph.e2::w1 (11 bytes)
Event: 10414.477 Thread 0x000001256322e510 nmethod 40817 0x000001254ddb8a10 code [0x000001254ddb8ba0, 0x000001254ddb8cf8]
Event: 10414.477 Thread 0x000001256322e510 40818       2       com.android.tools.r8.graph.e2::v1 (12 bytes)
Event: 10414.477 Thread 0x000001256322e510 nmethod 40818 0x000001254baad490 code [0x000001254baad640, 0x000001254baad768]
Event: 10414.477 Thread 0x000001256322e510 40819       2       com.android.tools.r8.graph.e2::s1 (21 bytes)
Event: 10414.477 Thread 0x0000012577483070 nmethod 40772 0x00000125532f3390 code [0x00000125532f3560, 0x00000125532f3958]
Event: 10414.477 Thread 0x000001256322e510 nmethod 40819 0x000001254baad090 code [0x000001254baad240, 0x000001254baad3e8]
Event: 10414.477 Thread 0x000001256322e510 40830       2       com.android.tools.r8.internal.gt::a (18 bytes)
Event: 10414.477 Thread 0x0000012577483070 40802       4       com.android.tools.r8.internal.a74::d (38 bytes)
Event: 10414.477 Thread 0x000001256322e510 nmethod 40830 0x000001254da64e90 code [0x000001254da65040, 0x000001254da652b8]
Event: 10414.477 Thread 0x000001256322e510 40831       2       com.android.tools.r8.internal.gt::b (22 bytes)
Event: 10414.478 Thread 0x000001256322e510 nmethod 40831 0x000001254da64910 code [0x000001254da64ac0, 0x000001254da64d38]
Event: 10414.478 Thread 0x000001256322e510 40820       2       com.android.tools.r8.graph.la::b (26 bytes)
Event: 10414.479 Thread 0x000001256322e510 nmethod 40820 0x000001254c920190 code [0x000001254c920380, 0x000001254c920748]

GC Heap History (20 events):
Event: 10407.167 GC heap after
{Heap after GC invocations=177 (full 0):
 garbage-first heap   total 823296K, used 579668K [0x0000000700000000, 0x0000000800000000)
  region size 2048K, 4 young (8192K), 4 survivors (8192K)
 Metaspace       used 192224K, committed 194304K, reserved 1048576K
  class space    used 24404K, committed 25408K, reserved 851968K
}
Event: 10411.172 GC heap before
{Heap before GC invocations=177 (full 0):
 garbage-first heap   total 823296K, used 731220K [0x0000000700000000, 0x0000000800000000)
  region size 2048K, 77 young (157696K), 4 survivors (8192K)
 Metaspace       used 192292K, committed 194368K, reserved 1048576K
  class space    used 24406K, committed 25408K, reserved 851968K
}
Event: 10411.177 GC heap after
{Heap after GC invocations=178 (full 0):
 garbage-first heap   total 823296K, used 589749K [0x0000000700000000, 0x0000000800000000)
  region size 2048K, 8 young (16384K), 8 survivors (16384K)
 Metaspace       used 192292K, committed 194368K, reserved 1048576K
  class space    used 24406K, committed 25408K, reserved 851968K
}
Event: 10412.266 GC heap before
{Heap before GC invocations=178 (full 0):
 garbage-first heap   total 823296K, used 739253K [0x0000000700000000, 0x0000000800000000)
  region size 2048K, 72 young (147456K), 8 survivors (16384K)
 Metaspace       used 194733K, committed 196928K, reserved 1048576K
  class space    used 24763K, committed 25856K, reserved 851968K
}
Event: 10412.274 GC heap after
{Heap after GC invocations=179 (full 0):
 garbage-first heap   total 823296K, used 601493K [0x0000000700000000, 0x0000000800000000)
  region size 2048K, 6 young (12288K), 6 survivors (12288K)
 Metaspace       used 194733K, committed 196928K, reserved 1048576K
  class space    used 24763K, committed 25856K, reserved 851968K
}
Event: 10412.375 GC heap before
{Heap before GC invocations=179 (full 0):
 garbage-first heap   total 823296K, used 716181K [0x0000000700000000, 0x0000000800000000)
  region size 2048K, 63 young (129024K), 6 survivors (12288K)
 Metaspace       used 195053K, committed 197248K, reserved 1048576K
  class space    used 24809K, committed 25920K, reserved 851968K
}
Event: 10412.379 GC heap after
{Heap after GC invocations=180 (full 0):
 garbage-first heap   total 823296K, used 611439K [0x0000000700000000, 0x0000000800000000)
  region size 2048K, 6 young (12288K), 6 survivors (12288K)
 Metaspace       used 195053K, committed 197248K, reserved 1048576K
  class space    used 24809K, committed 25920K, reserved 851968K
}
Event: 10412.668 GC heap before
{Heap before GC invocations=180 (full 0):
 garbage-first heap   total 823296K, used 715887K [0x0000000700000000, 0x0000000800000000)
  region size 2048K, 57 young (116736K), 6 survivors (12288K)
 Metaspace       used 196442K, committed 198592K, reserved 1048576K
  class space    used 25030K, committed 26112K, reserved 851968K
}
Event: 10412.673 GC heap after
{Heap after GC invocations=181 (full 0):
 garbage-first heap   total 823296K, used 626138K [0x0000000700000000, 0x0000000800000000)
  region size 2048K, 8 young (16384K), 8 survivors (16384K)
 Metaspace       used 196442K, committed 198592K, reserved 1048576K
  class space    used 25030K, committed 26112K, reserved 851968K
}
Event: 10413.241 GC heap before
{Heap before GC invocations=181 (full 0):
 garbage-first heap   total 823296K, used 710106K [0x0000000700000000, 0x0000000800000000)
  region size 2048K, 50 young (102400K), 8 survivors (16384K)
 Metaspace       used 200016K, committed 202176K, reserved 1048576K
  class space    used 25611K, committed 26688K, reserved 851968K
}
Event: 10413.251 GC heap after
{Heap after GC invocations=182 (full 0):
 garbage-first heap   total 823296K, used 636905K [0x0000000700000000, 0x0000000800000000)
  region size 2048K, 7 young (14336K), 7 survivors (14336K)
 Metaspace       used 200016K, committed 202176K, reserved 1048576K
  class space    used 25611K, committed 26688K, reserved 851968K
}
Event: 10413.402 GC heap before
{Heap before GC invocations=182 (full 0):
 garbage-first heap   total 823296K, used 710633K [0x0000000700000000, 0x0000000800000000)
  region size 2048K, 43 young (88064K), 7 survivors (14336K)
 Metaspace       used 200963K, committed 203072K, reserved 1048576K
  class space    used 25816K, committed 26880K, reserved 851968K
}
Event: 10413.413 GC heap after
{Heap after GC invocations=183 (full 0):
 garbage-first heap   total 823296K, used 649959K [0x0000000700000000, 0x0000000800000000)
  region size 2048K, 6 young (12288K), 6 survivors (12288K)
 Metaspace       used 200963K, committed 203072K, reserved 1048576K
  class space    used 25816K, committed 26880K, reserved 851968K
}
Event: 10413.914 GC heap before
{Heap before GC invocations=183 (full 0):
 garbage-first heap   total 823296K, used 707303K [0x0000000700000000, 0x0000000800000000)
  region size 2048K, 35 young (71680K), 6 survivors (12288K)
 Metaspace       used 203311K, committed 205504K, reserved 1048576K
  class space    used 26248K, committed 27328K, reserved 851968K
}
Event: 10413.923 GC heap after
{Heap after GC invocations=184 (full 0):
 garbage-first heap   total 823296K, used 658665K [0x0000000700000000, 0x0000000800000000)
  region size 2048K, 4 young (8192K), 4 survivors (8192K)
 Metaspace       used 203311K, committed 205504K, reserved 1048576K
  class space    used 26248K, committed 27328K, reserved 851968K
}
Event: 10414.032 GC heap before
{Heap before GC invocations=184 (full 0):
 garbage-first heap   total 823296K, used 711913K [0x0000000700000000, 0x0000000800000000)
  region size 2048K, 30 young (61440K), 4 survivors (8192K)
 Metaspace       used 204061K, committed 206272K, reserved 1048576K
  class space    used 26358K, committed 27456K, reserved 851968K
}
Event: 10414.040 GC heap after
{Heap after GC invocations=185 (full 0):
 garbage-first heap   total 823296K, used 667051K [0x0000000700000000, 0x0000000800000000)
  region size 2048K, 4 young (8192K), 4 survivors (8192K)
 Metaspace       used 204061K, committed 206272K, reserved 1048576K
  class space    used 26358K, committed 27456K, reserved 851968K
}
Event: 10414.347 GC heap before
{Heap before GC invocations=185 (full 0):
 garbage-first heap   total 823296K, used 714155K [0x0000000700000000, 0x0000000800000000)
  region size 2048K, 28 young (57344K), 4 survivors (8192K)
 Metaspace       used 207302K, committed 209472K, reserved 1048576K
  class space    used 27092K, committed 28160K, reserved 851968K
}
Event: 10414.358 GC heap after
{Heap after GC invocations=186 (full 0):
 garbage-first heap   total 823296K, used 672928K [0x0000000700000000, 0x0000000800000000)
  region size 2048K, 3 young (6144K), 3 survivors (6144K)
 Metaspace       used 207302K, committed 209472K, reserved 1048576K
  class space    used 27092K, committed 28160K, reserved 851968K
}
Event: 10414.479 GC heap before
{Heap before GC invocations=186 (full 0):
 garbage-first heap   total 823296K, used 717984K [0x0000000700000000, 0x0000000800000000)
  region size 2048K, 26 young (53248K), 3 survivors (6144K)
 Metaspace       used 208066K, committed 210304K, reserved 1048576K
  class space    used 27240K, committed 28352K, reserved 851968K
}

Dll operation events (17 events):
Event: 0.011 Loaded shared library C:\Users\ravip\.jdks\ms-17.0.18\bin\java.dll
Event: 0.025 Loaded shared library C:\Users\ravip\.jdks\ms-17.0.18\bin\jsvml.dll
Event: 0.069 Loaded shared library C:\Users\ravip\.jdks\ms-17.0.18\bin\zip.dll
Event: 0.073 Loaded shared library C:\Users\ravip\.jdks\ms-17.0.18\bin\instrument.dll
Event: 0.079 Loaded shared library C:\Users\ravip\.jdks\ms-17.0.18\bin\net.dll
Event: 0.081 Loaded shared library C:\Users\ravip\.jdks\ms-17.0.18\bin\nio.dll
Event: 0.083 Loaded shared library C:\Users\ravip\.jdks\ms-17.0.18\bin\zip.dll
Event: 0.247 Loaded shared library C:\Users\ravip\.jdks\ms-17.0.18\bin\jimage.dll
Event: 0.356 Loaded shared library C:\Users\ravip\.jdks\ms-17.0.18\bin\verify.dll
Event: 0.434 Loaded shared library C:\Users\ravip\.gradle\native\1def1411415f61bf3af743bc5b6707747c0891f09f0c88961ee8f79bc544acac\windows-amd64\native-platform.dll
Event: 0.454 Loaded shared library C:\Users\ravip\.gradle\native\0.2.7\x86_64-windows-gnu\gradle-fileevents.dll
Event: 1.071 Loaded shared library C:\Users\ravip\.jdks\ms-17.0.18\bin\management.dll
Event: 1.074 Loaded shared library C:\Users\ravip\.jdks\ms-17.0.18\bin\management_ext.dll
Event: 1.213 Loaded shared library C:\Users\ravip\.jdks\ms-17.0.18\bin\extnet.dll
Event: 1.397 Loaded shared library C:\Users\ravip\.jdks\ms-17.0.18\bin\sunmscapi.dll
Event: 10073.853 Loaded shared library C:\Users\ravip\AppData\Local\Temp\native-platform7707287484922380193dir\native-platform.dll
Event: 10075.156 Loaded shared library C:\Users\ravip\.jdks\ms-17.0.18\bin\rmi.dll

Deoptimization events (20 events):
Event: 10414.448 Thread 0x0000012570853500 DEOPT PACKING pc=0x0000012553328880 sp=0x00000016a2afc060
Event: 10414.448 Thread 0x0000012570853500 DEOPT UNPACKING pc=0x000001255189a1a3 sp=0x00000016a2afbfb0 mode 2
Event: 10414.448 Thread 0x0000012570853500 Uncommon trap: trap_request=0xffffff45 fr.pc=0x0000012553722408 relative=0x0000000000000168
Event: 10414.448 Thread 0x0000012570853500 Uncommon trap: reason=unstable_if action=reinterpret pc=0x0000012553722408 method=com.android.tools.r8.internal.a74.d(Ljava/lang/String;)Lcom/android/tools/r8/internal/a74; @ 11 c2
Event: 10414.448 Thread 0x0000012570853500 DEOPT PACKING pc=0x0000012553722408 sp=0x00000016a2afbff0
Event: 10414.448 Thread 0x0000012570853500 DEOPT UNPACKING pc=0x000001255189a1a3 sp=0x00000016a2afbfa8 mode 2
Event: 10414.454 Thread 0x0000012570853f20 DEOPT PACKING pc=0x000001254dea3f9f sp=0x00000016a26fcaa0
Event: 10414.454 Thread 0x0000012570853f20 DEOPT UNPACKING pc=0x000001255189ace3 sp=0x00000016a26fbf78 mode 0
Event: 10414.455 Thread 0x0000012570855d80 DEOPT PACKING pc=0x000001254defbaae sp=0x00000016a29fc2d0
Event: 10414.455 Thread 0x0000012570855d80 DEOPT UNPACKING pc=0x000001255189ace3 sp=0x00000016a29fba68 mode 0
Event: 10414.461 Thread 0x0000012570855d80 DEOPT PACKING pc=0x000001254defbaae sp=0x00000016a29fc2d0
Event: 10414.461 Thread 0x0000012570855d80 DEOPT UNPACKING pc=0x000001255189ace3 sp=0x00000016a29fba68 mode 0
Event: 10414.466 Thread 0x0000012570855870 DEOPT PACKING pc=0x000001254defbaae sp=0x00000016a28fc1b0
Event: 10414.466 Thread 0x0000012570855870 DEOPT UNPACKING pc=0x000001255189ace3 sp=0x00000016a28fb948 mode 0
Event: 10414.471 Thread 0x0000012570855870 DEOPT PACKING pc=0x000001254defbaae sp=0x00000016a28fc160
Event: 10414.471 Thread 0x0000012570855870 DEOPT UNPACKING pc=0x000001255189ace3 sp=0x00000016a28fb8f8 mode 0
Event: 10414.472 Thread 0x0000012570853500 DEOPT PACKING pc=0x000001254defbaae sp=0x00000016a2afc190
Event: 10414.472 Thread 0x0000012570853500 DEOPT UNPACKING pc=0x000001255189ace3 sp=0x00000016a2afb928 mode 0
Event: 10414.475 Thread 0x000001256bba6080 DEOPT PACKING pc=0x000001254defbaae sp=0x000000169f7fc4e0
Event: 10414.475 Thread 0x000001256bba6080 DEOPT UNPACKING pc=0x000001255189ace3 sp=0x000000169f7fbc78 mode 0

Classes loaded (20 events):
Event: 10411.563 Loading class java/security/KeyStore$Entry$Attribute done
Event: 10411.563 Loading class java/security/PKCS12Attribute done
Event: 10411.632 Loading class java/util/concurrent/ForkJoinTask$AdaptedCallable
Event: 10411.632 Loading class java/util/concurrent/ForkJoinTask$AdaptedCallable done
Event: 10411.733 Loading class java/nio/BufferOverflowException
Event: 10411.733 Loading class java/nio/BufferOverflowException done
Event: 10411.736 Loading class java/security/DigestException
Event: 10411.736 Loading class java/security/DigestException done
Event: 10411.751 Loading class java/util/concurrent/ForkJoinTask$AdaptedRunnableAction
Event: 10411.751 Loading class java/util/concurrent/ForkJoinTask$AdaptedRunnableAction done
Event: 10411.770 Loading class java/nio/BufferUnderflowException
Event: 10411.770 Loading class java/nio/BufferUnderflowException done
Event: 10411.773 Loading class sun/security/rsa/RSACore$BlindingParameters
Event: 10411.774 Loading class sun/security/rsa/RSACore$BlindingParameters done
Event: 10411.776 Loading class sun/security/rsa/RSACore$BlindingRandomPair
Event: 10411.776 Loading class sun/security/rsa/RSACore$BlindingRandomPair done
Event: 10412.182 Loading class java/nio/file/FileTreeIterator
Event: 10412.182 Loading class java/nio/file/FileTreeIterator done
Event: 10412.685 Loading class java/util/concurrent/RejectedExecutionException
Event: 10412.685 Loading class java/util/concurrent/RejectedExecutionException done

Classes unloaded (20 events):
Event: 10371.213 Thread 0x00000125631f4120 Unloading class 0x000001250259b800 'jdk/internal/jimage/ImageHeader'
Event: 10371.213 Thread 0x00000125631f4120 Unloading class 0x000001250259adc8 'jdk/internal/jimage/BasicImageReader$2'
Event: 10371.213 Thread 0x00000125631f4120 Unloading class 0x000001250259ab98 'jdk/internal/jimage/BasicImageReader$1'
Event: 10371.213 Thread 0x00000125631f4120 Unloading class 0x000001250259a930 'jdk/internal/jimage/ImageReader$Resource'
Event: 10371.213 Thread 0x00000125631f4120 Unloading class 0x000001250259a6c8 'jdk/internal/jimage/ImageReader$LinkNode'
Event: 10371.213 Thread 0x00000125631f4120 Unloading class 0x000001250259a460 'jdk/internal/jimage/ImageReader$Directory'
Event: 10371.213 Thread 0x00000125631f4120 Unloading class 0x000001250259a1f8 'jdk/internal/jimage/ImageReader$Node'
Event: 10371.213 Thread 0x00000125631f4120 Unloading class 0x000001250259a000 'jdk/internal/jimage/ImageStrings'
Event: 10371.213 Thread 0x00000125631f4120 Unloading class 0x0000012502599b50 'jdk/internal/jimage/ImageReader$SharedImageReader'
Event: 10371.213 Thread 0x00000125631f4120 Unloading class 0x0000012502599890 'jdk/internal/jimage/BasicImageReader'
Event: 10371.213 Thread 0x00000125631f4120 Unloading class 0x0000012502599670 'jdk/internal/jimage/ImageReader'
Event: 10371.213 Thread 0x00000125631f4120 Unloading class 0x0000012502599448 'jdk/internal/jrtfs/SystemImage$2'
Event: 10371.213 Thread 0x00000125631f4120 Unloading class 0x0000012502599230 'jdk/internal/jrtfs/SystemImage$$Lambda$3034+0x0000012502599230'
Event: 10371.213 Thread 0x00000125631f4120 Unloading class 0x0000012502599000 'jdk/internal/jrtfs/ExplodedImage'
Event: 10371.213 Thread 0x00000125631f4120 Unloading class 0x0000012502598dc8 'jdk/internal/jrtfs/SystemImage$1'
Event: 10371.213 Thread 0x00000125631f4120 Unloading class 0x0000012502598bb0 'jdk/internal/jrtfs/SystemImage'
Event: 10371.213 Thread 0x00000125631f4120 Unloading class 0x0000012502598950 'jdk/internal/jrtfs/JrtFileStore'
Event: 10371.213 Thread 0x00000125631f4120 Unloading class 0x00000125025985d8 'jdk/internal/jrtfs/JrtPath'
Event: 10371.213 Thread 0x00000125631f4120 Unloading class 0x00000125025982e0 'jdk/internal/jrtfs/JrtFileSystem'
Event: 10371.213 Thread 0x00000125631f4120 Unloading class 0x0000012502598000 'jdk/internal/jrtfs/JrtFileSystemProvider'

Classes redefined (0 events):
No events

Internal exceptions (20 events):
Event: 10414.151 Thread 0x000001256bba6080 Exception <a 'java/lang/NoSuchMethodError'{0x00000007307a9a68}: 'java.lang.Object java.lang.invoke.DirectMethodHandle$Holder.invokeStatic(java.lang.Object, int, java.lang.Object, java.lang.Object)'> (0x00000007307a9a68) 
thrown [s\src\hotspot\share\interpreter\linkResolver.cpp, line 759]
Event: 10414.151 Thread 0x0000012570857be0 Exception <a 'java/lang/NoSuchMethodError'{0x00000007307cfc90}: 'java.lang.Object java.lang.invoke.DirectMethodHandle$Holder.invokeStatic(java.lang.Object, int, java.lang.Object, java.lang.Object)'> (0x00000007307cfc90) 
thrown [s\src\hotspot\share\interpreter\linkResolver.cpp, line 759]
Event: 10414.151 Thread 0x0000012566292450 Exception <a 'java/lang/NoSuchMethodError'{0x00000007307909c0}: 'java.lang.Object java.lang.invoke.DirectMethodHandle$Holder.invokeStatic(java.lang.Object, int, java.lang.Object, java.lang.Object)'> (0x00000007307909c0) 
thrown [s\src\hotspot\share\interpreter\linkResolver.cpp, line 759]
Event: 10414.151 Thread 0x0000012570853f20 Exception <a 'java/lang/NoSuchMethodError'{0x000000073082d250}: 'java.lang.Object java.lang.invoke.DirectMethodHandle$Holder.invokeStatic(java.lang.Object, int, java.lang.Object, java.lang.Object)'> (0x000000073082d250) 
thrown [s\src\hotspot\share\interpreter\linkResolver.cpp, line 759]
Event: 10414.152 Thread 0x0000012566291a30 Exception <a 'java/lang/NoSuchMethodError'{0x0000000730783260}: 'java.lang.Object java.lang.invoke.DirectMethodHandle$Holder.invokeStatic(java.lang.Object, int, java.lang.Object, java.lang.Object)'> (0x0000000730783260) 
thrown [s\src\hotspot\share\interpreter\linkResolver.cpp, line 759]
Event: 10414.152 Thread 0x00000125708571c0 Exception <a 'java/lang/NoSuchMethodError'{0x0000000730776d28}: 'java.lang.Object java.lang.invoke.DirectMethodHandle$Holder.invokeStatic(java.lang.Object, int, java.lang.Object, java.lang.Object)'> (0x0000000730776d28) 
thrown [s\src\hotspot\share\interpreter\linkResolver.cpp, line 759]
Event: 10414.152 Thread 0x00000125662900e0 Exception <a 'java/lang/NoSuchMethodError'{0x000000073076f5d0}: 'java.lang.Object java.lang.invoke.DirectMethodHandle$Holder.invokeStatic(java.lang.Object, int, java.lang.Object, java.lang.Object)'> (0x000000073076f5d0) 
thrown [s\src\hotspot\share\interpreter\linkResolver.cpp, line 759]
Event: 10414.157 Thread 0x000001256bba6080 Exception <a 'java/lang/NoSuchMethodError'{0x0000000730461490}: 'java.lang.Object java.lang.invoke.DirectMethodHandle$Holder.invokeStatic(java.lang.Object, java.lang.Object, int, java.lang.Object, java.lang.Object)'> (0x0000000730461490) 
thrown [s\src\hotspot\share\interpreter\linkResolver.cpp, line 759]
Event: 10414.157 Thread 0x0000012566291a30 Exception <a 'java/lang/NoSuchMethodError'{0x0000000730445990}: 'java.lang.Object java.lang.invoke.DirectMethodHandle$Holder.invokeStatic(java.lang.Object, java.lang.Object, int, java.lang.Object, java.lang.Object)'> (0x0000000730445990) 
thrown [s\src\hotspot\share\interpreter\linkResolver.cpp, line 759]
Event: 10414.157 Thread 0x0000012570853f20 Exception <a 'java/lang/NoSuchMethodError'{0x0000000730424830}: 'java.lang.Object java.lang.invoke.DirectMethodHandle$Holder.invokeStatic(java.lang.Object, java.lang.Object, int, java.lang.Object, java.lang.Object)'> (0x0000000730424830) 
thrown [s\src\hotspot\share\interpreter\linkResolver.cpp, line 759]
Event: 10414.157 Thread 0x0000012570857be0 Exception <a 'java/lang/NoSuchMethodError'{0x0000000730481770}: 'java.lang.Object java.lang.invoke.DirectMethodHandle$Holder.invokeStatic(java.lang.Object, java.lang.Object, int, java.lang.Object, java.lang.Object)'> (0x0000000730481770) 
thrown [s\src\hotspot\share\interpreter\linkResolver.cpp, line 759]
Event: 10414.157 Thread 0x0000012570853500 Exception <a 'java/lang/NoSuchMethodError'{0x00000007308d69b8}: 'java.lang.Object java.lang.invoke.DirectMethodHandle$Holder.invokeStatic(java.lang.Object, java.lang.Object, int, java.lang.Object, java.lang.Object)'> (0x00000007308d69b8) 
thrown [s\src\hotspot\share\interpreter\linkResolver.cpp, line 759]
Event: 10414.157 Thread 0x00000125708571c0 Exception <a 'java/lang/NoSuchMethodError'{0x0000000730451e30}: 'java.lang.Object java.lang.invoke.DirectMethodHandle$Holder.invokeStatic(java.lang.Object, java.lang.Object, int, java.lang.Object, java.lang.Object)'> (0x0000000730451e30) 
thrown [s\src\hotspot\share\interpreter\linkResolver.cpp, line 759]
Event: 10414.157 Thread 0x000001256e5948b0 Exception <a 'java/lang/NoSuchMethodError'{0x00000007307e5760}: 'java.lang.Object java.lang.invoke.DirectMethodHandle$Holder.invokeStatic(java.lang.Object, java.lang.Object, int, java.lang.Object, java.lang.Object)'> (0x00000007307e5760) 
thrown [s\src\hotspot\share\interpreter\linkResolver.cpp, line 759]
Event: 10414.157 Thread 0x00000125662900e0 Exception <a 'java/lang/NoSuchMethodError'{0x0000000730486038}: 'java.lang.Object java.lang.invoke.DirectMethodHandle$Holder.invokeStatic(java.lang.Object, java.lang.Object, int, java.lang.Object, java.lang.Object)'> (0x0000000730486038) 
thrown [s\src\hotspot\share\interpreter\linkResolver.cpp, line 759]
Event: 10414.157 Thread 0x00000125708516a0 Exception <a 'java/lang/NoSuchMethodError'{0x000000073047c8f8}: 'java.lang.Object java.lang.invoke.DirectMethodHandle$Holder.invokeStatic(java.lang.Object, java.lang.Object, int, java.lang.Object, java.lang.Object)'> (0x000000073047c8f8) 
thrown [s\src\hotspot\share\interpreter\linkResolver.cpp, line 759]
Event: 10414.157 Thread 0x0000012570855870 Exception <a 'java/lang/NoSuchMethodError'{0x00000007307ca100}: 'java.lang.Object java.lang.invoke.DirectMethodHandle$Holder.invokeStatic(java.lang.Object, java.lang.Object, int, java.lang.Object, java.lang.Object)'> (0x00000007307ca100) 
thrown [s\src\hotspot\share\interpreter\linkResolver.cpp, line 759]
Event: 10414.398 Thread 0x0000012570857be0 Exception <a 'java/lang/NoSuchMethodError'{0x00000007322ec3d8}: 'void java.lang.invoke.DirectMethodHandle$Holder.invokeSpecial(java.lang.Object, java.lang.Object, java.lang.Object, java.lang.Object, int)'> (0x00000007322ec3d8) 
thrown [s\src\hotspot\share\interpreter\linkResolver.cpp, line 759]
Event: 10414.398 Thread 0x000001256bba6080 Exception <a 'java/lang/NoSuchMethodError'{0x0000000732231960}: 'void java.lang.invoke.DirectMethodHandle$Holder.invokeSpecial(java.lang.Object, java.lang.Object, java.lang.Object, java.lang.Object, int)'> (0x0000000732231960) 
thrown [s\src\hotspot\share\interpreter\linkResolver.cpp, line 759]
Event: 10414.398 Thread 0x00000125708571c0 Exception <a 'java/lang/NoSuchMethodError'{0x000000073235adb0}: 'void java.lang.invoke.DirectMethodHandle$Holder.invokeSpecial(java.lang.Object, java.lang.Object, java.lang.Object, java.lang.Object, int)'> (0x000000073235adb0) 
thrown [s\src\hotspot\share\interpreter\linkResolver.cpp, line 759]

VM Operations (20 events):
Event: 10413.923 Executing VM operation: G1CollectForAllocation done
Event: 10413.934 Executing VM operation: HandshakeAllThreads
Event: 10413.934 Executing VM operation: HandshakeAllThreads done
Event: 10413.960 Executing VM operation: HandshakeAllThreads
Event: 10413.961 Executing VM operation: HandshakeAllThreads done
Event: 10413.978 Executing VM operation: HandshakeAllThreads
Event: 10413.980 Executing VM operation: HandshakeAllThreads done
Event: 10413.993 Executing VM operation: HandshakeAllThreads
Event: 10413.994 Executing VM operation: HandshakeAllThreads done
Event: 10414.032 Executing VM operation: G1CollectForAllocation
Event: 10414.040 Executing VM operation: G1CollectForAllocation done
Event: 10414.332 Executing VM operation: HandshakeAllThreads
Event: 10414.333 Executing VM operation: HandshakeAllThreads done
Event: 10414.335 Executing VM operation: HandshakeAllThreads
Event: 10414.336 Executing VM operation: HandshakeAllThreads done
Event: 10414.346 Executing VM operation: G1CollectForAllocation
Event: 10414.358 Executing VM operation: G1CollectForAllocation done
Event: 10414.421 Executing VM operation: HandshakeAllThreads
Event: 10414.421 Executing VM operation: HandshakeAllThreads done
Event: 10414.478 Executing VM operation: G1CollectForAllocation

Memory protections (0 events):
No events

Nmethod flushes (20 events):
Event: 10413.780 Thread 0x0000012563257240 flushing  nmethod 0x000001254de15f90
Event: 10413.780 Thread 0x0000012563257240 flushing  nmethod 0x000001254de16310
Event: 10413.780 Thread 0x0000012563257240 flushing  nmethod 0x000001254de16790
Event: 10413.780 Thread 0x0000012563257240 flushing  nmethod 0x000001254de17490
Event: 10413.780 Thread 0x0000012563257240 flushing  nmethod 0x000001254de18690
Event: 10413.780 Thread 0x0000012563257240 flushing  nmethod 0x000001254de18d90
Event: 10413.780 Thread 0x0000012563257240 flushing  nmethod 0x000001254de19e90
Event: 10413.780 Thread 0x0000012563257240 flushing  nmethod 0x000001254de1a390
Event: 10413.780 Thread 0x0000012563257240 flushing  nmethod 0x000001254de1aa90
Event: 10413.780 Thread 0x0000012563257240 flushing  nmethod 0x000001254de1b210
Event: 10413.780 Thread 0x0000012563257240 flushing  nmethod 0x000001254de1b910
Event: 10413.780 Thread 0x0000012563257240 flushing  nmethod 0x000001254de4a210
Event: 10413.780 Thread 0x0000012563257240 flushing  nmethod 0x000001254de4ab10
Event: 10413.780 Thread 0x0000012563257240 flushing  nmethod 0x000001254de4b010
Event: 10413.780 Thread 0x0000012563257240 flushing  nmethod 0x000001254de4ba10
Event: 10413.780 Thread 0x0000012563257240 flushing  nmethod 0x000001254de4f390
Event: 10413.780 Thread 0x0000012563257240 flushing  nmethod 0x000001254de51f10
Event: 10413.780 Thread 0x0000012563257240 flushing  nmethod 0x000001254de56e90
Event: 10413.780 Thread 0x0000012563257240 flushing  nmethod 0x000001254de5a490
Event: 10413.780 Thread 0x0000012563257240 flushing  nmethod 0x000001254de71190

Events (20 events):
Event: 10389.216 Thread 0x0000012566291520 Thread added: 0x0000012579722660
Event: 10389.742 Thread 0x00000125788ad6a0 Thread added: 0x000001257f04a080
Event: 10390.454 Thread 0x000001257f04a080 Thread exited: 0x000001257f04a080
Event: 10390.761 Thread 0x000001256322e510 Thread added: 0x0000012579675630
Event: 10391.841 Thread 0x0000012579675630 Thread exited: 0x0000012579675630
Event: 10392.329 Thread 0x000001256322e510 Thread added: 0x00000125788acc00
Event: 10394.678 Thread 0x00000125788acc00 Thread exited: 0x00000125788acc00
Event: 10394.861 Thread 0x00000125788ad6a0 Thread exited: 0x00000125788ad6a0
Event: 10397.079 Thread 0x000001256322e510 Thread added: 0x000001256bab1700
Event: 10397.336 Thread 0x000001256bab1700 Thread exited: 0x000001256bab1700
Event: 10397.521 Thread 0x000001256322e510 Thread added: 0x000001256bab1700
Event: 10397.524 Thread 0x000001256bab1700 Thread added: 0x0000012579e2ea70
Event: 10397.895 Thread 0x0000012579e2ea70 Thread exited: 0x0000012579e2ea70
Event: 10397.962 Thread 0x000001256bab1700 Thread exited: 0x000001256bab1700
Event: 10411.182 Thread 0x000001256322e510 Thread added: 0x000001256b4d9ae0
Event: 10411.300 Thread 0x000001256322e510 Thread added: 0x000001256b4d8af0
Event: 10411.773 Thread 0x000001256b4d8af0 Thread exited: 0x000001256b4d8af0
Event: 10411.773 Thread 0x000001256b4d9ae0 Thread exited: 0x000001256b4d9ae0
Event: 10411.776 Thread 0x000001256322e510 Thread added: 0x0000012577483070
Event: 10411.777 Thread 0x000001256322e510 Thread added: 0x000001256b4d9ae0


Dynamic libraries:
0x00007ff6a8b20000 - 0x00007ff6a8b2e000 	C:\Users\ravip\.jdks\ms-17.0.18\bin\java.exe
0x00007fff28180000 - 0x00007fff283e7000 	C:\WINDOWS\SYSTEM32\ntdll.dll
0x00007fff270b0000 - 0x00007fff27179000 	C:\WINDOWS\System32\KERNEL32.DLL
0x00007fff24ec0000 - 0x00007fff252b4000 	C:\WINDOWS\System32\KERNELBASE.dll
0x00007fff24c00000 - 0x00007fff24d4b000 	C:\WINDOWS\System32\ucrtbase.dll
0x00007fff12ef0000 - 0x00007fff12f08000 	C:\Users\ravip\.jdks\ms-17.0.18\bin\jli.dll
0x00007fff122a0000 - 0x00007fff122be000 	C:\Users\ravip\.jdks\ms-17.0.18\bin\VCRUNTIME140.dll
0x00007fff27dc0000 - 0x00007fff27f85000 	C:\WINDOWS\System32\USER32.dll
0x00007fff13a30000 - 0x00007fff13cc3000 	C:\WINDOWS\WinSxS\amd64_microsoft.windows.common-controls_6595b64144ccf1df_6.0.26100.8115_none_3e075c82e3354f9c\COMCTL32.dll
0x00007fff24a50000 - 0x00007fff24a77000 	C:\WINDOWS\System32\win32u.dll
0x00007fff264d0000 - 0x00007fff26579000 	C:\WINDOWS\System32\msvcrt.dll
0x00007fff25f20000 - 0x00007fff25f4b000 	C:\WINDOWS\System32\GDI32.dll
0x00007fff25de0000 - 0x00007fff25f0b000 	C:\WINDOWS\System32\gdi32full.dll
0x00007fff25ca0000 - 0x00007fff25d43000 	C:\WINDOWS\System32\msvcp_win.dll
0x00007fff25fa0000 - 0x00007fff25fd2000 	C:\WINDOWS\System32\IMM32.DLL
0x00007fff22200000 - 0x00007fff2220c000 	C:\Users\ravip\.jdks\ms-17.0.18\bin\vcruntime140_1.dll
0x00007ffefb510000 - 0x00007ffefb599000 	C:\Users\ravip\.jdks\ms-17.0.18\bin\msvcp140.dll
0x00007ffe6da60000 - 0x00007ffe6e6da000 	C:\Users\ravip\.jdks\ms-17.0.18\bin\server\jvm.dll
0x00007fff26ee0000 - 0x00007fff26f96000 	C:\WINDOWS\System32\ADVAPI32.dll
0x00007fff261c0000 - 0x00007fff26267000 	C:\WINDOWS\System32\sechost.dll
0x00007fff27600000 - 0x00007fff27718000 	C:\WINDOWS\System32\RPCRT4.dll
0x00007fff27800000 - 0x00007fff27880000 	C:\WINDOWS\System32\WS2_32.dll
0x00007fff248d0000 - 0x00007fff2492e000 	C:\WINDOWS\SYSTEM32\POWRPROF.dll
0x00007fff1be20000 - 0x00007fff1be56000 	C:\WINDOWS\SYSTEM32\WINMM.dll
0x00007fff1bc80000 - 0x00007fff1bc8b000 	C:\WINDOWS\SYSTEM32\VERSION.dll
0x00007fff248b0000 - 0x00007fff248c4000 	C:\WINDOWS\SYSTEM32\UMPDC.dll
0x00007fff237a0000 - 0x00007fff237bb000 	C:\WINDOWS\SYSTEM32\kernel.appcore.dll
0x00007fff10f90000 - 0x00007fff10f9a000 	C:\Users\ravip\.jdks\ms-17.0.18\bin\jimage.dll
0x00007fff14370000 - 0x00007fff145b2000 	C:\WINDOWS\SYSTEM32\DBGHELP.DLL
0x00007fff27180000 - 0x00007fff27502000 	C:\WINDOWS\System32\combase.dll
0x00007fff27720000 - 0x00007fff277f8000 	C:\WINDOWS\System32\OLEAUT32.dll
0x00007fff06e20000 - 0x00007fff06e5b000 	C:\WINDOWS\SYSTEM32\dbgcore.DLL
0x00007fff25bf0000 - 0x00007fff25c95000 	C:\WINDOWS\System32\bcryptPrimitives.dll
0x00007fff10f80000 - 0x00007fff10f8f000 	C:\Users\ravip\.jdks\ms-17.0.18\bin\instrument.dll
0x00007fff00470000 - 0x00007fff00496000 	C:\Users\ravip\.jdks\ms-17.0.18\bin\java.dll
0x00007ffec2c20000 - 0x00007ffec2cf6000 	C:\Users\ravip\.jdks\ms-17.0.18\bin\jsvml.dll
0x00007fff26580000 - 0x00007fff26ce7000 	C:\WINDOWS\System32\SHELL32.dll
0x00007fff24d50000 - 0x00007fff24eba000 	C:\WINDOWS\System32\wintypes.dll
0x00007fff252c0000 - 0x00007fff25b28000 	C:\WINDOWS\System32\windows.storage.dll
0x00007fff263d0000 - 0x00007fff264c8000 	C:\WINDOWS\System32\SHCORE.dll
0x00007fff278b0000 - 0x00007fff27916000 	C:\WINDOWS\System32\shlwapi.dll
0x00007fff24940000 - 0x00007fff24969000 	C:\WINDOWS\SYSTEM32\profapi.dll
0x00007fff04490000 - 0x00007fff044a8000 	C:\Users\ravip\.jdks\ms-17.0.18\bin\zip.dll
0x00007ffeff320000 - 0x00007ffeff33b000 	C:\Users\ravip\.jdks\ms-17.0.18\bin\net.dll
0x00007fff1e900000 - 0x00007fff1ea2d000 	C:\WINDOWS\SYSTEM32\WINHTTP.dll
0x00007fff23cf0000 - 0x00007fff23d5c000 	C:\WINDOWS\system32\mswsock.dll
0x00007ffeff300000 - 0x00007ffeff316000 	C:\Users\ravip\.jdks\ms-17.0.18\bin\nio.dll
0x00007fff0bb20000 - 0x00007fff0bb30000 	C:\Users\ravip\.jdks\ms-17.0.18\bin\verify.dll
0x00007fff0ba00000 - 0x00007fff0ba27000 	C:\Users\ravip\.gradle\native\1def1411415f61bf3af743bc5b6707747c0891f09f0c88961ee8f79bc544acac\windows-amd64\native-platform.dll
0x00007ffef70a0000 - 0x00007ffef7118000 	C:\Users\ravip\.gradle\native\0.2.7\x86_64-windows-gnu\gradle-fileevents.dll
0x00007fff06930000 - 0x00007fff0693a000 	C:\Users\ravip\.jdks\ms-17.0.18\bin\management.dll
0x00007fff01910000 - 0x00007fff0191c000 	C:\Users\ravip\.jdks\ms-17.0.18\bin\management_ext.dll
0x00007fff27f90000 - 0x00007fff27f98000 	C:\WINDOWS\System32\PSAPI.DLL
0x00007fff23180000 - 0x00007fff231b2000 	C:\WINDOWS\SYSTEM32\IPHLPAPI.DLL
0x00007fff27db0000 - 0x00007fff27dba000 	C:\WINDOWS\System32\NSI.dll
0x00007fff1e870000 - 0x00007fff1e88d000 	C:\WINDOWS\SYSTEM32\dhcpcsvc6.DLL
0x00007fff1e840000 - 0x00007fff1e865000 	C:\WINDOWS\SYSTEM32\dhcpcsvc.DLL
0x00007fff231c0000 - 0x00007fff232f2000 	C:\WINDOWS\SYSTEM32\DNSAPI.dll
0x00007fff003e0000 - 0x00007fff003e9000 	C:\Users\ravip\.jdks\ms-17.0.18\bin\extnet.dll
0x00007fff240f0000 - 0x00007fff2410b000 	C:\WINDOWS\SYSTEM32\CRYPTSP.dll
0x00007fff23700000 - 0x00007fff23739000 	C:\WINDOWS\system32\rsaenh.dll
0x00007fff23da0000 - 0x00007fff23dd3000 	C:\WINDOWS\SYSTEM32\USERENV.dll
0x00007fff24970000 - 0x00007fff2499a000 	C:\WINDOWS\SYSTEM32\bcrypt.dll
0x00007fff23f50000 - 0x00007fff23f5c000 	C:\WINDOWS\SYSTEM32\CRYPTBASE.dll
0x00007ffeff2f0000 - 0x00007ffeff2fe000 	C:\Users\ravip\.jdks\ms-17.0.18\bin\sunmscapi.dll
0x00007fff24a80000 - 0x00007fff24bf7000 	C:\WINDOWS\System32\CRYPT32.dll
0x00007fff24250000 - 0x00007fff24280000 	C:\WINDOWS\SYSTEM32\ncrypt.dll
0x00007fff24200000 - 0x00007fff2423f000 	C:\WINDOWS\SYSTEM32\NTASN1.dll
0x00007ffeca860000 - 0x00007ffeca868000 	C:\WINDOWS\system32\wshunix.dll
0x00007fff1bb80000 - 0x00007fff1bb8b000 	C:\Windows\System32\rasadhlp.dll
0x00007fff1df60000 - 0x00007fff1dfe6000 	C:\WINDOWS\System32\fwpuclnt.dll
0x00007ffec8110000 - 0x00007ffec8128000 	C:\WINDOWS\system32\napinsp.dll
0x00007ffec8160000 - 0x00007ffec8173000 	C:\WINDOWS\System32\winrnr.dll
0x00007ffec8130000 - 0x00007ffec8152000 	C:\WINDOWS\system32\nlansp_c.dll
0x00007ffefff60000 - 0x00007ffefff76000 	C:\WINDOWS\system32\wshbth.dll
0x00007ffeff2d0000 - 0x00007ffeff2ee000 	C:\Users\ravip\AppData\Local\Temp\native-platform7707287484922380193dir\native-platform.dll
0x00007fff238c0000 - 0x00007fff238f6000 	C:\WINDOWS\SYSTEM32\ntmarta.dll
0x00007ffeff2c0000 - 0x00007ffeff2c7000 	C:\Users\ravip\.jdks\ms-17.0.18\bin\rmi.dll

dbghelp: loaded successfully - version: 4.0.5 - missing functions: none
symbol engine: initialized successfully - sym options: 0x614 - pdb path: .;C:\Users\ravip\.jdks\ms-17.0.18\bin;C:\WINDOWS\SYSTEM32;C:\WINDOWS\WinSxS\amd64_microsoft.windows.common-controls_6595b64144ccf1df_6.0.26100.8115_none_3e075c82e3354f9c;C:\Users\ravip\.jdks\ms-17.0.18\bin\server;C:\Users\ravip\.gradle\native\1def1411415f61bf3af743bc5b6707747c0891f09f0c88961ee8f79bc544acac\windows-amd64;C:\Users\ravip\.gradle\native\0.2.7\x86_64-windows-gnu;C:\Users\ravip\AppData\Local\Temp\native-platform7707287484922380193dir

VM Arguments:
jvm_args: --add-opens=java.base/java.lang=ALL-UNNAMED --add-opens=java.base/java.lang.invoke=ALL-UNNAMED --add-opens=java.base/java.util=ALL-UNNAMED --add-opens=java.prefs/java.util.prefs=ALL-UNNAMED --add-exports=jdk.compiler/com.sun.tools.javac.api=ALL-UNNAMED --add-exports=jdk.compiler/com.sun.tools.javac.util=ALL-UNNAMED --add-opens=java.base/java.util=ALL-UNNAMED --add-opens=java.prefs/java.util.prefs=ALL-UNNAMED --add-opens=java.base/java.nio.charset=ALL-UNNAMED --add-opens=java.base/java.net=ALL-UNNAMED --add-opens=java.base/java.util.concurrent.atomic=ALL-UNNAMED --add-opens=java.xml/javax.xml.namespace=ALL-UNNAMED -XX:MaxMetaspaceSize=1024m --add-exports=jdk.compiler/com.sun.tools.javac.main=ALL-UNNAMED --add-exports=jdk.compiler/com.sun.tools.javac.file=ALL-UNNAMED --add-exports=jdk.compiler/com.sun.tools.javac.util=ALL-UNNAMED --add-exports=jdk.compiler/com.sun.tools.javac.tree=ALL-UNNAMED --add-exports=jdk.compiler/com.sun.tools.javac.api=ALL-UNNAMED -Xmx4096m -Dfile.encoding=UTF-8 -Duser.country=IN -Duser.language=en -Duser.variant -javaagent:C:\Users\ravip\.gradle\wrapper\dists\gradle-8.13-bin\5xuhj0ry160q40clulazy9h7d\gradle-8.13\lib\agents\gradle-instrumentation-agent-8.13.jar 
java_command: org.gradle.launcher.daemon.bootstrap.GradleDaemon 8.13
java_class_path (initial): C:\Users\ravip\.gradle\wrapper\dists\gradle-8.13-bin\5xuhj0ry160q40clulazy9h7d\gradle-8.13\lib\gradle-daemon-main-8.13.jar
Launcher Type: SUN_STANDARD

[Global flags]
     intx CICompilerCount                          = 4                                         {product} {ergonomic}
   size_t CompressedClassSpaceSize                 = 872415232                                 {product} {ergonomic}
     uint ConcGCThreads                            = 3                                         {product} {ergonomic}
     uint G1ConcRefinementThreads                  = 10                                        {product} {ergonomic}
   size_t G1HeapRegionSize                         = 2097152                                   {product} {ergonomic}
    uintx GCDrainStackTargetSize                   = 64                                        {product} {ergonomic}
   size_t InitialHeapSize                          = 262144000                                 {product} {ergonomic}
   size_t MarkStackSize                            = 4194304                                   {product} {ergonomic}
   size_t MaxHeapSize                              = 4294967296                                {product} {command line}
   size_t MaxMetaspaceSize                         = 1073741824                                {product} {command line}
   size_t MaxNewSize                               = 2575302656                                {product} {ergonomic}
   size_t MinHeapDeltaBytes                        = 2097152                                   {product} {ergonomic}
   size_t MinHeapSize                              = 8388608                                   {product} {ergonomic}
    uintx NonNMethodCodeHeapSize                   = 5839372                                {pd product} {ergonomic}
    uintx NonProfiledCodeHeapSize                  = 122909434                              {pd product} {ergonomic}
    uintx ProfiledCodeHeapSize                     = 122909434                              {pd product} {ergonomic}
    uintx ReservedCodeCacheSize                    = 251658240                              {pd product} {ergonomic}
     bool SegmentedCodeCache                       = true                                      {product} {ergonomic}
   size_t SoftMaxHeapSize                          = 4294967296                             {manageable} {ergonomic}
     bool UseCompressedClassPointers               = true                           {product lp64_product} {ergonomic}
     bool UseCompressedOops                        = true                           {product lp64_product} {ergonomic}
     bool UseG1GC                                  = true                                      {product} {ergonomic}
     bool UseLargePagesIndividualAllocation        = false                                  {pd product} {ergonomic}

Logging:
Log output configuration:
 #0: stdout all=warning uptime,level,tags
 #1: stderr all=off uptime,level,tags

Environment Variables:
JAVA_HOME=C:\Program Files\Android\Android Studio\jbr
PATH=C:\Program Files\Android\Android Studio\jbr\bin;%PATH%;C:\Program Files\Git\cmd;C:\Users\ravip\AppData\Local\nvm;C:\nvm4w\nodejs;C:\Program Files\cursor\resources\app\bin;C:\Users\ravip\AppData\Local\Programs\Python\Python312\Scripts\;C:\Users\ravip\AppData\Local\Programs\Python\Python312\;C:\Users\ravip\AppData\Local\Programs\Antigravity\bin
USERNAME=ravip
OS=Windows_NT
PROCESSOR_IDENTIFIER=Intel64 Family 6 Model 167 Stepping 1, GenuineIntel
TMP=C:\Users\ravip\AppData\Local\Temp
TEMP=C:\Users\ravip\AppData\Local\Temp



Periodic native trim disabled


---------------  S Y S T E M  ---------------

OS:
 Windows 11 , 64 bit Build 26100 (10.0.26100.8246)
OS uptime: 1 days 6:22 hours
Hyper-V role detected

CPU: total 12 (initial active 12) (6 cores per cpu, 2 threads per core) family 6 model 167 stepping 1 microcode 0x50, cx8, cmov, fxsr, ht, mmx, 3dnowpref, sse, sse2, sse3, ssse3, sse4.1, sse4.2, popcnt, lzcnt, tsc, tscinvbit, avx, avx2, aes, erms, clmul, bmi1, bmi2, adx, avx512f, avx512dq, avx512cd, avx512bw, avx512vl, sha, fma, vzeroupper, avx512_vpopcntdq, avx512_vpclmulqdq, avx512_vaes, avx512_vnni, clflush, clflushopt, avx512_vbmi2, avx512_vbmi, hv
Processor Information for the first 12 processors :
  Max Mhz: 2712, Current Mhz: 2712, Mhz Limit: 2712

Memory: 4k page, system-wide physical 15975M (953M free)
TotalPageFile size 25292M (AvailPageFile size 93M)
current process WorkingSet (physical memory assigned to process): 1257M, peak: 1263M
current process commit charge ("private bytes"): 1436M, peak: 1630M

vm_info: OpenJDK 64-Bit Server VM (17.0.18+8-LTS) for windows-amd64 JRE (17.0.18+8-LTS), built on Jan 15 2026 18:50:45 by "MicrosoftCorporation" with MS VC++ 17.14 (VS2022)

END.
