#
# There is insufficient memory for the Java Runtime Environment to continue.
# Native memory allocation (mmap) failed to map 920649728 bytes. Error detail: G1 virtual space
# Possible reasons:
#   The system is out of physical RAM or swap space
#   This process is running with CompressedOops enabled, and the Java Heap may be blocking the growth of the native heap
# Possible solutions:
#   Reduce memory load on the system
#   Increase physical memory or swap space
#   Check if swap backing store is full
#   Decrease Java heap size (-Xmx/-Xms)
#   Decrease number of Java threads
#   Decrease Java thread stack sizes (-Xss)
#   Set larger code cache with -XX:ReservedCodeCacheSize=
#   JVM is running with Zero Based Compressed Oops mode in which the Java heap is
#     placed in the first 32GB address space. The Java Heap base address is the
#     maximum limit for the native heap growth. Please use -XX:HeapBaseMinAddress
#     to set the Java Heap base and to place the Java Heap above 32GB virtual address.
# This output file may be truncated or incomplete.
#
#  Out of Memory Error (os_windows.cpp:3690), pid=11016, tid=18876
#
# JRE version: OpenJDK Runtime Environment Microsoft-13106358 (17.0.18+8) (build 17.0.18+8-LTS)
# Java VM: OpenJDK 64-Bit Server VM Microsoft-13106358 (17.0.18+8-LTS, mixed mode, sharing, tiered, compressed oops, compressed class ptrs, g1 gc, windows-amd64)
# No core dump will be written. Minidumps are not enabled by default on client versions of Windows
#

---------------  S U M M A R Y ------------

Command Line: --add-opens=java.base/java.lang=ALL-UNNAMED --add-opens=java.base/java.lang.invoke=ALL-UNNAMED --add-opens=java.base/java.util=ALL-UNNAMED --add-opens=java.prefs/java.util.prefs=ALL-UNNAMED --add-exports=jdk.compiler/com.sun.tools.javac.api=ALL-UNNAMED --add-exports=jdk.compiler/com.sun.tools.javac.util=ALL-UNNAMED --add-opens=java.base/java.util=ALL-UNNAMED --add-opens=java.prefs/java.util.prefs=ALL-UNNAMED --add-opens=java.base/java.nio.charset=ALL-UNNAMED --add-opens=java.base/java.net=ALL-UNNAMED --add-opens=java.base/java.util.concurrent.atomic=ALL-UNNAMED --add-opens=java.xml/javax.xml.namespace=ALL-UNNAMED -XX:MaxMetaspaceSize=1024m --add-exports=jdk.compiler/com.sun.tools.javac.main=ALL-UNNAMED --add-exports=jdk.compiler/com.sun.tools.javac.file=ALL-UNNAMED --add-exports=jdk.compiler/com.sun.tools.javac.util=ALL-UNNAMED --add-exports=jdk.compiler/com.sun.tools.javac.tree=ALL-UNNAMED --add-exports=jdk.compiler/com.sun.tools.javac.api=ALL-UNNAMED -Xmx4096m -Dfile.encoding=UTF-8 -Duser.country=IN -Duser.language=en -Duser.variant -javaagent:C:\Users\ravip\.gradle\wrapper\dists\gradle-8.13-bin\5xuhj0ry160q40clulazy9h7d\gradle-8.13\lib\agents\gradle-instrumentation-agent-8.13.jar org.gradle.launcher.daemon.bootstrap.GradleDaemon 8.13

Host: 11th Gen Intel(R) Core(TM) i5-11500 @ 2.70GHz, 12 cores, 15G,  Windows 11 , 64 bit Build 26100 (10.0.26100.8246)
Time: Thu Apr 23 17:11:24 2026 India Standard Time elapsed time: 882.000919 seconds (0d 0h 14m 42s)

---------------  T H R E A D  ---------------

Current thread (0x000001ff7f5bc860):  VMThread "VM Thread" [stack: 0x000000cb91100000,0x000000cb91200000] [id=18876]

Stack: [0x000000cb91100000,0x000000cb91200000]
Native frames: (J=compiled Java code, j=interpreted, Vv=VM code, C=native code)
V  [jvm.dll+0x68c879]  (no source info available)
V  [jvm.dll+0x845979]  (no source info available)
V  [jvm.dll+0x8476e8]  (no source info available)
V  [jvm.dll+0x847d73]  (no source info available)
V  [jvm.dll+0x24cf6f]  (no source info available)
V  [jvm.dll+0x68bc79]  (no source info available)
V  [jvm.dll+0x68023a]  (no source info available)
V  [jvm.dll+0x3101a0]  (no source info available)
V  [jvm.dll+0x310042]  (no source info available)
V  [jvm.dll+0x317599]  (no source info available)
V  [jvm.dll+0x369999]  (no source info available)
V  [jvm.dll+0x369bcd]  (no source info available)
V  [jvm.dll+0x2e69aa]  (no source info available)
V  [jvm.dll+0x2e4da1]  (no source info available)
V  [jvm.dll+0x2e453c]  (no source info available)
V  [jvm.dll+0x3292a1]  (no source info available)
V  [jvm.dll+0x84c5fd]  (no source info available)
V  [jvm.dll+0x84d313]  (no source info available)
V  [jvm.dll+0x84d844]  (no source info available)
V  [jvm.dll+0x84dc28]  (no source info available)
V  [jvm.dll+0x84dd1e]  (no source info available)
V  [jvm.dll+0x7f5ebc]  (no source info available)
V  [jvm.dll+0x68de17]  (no source info available)
C  [ucrtbase.dll+0x37b0]  (no source info available)
C  [KERNEL32.DLL+0x2e8d7]  (no source info available)
C  [ntdll.dll+0x8c3fc]  (no source info available)

VM_Operation (0x000000cb9f3fdbe0): G1TryInitiateConcMark, mode: safepoint, requested by thread 0x000001ff55dabff0


---------------  P R O C E S S  ---------------

Threads class SMR info:
_java_thread_list=0x000001ff5f42c0d0, length=231, elements={
0x000001ff710604c0, 0x000001ff7f5c3330, 0x000001ff7f5c3d00, 0x000001ff7f5da750,
0x000001ff7f5db020, 0x000001ff7f5db8f0, 0x000001ff7f5dc1c0, 0x000001ff7f5dee80,
0x000001ff7f5e3ff0, 0x000001ff7f5e6910, 0x000001ff7f5ae210, 0x000001ff7f77ea80,
0x000001ff4fc92290, 0x000001ff4fab62d0, 0x000001ff4ecb9050, 0x000001ff4fdabab0,
0x000001ff4fdae840, 0x000001ff4fdacef0, 0x000001ff4fdac9e0, 0x000001ff52be4f30,
0x000001ff52be5440, 0x000001ff52be4510, 0x000001ff52be6370, 0x000001ff52beaf60,
0x000001ff544ccb80, 0x000001ff544c98e0, 0x000001ff544cd5a0, 0x000001ff544cdab0,
0x000001ff526a2a00, 0x000001ff505af570, 0x000001ff505b5ab0, 0x000001ff505b5fc0,
0x000001ff505b5090, 0x000001ff54aa7780, 0x000001ff54aae1d0, 0x000001ff5df31590,
0x000001ff5df324c0, 0x000001ff7f6f9560, 0x000001ff5bd6de10, 0x000001ff5b812e10,
0x000001ff5bd6c9d0, 0x000001ff5b814250, 0x000001ff55a946b0, 0x000001ff537337b0,
0x000001ff553a0dd0, 0x000001ff55e0dcd0, 0x000001ff5e7e6220, 0x000001ff5b553ed0,
0x000001ff5dc49ad0, 0x000001ff5e7e48d0, 0x000001ff5e7e4de0, 0x000001ff4e2c35d0,
0x000001ff5dc4b930, 0x000001ff5b0f7ea0, 0x000001ff5b0f5b30, 0x000001ff5b0f83b0,
0x000001ff5dc4c860, 0x000001ff5dc49fe0, 0x000001ff5dc4b420, 0x000001ff5dc4a4f0,
0x000001ff5dc4cd70, 0x000001ff5dc4be40, 0x000001ff5dc495c0, 0x000001ff5dc4aa00,
0x000001ff4efd9420, 0x000001ff4efd9930, 0x000001ff53732880, 0x000001ff53732d90,
0x000001ff53731440, 0x000001ff537332a0, 0x000001ff53731950, 0x000001ff53731e60,
0x000001ff53732370, 0x000001ff53733cc0, 0x000001ff553a12e0, 0x000001ff553a08c0,
0x000001ff549dbaf0, 0x000001ff549dd440, 0x000001ff55d192a0, 0x000001ff55d197b0,
0x000001ff55d19cc0, 0x000001ff55d1a1d0, 0x000001ff55d1b100, 0x000001ff55d1abf0,
0x000001ff55d1b610, 0x000001ff55d1bb20, 0x000001ff55d1c030, 0x000001ff5b815690,
0x000001ff5b815ba0, 0x000001ff5b8160b0, 0x000001ff5b814760, 0x000001ff5b812900,
0x000001ff5b813320, 0x000001ff5b815180, 0x000001ff5b813830, 0x000001ff5b813d40,
0x000001ff5b814c70, 0x000001ff7f6f9f80, 0x000001ff5e1bcc00, 0x000001ff5e1bada0,
0x000001ff5e1ba380, 0x000001ff5e1bb7c0, 0x000001ff5e7e2a70, 0x000001ff5e7e5800,
0x000001ff5e7e2f80, 0x000001ff5e7e39a0, 0x000001ff5e7e5d10, 0x000001ff5e7e3eb0,
0x000001ff5e7e43c0, 0x000001ff537341d0, 0x000001ff537346e0, 0x000001ff53734bf0,
0x000001ff52ccc650, 0x000001ff52ccad00, 0x000001ff52ccb210, 0x000001ff52ccda90,
0x000001ff52ccdfa0, 0x000001ff52ccb720, 0x000001ff52cccb60, 0x000001ff52ccbc30,
0x000001ff52ccd070, 0x000001ff52ccd580, 0x000001ff542588c0, 0x000001ff542583b0,
0x000001ff542592e0, 0x000001ff54256f70, 0x000001ff54259d00, 0x000001ff54257ea0,
0x000001ff5425a720, 0x000001ff54257480, 0x000001ff54258dd0, 0x000001ff54257990,
0x000001ff5425a210, 0x000001ff542597f0, 0x000001ff51b97f70, 0x000001ff51b98480,
0x000001ff51b9a2e0, 0x000001ff51b9a7f0, 0x000001ff51b98990, 0x000001ff51fdbf80,
0x000001ff51fdc490, 0x000001ff51fdab40, 0x000001ff51fdb050, 0x000001ff4e2c0330,
0x000001ff51fdba70, 0x000001ff55e0ec00, 0x000001ff55e0f110, 0x000001ff55e0d7c0,
0x000001ff55e0c890, 0x000001ff5b0f7990, 0x000001ff55e0f620, 0x000001ff55e0fb30,
0x000001ff55e0c380, 0x000001ff55a92d60, 0x000001ff543d6060, 0x000001ff543d5b50,
0x000001ff543d5130, 0x000001ff543d6570, 0x000001ff543d4c20, 0x000001ff543d5640,
0x000001ff55a93c90, 0x000001ff51fc7ec0, 0x000001ff55e0e1e0, 0x000001ff5dc4af10,
0x000001ff55fd9fd0, 0x000001ff55fda4e0, 0x000001ff5df329d0, 0x000001ff5df31fb0,
0x000001ff5c949350, 0x000001ff5c949860, 0x000001ff5c94b1b0, 0x000001ff5c949d70,
0x000001ff5c947a00, 0x000001ff5c947f10, 0x000001ff549d9c90, 0x000001ff549dabc0,
0x000001ff549da1a0, 0x000001ff549dcf30, 0x000001ff549dc000, 0x000001ff549db0d0,
0x000001ff549da6b0, 0x000001ff549db5e0, 0x000001ff549dc510, 0x000001ff549dca20,
0x000001ff543e0830, 0x000001ff51fc83d0, 0x000001ff51fc74a0, 0x000001ff51fc9300,
0x000001ff51fc6060, 0x000001ff51fc79b0, 0x000001ff51fc6570, 0x000001ff51fc88e0,
0x000001ff51fc6a80, 0x000001ff51fc6f90, 0x000001ff51fc8df0, 0x000001ff5ed82c80,
0x000001ff5ed82770, 0x000001ff5b5548f0, 0x000001ff5b554e00, 0x000001ff5b551b60,
0x000001ff5b551650, 0x000001ff5b552580, 0x000001ff5b552070, 0x000001ff5ed7d8c0,
0x000001ff5ed7e2e0, 0x000001ff5c94a280, 0x000001ff55dabff0, 0x000001ff55dac500,
0x000001ff55daca10, 0x000001ff55dad430, 0x000001ff5e1ba890, 0x000001ff5e1bb2b0,
0x000001ff5e1bc1e0, 0x000001ff5b0f6f70, 0x000001ff51fc9810, 0x000001ff4e2c0d50,
0x000001ff536ce300, 0x000001ff5c948420, 0x000001ff5c94a790, 0x000001ff5c948930,
0x000001ff55e0d2b0, 0x000001ff55e0e6f0, 0x000001ff4e2c1c80, 0x000001ff4e2c1260,
0x000001ff4e2c2190, 0x000001ff4e2be9e0, 0x000001ff4e2c5e50, 0x000001ff4e2c5430,
0x000001ff5b0f5110, 0x000001ff5bd69590, 0x000001ff5bd675b0
}

Java Threads: ( => current thread )
  0x000001ff710604c0 JavaThread "main" [_thread_blocked, id=18064, stack(0x000000cb90b00000,0x000000cb90c00000)]
  0x000001ff7f5c3330 JavaThread "Reference Handler" daemon [_thread_blocked, id=11888, stack(0x000000cb91200000,0x000000cb91300000)]
  0x000001ff7f5c3d00 JavaThread "Finalizer" daemon [_thread_blocked, id=20728, stack(0x000000cb91300000,0x000000cb91400000)]
  0x000001ff7f5da750 JavaThread "Signal Dispatcher" daemon [_thread_blocked, id=2956, stack(0x000000cb91400000,0x000000cb91500000)]
  0x000001ff7f5db020 JavaThread "Attach Listener" daemon [_thread_blocked, id=13736, stack(0x000000cb91500000,0x000000cb91600000)]
  0x000001ff7f5db8f0 JavaThread "Service Thread" daemon [_thread_blocked, id=16972, stack(0x000000cb91600000,0x000000cb91700000)]
  0x000001ff7f5dc1c0 JavaThread "Monitor Deflation Thread" daemon [_thread_blocked, id=18208, stack(0x000000cb91700000,0x000000cb91800000)]
  0x000001ff7f5dee80 JavaThread "C2 CompilerThread0" daemon [_thread_in_native, id=16752, stack(0x000000cb91800000,0x000000cb91900000)]
  0x000001ff7f5e3ff0 JavaThread "C1 CompilerThread0" daemon [_thread_blocked, id=19732, stack(0x000000cb91900000,0x000000cb91a00000)]
  0x000001ff7f5e6910 JavaThread "Sweeper thread" daemon [_thread_blocked, id=21132, stack(0x000000cb91a00000,0x000000cb91b00000)]
  0x000001ff7f5ae210 JavaThread "Common-Cleaner" daemon [_thread_blocked, id=5704, stack(0x000000cb91b00000,0x000000cb91c00000)]
  0x000001ff7f77ea80 JavaThread "Notification Thread" daemon [_thread_blocked, id=6920, stack(0x000000cb91c00000,0x000000cb91d00000)]
  0x000001ff4fc92290 JavaThread "Daemon health stats" [_thread_blocked, id=21480, stack(0x000000cb92600000,0x000000cb92700000)]
  0x000001ff4fab62d0 JavaThread "Incoming local TCP Connector on port 62177" [_thread_in_native, id=20976, stack(0x000000cb92700000,0x000000cb92800000)]
  0x000001ff4ecb9050 JavaThread "Daemon periodic checks" [_thread_blocked, id=3400, stack(0x000000cb92800000,0x000000cb92900000)]
  0x000001ff4fdabab0 JavaThread "Cache worker for journal cache (C:\Users\ravip\.gradle\caches\journal-1)" [_thread_blocked, id=16828, stack(0x000000cb93000000,0x000000cb93100000)]
  0x000001ff4fdae840 JavaThread "File lock request listener" [_thread_in_native, id=18972, stack(0x000000cb93100000,0x000000cb93200000)]
  0x000001ff4fdacef0 JavaThread "Cache worker for file hash cache (C:\Users\ravip\.gradle\caches\8.13\fileHashes)" [_thread_blocked, id=17852, stack(0x000000cb93200000,0x000000cb93300000)]
  0x000001ff4fdac9e0 JavaThread "File watcher server" daemon [_thread_blocked, id=11352, stack(0x000000cb93a00000,0x000000cb93b00000)]
  0x000001ff52be4f30 JavaThread "File watcher consumer" daemon [_thread_blocked, id=4052, stack(0x000000cb93b00000,0x000000cb93c00000)]
  0x000001ff52be5440 JavaThread "jar transforms" [_thread_blocked, id=14516, stack(0x000000cb91f00000,0x000000cb92000000)]
  0x000001ff52be4510 JavaThread "jar transforms Thread 2" [_thread_blocked, id=14916, stack(0x000000cb93c00000,0x000000cb93d00000)]
  0x000001ff52be6370 JavaThread "Cache worker for file content cache (C:\Users\ravip\.gradle\caches\8.13\fileContent)" [_thread_blocked, id=20724, stack(0x000000cb94200000,0x000000cb94300000)]
  0x000001ff52beaf60 JavaThread "jar transforms Thread 3" [_thread_blocked, id=20904, stack(0x000000cb94300000,0x000000cb94400000)]
  0x000001ff544ccb80 JavaThread "jar transforms Thread 4" [_thread_blocked, id=2748, stack(0x000000cb95a00000,0x000000cb95b00000)]
  0x000001ff544c98e0 JavaThread "jar transforms Thread 5" [_thread_blocked, id=404, stack(0x000000cb95b00000,0x000000cb95c00000)]
  0x000001ff544cd5a0 JavaThread "jar transforms Thread 6" [_thread_blocked, id=5212, stack(0x000000cb96600000,0x000000cb96700000)]
  0x000001ff544cdab0 JavaThread "jar transforms Thread 7" [_thread_blocked, id=12048, stack(0x000000cb96700000,0x000000cb96800000)]
  0x000001ff526a2a00 JavaThread "jar transforms Thread 8" [_thread_blocked, id=20788, stack(0x000000cb96800000,0x000000cb96900000)]
  0x000001ff505af570 JavaThread "Memory manager" [_thread_blocked, id=5756, stack(0x000000cb99e00000,0x000000cb99f00000)]
  0x000001ff505b5ab0 JavaThread "ForkJoinPool.commonPool-worker-1" daemon [_thread_blocked, id=11280, stack(0x000000cb9a100000,0x000000cb9a200000)]
  0x000001ff505b5fc0 JavaThread "ForkJoinPool.commonPool-worker-3" daemon [_thread_blocked, id=15284, stack(0x000000cb9a300000,0x000000cb9a400000)]
  0x000001ff505b5090 JavaThread "ForkJoinPool.commonPool-worker-4" daemon [_thread_blocked, id=16832, stack(0x000000cb9a400000,0x000000cb9a500000)]
  0x000001ff54aa7780 JavaThread "ForkJoinPool.commonPool-worker-8" daemon [_thread_blocked, id=20476, stack(0x000000cb9a800000,0x000000cb9a900000)]
  0x000001ff54aae1d0 JavaThread "pool-3-thread-1" [_thread_blocked, id=17996, stack(0x000000cb9b200000,0x000000cb9b300000)]
  0x000001ff5df31590 JavaThread "ForkJoinPool.commonPool-worker-13" daemon [_thread_blocked, id=2856, stack(0x000000cb98400000,0x000000cb98500000)]
  0x000001ff5df324c0 JavaThread "ForkJoinPool.commonPool-worker-14" daemon [_thread_blocked, id=20896, stack(0x000000cb98500000,0x000000cb98600000)]
  0x000001ff7f6f9560 JavaThread "ForkJoinPool.commonPool-worker-15" daemon [_thread_blocked, id=17436, stack(0x000000cb98600000,0x000000cb98700000)]
  0x000001ff5bd6de10 JavaThread "pool-8-thread-1" [_thread_blocked, id=14124, stack(0x000000cb98700000,0x000000cb98800000)]
  0x000001ff5b812e10 JavaThread "ForkJoinPool.commonPool-worker-16" daemon [_thread_blocked, id=11000, stack(0x000000cb9df00000,0x000000cb9e000000)]
  0x000001ff5bd6c9d0 JavaThread "Daemon Thread 3" [_thread_blocked, id=11504, stack(0x000000cb90a00000,0x000000cb90b00000)]
  0x000001ff5b814250 JavaThread "Daemon worker Thread 3" [_thread_blocked, id=20556, stack(0x000000cb92a00000,0x000000cb92b00000)]
  0x000001ff55a946b0 JavaThread "pool-12-thread-1" [_thread_blocked, id=14844, stack(0x000000cb97300000,0x000000cb97400000)]
  0x000001ff537337b0 JavaThread "pool-15-thread-1" [_thread_blocked, id=7964, stack(0x000000cb97500000,0x000000cb97600000)]
  0x000001ff553a0dd0 JavaThread "jar transforms Thread 9" [_thread_blocked, id=7056, stack(0x000000cb95800000,0x000000cb95900000)]
  0x000001ff55e0dcd0 JavaThread "jar transforms Thread 10" [_thread_blocked, id=4596, stack(0x000000cb96500000,0x000000cb96600000)]
  0x000001ff5e7e6220 JavaThread "pool-18-thread-1" [_thread_blocked, id=15976, stack(0x000000cb99b00000,0x000000cb99c00000)]
  0x000001ff5b553ed0 JavaThread "RMI Scheduler(0)" daemon [_thread_blocked, id=16948, stack(0x000000cb96c00000,0x000000cb96d00000)]
  0x000001ff5dc49ad0 JavaThread "RMI GC Daemon" daemon [_thread_blocked, id=17576, stack(0x000000cb9f700000,0x000000cb9f800000)]
  0x000001ff5e7e48d0 JavaThread "RMI TCP Accept-0" daemon [_thread_in_native, id=15552, stack(0x000000cb90800000,0x000000cb90900000)]
  0x000001ff5e7e4de0 JavaThread "RMI Reaper" [_thread_blocked, id=19180, stack(0x000000cb90900000,0x000000cb90a00000)]
  0x000001ff4e2c35d0 JavaThread "RMI TCP Connection(idle)" daemon [_thread_blocked, id=17232, stack(0x000000cb9eb00000,0x000000cb9ec00000)]
  0x000001ff5dc4b930 JavaThread "pool-21-thread-1" [_thread_blocked, id=16728, stack(0x000000cb97600000,0x000000cb97700000)]
  0x000001ff5b0f7ea0 JavaThread "pool-24-thread-1" [_thread_blocked, id=18188, stack(0x000000cb97900000,0x000000cb97a00000)]
  0x000001ff5b0f5b30 JavaThread "Handler for socket connection from /127.0.0.1:62177 to /127.0.0.1:64087" [_thread_in_native, id=15272, stack(0x000000cb91e00000,0x000000cb91f00000)]
  0x000001ff5b0f83b0 JavaThread "Cancel handler" [_thread_blocked, id=2012, stack(0x000000cb92900000,0x000000cb92a00000)]
  0x000001ff5dc4c860 JavaThread "Asynchronous log dispatcher for DefaultDaemonConnection: socket connection from /127.0.0.1:62177 to /127.0.0.1:64087" [_thread_blocked, id=8676, stack(0x000000cb92c00000,0x000000cb92d00000)]
  0x000001ff5dc49fe0 JavaThread "Stdin handler" [_thread_blocked, id=7688, stack(0x000000cb92d00000,0x000000cb92e00000)]
  0x000001ff5dc4b420 JavaThread "Daemon client event forwarder" [_thread_blocked, id=18512, stack(0x000000cb92e00000,0x000000cb92f00000)]
  0x000001ff5dc4a4f0 JavaThread "Cache worker for file hash cache (C:\Users\ravip\AndroidStudioProjects\PoliceMobileDirectory\.gradle\8.13\fileHashes)" [_thread_blocked, id=20768, stack(0x000000cb92f00000,0x000000cb93000000)]
  0x000001ff5dc4cd70 JavaThread "Cache worker for Build Output Cleanup Cache (C:\Users\ravip\AndroidStudioProjects\PoliceMobileDirectory\.gradle\buildOutputCleanup)" [_thread_blocked, id=5904, stack(0x000000cb93300000,0x000000cb93400000)]
  0x000001ff5dc4be40 JavaThread "Cache worker for checksums cache (C:\Users\ravip\AndroidStudioProjects\PoliceMobileDirectory\.gradle\8.13\checksums)" [_thread_blocked, id=812, stack(0x000000cb93400000,0x000000cb93500000)]
  0x000001ff5dc495c0 JavaThread "Cache worker for cache directory md-supplier (C:\Users\ravip\.gradle\caches\8.13\md-supplier)" [_thread_blocked, id=9388, stack(0x000000cb93d00000,0x000000cb93e00000)]
  0x000001ff5dc4aa00 JavaThread "Cache worker for cache directory md-rule (C:\Users\ravip\.gradle\caches\8.13\md-rule)" [_thread_blocked, id=19564, stack(0x000000cb94100000,0x000000cb94200000)]
  0x000001ff4efd9420 JavaThread "Unconstrained build operations" [_thread_blocked, id=11732, stack(0x000000cb94400000,0x000000cb94500000)]
  0x000001ff4efd9930 JavaThread "Unconstrained build operations Thread 2" [_thread_blocked, id=16836, stack(0x000000cb94500000,0x000000cb94600000)]
  0x000001ff53732880 JavaThread "Unconstrained build operations Thread 3" [_thread_blocked, id=6592, stack(0x000000cb94600000,0x000000cb94700000)]
  0x000001ff53732d90 JavaThread "Unconstrained build operations Thread 4" [_thread_blocked, id=15412, stack(0x000000cb94700000,0x000000cb94800000)]
  0x000001ff53731440 JavaThread "Unconstrained build operations Thread 5" [_thread_blocked, id=18980, stack(0x000000cb94800000,0x000000cb94900000)]
  0x000001ff537332a0 JavaThread "Unconstrained build operations Thread 6" [_thread_blocked, id=11580, stack(0x000000cb94900000,0x000000cb94a00000)]
  0x000001ff53731950 JavaThread "Unconstrained build operations Thread 7" [_thread_blocked, id=20552, stack(0x000000cb94a00000,0x000000cb94b00000)]
  0x000001ff53731e60 JavaThread "Unconstrained build operations Thread 8" [_thread_blocked, id=15856, stack(0x000000cb94b00000,0x000000cb94c00000)]
  0x000001ff53732370 JavaThread "Unconstrained build operations Thread 9" [_thread_blocked, id=19428, stack(0x000000cb94c00000,0x000000cb94d00000)]
  0x000001ff53733cc0 JavaThread "Unconstrained build operations Thread 10" [_thread_blocked, id=17876, stack(0x000000cb94d00000,0x000000cb94e00000)]
  0x000001ff553a12e0 JavaThread "Unconstrained build operations Thread 11" [_thread_blocked, id=2360, stack(0x000000cb94e00000,0x000000cb94f00000)]
  0x000001ff553a08c0 JavaThread "Unconstrained build operations Thread 12" [_thread_blocked, id=17704, stack(0x000000cb94f00000,0x000000cb95000000)]
  0x000001ff549dbaf0 JavaThread "Unconstrained build operations Thread 13" [_thread_blocked, id=15836, stack(0x000000cb95000000,0x000000cb95100000)]
  0x000001ff549dd440 JavaThread "Unconstrained build operations Thread 14" [_thread_blocked, id=13916, stack(0x000000cb95100000,0x000000cb95200000)]
  0x000001ff55d192a0 JavaThread "Unconstrained build operations Thread 15" [_thread_blocked, id=6860, stack(0x000000cb95200000,0x000000cb95300000)]
  0x000001ff55d197b0 JavaThread "Unconstrained build operations Thread 16" [_thread_blocked, id=17732, stack(0x000000cb95300000,0x000000cb95400000)]
  0x000001ff55d19cc0 JavaThread "Unconstrained build operations Thread 17" [_thread_blocked, id=2684, stack(0x000000cb95400000,0x000000cb95500000)]
  0x000001ff55d1a1d0 JavaThread "Unconstrained build operations Thread 18" [_thread_blocked, id=12056, stack(0x000000cb95500000,0x000000cb95600000)]
  0x000001ff55d1b100 JavaThread "Unconstrained build operations Thread 19" [_thread_blocked, id=13348, stack(0x000000cb95600000,0x000000cb95700000)]
  0x000001ff55d1abf0 JavaThread "Unconstrained build operations Thread 20" [_thread_blocked, id=20676, stack(0x000000cb95700000,0x000000cb95800000)]
  0x000001ff55d1b610 JavaThread "jar transforms Thread 11" [_thread_blocked, id=16272, stack(0x000000cb95900000,0x000000cb95a00000)]
  0x000001ff55d1bb20 JavaThread "Unconstrained build operations Thread 21" [_thread_blocked, id=19336, stack(0x000000cb95d00000,0x000000cb95e00000)]
  0x000001ff55d1c030 JavaThread "Unconstrained build operations Thread 22" [_thread_blocked, id=10816, stack(0x000000cb95e00000,0x000000cb95f00000)]
  0x000001ff5b815690 JavaThread "Unconstrained build operations Thread 23" [_thread_blocked, id=21184, stack(0x000000cb95f00000,0x000000cb96000000)]
  0x000001ff5b815ba0 JavaThread "Unconstrained build operations Thread 24" [_thread_blocked, id=13064, stack(0x000000cb96000000,0x000000cb96100000)]
  0x000001ff5b8160b0 JavaThread "Unconstrained build operations Thread 25" [_thread_blocked, id=19808, stack(0x000000cb96100000,0x000000cb96200000)]
  0x000001ff5b814760 JavaThread "Unconstrained build operations Thread 26" [_thread_blocked, id=15508, stack(0x000000cb96200000,0x000000cb96300000)]
  0x000001ff5b812900 JavaThread "Unconstrained build operations Thread 27" [_thread_blocked, id=5908, stack(0x000000cb96300000,0x000000cb96400000)]
  0x000001ff5b813320 JavaThread "Unconstrained build operations Thread 28" [_thread_blocked, id=21296, stack(0x000000cb96400000,0x000000cb96500000)]
  0x000001ff5b815180 JavaThread "Unconstrained build operations Thread 29" [_thread_blocked, id=2344, stack(0x000000cb96900000,0x000000cb96a00000)]
  0x000001ff5b813830 JavaThread "Unconstrained build operations Thread 30" [_thread_blocked, id=6304, stack(0x000000cb96a00000,0x000000cb96b00000)]
  0x000001ff5b813d40 JavaThread "jar transforms Thread 12" [_thread_blocked, id=19296, stack(0x000000cb96b00000,0x000000cb96c00000)]
  0x000001ff5b814c70 JavaThread "Unconstrained build operations Thread 31" [_thread_blocked, id=18356, stack(0x000000cb96d00000,0x000000cb96e00000)]
  0x000001ff7f6f9f80 JavaThread "Unconstrained build operations Thread 32" [_thread_blocked, id=13592, stack(0x000000cb96e00000,0x000000cb96f00000)]
  0x000001ff5e1bcc00 JavaThread "Unconstrained build operations Thread 33" [_thread_blocked, id=20908, stack(0x000000cb97000000,0x000000cb97100000)]
  0x000001ff5e1bada0 JavaThread "Unconstrained build operations Thread 34" [_thread_blocked, id=16888, stack(0x000000cb97200000,0x000000cb97300000)]
  0x000001ff5e1ba380 JavaThread "Unconstrained build operations Thread 35" [_thread_blocked, id=15940, stack(0x000000cb97400000,0x000000cb97500000)]
  0x000001ff5e1bb7c0 JavaThread "Unconstrained build operations Thread 36" [_thread_blocked, id=11436, stack(0x000000cb97700000,0x000000cb97800000)]
  0x000001ff5e7e2a70 JavaThread "Unconstrained build operations Thread 37" [_thread_blocked, id=15580, stack(0x000000cb97800000,0x000000cb97900000)]
  0x000001ff5e7e5800 JavaThread "Unconstrained build operations Thread 38" [_thread_blocked, id=5340, stack(0x000000cb97a00000,0x000000cb97b00000)]
  0x000001ff5e7e2f80 JavaThread "Unconstrained build operations Thread 39" [_thread_blocked, id=16060, stack(0x000000cb97b00000,0x000000cb97c00000)]
  0x000001ff5e7e39a0 JavaThread "Unconstrained build operations Thread 40" [_thread_blocked, id=15920, stack(0x000000cb97c00000,0x000000cb97d00000)]
  0x000001ff5e7e5d10 JavaThread "Unconstrained build operations Thread 41" [_thread_blocked, id=18752, stack(0x000000cb97d00000,0x000000cb97e00000)]
  0x000001ff5e7e3eb0 JavaThread "Unconstrained build operations Thread 42" [_thread_blocked, id=20804, stack(0x000000cb97e00000,0x000000cb97f00000)]
  0x000001ff5e7e43c0 JavaThread "Unconstrained build operations Thread 43" [_thread_blocked, id=13356, stack(0x000000cb97f00000,0x000000cb98000000)]
  0x000001ff537341d0 JavaThread "Unconstrained build operations Thread 44" [_thread_blocked, id=19248, stack(0x000000cb98000000,0x000000cb98100000)]
  0x000001ff537346e0 JavaThread "Unconstrained build operations Thread 45" [_thread_blocked, id=19804, stack(0x000000cb98100000,0x000000cb98200000)]
  0x000001ff53734bf0 JavaThread "Unconstrained build operations Thread 46" [_thread_blocked, id=1388, stack(0x000000cb98200000,0x000000cb98300000)]
  0x000001ff52ccc650 JavaThread "Unconstrained build operations Thread 47" [_thread_blocked, id=800, stack(0x000000cb98300000,0x000000cb98400000)]
  0x000001ff52ccad00 JavaThread "Unconstrained build operations Thread 48" [_thread_blocked, id=9684, stack(0x000000cb98800000,0x000000cb98900000)]
  0x000001ff52ccb210 JavaThread "Unconstrained build operations Thread 49" [_thread_blocked, id=19112, stack(0x000000cb98900000,0x000000cb98a00000)]
  0x000001ff52ccda90 JavaThread "Unconstrained build operations Thread 50" [_thread_blocked, id=20016, stack(0x000000cb98a00000,0x000000cb98b00000)]
  0x000001ff52ccdfa0 JavaThread "Unconstrained build operations Thread 51" [_thread_blocked, id=20752, stack(0x000000cb98b00000,0x000000cb98c00000)]
  0x000001ff52ccb720 JavaThread "Unconstrained build operations Thread 52" [_thread_blocked, id=20020, stack(0x000000cb98c00000,0x000000cb98d00000)]
  0x000001ff52cccb60 JavaThread "Unconstrained build operations Thread 53" [_thread_blocked, id=4676, stack(0x000000cb98d00000,0x000000cb98e00000)]
  0x000001ff52ccbc30 JavaThread "Unconstrained build operations Thread 54" [_thread_blocked, id=17512, stack(0x000000cb98e00000,0x000000cb98f00000)]
  0x000001ff52ccd070 JavaThread "Unconstrained build operations Thread 55" [_thread_blocked, id=15000, stack(0x000000cb98f00000,0x000000cb99000000)]
  0x000001ff52ccd580 JavaThread "Unconstrained build operations Thread 56" [_thread_blocked, id=12704, stack(0x000000cb99000000,0x000000cb99100000)]
  0x000001ff542588c0 JavaThread "Unconstrained build operations Thread 57" [_thread_blocked, id=18396, stack(0x000000cb99100000,0x000000cb99200000)]
  0x000001ff542583b0 JavaThread "Unconstrained build operations Thread 58" [_thread_blocked, id=7976, stack(0x000000cb99200000,0x000000cb99300000)]
  0x000001ff542592e0 JavaThread "Unconstrained build operations Thread 59" [_thread_blocked, id=6348, stack(0x000000cb99300000,0x000000cb99400000)]
  0x000001ff54256f70 JavaThread "Unconstrained build operations Thread 60" [_thread_blocked, id=18304, stack(0x000000cb99400000,0x000000cb99500000)]
  0x000001ff54259d00 JavaThread "Unconstrained build operations Thread 61" [_thread_blocked, id=3868, stack(0x000000cb99500000,0x000000cb99600000)]
  0x000001ff54257ea0 JavaThread "Unconstrained build operations Thread 62" [_thread_blocked, id=15152, stack(0x000000cb99600000,0x000000cb99700000)]
  0x000001ff5425a720 JavaThread "Unconstrained build operations Thread 63" [_thread_blocked, id=15316, stack(0x000000cb99700000,0x000000cb99800000)]
  0x000001ff54257480 JavaThread "Unconstrained build operations Thread 64" [_thread_blocked, id=8588, stack(0x000000cb99800000,0x000000cb99900000)]
  0x000001ff54258dd0 JavaThread "Unconstrained build operations Thread 65" [_thread_blocked, id=5296, stack(0x000000cb99900000,0x000000cb99a00000)]
  0x000001ff54257990 JavaThread "Unconstrained build operations Thread 66" [_thread_blocked, id=13180, stack(0x000000cb99a00000,0x000000cb99b00000)]
  0x000001ff5425a210 JavaThread "Unconstrained build operations Thread 67" [_thread_blocked, id=8076, stack(0x000000cb99c00000,0x000000cb99d00000)]
  0x000001ff542597f0 JavaThread "Unconstrained build operations Thread 68" [_thread_blocked, id=17820, stack(0x000000cb99d00000,0x000000cb99e00000)]
  0x000001ff51b97f70 JavaThread "build event listener" [_thread_blocked, id=16252, stack(0x000000cb99f00000,0x000000cb9a000000)]
  0x000001ff51b98480 JavaThread "build event listener" [_thread_blocked, id=13084, stack(0x000000cb9a000000,0x000000cb9a100000)]
  0x000001ff51b9a2e0 JavaThread "pool-27-thread-1" [_thread_blocked, id=20268, stack(0x000000cb9a200000,0x000000cb9a300000)]
  0x000001ff51b9a7f0 JavaThread "build event listener" [_thread_blocked, id=15736, stack(0x000000cb9a500000,0x000000cb9a600000)]
  0x000001ff51b98990 JavaThread "included builds" [_thread_blocked, id=11364, stack(0x000000cb9a600000,0x000000cb9a700000)]
  0x000001ff51fdbf80 JavaThread "Execution worker" [_thread_blocked, id=14492, stack(0x000000cb9a700000,0x000000cb9a800000)]
  0x000001ff51fdc490 JavaThread "Execution worker Thread 2" [_thread_blocked, id=17144, stack(0x000000cb9a900000,0x000000cb9aa00000)]
  0x000001ff51fdab40 JavaThread "Execution worker Thread 3" [_thread_blocked, id=18996, stack(0x000000cb9aa00000,0x000000cb9ab00000)]
  0x000001ff51fdb050 JavaThread "Execution worker Thread 4" [_thread_blocked, id=3548, stack(0x000000cb9ab00000,0x000000cb9ac00000)]
  0x000001ff4e2c0330 JavaThread "Execution worker Thread 5" [_thread_blocked, id=9980, stack(0x000000cb9ac00000,0x000000cb9ad00000)]
  0x000001ff51fdba70 JavaThread "Execution worker Thread 6" [_thread_blocked, id=2184, stack(0x000000cb9ad00000,0x000000cb9ae00000)]
  0x000001ff55e0ec00 JavaThread "Execution worker Thread 7" [_thread_blocked, id=7808, stack(0x000000cb9ae00000,0x000000cb9af00000)]
  0x000001ff55e0f110 JavaThread "Execution worker Thread 8" [_thread_blocked, id=20360, stack(0x000000cb9b300000,0x000000cb9b400000)]
  0x000001ff55e0d7c0 JavaThread "Execution worker Thread 9" [_thread_blocked, id=13344, stack(0x000000cb9b400000,0x000000cb9b500000)]
  0x000001ff55e0c890 JavaThread "Execution worker Thread 10" [_thread_blocked, id=20060, stack(0x000000cb9b500000,0x000000cb9b600000)]
  0x000001ff5b0f7990 JavaThread "Cache worker for execution history cache (C:\Users\ravip\AndroidStudioProjects\PoliceMobileDirectory\.gradle\8.13\executionHistory)" [_thread_blocked, id=5732, stack(0x000000cb9b600000,0x000000cb9b700000)]
  0x000001ff55e0f620 JavaThread "Execution worker Thread 11" [_thread_blocked, id=17812, stack(0x000000cb9b700000,0x000000cb9b800000)]
  0x000001ff55e0fb30 JavaThread "Unconstrained build operations Thread 69" [_thread_blocked, id=4740, stack(0x000000cb96f00000,0x000000cb97000000)]
  0x000001ff55e0c380 JavaThread "Unconstrained build operations Thread 70" [_thread_blocked, id=10288, stack(0x000000cb9b800000,0x000000cb9b900000)]
  0x000001ff55a92d60 JavaThread "Unconstrained build operations Thread 71" [_thread_blocked, id=10996, stack(0x000000cb9b900000,0x000000cb9ba00000)]
  0x000001ff543d6060 JavaThread "Unconstrained build operations Thread 72" [_thread_blocked, id=15016, stack(0x000000cb9ba00000,0x000000cb9bb00000)]
  0x000001ff543d5b50 JavaThread "Unconstrained build operations Thread 73" [_thread_blocked, id=7312, stack(0x000000cb9bb00000,0x000000cb9bc00000)]
  0x000001ff543d5130 JavaThread "Unconstrained build operations Thread 74" [_thread_blocked, id=17768, stack(0x000000cb9bc00000,0x000000cb9bd00000)]
  0x000001ff543d6570 JavaThread "Unconstrained build operations Thread 75" [_thread_blocked, id=15496, stack(0x000000cb9bd00000,0x000000cb9be00000)]
  0x000001ff543d4c20 JavaThread "Unconstrained build operations Thread 76" [_thread_blocked, id=10968, stack(0x000000cb9be00000,0x000000cb9bf00000)]
  0x000001ff543d5640 JavaThread "Unconstrained build operations Thread 77" [_thread_blocked, id=21476, stack(0x000000cb9bf00000,0x000000cb9c000000)]
  0x000001ff55a93c90 JavaThread "Unconstrained build operations Thread 78" [_thread_blocked, id=6004, stack(0x000000cb9c000000,0x000000cb9c100000)]
  0x000001ff51fc7ec0 JavaThread "Unconstrained build operations Thread 79" [_thread_blocked, id=12268, stack(0x000000cb9c100000,0x000000cb9c200000)]
  0x000001ff55e0e1e0 JavaThread "WorkerExecutor Queue" [_thread_blocked, id=17840, stack(0x000000cb9c200000,0x000000cb9c300000)]
  0x000001ff5dc4af10 JavaThread "Unconstrained build operations Thread 80" [_thread_blocked, id=13164, stack(0x000000cb9c300000,0x000000cb9c400000)]
  0x000001ff55fd9fd0 JavaThread "Unconstrained build operations Thread 81" [_thread_blocked, id=18004, stack(0x000000cb9c400000,0x000000cb9c500000)]
  0x000001ff55fda4e0 JavaThread "Unconstrained build operations Thread 82" [_thread_blocked, id=14448, stack(0x000000cb9c500000,0x000000cb9c600000)]
  0x000001ff5df329d0 JavaThread "Unconstrained build operations Thread 83" [_thread_blocked, id=8064, stack(0x000000cb9c600000,0x000000cb9c700000)]
  0x000001ff5df31fb0 JavaThread "Unconstrained build operations Thread 84" [_thread_blocked, id=6040, stack(0x000000cb9c700000,0x000000cb9c800000)]
  0x000001ff5c949350 JavaThread "Unconstrained build operations Thread 85" [_thread_blocked, id=19284, stack(0x000000cb9c800000,0x000000cb9c900000)]
  0x000001ff5c949860 JavaThread "Unconstrained build operations Thread 86" [_thread_blocked, id=19188, stack(0x000000cb9c900000,0x000000cb9ca00000)]
  0x000001ff5c94b1b0 JavaThread "Unconstrained build operations Thread 87" [_thread_blocked, id=6152, stack(0x000000cb9ca00000,0x000000cb9cb00000)]
  0x000001ff5c949d70 JavaThread "Unconstrained build operations Thread 88" [_thread_blocked, id=19460, stack(0x000000cb9cb00000,0x000000cb9cc00000)]
  0x000001ff5c947a00 JavaThread "Unconstrained build operations Thread 89" [_thread_blocked, id=16132, stack(0x000000cb9cc00000,0x000000cb9cd00000)]
  0x000001ff5c947f10 JavaThread "Unconstrained build operations Thread 90" [_thread_blocked, id=19160, stack(0x000000cb9cd00000,0x000000cb9ce00000)]
  0x000001ff549d9c90 JavaThread "Unconstrained build operations Thread 91" [_thread_blocked, id=17860, stack(0x000000cb9ce00000,0x000000cb9cf00000)]
  0x000001ff549dabc0 JavaThread "Unconstrained build operations Thread 92" [_thread_blocked, id=6352, stack(0x000000cb9cf00000,0x000000cb9d000000)]
  0x000001ff549da1a0 JavaThread "Unconstrained build operations Thread 93" [_thread_blocked, id=21288, stack(0x000000cb9d000000,0x000000cb9d100000)]
  0x000001ff549dcf30 JavaThread "Unconstrained build operations Thread 94" [_thread_blocked, id=18740, stack(0x000000cb9d100000,0x000000cb9d200000)]
  0x000001ff549dc000 JavaThread "Unconstrained build operations Thread 95" [_thread_blocked, id=8800, stack(0x000000cb9d200000,0x000000cb9d300000)]
  0x000001ff549db0d0 JavaThread "Unconstrained build operations Thread 96" [_thread_blocked, id=12512, stack(0x000000cb9d300000,0x000000cb9d400000)]
  0x000001ff549da6b0 JavaThread "Unconstrained build operations Thread 97" [_thread_blocked, id=17760, stack(0x000000cb9d400000,0x000000cb9d500000)]
  0x000001ff549db5e0 JavaThread "Unconstrained build operations Thread 98" [_thread_blocked, id=4324, stack(0x000000cb9d500000,0x000000cb9d600000)]
  0x000001ff549dc510 JavaThread "Unconstrained build operations Thread 99" [_thread_blocked, id=14688, stack(0x000000cb9d600000,0x000000cb9d700000)]
  0x000001ff549dca20 JavaThread "Unconstrained build operations Thread 100" [_thread_blocked, id=16076, stack(0x000000cb9d700000,0x000000cb9d800000)]
  0x000001ff543e0830 JavaThread "Unconstrained build operations Thread 101" [_thread_blocked, id=20688, stack(0x000000cb9d800000,0x000000cb9d900000)]
  0x000001ff51fc83d0 JavaThread "Unconstrained build operations Thread 102" [_thread_blocked, id=9052, stack(0x000000cb9d900000,0x000000cb9da00000)]
  0x000001ff51fc74a0 JavaThread "Unconstrained build operations Thread 103" [_thread_blocked, id=18628, stack(0x000000cb9da00000,0x000000cb9db00000)]
  0x000001ff51fc9300 JavaThread "Unconstrained build operations Thread 104" [_thread_blocked, id=19532, stack(0x000000cb9db00000,0x000000cb9dc00000)]
  0x000001ff51fc6060 JavaThread "Unconstrained build operations Thread 105" [_thread_blocked, id=15712, stack(0x000000cb9dc00000,0x000000cb9dd00000)]
  0x000001ff51fc79b0 JavaThread "Unconstrained build operations Thread 106" [_thread_blocked, id=8656, stack(0x000000cb9dd00000,0x000000cb9de00000)]
  0x000001ff51fc6570 JavaThread "Unconstrained build operations Thread 107" [_thread_blocked, id=20400, stack(0x000000cb9de00000,0x000000cb9df00000)]
  0x000001ff51fc88e0 JavaThread "Unconstrained build operations Thread 108" [_thread_blocked, id=19848, stack(0x000000cb9e000000,0x000000cb9e100000)]
  0x000001ff51fc6a80 JavaThread "Unconstrained build operations Thread 109" [_thread_blocked, id=18460, stack(0x000000cb9e100000,0x000000cb9e200000)]
  0x000001ff51fc6f90 JavaThread "Unconstrained build operations Thread 110" [_thread_blocked, id=17344, stack(0x000000cb9e200000,0x000000cb9e300000)]
  0x000001ff51fc8df0 JavaThread "Unconstrained build operations Thread 111" [_thread_blocked, id=16280, stack(0x000000cb9e300000,0x000000cb9e400000)]
  0x000001ff5ed82c80 JavaThread "Unconstrained build operations Thread 112" [_thread_blocked, id=20068, stack(0x000000cb9e400000,0x000000cb9e500000)]
  0x000001ff5ed82770 JavaThread "Unconstrained build operations Thread 113" [_thread_blocked, id=16444, stack(0x000000cb9e500000,0x000000cb9e600000)]
  0x000001ff5b5548f0 JavaThread "Unconstrained build operations Thread 114" [_thread_blocked, id=21272, stack(0x000000cb9e600000,0x000000cb9e700000)]
  0x000001ff5b554e00 JavaThread "Unconstrained build operations Thread 115" [_thread_blocked, id=5372, stack(0x000000cb9e700000,0x000000cb9e800000)]
  0x000001ff5b551b60 JavaThread "Unconstrained build operations Thread 116" [_thread_blocked, id=16136, stack(0x000000cb9e800000,0x000000cb9e900000)]
  0x000001ff5b551650 JavaThread "Unconstrained build operations Thread 117" [_thread_blocked, id=19020, stack(0x000000cb9e900000,0x000000cb9ea00000)]
  0x000001ff5b552580 JavaThread "Unconstrained build operations Thread 118" [_thread_blocked, id=1500, stack(0x000000cb9ea00000,0x000000cb9eb00000)]
  0x000001ff5b552070 JavaThread "Unconstrained build operations Thread 119" [_thread_blocked, id=5236, stack(0x000000cb9ec00000,0x000000cb9ed00000)]
  0x000001ff5ed7d8c0 JavaThread "Unconstrained build operations Thread 120" [_thread_blocked, id=14048, stack(0x000000cb9ed00000,0x000000cb9ee00000)]
  0x000001ff5ed7e2e0 JavaThread "WorkerExecutor Queue Thread 2" [_thread_blocked, id=17988, stack(0x000000cb9ef00000,0x000000cb9f000000)]
  0x000001ff5c94a280 JavaThread "WorkerExecutor Queue Thread 3" [_thread_blocked, id=18416, stack(0x000000cb9f100000,0x000000cb9f200000)]
  0x000001ff55dabff0 JavaThread "WorkerExecutor Queue Thread 5" [_thread_blocked, id=20420, stack(0x000000cb9f300000,0x000000cb9f400000)]
  0x000001ff55dac500 JavaThread "WorkerExecutor Queue Thread 6" [_thread_blocked, id=11812, stack(0x000000cb9f400000,0x000000cb9f500000)]
  0x000001ff55daca10 JavaThread "WorkerExecutor Queue Thread 7" [_thread_blocked, id=6512, stack(0x000000cb9f500000,0x000000cb9f600000)]
  0x000001ff55dad430 JavaThread "WorkerExecutor Queue Thread 9" [_thread_blocked, id=12780, stack(0x000000cb9f900000,0x000000cb9fa00000)]
  0x000001ff5e1ba890 JavaThread "WorkerExecutor Queue Thread 10" [_thread_blocked, id=13268, stack(0x000000cb9fa00000,0x000000cb9fb00000)]
  0x000001ff5e1bb2b0 JavaThread "WorkerExecutor Queue Thread 11" [_thread_blocked, id=2216, stack(0x000000cb9fb00000,0x000000cb9fc00000)]
  0x000001ff5e1bc1e0 JavaThread "WorkerExecutor Queue Thread 13" [_thread_blocked, id=18552, stack(0x000000cb9fd00000,0x000000cb9fe00000)]
  0x000001ff5b0f6f70 JavaThread "WorkerExecutor Queue Thread 14" [_thread_blocked, id=3592, stack(0x000000cb95c00000,0x000000cb95d00000)]
  0x000001ff51fc9810 JavaThread "WorkerExecutor Queue Thread 15" [_thread_blocked, id=19224, stack(0x000000cb9ee00000,0x000000cb9ef00000)]
  0x000001ff4e2c0d50 JavaThread "Cache worker for Java compile cache (C:\Users\ravip\.gradle\caches\8.13\javaCompile)" [_thread_blocked, id=7936, stack(0x000000cb9fc00000,0x000000cb9fd00000)]
  0x000001ff536ce300 JavaThread "Problems report writer" [_thread_blocked, id=19820, stack(0x000000cb92b00000,0x000000cb92c00000)]
  0x000001ff5c948420 JavaThread "Build operations" [_thread_blocked, id=12864, stack(0x000000cb97100000,0x000000cb97200000)]
  0x000001ff5c94a790 JavaThread "Build operations Thread 2" [_thread_blocked, id=20748, stack(0x000000cb9f000000,0x000000cb9f100000)]
  0x000001ff5c948930 JavaThread "Build operations Thread 3" [_thread_blocked, id=17264, stack(0x000000cb9f600000,0x000000cb9f700000)]
  0x000001ff55e0d2b0 JavaThread "Build operations Thread 4" [_thread_blocked, id=2852, stack(0x000000cb9fe00000,0x000000cb9ff00000)]
  0x000001ff55e0e6f0 JavaThread "Build operations Thread 5" [_thread_blocked, id=5760, stack(0x000000cb9ff00000,0x000000cba0000000)]
  0x000001ff4e2c1c80 JavaThread "Build operations Thread 6" [_thread_blocked, id=7836, stack(0x000000cba0000000,0x000000cba0100000)]
  0x000001ff4e2c1260 JavaThread "Build operations Thread 7" [_thread_blocked, id=16944, stack(0x000000cba0100000,0x000000cba0200000)]
  0x000001ff4e2c2190 JavaThread "Build operations Thread 8" [_thread_blocked, id=16416, stack(0x000000cba0200000,0x000000cba0300000)]
  0x000001ff4e2be9e0 JavaThread "Build operations Thread 9" [_thread_blocked, id=13656, stack(0x000000cba0300000,0x000000cba0400000)]
  0x000001ff4e2c5e50 JavaThread "Build operations Thread 10" [_thread_blocked, id=4116, stack(0x000000cba0400000,0x000000cba0500000)]
  0x000001ff4e2c5430 JavaThread "Build operations Thread 11" [_thread_blocked, id=7956, stack(0x000000cba0500000,0x000000cba0600000)]
  0x000001ff5b0f5110 JavaThread "Build operations Thread 12" [_thread_blocked, id=12356, stack(0x000000cb9f200000,0x000000cb9f300000)]
  0x000001ff5bd69590 JavaThread "C2 CompilerThread1" daemon [_thread_blocked, id=18180, stack(0x000000cb9f800000,0x000000cb9f900000)]
  0x000001ff5bd675b0 JavaThread "C2 CompilerThread2" daemon [_thread_blocked, id=16500, stack(0x000000cba0600000,0x000000cba0700000)]

Other Threads:
=>0x000001ff7f5bc860 VMThread "VM Thread" [stack: 0x000000cb91100000,0x000000cb91200000] [id=18876]
  0x000001ff7f77ef60 WatcherThread [stack: 0x000000cb91d00000,0x000000cb91e00000] [id=13628]
  0x000001ff710cbac0 GCTaskThread "GC Thread#0" [stack: 0x000000cb90c00000,0x000000cb90d00000] [id=12640]
  0x000001ff4e195bd0 GCTaskThread "GC Thread#1" [stack: 0x000000cb92000000,0x000000cb92100000] [id=7500]
  0x000001ff4e195ea0 GCTaskThread "GC Thread#2" [stack: 0x000000cb92100000,0x000000cb92200000] [id=6448]
  0x000001ff4e4d5320 GCTaskThread "GC Thread#3" [stack: 0x000000cb92200000,0x000000cb92300000] [id=17780]
  0x000001ff4e4d55f0 GCTaskThread "GC Thread#4" [stack: 0x000000cb92300000,0x000000cb92400000] [id=1716]
  0x000001ff4e4d4d80 GCTaskThread "GC Thread#5" [stack: 0x000000cb92400000,0x000000cb92500000] [id=12712]
  0x000001ff4e4d4510 GCTaskThread "GC Thread#6" [stack: 0x000000cb92500000,0x000000cb92600000] [id=20176]
  0x000001ff4ff3f460 GCTaskThread "GC Thread#7" [stack: 0x000000cb93500000,0x000000cb93600000] [id=6196]
  0x000001ff4ff3fcd0 GCTaskThread "GC Thread#8" [stack: 0x000000cb93600000,0x000000cb93700000] [id=17952]
  0x000001ff4ff42f70 GCTaskThread "GC Thread#9" [stack: 0x000000cb93700000,0x000000cb93800000] [id=14324]
  0x000001ff710dc100 ConcurrentGCThread "G1 Main Marker" [stack: 0x000000cb90d00000,0x000000cb90e00000] [id=18608]
  0x000001ff710dca30 ConcurrentGCThread "G1 Conc#0" [stack: 0x000000cb90e00000,0x000000cb90f00000] [id=18716]
  0x000001ff4ff42700 ConcurrentGCThread "G1 Conc#1" [stack: 0x000000cb93800000,0x000000cb93900000] [id=17604]
  0x000001ff4ff42ca0 ConcurrentGCThread "G1 Conc#2" [stack: 0x000000cb93900000,0x000000cb93a00000] [id=18500]
  0x000001ff7f46c130 ConcurrentGCThread "G1 Refine#0" [stack: 0x000000cb90f00000,0x000000cb91000000] [id=9900]
  0x000001ff52855580 ConcurrentGCThread "G1 Refine#1" [stack: 0x000000cb93e00000,0x000000cb93f00000] [id=17736]
  0x000001ff52854080 ConcurrentGCThread "G1 Refine#2" [stack: 0x000000cb93f00000,0x000000cb94000000] [id=20164]
  0x000001ff52854980 ConcurrentGCThread "G1 Refine#3" [stack: 0x000000cb94000000,0x000000cb94100000] [id=18316]
  0x000001ff510c1b60 ConcurrentGCThread "G1 Refine#4" [stack: 0x000000cb9af00000,0x000000cb9b000000] [id=18888]
  0x000001ff510c0060 ConcurrentGCThread "G1 Refine#5" [stack: 0x000000cb9b000000,0x000000cb9b100000] [id=19736]
  0x000001ff510bfa60 ConcurrentGCThread "G1 Refine#6" [stack: 0x000000cb9b100000,0x000000cb9b200000] [id=2744]
  0x000001ff7f46d830 ConcurrentGCThread "G1 Service" [stack: 0x000000cb91000000,0x000000cb91100000] [id=11148]

Threads with active compile tasks:
C2 CompilerThread0  882050 48039       4       org.jetbrains.org.objectweb.asm.ClassReader::accept (1380 bytes)
C2 CompilerThread1  882050 48165       4       org.jetbrains.org.objectweb.asm.ClassWriter::toByteArray (1535 bytes)
C2 CompilerThread2  882051 48137       4       org.jetbrains.kotlin.load.kotlin.FileBasedKotlinClass::resolveNameByInternalName (178 bytes)

VM state: at safepoint (normal execution)

VM Mutex/Monitor currently owned by a thread:  ([mutex/lock_event])
[0x000001ff7105c620] Threads_lock - owner thread: 0x000001ff7f5bc860
[0x000001ff7105b1e0] Heap_lock - owner thread: 0x000001ff55dabff0

Heap address: 0x0000000700000000, size: 4096 MB, Compressed Oops mode: Zero based, Oop shift amount: 3

CDS archive(s) mapped at: [0x000001ff15000000-0x000001ff15bb0000-0x000001ff15bb0000), size 12255232, SharedBaseAddress: 0x000001ff15000000, ArchiveRelocationMode: 1.
Compressed class space mapped at: 0x000001ff16000000-0x000001ff4a000000, reserved size: 872415232
Narrow klass base: 0x000001ff15000000, Narrow klass shift: 0, Narrow klass range: 0x100000000

GC Precious Log:
 CPUs: 12 total, 12 available
 Memory: 15975M
 Large Page Support: Disabled
 NUMA Support: Disabled
 Compressed Oops: Enabled (Zero based)
 Heap Region Size: 2M
 Heap Min Capacity: 8M
 Heap Initial Capacity: 250M
 Heap Max Capacity: 4G
 Pre-touch: Disabled
 Parallel Workers: 10
 Concurrent Workers: 3
 Concurrent Refinement Workers: 10
 Periodic GC: Disabled

Heap:
 garbage-first heap   total 1361920K, used 324876K [0x0000000700000000, 0x0000000800000000)
  region size 2048K, 3 young (6144K), 3 survivors (6144K)
 Metaspace       used 198383K, committed 200256K, reserved 1048576K
  class space    used 25799K, committed 26688K, reserved 851968K

Heap Regions: E=young(eden), S=young(survivor), O=old, HS=humongous(starts), HC=humongous(continues), CS=collection set, F=free, OA=open archive, CA=closed archive, TAMS=top-at-mark-start (previous, next)
|   0|0x0000000700000000, 0x0000000700200000, 0x0000000700200000|100%|HS|  |TAMS 0x0000000700200000, 0x0000000700200000| Complete 
|   1|0x0000000700200000, 0x0000000700400000, 0x0000000700400000|100%|HC|  |TAMS 0x0000000700400000, 0x0000000700400000| Complete 
|   2|0x0000000700400000, 0x0000000700600000, 0x0000000700600000|100%| O|  |TAMS 0x0000000700600000, 0x0000000700600000| Untracked 
|   3|0x0000000700600000, 0x0000000700800000, 0x0000000700800000|100%| O|  |TAMS 0x0000000700800000, 0x0000000700800000| Untracked 
|   4|0x0000000700800000, 0x0000000700a00000, 0x0000000700a00000|100%| O|  |TAMS 0x0000000700a00000, 0x0000000700a00000| Untracked 
|   5|0x0000000700a00000, 0x0000000700c00000, 0x0000000700c00000|100%| O|  |TAMS 0x0000000700c00000, 0x0000000700c00000| Untracked 
|   6|0x0000000700c00000, 0x0000000700e00000, 0x0000000700e00000|100%| O|  |TAMS 0x0000000700e00000, 0x0000000700e00000| Untracked 
|   7|0x0000000700e00000, 0x0000000701000000, 0x0000000701000000|100%| O|  |TAMS 0x0000000701000000, 0x0000000701000000| Untracked 
|   8|0x0000000701000000, 0x0000000701200000, 0x0000000701200000|100%| O|  |TAMS 0x0000000701200000, 0x0000000701200000| Untracked 
|   9|0x0000000701200000, 0x0000000701400000, 0x0000000701400000|100%| O|  |TAMS 0x0000000701400000, 0x0000000701400000| Untracked 
|  10|0x0000000701400000, 0x0000000701600000, 0x0000000701600000|100%| O|  |TAMS 0x0000000701600000, 0x0000000701600000| Untracked 
|  11|0x0000000701600000, 0x0000000701800000, 0x0000000701800000|100%| O|  |TAMS 0x0000000701800000, 0x0000000701800000| Untracked 
|  12|0x0000000701800000, 0x0000000701a00000, 0x0000000701a00000|100%| O|  |TAMS 0x0000000701a00000, 0x0000000701a00000| Untracked 
|  13|0x0000000701a00000, 0x0000000701c00000, 0x0000000701c00000|100%|HS|  |TAMS 0x0000000701c00000, 0x0000000701c00000| Complete 
|  14|0x0000000701c00000, 0x0000000701e00000, 0x0000000701e00000|100%| O|  |TAMS 0x0000000701e00000, 0x0000000701e00000| Untracked 
|  15|0x0000000701e00000, 0x0000000702000000, 0x0000000702000000|100%| O|  |TAMS 0x0000000702000000, 0x0000000702000000| Untracked 
|  16|0x0000000702000000, 0x0000000702200000, 0x0000000702200000|100%| O|  |TAMS 0x0000000702200000, 0x0000000702200000| Untracked 
|  17|0x0000000702200000, 0x0000000702400000, 0x0000000702400000|100%| O|  |TAMS 0x0000000702400000, 0x0000000702400000| Untracked 
|  18|0x0000000702400000, 0x0000000702600000, 0x0000000702600000|100%| O|  |TAMS 0x0000000702600000, 0x0000000702600000| Untracked 
|  19|0x0000000702600000, 0x0000000702800000, 0x0000000702800000|100%| O|  |TAMS 0x0000000702800000, 0x0000000702800000| Untracked 
|  20|0x0000000702800000, 0x0000000702a00000, 0x0000000702a00000|100%| O|  |TAMS 0x0000000702a00000, 0x0000000702a00000| Untracked 
|  21|0x0000000702a00000, 0x0000000702c00000, 0x0000000702c00000|100%| O|  |TAMS 0x0000000702c00000, 0x0000000702c00000| Untracked 
|  22|0x0000000702c00000, 0x0000000702e00000, 0x0000000702e00000|100%| O|  |TAMS 0x0000000702e00000, 0x0000000702e00000| Untracked 
|  23|0x0000000702e00000, 0x0000000703000000, 0x0000000703000000|100%| O|  |TAMS 0x0000000703000000, 0x0000000703000000| Untracked 
|  24|0x0000000703000000, 0x0000000703200000, 0x0000000703200000|100%| O|  |TAMS 0x0000000703200000, 0x0000000703200000| Untracked 
|  25|0x0000000703200000, 0x0000000703400000, 0x0000000703400000|100%|HS|  |TAMS 0x0000000703400000, 0x0000000703400000| Complete 
|  26|0x0000000703400000, 0x0000000703600000, 0x0000000703600000|100%|HS|  |TAMS 0x0000000703600000, 0x0000000703600000| Complete 
|  27|0x0000000703600000, 0x0000000703800000, 0x0000000703800000|100%|HC|  |TAMS 0x0000000703800000, 0x0000000703800000| Complete 
|  28|0x0000000703800000, 0x0000000703a00000, 0x0000000703a00000|100%| O|  |TAMS 0x0000000703a00000, 0x0000000703a00000| Untracked 
|  29|0x0000000703a00000, 0x0000000703c00000, 0x0000000703c00000|100%| O|  |TAMS 0x0000000703c00000, 0x0000000703c00000| Untracked 
|  30|0x0000000703c00000, 0x0000000703e00000, 0x0000000703e00000|100%| O|  |TAMS 0x0000000703e00000, 0x0000000703e00000| Untracked 
|  31|0x0000000703e00000, 0x0000000704000000, 0x0000000704000000|100%| O|  |TAMS 0x0000000704000000, 0x0000000704000000| Untracked 
|  32|0x0000000704000000, 0x0000000704200000, 0x0000000704200000|100%| O|  |TAMS 0x0000000704200000, 0x0000000704200000| Untracked 
|  33|0x0000000704200000, 0x0000000704400000, 0x0000000704400000|100%| O|  |TAMS 0x0000000704400000, 0x0000000704400000| Untracked 
|  34|0x0000000704400000, 0x0000000704600000, 0x0000000704600000|100%| O|  |TAMS 0x0000000704600000, 0x0000000704600000| Untracked 
|  35|0x0000000704600000, 0x0000000704800000, 0x0000000704800000|100%|HS|  |TAMS 0x0000000704800000, 0x0000000704800000| Complete 
|  36|0x0000000704800000, 0x0000000704a00000, 0x0000000704a00000|100%| O|  |TAMS 0x0000000704a00000, 0x0000000704a00000| Untracked 
|  37|0x0000000704a00000, 0x0000000704c00000, 0x0000000704c00000|100%| O|  |TAMS 0x0000000704c00000, 0x0000000704c00000| Untracked 
|  38|0x0000000704c00000, 0x0000000704e00000, 0x0000000704e00000|100%| O|  |TAMS 0x0000000704e00000, 0x0000000704e00000| Untracked 
|  39|0x0000000704e00000, 0x0000000705000000, 0x0000000705000000|100%| O|  |TAMS 0x0000000705000000, 0x0000000705000000| Untracked 
|  40|0x0000000705000000, 0x0000000705200000, 0x0000000705200000|100%| O|  |TAMS 0x0000000705200000, 0x0000000705200000| Untracked 
|  41|0x0000000705200000, 0x0000000705400000, 0x0000000705400000|100%| O|  |TAMS 0x0000000705400000, 0x0000000705400000| Untracked 
|  42|0x0000000705400000, 0x0000000705600000, 0x0000000705600000|100%| O|  |TAMS 0x0000000705600000, 0x0000000705600000| Untracked 
|  43|0x0000000705600000, 0x0000000705800000, 0x0000000705800000|100%|HS|  |TAMS 0x0000000705800000, 0x0000000705800000| Complete 
|  44|0x0000000705800000, 0x0000000705a00000, 0x0000000705a00000|100%|HC|  |TAMS 0x0000000705a00000, 0x0000000705a00000| Complete 
|  45|0x0000000705a00000, 0x0000000705c00000, 0x0000000705c00000|100%| O|  |TAMS 0x0000000705c00000, 0x0000000705c00000| Untracked 
|  46|0x0000000705c00000, 0x0000000705e00000, 0x0000000705e00000|100%| O|  |TAMS 0x0000000705e00000, 0x0000000705e00000| Untracked 
|  47|0x0000000705e00000, 0x0000000706000000, 0x0000000706000000|100%| O|  |TAMS 0x0000000706000000, 0x0000000706000000| Untracked 
|  48|0x0000000706000000, 0x0000000706200000, 0x0000000706200000|100%| O|  |TAMS 0x0000000706200000, 0x0000000706200000| Untracked 
|  49|0x0000000706200000, 0x0000000706400000, 0x0000000706400000|100%| O|  |TAMS 0x0000000706400000, 0x0000000706400000| Untracked 
|  50|0x0000000706400000, 0x0000000706600000, 0x0000000706600000|100%| O|  |TAMS 0x0000000706600000, 0x0000000706600000| Untracked 
|  51|0x0000000706600000, 0x0000000706800000, 0x0000000706800000|100%| O|  |TAMS 0x0000000706800000, 0x0000000706800000| Untracked 
|  52|0x0000000706800000, 0x0000000706a00000, 0x0000000706a00000|100%| O|  |TAMS 0x0000000706a00000, 0x0000000706a00000| Untracked 
|  53|0x0000000706a00000, 0x0000000706c00000, 0x0000000706c00000|100%|HS|  |TAMS 0x0000000706a00000, 0x0000000706c00000| Complete 
|  54|0x0000000706c00000, 0x0000000706e00000, 0x0000000706e00000|100%| O|  |TAMS 0x0000000706e00000, 0x0000000706e00000| Untracked 
|  55|0x0000000706e00000, 0x0000000707000000, 0x0000000707000000|100%| O|  |TAMS 0x0000000707000000, 0x0000000707000000| Untracked 
|  56|0x0000000707000000, 0x0000000707200000, 0x0000000707200000|100%| O|  |TAMS 0x0000000707200000, 0x0000000707200000| Untracked 
|  57|0x0000000707200000, 0x0000000707400000, 0x0000000707400000|100%| O|  |TAMS 0x0000000707400000, 0x0000000707400000| Untracked 
|  58|0x0000000707400000, 0x0000000707600000, 0x0000000707600000|100%| O|  |TAMS 0x0000000707600000, 0x0000000707600000| Untracked 
|  59|0x0000000707600000, 0x0000000707800000, 0x0000000707800000|100%| O|  |TAMS 0x0000000707800000, 0x0000000707800000| Untracked 
|  60|0x0000000707800000, 0x0000000707a00000, 0x0000000707a00000|100%| O|  |TAMS 0x0000000707a00000, 0x0000000707a00000| Untracked 
|  61|0x0000000707a00000, 0x0000000707c00000, 0x0000000707c00000|100%| O|  |TAMS 0x0000000707c00000, 0x0000000707c00000| Untracked 
|  62|0x0000000707c00000, 0x0000000707e00000, 0x0000000707e00000|100%| O|  |TAMS 0x0000000707e00000, 0x0000000707e00000| Untracked 
|  63|0x0000000707e00000, 0x0000000708000000, 0x0000000708000000|100%| O|  |TAMS 0x0000000708000000, 0x0000000708000000| Untracked 
|  64|0x0000000708000000, 0x0000000708200000, 0x0000000708200000|100%| O|  |TAMS 0x0000000708200000, 0x0000000708200000| Untracked 
|  65|0x0000000708200000, 0x0000000708400000, 0x0000000708400000|100%|HS|  |TAMS 0x0000000708200000, 0x0000000708400000| Complete 
|  66|0x0000000708400000, 0x0000000708600000, 0x0000000708600000|100%| O|  |TAMS 0x0000000708600000, 0x0000000708600000| Untracked 
|  67|0x0000000708600000, 0x0000000708800000, 0x0000000708800000|100%| O|  |TAMS 0x0000000708800000, 0x0000000708800000| Untracked 
|  68|0x0000000708800000, 0x0000000708a00000, 0x0000000708a00000|100%| O|  |TAMS 0x0000000708a00000, 0x0000000708a00000| Untracked 
|  69|0x0000000708a00000, 0x0000000708c00000, 0x0000000708c00000|100%| O|  |TAMS 0x0000000708c00000, 0x0000000708c00000| Untracked 
|  70|0x0000000708c00000, 0x0000000708e00000, 0x0000000708e00000|100%| O|  |TAMS 0x0000000708e00000, 0x0000000708e00000| Untracked 
|  71|0x0000000708e00000, 0x0000000709000000, 0x0000000709000000|100%| O|  |TAMS 0x0000000709000000, 0x0000000709000000| Untracked 
|  72|0x0000000709000000, 0x0000000709200000, 0x0000000709200000|100%| O|  |TAMS 0x0000000709200000, 0x0000000709200000| Untracked 
|  73|0x0000000709200000, 0x0000000709200000, 0x0000000709400000|  0%| F|  |TAMS 0x0000000709200000, 0x0000000709200000| Untracked 
|  74|0x0000000709400000, 0x0000000709600000, 0x0000000709600000|100%| O|  |TAMS 0x0000000709600000, 0x0000000709600000| Untracked 
|  75|0x0000000709600000, 0x0000000709800000, 0x0000000709800000|100%| O|  |TAMS 0x0000000709800000, 0x0000000709800000| Untracked 
|  76|0x0000000709800000, 0x0000000709a00000, 0x0000000709a00000|100%|HS|  |TAMS 0x0000000709800000, 0x0000000709a00000| Complete 
|  77|0x0000000709a00000, 0x0000000709c00000, 0x0000000709c00000|100%| O|  |TAMS 0x0000000709c00000, 0x0000000709c00000| Untracked 
|  78|0x0000000709c00000, 0x0000000709e00000, 0x0000000709e00000|100%| O|  |TAMS 0x0000000709e00000, 0x0000000709e00000| Untracked 
|  79|0x0000000709e00000, 0x000000070a000000, 0x000000070a000000|100%| O|  |TAMS 0x000000070a000000, 0x000000070a000000| Untracked 
|  80|0x000000070a000000, 0x000000070a200000, 0x000000070a200000|100%| O|  |TAMS 0x000000070a200000, 0x000000070a200000| Untracked 
|  81|0x000000070a200000, 0x000000070a400000, 0x000000070a400000|100%| O|  |TAMS 0x000000070a400000, 0x000000070a400000| Untracked 
|  82|0x000000070a400000, 0x000000070a600000, 0x000000070a600000|100%| O|  |TAMS 0x000000070a600000, 0x000000070a600000| Untracked 
|  83|0x000000070a600000, 0x000000070a600000, 0x000000070a800000|  0%| F|  |TAMS 0x000000070a600000, 0x000000070a600000| Untracked 
|  84|0x000000070a800000, 0x000000070a800000, 0x000000070aa00000|  0%| F|  |TAMS 0x000000070a800000, 0x000000070a800000| Untracked 
|  85|0x000000070aa00000, 0x000000070ac00000, 0x000000070ac00000|100%| O|  |TAMS 0x000000070aa00000, 0x000000070ac00000| Untracked 
|  86|0x000000070ac00000, 0x000000070ae00000, 0x000000070ae00000|100%| O|  |TAMS 0x000000070ac00000, 0x000000070ae00000| Untracked 
|  87|0x000000070ae00000, 0x000000070b000000, 0x000000070b000000|100%| O|  |TAMS 0x000000070b000000, 0x000000070b000000| Untracked 
|  88|0x000000070b000000, 0x000000070b200000, 0x000000070b200000|100%| O|  |TAMS 0x000000070b200000, 0x000000070b200000| Untracked 
|  89|0x000000070b200000, 0x000000070b200000, 0x000000070b400000|  0%| F|  |TAMS 0x000000070b200000, 0x000000070b200000| Untracked 
|  90|0x000000070b400000, 0x000000070b600000, 0x000000070b600000|100%| O|  |TAMS 0x000000070b600000, 0x000000070b600000| Untracked 
|  91|0x000000070b600000, 0x000000070b800000, 0x000000070b800000|100%| O|  |TAMS 0x000000070b800000, 0x000000070b800000| Untracked 
|  92|0x000000070b800000, 0x000000070b800000, 0x000000070ba00000|  0%| F|  |TAMS 0x000000070b800000, 0x000000070b800000| Untracked 
|  93|0x000000070ba00000, 0x000000070bc00000, 0x000000070bc00000|100%| O|  |TAMS 0x000000070bc00000, 0x000000070bc00000| Untracked 
|  94|0x000000070bc00000, 0x000000070be00000, 0x000000070be00000|100%| O|  |TAMS 0x000000070be00000, 0x000000070be00000| Untracked 
|  95|0x000000070be00000, 0x000000070c000000, 0x000000070c000000|100%| O|  |TAMS 0x000000070be00000, 0x000000070c000000| Untracked 
|  96|0x000000070c000000, 0x000000070c200000, 0x000000070c200000|100%| O|  |TAMS 0x000000070c000000, 0x000000070c200000| Untracked 
|  97|0x000000070c200000, 0x000000070c400000, 0x000000070c400000|100%| O|  |TAMS 0x000000070c400000, 0x000000070c400000| Untracked 
|  98|0x000000070c400000, 0x000000070c600000, 0x000000070c600000|100%| O|  |TAMS 0x000000070c4c8400, 0x000000070c600000| Untracked 
|  99|0x000000070c600000, 0x000000070c600000, 0x000000070c800000|  0%| F|  |TAMS 0x000000070c600000, 0x000000070c600000| Untracked 
| 100|0x000000070c800000, 0x000000070ca00000, 0x000000070ca00000|100%| O|  |TAMS 0x000000070ca00000, 0x000000070ca00000| Untracked 
| 101|0x000000070ca00000, 0x000000070cc00000, 0x000000070cc00000|100%| O|  |TAMS 0x000000070ca00000, 0x000000070cc00000| Untracked 
| 102|0x000000070cc00000, 0x000000070ce00000, 0x000000070ce00000|100%| O|  |TAMS 0x000000070ce00000, 0x000000070ce00000| Untracked 
| 103|0x000000070ce00000, 0x000000070d000000, 0x000000070d000000|100%| O|  |TAMS 0x000000070d000000, 0x000000070d000000| Untracked 
| 104|0x000000070d000000, 0x000000070d200000, 0x000000070d200000|100%| O|  |TAMS 0x000000070d200000, 0x000000070d200000| Untracked 
| 105|0x000000070d200000, 0x000000070d400000, 0x000000070d400000|100%| O|  |TAMS 0x000000070d400000, 0x000000070d400000| Untracked 
| 106|0x000000070d400000, 0x000000070d600000, 0x000000070d600000|100%| O|  |TAMS 0x000000070d600000, 0x000000070d600000| Untracked 
| 107|0x000000070d600000, 0x000000070d800000, 0x000000070d800000|100%| O|  |TAMS 0x000000070d800000, 0x000000070d800000| Untracked 
| 108|0x000000070d800000, 0x000000070da00000, 0x000000070da00000|100%| O|  |TAMS 0x000000070da00000, 0x000000070da00000| Untracked 
| 109|0x000000070da00000, 0x000000070dc00000, 0x000000070dc00000|100%| O|  |TAMS 0x000000070dc00000, 0x000000070dc00000| Untracked 
| 110|0x000000070dc00000, 0x000000070dd99200, 0x000000070de00000| 79%| O|  |TAMS 0x000000070dd99200, 0x000000070dd99200| Untracked 
| 111|0x000000070de00000, 0x000000070de00000, 0x000000070e000000|  0%| F|  |TAMS 0x000000070de00000, 0x000000070de00000| Untracked 
| 112|0x000000070e000000, 0x000000070e200000, 0x000000070e200000|100%| O|  |TAMS 0x000000070e200000, 0x000000070e200000| Untracked 
| 113|0x000000070e200000, 0x000000070e400000, 0x000000070e400000|100%| O|  |TAMS 0x000000070e400000, 0x000000070e400000| Untracked 
| 114|0x000000070e400000, 0x000000070e600000, 0x000000070e600000|100%| O|  |TAMS 0x000000070e600000, 0x000000070e600000| Untracked 
| 115|0x000000070e600000, 0x000000070e800000, 0x000000070e800000|100%| O|  |TAMS 0x000000070e800000, 0x000000070e800000| Untracked 
| 116|0x000000070e800000, 0x000000070ea00000, 0x000000070ea00000|100%| O|  |TAMS 0x000000070ea00000, 0x000000070ea00000| Untracked 
| 117|0x000000070ea00000, 0x000000070ec00000, 0x000000070ec00000|100%| O|  |TAMS 0x000000070ec00000, 0x000000070ec00000| Untracked 
| 118|0x000000070ec00000, 0x000000070ee00000, 0x000000070ee00000|100%| O|  |TAMS 0x000000070ee00000, 0x000000070ee00000| Untracked 
| 119|0x000000070ee00000, 0x000000070f000000, 0x000000070f000000|100%| O|  |TAMS 0x000000070f000000, 0x000000070f000000| Untracked 
| 120|0x000000070f000000, 0x000000070f200000, 0x000000070f200000|100%| O|  |TAMS 0x000000070f000000, 0x000000070f200000| Untracked 
| 121|0x000000070f200000, 0x000000070f400000, 0x000000070f400000|100%| O|  |TAMS 0x000000070f400000, 0x000000070f400000| Untracked 
| 122|0x000000070f400000, 0x000000070f600000, 0x000000070f600000|100%| O|  |TAMS 0x000000070f600000, 0x000000070f600000| Untracked 
| 123|0x000000070f600000, 0x000000070f800000, 0x000000070f800000|100%| O|  |TAMS 0x000000070f800000, 0x000000070f800000| Untracked 
| 124|0x000000070f800000, 0x000000070fa00000, 0x000000070fa00000|100%| O|  |TAMS 0x000000070fa00000, 0x000000070fa00000| Untracked 
| 125|0x000000070fa00000, 0x000000070fc00000, 0x000000070fc00000|100%| O|  |TAMS 0x000000070fc00000, 0x000000070fc00000| Untracked 
| 126|0x000000070fc00000, 0x000000070fe00000, 0x000000070fe00000|100%| O|  |TAMS 0x000000070fe00000, 0x000000070fe00000| Untracked 
| 127|0x000000070fe00000, 0x0000000710000000, 0x0000000710000000|100%| O|  |TAMS 0x000000070fe00000, 0x0000000710000000| Untracked 
| 128|0x0000000710000000, 0x0000000710200000, 0x0000000710200000|100%| O|  |TAMS 0x0000000710000000, 0x0000000710200000| Untracked 
| 129|0x0000000710200000, 0x0000000710400000, 0x0000000710400000|100%| O|  |TAMS 0x0000000710200000, 0x0000000710400000| Untracked 
| 130|0x0000000710400000, 0x0000000710600000, 0x0000000710600000|100%| O|  |TAMS 0x0000000710400000, 0x0000000710600000| Untracked 
| 131|0x0000000710600000, 0x0000000710800000, 0x0000000710800000|100%| O|  |TAMS 0x0000000710600000, 0x0000000710800000| Untracked 
| 132|0x0000000710800000, 0x0000000710a00000, 0x0000000710a00000|100%| O|  |TAMS 0x0000000710800000, 0x0000000710a00000| Untracked 
| 133|0x0000000710a00000, 0x0000000710c00000, 0x0000000710c00000|100%| O|  |TAMS 0x0000000710a00000, 0x0000000710c00000| Untracked 
| 134|0x0000000710c00000, 0x0000000710e00000, 0x0000000710e00000|100%| O|  |TAMS 0x0000000710c00000, 0x0000000710e00000| Untracked 
| 135|0x0000000710e00000, 0x0000000711000000, 0x0000000711000000|100%| O|  |TAMS 0x0000000710e00000, 0x0000000711000000| Untracked 
| 136|0x0000000711000000, 0x0000000711200000, 0x0000000711200000|100%| O|  |TAMS 0x0000000711200000, 0x0000000711200000| Untracked 
| 137|0x0000000711200000, 0x0000000711400000, 0x0000000711400000|100%| O|  |TAMS 0x0000000711200000, 0x0000000711400000| Untracked 
| 138|0x0000000711400000, 0x0000000711600000, 0x0000000711600000|100%| O|  |TAMS 0x0000000711600000, 0x0000000711600000| Untracked 
| 139|0x0000000711600000, 0x0000000711800000, 0x0000000711800000|100%| O|  |TAMS 0x0000000711800000, 0x0000000711800000| Untracked 
| 140|0x0000000711800000, 0x0000000711a00000, 0x0000000711a00000|100%| O|  |TAMS 0x0000000711a00000, 0x0000000711a00000| Untracked 
| 141|0x0000000711a00000, 0x0000000711c00000, 0x0000000711c00000|100%| O|  |TAMS 0x0000000711c00000, 0x0000000711c00000| Untracked 
| 142|0x0000000711c00000, 0x0000000711e00000, 0x0000000711e00000|100%| O|  |TAMS 0x0000000711e00000, 0x0000000711e00000| Untracked 
| 143|0x0000000711e00000, 0x0000000712000000, 0x0000000712000000|100%| O|  |TAMS 0x0000000712000000, 0x0000000712000000| Untracked 
| 144|0x0000000712000000, 0x0000000712200000, 0x0000000712200000|100%| O|  |TAMS 0x0000000712200000, 0x0000000712200000| Untracked 
| 145|0x0000000712200000, 0x0000000712400000, 0x0000000712400000|100%| O|  |TAMS 0x0000000712400000, 0x0000000712400000| Untracked 
| 146|0x0000000712400000, 0x0000000712600000, 0x0000000712600000|100%| O|  |TAMS 0x0000000712600000, 0x0000000712600000| Untracked 
| 147|0x0000000712600000, 0x0000000712800000, 0x0000000712800000|100%| O|  |TAMS 0x0000000712800000, 0x0000000712800000| Untracked 
| 148|0x0000000712800000, 0x0000000712a00000, 0x0000000712a00000|100%| O|  |TAMS 0x0000000712a00000, 0x0000000712a00000| Untracked 
| 149|0x0000000712a00000, 0x0000000712c00000, 0x0000000712c00000|100%| O|  |TAMS 0x0000000712c00000, 0x0000000712c00000| Untracked 
| 150|0x0000000712c00000, 0x0000000712e00000, 0x0000000712e00000|100%| O|  |TAMS 0x0000000712e00000, 0x0000000712e00000| Untracked 
| 151|0x0000000712e00000, 0x0000000713000000, 0x0000000713000000|100%| O|  |TAMS 0x0000000713000000, 0x0000000713000000| Untracked 
| 152|0x0000000713000000, 0x0000000713200000, 0x0000000713200000|100%| O|  |TAMS 0x0000000713200000, 0x0000000713200000| Untracked 
| 153|0x0000000713200000, 0x0000000713400000, 0x0000000713400000|100%| O|  |TAMS 0x0000000713400000, 0x0000000713400000| Untracked 
| 154|0x0000000713400000, 0x0000000713600000, 0x0000000713600000|100%| O|  |TAMS 0x0000000713600000, 0x0000000713600000| Untracked 
| 155|0x0000000713600000, 0x0000000713800000, 0x0000000713800000|100%| O|  |TAMS 0x0000000713800000, 0x0000000713800000| Untracked 
| 156|0x0000000713800000, 0x00000007139cd400, 0x0000000713a00000| 90%| O|  |TAMS 0x00000007139cd400, 0x00000007139cd400| Untracked 
| 157|0x0000000713a00000, 0x0000000713c00000, 0x0000000713c00000|100%| O|  |TAMS 0x0000000713a00000, 0x0000000713c00000| Untracked 
| 158|0x0000000713c00000, 0x0000000713e00000, 0x0000000713e00000|100%| O|  |TAMS 0x0000000713c00000, 0x0000000713e00000| Untracked 
| 159|0x0000000713e00000, 0x0000000714000000, 0x0000000714000000|100%| O|  |TAMS 0x0000000713e00000, 0x0000000714000000| Untracked 
| 160|0x0000000714000000, 0x0000000714200000, 0x0000000714200000|100%| O|  |TAMS 0x0000000714000000, 0x0000000714200000| Untracked 
| 161|0x0000000714200000, 0x000000071437dc00, 0x0000000714400000| 74%| O|  |TAMS 0x0000000714200000, 0x000000071437dc00| Untracked 
| 162|0x0000000714400000, 0x0000000714400000, 0x0000000714600000|  0%| F|  |TAMS 0x0000000714400000, 0x0000000714400000| Untracked 
| 163|0x0000000714600000, 0x0000000714600000, 0x0000000714800000|  0%| F|  |TAMS 0x0000000714600000, 0x0000000714600000| Untracked 
| 164|0x0000000714800000, 0x0000000714800000, 0x0000000714a00000|  0%| F|  |TAMS 0x0000000714800000, 0x0000000714800000| Untracked 
| 165|0x0000000714a00000, 0x0000000714a00000, 0x0000000714c00000|  0%| F|  |TAMS 0x0000000714a00000, 0x0000000714a00000| Untracked 
| 166|0x0000000714c00000, 0x0000000714c00000, 0x0000000714e00000|  0%| F|  |TAMS 0x0000000714c00000, 0x0000000714c00000| Untracked 
| 167|0x0000000714e00000, 0x0000000714e00000, 0x0000000715000000|  0%| F|  |TAMS 0x0000000714e00000, 0x0000000714e00000| Untracked 
| 168|0x0000000715000000, 0x0000000715000000, 0x0000000715200000|  0%| F|  |TAMS 0x0000000715000000, 0x0000000715000000| Untracked 
| 169|0x0000000715200000, 0x0000000715200000, 0x0000000715400000|  0%| F|  |TAMS 0x0000000715200000, 0x0000000715200000| Untracked 
| 170|0x0000000715400000, 0x0000000715400000, 0x0000000715600000|  0%| F|  |TAMS 0x0000000715400000, 0x0000000715400000| Untracked 
| 171|0x0000000715600000, 0x0000000715600000, 0x0000000715800000|  0%| F|  |TAMS 0x0000000715600000, 0x0000000715600000| Untracked 
| 172|0x0000000715800000, 0x0000000715800000, 0x0000000715a00000|  0%| F|  |TAMS 0x0000000715800000, 0x0000000715800000| Untracked 
| 173|0x0000000715a00000, 0x0000000715a00000, 0x0000000715c00000|  0%| F|  |TAMS 0x0000000715a00000, 0x0000000715a00000| Untracked 
| 174|0x0000000715c00000, 0x0000000715c00000, 0x0000000715e00000|  0%| F|  |TAMS 0x0000000715c00000, 0x0000000715c00000| Untracked 
| 175|0x0000000715e00000, 0x0000000715e00000, 0x0000000716000000|  0%| F|  |TAMS 0x0000000715e00000, 0x0000000715e00000| Untracked 
| 176|0x0000000716000000, 0x0000000716000000, 0x0000000716200000|  0%| F|  |TAMS 0x0000000716000000, 0x0000000716000000| Untracked 
| 177|0x0000000716200000, 0x0000000716200000, 0x0000000716400000|  0%| F|  |TAMS 0x0000000716200000, 0x0000000716200000| Untracked 
| 178|0x0000000716400000, 0x0000000716400000, 0x0000000716600000|  0%| F|  |TAMS 0x0000000716400000, 0x0000000716400000| Untracked 
| 179|0x0000000716600000, 0x0000000716600000, 0x0000000716800000|  0%| F|  |TAMS 0x0000000716600000, 0x0000000716600000| Untracked 
| 180|0x0000000716800000, 0x0000000716800000, 0x0000000716a00000|  0%| F|  |TAMS 0x0000000716800000, 0x0000000716800000| Untracked 
| 181|0x0000000716a00000, 0x0000000716a00000, 0x0000000716c00000|  0%| F|  |TAMS 0x0000000716a00000, 0x0000000716a00000| Untracked 
| 182|0x0000000716c00000, 0x0000000716c00000, 0x0000000716e00000|  0%| F|  |TAMS 0x0000000716c00000, 0x0000000716c00000| Untracked 
| 183|0x0000000716e00000, 0x0000000716e00000, 0x0000000717000000|  0%| F|  |TAMS 0x0000000716e00000, 0x0000000716e00000| Untracked 
| 184|0x0000000717000000, 0x0000000717000000, 0x0000000717200000|  0%| F|  |TAMS 0x0000000717000000, 0x0000000717000000| Untracked 
| 185|0x0000000717200000, 0x0000000717200000, 0x0000000717400000|  0%| F|  |TAMS 0x0000000717200000, 0x0000000717200000| Untracked 
| 186|0x0000000717400000, 0x0000000717400000, 0x0000000717600000|  0%| F|  |TAMS 0x0000000717400000, 0x0000000717400000| Untracked 
| 187|0x0000000717600000, 0x0000000717600000, 0x0000000717800000|  0%| F|  |TAMS 0x0000000717600000, 0x0000000717600000| Untracked 
| 188|0x0000000717800000, 0x0000000717800000, 0x0000000717a00000|  0%| F|  |TAMS 0x0000000717800000, 0x0000000717800000| Untracked 
| 189|0x0000000717a00000, 0x0000000717a00000, 0x0000000717c00000|  0%| F|  |TAMS 0x0000000717a00000, 0x0000000717a00000| Untracked 
| 190|0x0000000717c00000, 0x0000000717c00000, 0x0000000717e00000|  0%| F|  |TAMS 0x0000000717c00000, 0x0000000717c00000| Untracked 
| 191|0x0000000717e00000, 0x0000000717e00000, 0x0000000718000000|  0%| F|  |TAMS 0x0000000717e00000, 0x0000000717e00000| Untracked 
| 192|0x0000000718000000, 0x0000000718000000, 0x0000000718200000|  0%| F|  |TAMS 0x0000000718000000, 0x0000000718000000| Untracked 
| 193|0x0000000718200000, 0x0000000718200000, 0x0000000718400000|  0%| F|  |TAMS 0x0000000718200000, 0x0000000718200000| Untracked 
| 194|0x0000000718400000, 0x0000000718400000, 0x0000000718600000|  0%| F|  |TAMS 0x0000000718400000, 0x0000000718400000| Untracked 
| 195|0x0000000718600000, 0x0000000718600000, 0x0000000718800000|  0%| F|  |TAMS 0x0000000718600000, 0x0000000718600000| Untracked 
| 196|0x0000000718800000, 0x0000000718800000, 0x0000000718a00000|  0%| F|  |TAMS 0x0000000718800000, 0x0000000718800000| Untracked 
| 197|0x0000000718a00000, 0x0000000718a00000, 0x0000000718c00000|  0%| F|  |TAMS 0x0000000718a00000, 0x0000000718a00000| Untracked 
| 198|0x0000000718c00000, 0x0000000718c00000, 0x0000000718e00000|  0%| F|  |TAMS 0x0000000718c00000, 0x0000000718c00000| Untracked 
| 199|0x0000000718e00000, 0x0000000718e00000, 0x0000000719000000|  0%| F|  |TAMS 0x0000000718e00000, 0x0000000718e00000| Untracked 
| 200|0x0000000719000000, 0x0000000719000000, 0x0000000719200000|  0%| F|  |TAMS 0x0000000719000000, 0x0000000719000000| Untracked 
| 201|0x0000000719200000, 0x0000000719200000, 0x0000000719400000|  0%| F|  |TAMS 0x0000000719200000, 0x0000000719200000| Untracked 
| 202|0x0000000719400000, 0x0000000719400000, 0x0000000719600000|  0%| F|  |TAMS 0x0000000719400000, 0x0000000719400000| Untracked 
| 203|0x0000000719600000, 0x0000000719600000, 0x0000000719800000|  0%| F|  |TAMS 0x0000000719600000, 0x0000000719600000| Untracked 
| 204|0x0000000719800000, 0x0000000719800000, 0x0000000719a00000|  0%| F|  |TAMS 0x0000000719800000, 0x0000000719800000| Untracked 
| 205|0x0000000719a00000, 0x0000000719a00000, 0x0000000719c00000|  0%| F|  |TAMS 0x0000000719a00000, 0x0000000719a00000| Untracked 
| 206|0x0000000719c00000, 0x0000000719c00000, 0x0000000719e00000|  0%| F|  |TAMS 0x0000000719c00000, 0x0000000719c00000| Untracked 
| 207|0x0000000719e00000, 0x0000000719e00000, 0x000000071a000000|  0%| F|  |TAMS 0x0000000719e00000, 0x0000000719e00000| Untracked 
| 208|0x000000071a000000, 0x000000071a000000, 0x000000071a200000|  0%| F|  |TAMS 0x000000071a000000, 0x000000071a000000| Untracked 
| 209|0x000000071a200000, 0x000000071a200000, 0x000000071a400000|  0%| F|  |TAMS 0x000000071a200000, 0x000000071a200000| Untracked 
| 210|0x000000071a400000, 0x000000071a400000, 0x000000071a600000|  0%| F|  |TAMS 0x000000071a400000, 0x000000071a400000| Untracked 
| 211|0x000000071a600000, 0x000000071a600000, 0x000000071a800000|  0%| F|  |TAMS 0x000000071a600000, 0x000000071a600000| Untracked 
| 212|0x000000071a800000, 0x000000071a800000, 0x000000071aa00000|  0%| F|  |TAMS 0x000000071a800000, 0x000000071a800000| Untracked 
| 213|0x000000071aa00000, 0x000000071aa00000, 0x000000071ac00000|  0%| F|  |TAMS 0x000000071aa00000, 0x000000071aa00000| Untracked 
| 214|0x000000071ac00000, 0x000000071ac00000, 0x000000071ae00000|  0%| F|  |TAMS 0x000000071ac00000, 0x000000071ac00000| Untracked 
| 215|0x000000071ae00000, 0x000000071ae00000, 0x000000071b000000|  0%| F|  |TAMS 0x000000071ae00000, 0x000000071ae00000| Untracked 
| 216|0x000000071b000000, 0x000000071b000000, 0x000000071b200000|  0%| F|  |TAMS 0x000000071b000000, 0x000000071b000000| Untracked 
| 217|0x000000071b200000, 0x000000071b200000, 0x000000071b400000|  0%| F|  |TAMS 0x000000071b200000, 0x000000071b200000| Untracked 
| 218|0x000000071b400000, 0x000000071b400000, 0x000000071b600000|  0%| F|  |TAMS 0x000000071b400000, 0x000000071b400000| Untracked 
| 219|0x000000071b600000, 0x000000071b600000, 0x000000071b800000|  0%| F|  |TAMS 0x000000071b600000, 0x000000071b600000| Untracked 
| 220|0x000000071b800000, 0x000000071b800000, 0x000000071ba00000|  0%| F|  |TAMS 0x000000071b800000, 0x000000071b800000| Untracked 
| 221|0x000000071ba00000, 0x000000071ba00000, 0x000000071bc00000|  0%| F|  |TAMS 0x000000071ba00000, 0x000000071ba00000| Untracked 
| 222|0x000000071bc00000, 0x000000071bc00000, 0x000000071be00000|  0%| F|  |TAMS 0x000000071bc00000, 0x000000071bc00000| Untracked 
| 223|0x000000071be00000, 0x000000071be00000, 0x000000071c000000|  0%| F|  |TAMS 0x000000071be00000, 0x000000071be00000| Untracked 
| 224|0x000000071c000000, 0x000000071c000000, 0x000000071c200000|  0%| F|  |TAMS 0x000000071c000000, 0x000000071c000000| Untracked 
| 225|0x000000071c200000, 0x000000071c200000, 0x000000071c400000|  0%| F|  |TAMS 0x000000071c200000, 0x000000071c200000| Untracked 
| 226|0x000000071c400000, 0x000000071c400000, 0x000000071c600000|  0%| F|  |TAMS 0x000000071c400000, 0x000000071c400000| Untracked 
| 227|0x000000071c600000, 0x000000071c600000, 0x000000071c800000|  0%| F|  |TAMS 0x000000071c600000, 0x000000071c600000| Untracked 
| 228|0x000000071c800000, 0x000000071c800000, 0x000000071ca00000|  0%| F|  |TAMS 0x000000071c800000, 0x000000071c800000| Untracked 
| 229|0x000000071ca00000, 0x000000071ca00000, 0x000000071cc00000|  0%| F|  |TAMS 0x000000071ca00000, 0x000000071ca00000| Untracked 
| 230|0x000000071cc00000, 0x000000071cc00000, 0x000000071ce00000|  0%| F|  |TAMS 0x000000071cc00000, 0x000000071cc00000| Untracked 
| 231|0x000000071ce00000, 0x000000071ce00000, 0x000000071d000000|  0%| F|  |TAMS 0x000000071ce00000, 0x000000071ce00000| Untracked 
| 232|0x000000071d000000, 0x000000071d000000, 0x000000071d200000|  0%| F|  |TAMS 0x000000071d000000, 0x000000071d000000| Untracked 
| 233|0x000000071d200000, 0x000000071d200000, 0x000000071d400000|  0%| F|  |TAMS 0x000000071d200000, 0x000000071d200000| Untracked 
| 234|0x000000071d400000, 0x000000071d400000, 0x000000071d600000|  0%| F|  |TAMS 0x000000071d400000, 0x000000071d400000| Untracked 
| 235|0x000000071d600000, 0x000000071d600000, 0x000000071d800000|  0%| F|  |TAMS 0x000000071d600000, 0x000000071d600000| Untracked 
| 236|0x000000071d800000, 0x000000071d800000, 0x000000071da00000|  0%| F|  |TAMS 0x000000071d800000, 0x000000071d800000| Untracked 
| 237|0x000000071da00000, 0x000000071da00000, 0x000000071dc00000|  0%| F|  |TAMS 0x000000071da00000, 0x000000071da00000| Untracked 
| 238|0x000000071dc00000, 0x000000071dc00000, 0x000000071de00000|  0%| F|  |TAMS 0x000000071dc00000, 0x000000071dc00000| Untracked 
| 239|0x000000071de00000, 0x000000071de00000, 0x000000071e000000|  0%| F|  |TAMS 0x000000071de00000, 0x000000071de00000| Untracked 
| 240|0x000000071e000000, 0x000000071e000000, 0x000000071e200000|  0%| F|  |TAMS 0x000000071e000000, 0x000000071e000000| Untracked 
| 241|0x000000071e200000, 0x000000071e200000, 0x000000071e400000|  0%| F|  |TAMS 0x000000071e200000, 0x000000071e200000| Untracked 
| 242|0x000000071e400000, 0x000000071e600000, 0x000000071e600000|100%| O|  |TAMS 0x000000071e600000, 0x000000071e600000| Untracked 
| 243|0x000000071e600000, 0x000000071e600000, 0x000000071e800000|  0%| F|  |TAMS 0x000000071e600000, 0x000000071e600000| Untracked 
| 244|0x000000071e800000, 0x000000071ea00000, 0x000000071ea00000|100%| O|  |TAMS 0x000000071ea00000, 0x000000071ea00000| Untracked 
| 245|0x000000071ea00000, 0x000000071ea00000, 0x000000071ec00000|  0%| F|  |TAMS 0x000000071ea00000, 0x000000071ea00000| Untracked 
| 246|0x000000071ec00000, 0x000000071ec00000, 0x000000071ee00000|  0%| F|  |TAMS 0x000000071ec00000, 0x000000071ec00000| Untracked 
| 247|0x000000071ee00000, 0x000000071ee00000, 0x000000071f000000|  0%| F|  |TAMS 0x000000071ee00000, 0x000000071ee00000| Untracked 
| 248|0x000000071f000000, 0x000000071f000000, 0x000000071f200000|  0%| F|  |TAMS 0x000000071f000000, 0x000000071f000000| Untracked 
| 249|0x000000071f200000, 0x000000071f200000, 0x000000071f400000|  0%| F|  |TAMS 0x000000071f200000, 0x000000071f200000| Untracked 
| 250|0x000000071f400000, 0x000000071f400000, 0x000000071f600000|  0%| F|  |TAMS 0x000000071f400000, 0x000000071f400000| Untracked 
| 251|0x000000071f600000, 0x000000071f600000, 0x000000071f800000|  0%| F|  |TAMS 0x000000071f600000, 0x000000071f600000| Untracked 
| 252|0x000000071f800000, 0x000000071f800000, 0x000000071fa00000|  0%| F|  |TAMS 0x000000071f800000, 0x000000071f800000| Untracked 
| 253|0x000000071fa00000, 0x000000071fa00000, 0x000000071fc00000|  0%| F|  |TAMS 0x000000071fa00000, 0x000000071fa00000| Untracked 
| 254|0x000000071fc00000, 0x000000071fc00000, 0x000000071fe00000|  0%| F|  |TAMS 0x000000071fc00000, 0x000000071fc00000| Untracked 
| 255|0x000000071fe00000, 0x000000071fe00000, 0x0000000720000000|  0%| F|  |TAMS 0x000000071fe00000, 0x000000071fe00000| Untracked 
| 256|0x0000000720000000, 0x0000000720000000, 0x0000000720200000|  0%| F|  |TAMS 0x0000000720000000, 0x0000000720000000| Untracked 
| 257|0x0000000720200000, 0x0000000720200000, 0x0000000720400000|  0%| F|  |TAMS 0x0000000720200000, 0x0000000720200000| Untracked 
| 258|0x0000000720400000, 0x0000000720400000, 0x0000000720600000|  0%| F|  |TAMS 0x0000000720400000, 0x0000000720400000| Untracked 
| 259|0x0000000720600000, 0x0000000720600000, 0x0000000720800000|  0%| F|  |TAMS 0x0000000720600000, 0x0000000720600000| Untracked 
| 260|0x0000000720800000, 0x0000000720800000, 0x0000000720a00000|  0%| F|  |TAMS 0x0000000720800000, 0x0000000720800000| Untracked 
| 261|0x0000000720a00000, 0x0000000720a00000, 0x0000000720c00000|  0%| F|  |TAMS 0x0000000720a00000, 0x0000000720a00000| Untracked 
| 262|0x0000000720c00000, 0x0000000720c00000, 0x0000000720e00000|  0%| F|  |TAMS 0x0000000720c00000, 0x0000000720c00000| Untracked 
| 263|0x0000000720e00000, 0x0000000720e00000, 0x0000000721000000|  0%| F|  |TAMS 0x0000000720e00000, 0x0000000720e00000| Untracked 
| 264|0x0000000721000000, 0x0000000721000000, 0x0000000721200000|  0%| F|  |TAMS 0x0000000721000000, 0x0000000721000000| Untracked 
| 265|0x0000000721200000, 0x0000000721200000, 0x0000000721400000|  0%| F|  |TAMS 0x0000000721200000, 0x0000000721200000| Untracked 
| 266|0x0000000721400000, 0x0000000721400000, 0x0000000721600000|  0%| F|  |TAMS 0x0000000721400000, 0x0000000721400000| Untracked 
| 267|0x0000000721600000, 0x0000000721600000, 0x0000000721800000|  0%| F|  |TAMS 0x0000000721600000, 0x0000000721600000| Untracked 
| 268|0x0000000721800000, 0x0000000721800000, 0x0000000721a00000|  0%| F|  |TAMS 0x0000000721800000, 0x0000000721800000| Untracked 
| 269|0x0000000721a00000, 0x0000000721a00000, 0x0000000721c00000|  0%| F|  |TAMS 0x0000000721a00000, 0x0000000721a00000| Untracked 
| 270|0x0000000721c00000, 0x0000000721c00000, 0x0000000721e00000|  0%| F|  |TAMS 0x0000000721c00000, 0x0000000721c00000| Untracked 
| 271|0x0000000721e00000, 0x0000000721e00000, 0x0000000722000000|  0%| F|  |TAMS 0x0000000721e00000, 0x0000000721e00000| Untracked 
| 272|0x0000000722000000, 0x0000000722000000, 0x0000000722200000|  0%| F|  |TAMS 0x0000000722000000, 0x0000000722000000| Untracked 
| 273|0x0000000722200000, 0x0000000722200000, 0x0000000722400000|  0%| F|  |TAMS 0x0000000722200000, 0x0000000722200000| Untracked 
| 274|0x0000000722400000, 0x0000000722400000, 0x0000000722600000|  0%| F|  |TAMS 0x0000000722400000, 0x0000000722400000| Untracked 
| 275|0x0000000722600000, 0x0000000722600000, 0x0000000722800000|  0%| F|  |TAMS 0x0000000722600000, 0x0000000722600000| Untracked 
| 276|0x0000000722800000, 0x0000000722800000, 0x0000000722a00000|  0%| F|  |TAMS 0x0000000722800000, 0x0000000722800000| Untracked 
| 277|0x0000000722a00000, 0x0000000722a00000, 0x0000000722c00000|  0%| F|  |TAMS 0x0000000722a00000, 0x0000000722a00000| Untracked 
| 278|0x0000000722c00000, 0x0000000722c00000, 0x0000000722e00000|  0%| F|  |TAMS 0x0000000722c00000, 0x0000000722c00000| Untracked 
| 279|0x0000000722e00000, 0x0000000722e00000, 0x0000000723000000|  0%| F|  |TAMS 0x0000000722e00000, 0x0000000722e00000| Untracked 
| 280|0x0000000723000000, 0x0000000723000000, 0x0000000723200000|  0%| F|  |TAMS 0x0000000723000000, 0x0000000723000000| Untracked 
| 281|0x0000000723200000, 0x0000000723200000, 0x0000000723400000|  0%| F|  |TAMS 0x0000000723200000, 0x0000000723200000| Untracked 
| 282|0x0000000723400000, 0x0000000723400000, 0x0000000723600000|  0%| F|  |TAMS 0x0000000723400000, 0x0000000723400000| Untracked 
| 283|0x0000000723600000, 0x0000000723600000, 0x0000000723800000|  0%| F|  |TAMS 0x0000000723600000, 0x0000000723600000| Untracked 
| 284|0x0000000723800000, 0x0000000723800000, 0x0000000723a00000|  0%| F|  |TAMS 0x0000000723800000, 0x0000000723800000| Untracked 
| 285|0x0000000723a00000, 0x0000000723a00000, 0x0000000723c00000|  0%| F|  |TAMS 0x0000000723a00000, 0x0000000723a00000| Untracked 
| 286|0x0000000723c00000, 0x0000000723c00000, 0x0000000723e00000|  0%| F|  |TAMS 0x0000000723c00000, 0x0000000723c00000| Untracked 
| 287|0x0000000723e00000, 0x0000000723e00000, 0x0000000724000000|  0%| F|  |TAMS 0x0000000723e00000, 0x0000000723e00000| Untracked 
| 288|0x0000000724000000, 0x0000000724000000, 0x0000000724200000|  0%| F|  |TAMS 0x0000000724000000, 0x0000000724000000| Untracked 
| 289|0x0000000724200000, 0x0000000724200000, 0x0000000724400000|  0%| F|  |TAMS 0x0000000724200000, 0x0000000724200000| Untracked 
| 290|0x0000000724400000, 0x0000000724400000, 0x0000000724600000|  0%| F|  |TAMS 0x0000000724400000, 0x0000000724400000| Untracked 
| 291|0x0000000724600000, 0x0000000724600000, 0x0000000724800000|  0%| F|  |TAMS 0x0000000724600000, 0x0000000724600000| Untracked 
| 292|0x0000000724800000, 0x0000000724800000, 0x0000000724a00000|  0%| F|  |TAMS 0x0000000724800000, 0x0000000724800000| Untracked 
| 293|0x0000000724a00000, 0x0000000724a00000, 0x0000000724c00000|  0%| F|  |TAMS 0x0000000724a00000, 0x0000000724a00000| Untracked 
| 294|0x0000000724c00000, 0x0000000724c00000, 0x0000000724e00000|  0%| F|  |TAMS 0x0000000724c00000, 0x0000000724c00000| Untracked 
| 295|0x0000000724e00000, 0x0000000724e00000, 0x0000000725000000|  0%| F|  |TAMS 0x0000000724e00000, 0x0000000724e00000| Untracked 
| 296|0x0000000725000000, 0x0000000725000000, 0x0000000725200000|  0%| F|  |TAMS 0x0000000725000000, 0x0000000725000000| Untracked 
| 297|0x0000000725200000, 0x0000000725200000, 0x0000000725400000|  0%| F|  |TAMS 0x0000000725200000, 0x0000000725200000| Untracked 
| 298|0x0000000725400000, 0x0000000725400000, 0x0000000725600000|  0%| F|  |TAMS 0x0000000725400000, 0x0000000725400000| Untracked 
| 299|0x0000000725600000, 0x0000000725600000, 0x0000000725800000|  0%| F|  |TAMS 0x0000000725600000, 0x0000000725600000| Untracked 
| 300|0x0000000725800000, 0x0000000725800000, 0x0000000725a00000|  0%| F|  |TAMS 0x0000000725800000, 0x0000000725800000| Untracked 
| 301|0x0000000725a00000, 0x0000000725a00000, 0x0000000725c00000|  0%| F|  |TAMS 0x0000000725a00000, 0x0000000725a00000| Untracked 
| 302|0x0000000725c00000, 0x0000000725c00000, 0x0000000725e00000|  0%| F|  |TAMS 0x0000000725c00000, 0x0000000725c00000| Untracked 
| 303|0x0000000725e00000, 0x0000000725e00000, 0x0000000726000000|  0%| F|  |TAMS 0x0000000725e00000, 0x0000000725e00000| Untracked 
| 304|0x0000000726000000, 0x0000000726000000, 0x0000000726200000|  0%| F|  |TAMS 0x0000000726000000, 0x0000000726000000| Untracked 
| 305|0x0000000726200000, 0x0000000726200000, 0x0000000726400000|  0%| F|  |TAMS 0x0000000726200000, 0x0000000726200000| Untracked 
| 306|0x0000000726400000, 0x0000000726400000, 0x0000000726600000|  0%| F|  |TAMS 0x0000000726400000, 0x0000000726400000| Untracked 
| 307|0x0000000726600000, 0x0000000726600000, 0x0000000726800000|  0%| F|  |TAMS 0x0000000726600000, 0x0000000726600000| Untracked 
| 308|0x0000000726800000, 0x0000000726800000, 0x0000000726a00000|  0%| F|  |TAMS 0x0000000726800000, 0x0000000726800000| Untracked 
| 309|0x0000000726a00000, 0x0000000726a00000, 0x0000000726c00000|  0%| F|  |TAMS 0x0000000726a00000, 0x0000000726a00000| Untracked 
| 310|0x0000000726c00000, 0x0000000726c00000, 0x0000000726e00000|  0%| F|  |TAMS 0x0000000726c00000, 0x0000000726c00000| Untracked 
| 311|0x0000000726e00000, 0x0000000726e00000, 0x0000000727000000|  0%| F|  |TAMS 0x0000000726e00000, 0x0000000726e00000| Untracked 
| 312|0x0000000727000000, 0x0000000727000000, 0x0000000727200000|  0%| F|  |TAMS 0x0000000727000000, 0x0000000727000000| Untracked 
| 313|0x0000000727200000, 0x0000000727200000, 0x0000000727400000|  0%| F|  |TAMS 0x0000000727200000, 0x0000000727200000| Untracked 
| 314|0x0000000727400000, 0x0000000727400000, 0x0000000727600000|  0%| F|  |TAMS 0x0000000727400000, 0x0000000727400000| Untracked 
| 315|0x0000000727600000, 0x0000000727600000, 0x0000000727800000|  0%| F|  |TAMS 0x0000000727600000, 0x0000000727600000| Untracked 
| 316|0x0000000727800000, 0x0000000727800000, 0x0000000727a00000|  0%| F|  |TAMS 0x0000000727800000, 0x0000000727800000| Untracked 
| 317|0x0000000727a00000, 0x0000000727a00000, 0x0000000727c00000|  0%| F|  |TAMS 0x0000000727a00000, 0x0000000727a00000| Untracked 
| 318|0x0000000727c00000, 0x0000000727c00000, 0x0000000727e00000|  0%| F|  |TAMS 0x0000000727c00000, 0x0000000727c00000| Untracked 
| 319|0x0000000727e00000, 0x0000000727e00000, 0x0000000728000000|  0%| F|  |TAMS 0x0000000727e00000, 0x0000000727e00000| Untracked 
| 320|0x0000000728000000, 0x0000000728000000, 0x0000000728200000|  0%| F|  |TAMS 0x0000000728000000, 0x0000000728000000| Untracked 
| 321|0x0000000728200000, 0x0000000728200000, 0x0000000728400000|  0%| F|  |TAMS 0x0000000728200000, 0x0000000728200000| Untracked 
| 322|0x0000000728400000, 0x0000000728400000, 0x0000000728600000|  0%| F|  |TAMS 0x0000000728400000, 0x0000000728400000| Untracked 
| 323|0x0000000728600000, 0x0000000728600000, 0x0000000728800000|  0%| F|  |TAMS 0x0000000728600000, 0x0000000728600000| Untracked 
| 324|0x0000000728800000, 0x0000000728800000, 0x0000000728a00000|  0%| F|  |TAMS 0x0000000728800000, 0x0000000728800000| Untracked 
| 325|0x0000000728a00000, 0x0000000728a00000, 0x0000000728c00000|  0%| F|  |TAMS 0x0000000728a00000, 0x0000000728a00000| Untracked 
| 326|0x0000000728c00000, 0x0000000728c00000, 0x0000000728e00000|  0%| F|  |TAMS 0x0000000728c00000, 0x0000000728c00000| Untracked 
| 327|0x0000000728e00000, 0x0000000728e00000, 0x0000000729000000|  0%| F|  |TAMS 0x0000000728e00000, 0x0000000728e00000| Untracked 
| 328|0x0000000729000000, 0x0000000729000000, 0x0000000729200000|  0%| F|  |TAMS 0x0000000729000000, 0x0000000729000000| Untracked 
| 329|0x0000000729200000, 0x0000000729200000, 0x0000000729400000|  0%| F|  |TAMS 0x0000000729200000, 0x0000000729200000| Untracked 
| 330|0x0000000729400000, 0x0000000729400000, 0x0000000729600000|  0%| F|  |TAMS 0x0000000729400000, 0x0000000729400000| Untracked 
| 331|0x0000000729600000, 0x0000000729600000, 0x0000000729800000|  0%| F|  |TAMS 0x0000000729600000, 0x0000000729600000| Untracked 
| 332|0x0000000729800000, 0x0000000729800000, 0x0000000729a00000|  0%| F|  |TAMS 0x0000000729800000, 0x0000000729800000| Untracked 
| 333|0x0000000729a00000, 0x0000000729a00000, 0x0000000729c00000|  0%| F|  |TAMS 0x0000000729a00000, 0x0000000729a00000| Untracked 
| 334|0x0000000729c00000, 0x0000000729c00000, 0x0000000729e00000|  0%| F|  |TAMS 0x0000000729c00000, 0x0000000729c00000| Untracked 
| 335|0x0000000729e00000, 0x0000000729e00000, 0x000000072a000000|  0%| F|  |TAMS 0x0000000729e00000, 0x0000000729e00000| Untracked 
| 336|0x000000072a000000, 0x000000072a000000, 0x000000072a200000|  0%| F|  |TAMS 0x000000072a000000, 0x000000072a000000| Untracked 
| 337|0x000000072a200000, 0x000000072a200000, 0x000000072a400000|  0%| F|  |TAMS 0x000000072a200000, 0x000000072a200000| Untracked 
| 338|0x000000072a400000, 0x000000072a400000, 0x000000072a600000|  0%| F|  |TAMS 0x000000072a400000, 0x000000072a400000| Untracked 
| 339|0x000000072a600000, 0x000000072a600000, 0x000000072a800000|  0%| F|  |TAMS 0x000000072a600000, 0x000000072a600000| Untracked 
| 340|0x000000072a800000, 0x000000072a800000, 0x000000072aa00000|  0%| F|  |TAMS 0x000000072a800000, 0x000000072a800000| Untracked 
| 341|0x000000072aa00000, 0x000000072aa00000, 0x000000072ac00000|  0%| F|  |TAMS 0x000000072aa00000, 0x000000072aa00000| Untracked 
| 342|0x000000072ac00000, 0x000000072ac00000, 0x000000072ae00000|  0%| F|  |TAMS 0x000000072ac00000, 0x000000072ac00000| Untracked 
| 343|0x000000072ae00000, 0x000000072ae00000, 0x000000072b000000|  0%| F|  |TAMS 0x000000072ae00000, 0x000000072ae00000| Untracked 
| 344|0x000000072b000000, 0x000000072b000000, 0x000000072b200000|  0%| F|  |TAMS 0x000000072b000000, 0x000000072b000000| Untracked 
| 345|0x000000072b200000, 0x000000072b200000, 0x000000072b400000|  0%| F|  |TAMS 0x000000072b200000, 0x000000072b200000| Untracked 
| 346|0x000000072b400000, 0x000000072b400000, 0x000000072b600000|  0%| F|  |TAMS 0x000000072b400000, 0x000000072b400000| Untracked 
| 347|0x000000072b600000, 0x000000072b600000, 0x000000072b800000|  0%| F|  |TAMS 0x000000072b600000, 0x000000072b600000| Untracked 
| 348|0x000000072b800000, 0x000000072b800000, 0x000000072ba00000|  0%| F|  |TAMS 0x000000072b800000, 0x000000072b800000| Untracked 
| 349|0x000000072ba00000, 0x000000072ba00000, 0x000000072bc00000|  0%| F|  |TAMS 0x000000072ba00000, 0x000000072ba00000| Untracked 
| 350|0x000000072bc00000, 0x000000072bc00000, 0x000000072be00000|  0%| F|  |TAMS 0x000000072bc00000, 0x000000072bc00000| Untracked 
| 351|0x000000072be00000, 0x000000072be00000, 0x000000072c000000|  0%| F|  |TAMS 0x000000072be00000, 0x000000072be00000| Untracked 
| 352|0x000000072c000000, 0x000000072c000000, 0x000000072c200000|  0%| F|  |TAMS 0x000000072c000000, 0x000000072c000000| Untracked 
| 353|0x000000072c200000, 0x000000072c200000, 0x000000072c400000|  0%| F|  |TAMS 0x000000072c200000, 0x000000072c200000| Untracked 
| 354|0x000000072c400000, 0x000000072c400000, 0x000000072c600000|  0%| F|  |TAMS 0x000000072c400000, 0x000000072c400000| Untracked 
| 355|0x000000072c600000, 0x000000072c600000, 0x000000072c800000|  0%| F|  |TAMS 0x000000072c600000, 0x000000072c600000| Untracked 
| 356|0x000000072c800000, 0x000000072c800000, 0x000000072ca00000|  0%| F|  |TAMS 0x000000072c800000, 0x000000072c800000| Untracked 
| 357|0x000000072ca00000, 0x000000072ca00000, 0x000000072cc00000|  0%| F|  |TAMS 0x000000072ca00000, 0x000000072ca00000| Untracked 
| 358|0x000000072cc00000, 0x000000072cc00000, 0x000000072ce00000|  0%| F|  |TAMS 0x000000072cc00000, 0x000000072cc00000| Untracked 
| 359|0x000000072ce00000, 0x000000072ce00000, 0x000000072d000000|  0%| F|  |TAMS 0x000000072ce00000, 0x000000072ce00000| Untracked 
| 360|0x000000072d000000, 0x000000072d000000, 0x000000072d200000|  0%| F|  |TAMS 0x000000072d000000, 0x000000072d000000| Untracked 
| 361|0x000000072d200000, 0x000000072d200000, 0x000000072d400000|  0%| F|  |TAMS 0x000000072d200000, 0x000000072d200000| Untracked 
| 362|0x000000072d400000, 0x000000072d400000, 0x000000072d600000|  0%| F|  |TAMS 0x000000072d400000, 0x000000072d400000| Untracked 
| 363|0x000000072d600000, 0x000000072d600000, 0x000000072d800000|  0%| F|  |TAMS 0x000000072d600000, 0x000000072d600000| Untracked 
| 364|0x000000072d800000, 0x000000072d800000, 0x000000072da00000|  0%| F|  |TAMS 0x000000072d800000, 0x000000072d800000| Untracked 
| 365|0x000000072da00000, 0x000000072da00000, 0x000000072dc00000|  0%| F|  |TAMS 0x000000072da00000, 0x000000072da00000| Untracked 
| 366|0x000000072dc00000, 0x000000072dc00000, 0x000000072de00000|  0%| F|  |TAMS 0x000000072dc00000, 0x000000072dc00000| Untracked 
| 367|0x000000072de00000, 0x000000072de00000, 0x000000072e000000|  0%| F|  |TAMS 0x000000072de00000, 0x000000072de00000| Untracked 
| 368|0x000000072e000000, 0x000000072e000000, 0x000000072e200000|  0%| F|  |TAMS 0x000000072e000000, 0x000000072e000000| Untracked 
| 369|0x000000072e200000, 0x000000072e200000, 0x000000072e400000|  0%| F|  |TAMS 0x000000072e200000, 0x000000072e200000| Untracked 
| 370|0x000000072e400000, 0x000000072e400000, 0x000000072e600000|  0%| F|  |TAMS 0x000000072e400000, 0x000000072e400000| Untracked 
| 371|0x000000072e600000, 0x000000072e600000, 0x000000072e800000|  0%| F|  |TAMS 0x000000072e600000, 0x000000072e600000| Untracked 
| 372|0x000000072e800000, 0x000000072e800000, 0x000000072ea00000|  0%| F|  |TAMS 0x000000072e800000, 0x000000072e800000| Untracked 
| 373|0x000000072ea00000, 0x000000072ea00000, 0x000000072ec00000|  0%| F|  |TAMS 0x000000072ea00000, 0x000000072ea00000| Untracked 
| 374|0x000000072ec00000, 0x000000072ec00000, 0x000000072ee00000|  0%| F|  |TAMS 0x000000072ec00000, 0x000000072ec00000| Untracked 
| 375|0x000000072ee00000, 0x000000072ee00000, 0x000000072f000000|  0%| F|  |TAMS 0x000000072ee00000, 0x000000072ee00000| Untracked 
| 376|0x000000072f000000, 0x000000072f000000, 0x000000072f200000|  0%| F|  |TAMS 0x000000072f000000, 0x000000072f000000| Untracked 
| 377|0x000000072f200000, 0x000000072f200000, 0x000000072f400000|  0%| F|  |TAMS 0x000000072f200000, 0x000000072f200000| Untracked 
| 378|0x000000072f400000, 0x000000072f400000, 0x000000072f600000|  0%| F|  |TAMS 0x000000072f400000, 0x000000072f400000| Untracked 
| 379|0x000000072f600000, 0x000000072f600000, 0x000000072f800000|  0%| F|  |TAMS 0x000000072f600000, 0x000000072f600000| Untracked 
| 380|0x000000072f800000, 0x000000072f800000, 0x000000072fa00000|  0%| F|  |TAMS 0x000000072f800000, 0x000000072f800000| Untracked 
| 381|0x000000072fa00000, 0x000000072fa00000, 0x000000072fc00000|  0%| F|  |TAMS 0x000000072fa00000, 0x000000072fa00000| Untracked 
| 382|0x000000072fc00000, 0x000000072fc00000, 0x000000072fe00000|  0%| F|  |TAMS 0x000000072fc00000, 0x000000072fc00000| Untracked 
| 383|0x000000072fe00000, 0x000000072fe00000, 0x0000000730000000|  0%| F|  |TAMS 0x000000072fe00000, 0x000000072fe00000| Untracked 
| 384|0x0000000730000000, 0x0000000730000000, 0x0000000730200000|  0%| F|  |TAMS 0x0000000730000000, 0x0000000730000000| Untracked 
| 385|0x0000000730200000, 0x0000000730200000, 0x0000000730400000|  0%| F|  |TAMS 0x0000000730200000, 0x0000000730200000| Untracked 
| 386|0x0000000730400000, 0x0000000730400000, 0x0000000730600000|  0%| F|  |TAMS 0x0000000730400000, 0x0000000730400000| Untracked 
| 387|0x0000000730600000, 0x0000000730600000, 0x0000000730800000|  0%| F|  |TAMS 0x0000000730600000, 0x0000000730600000| Untracked 
| 388|0x0000000730800000, 0x0000000730800000, 0x0000000730a00000|  0%| F|  |TAMS 0x0000000730800000, 0x0000000730800000| Untracked 
| 389|0x0000000730a00000, 0x0000000730a00000, 0x0000000730c00000|  0%| F|  |TAMS 0x0000000730a00000, 0x0000000730a00000| Untracked 
| 390|0x0000000730c00000, 0x0000000730c00000, 0x0000000730e00000|  0%| F|  |TAMS 0x0000000730c00000, 0x0000000730c00000| Untracked 
| 391|0x0000000730e00000, 0x0000000730e00000, 0x0000000731000000|  0%| F|  |TAMS 0x0000000730e00000, 0x0000000730e00000| Untracked 
| 392|0x0000000731000000, 0x0000000731000000, 0x0000000731200000|  0%| F|  |TAMS 0x0000000731000000, 0x0000000731000000| Untracked 
| 393|0x0000000731200000, 0x0000000731200000, 0x0000000731400000|  0%| F|  |TAMS 0x0000000731200000, 0x0000000731200000| Untracked 
| 394|0x0000000731400000, 0x0000000731400000, 0x0000000731600000|  0%| F|  |TAMS 0x0000000731400000, 0x0000000731400000| Untracked 
| 395|0x0000000731600000, 0x0000000731600000, 0x0000000731800000|  0%| F|  |TAMS 0x0000000731600000, 0x0000000731600000| Untracked 
| 396|0x0000000731800000, 0x0000000731800000, 0x0000000731a00000|  0%| F|  |TAMS 0x0000000731800000, 0x0000000731800000| Untracked 
| 397|0x0000000731a00000, 0x0000000731a00000, 0x0000000731c00000|  0%| F|  |TAMS 0x0000000731a00000, 0x0000000731a00000| Untracked 
| 398|0x0000000731c00000, 0x0000000731c00000, 0x0000000731e00000|  0%| F|  |TAMS 0x0000000731c00000, 0x0000000731c00000| Untracked 
| 399|0x0000000731e00000, 0x0000000731e00000, 0x0000000732000000|  0%| F|  |TAMS 0x0000000731e00000, 0x0000000731e00000| Untracked 
| 400|0x0000000732000000, 0x0000000732000000, 0x0000000732200000|  0%| F|  |TAMS 0x0000000732000000, 0x0000000732000000| Untracked 
| 401|0x0000000732200000, 0x0000000732200000, 0x0000000732400000|  0%| F|  |TAMS 0x0000000732200000, 0x0000000732200000| Untracked 
| 402|0x0000000732400000, 0x0000000732400000, 0x0000000732600000|  0%| F|  |TAMS 0x0000000732400000, 0x0000000732400000| Untracked 
| 403|0x0000000732600000, 0x0000000732600000, 0x0000000732800000|  0%| F|  |TAMS 0x0000000732600000, 0x0000000732600000| Untracked 
| 404|0x0000000732800000, 0x0000000732800000, 0x0000000732a00000|  0%| F|  |TAMS 0x0000000732800000, 0x0000000732800000| Untracked 
| 405|0x0000000732a00000, 0x0000000732a00000, 0x0000000732c00000|  0%| F|  |TAMS 0x0000000732a00000, 0x0000000732a00000| Untracked 
| 406|0x0000000732c00000, 0x0000000732c00000, 0x0000000732e00000|  0%| F|  |TAMS 0x0000000732c00000, 0x0000000732c00000| Untracked 
| 407|0x0000000732e00000, 0x0000000732e00000, 0x0000000733000000|  0%| F|  |TAMS 0x0000000732e00000, 0x0000000732e00000| Untracked 
| 408|0x0000000733000000, 0x0000000733000000, 0x0000000733200000|  0%| F|  |TAMS 0x0000000733000000, 0x0000000733000000| Untracked 
| 409|0x0000000733200000, 0x0000000733200000, 0x0000000733400000|  0%| F|  |TAMS 0x0000000733200000, 0x0000000733200000| Untracked 
| 410|0x0000000733400000, 0x0000000733400000, 0x0000000733600000|  0%| F|  |TAMS 0x0000000733400000, 0x0000000733400000| Untracked 
| 411|0x0000000733600000, 0x0000000733600000, 0x0000000733800000|  0%| F|  |TAMS 0x0000000733600000, 0x0000000733600000| Untracked 
| 412|0x0000000733800000, 0x0000000733800000, 0x0000000733a00000|  0%| F|  |TAMS 0x0000000733800000, 0x0000000733800000| Untracked 
| 413|0x0000000733a00000, 0x0000000733a00000, 0x0000000733c00000|  0%| F|  |TAMS 0x0000000733a00000, 0x0000000733a00000| Untracked 
| 414|0x0000000733c00000, 0x0000000733c00000, 0x0000000733e00000|  0%| F|  |TAMS 0x0000000733c00000, 0x0000000733c00000| Untracked 
| 415|0x0000000733e00000, 0x0000000733e00000, 0x0000000734000000|  0%| F|  |TAMS 0x0000000733e00000, 0x0000000733e00000| Untracked 
| 416|0x0000000734000000, 0x0000000734000000, 0x0000000734200000|  0%| F|  |TAMS 0x0000000734000000, 0x0000000734000000| Untracked 
| 417|0x0000000734200000, 0x0000000734200000, 0x0000000734400000|  0%| F|  |TAMS 0x0000000734200000, 0x0000000734200000| Untracked 
| 418|0x0000000734400000, 0x0000000734400000, 0x0000000734600000|  0%| F|  |TAMS 0x0000000734400000, 0x0000000734400000| Untracked 
| 419|0x0000000734600000, 0x0000000734600000, 0x0000000734800000|  0%| F|  |TAMS 0x0000000734600000, 0x0000000734600000| Untracked 
| 420|0x0000000734800000, 0x0000000734800000, 0x0000000734a00000|  0%| F|  |TAMS 0x0000000734800000, 0x0000000734800000| Untracked 
| 421|0x0000000734a00000, 0x0000000734a00000, 0x0000000734c00000|  0%| F|  |TAMS 0x0000000734a00000, 0x0000000734a00000| Untracked 
| 422|0x0000000734c00000, 0x0000000734c00000, 0x0000000734e00000|  0%| F|  |TAMS 0x0000000734c00000, 0x0000000734c00000| Untracked 
| 423|0x0000000734e00000, 0x0000000734e00000, 0x0000000735000000|  0%| F|  |TAMS 0x0000000734e00000, 0x0000000734e00000| Untracked 
| 424|0x0000000735000000, 0x0000000735000000, 0x0000000735200000|  0%| F|  |TAMS 0x0000000735000000, 0x0000000735000000| Untracked 
| 425|0x0000000735200000, 0x0000000735200000, 0x0000000735400000|  0%| F|  |TAMS 0x0000000735200000, 0x0000000735200000| Untracked 
| 426|0x0000000735400000, 0x0000000735400000, 0x0000000735600000|  0%| F|  |TAMS 0x0000000735400000, 0x0000000735400000| Untracked 
| 427|0x0000000735600000, 0x0000000735600000, 0x0000000735800000|  0%| F|  |TAMS 0x0000000735600000, 0x0000000735600000| Untracked 
| 428|0x0000000735800000, 0x0000000735800000, 0x0000000735a00000|  0%| F|  |TAMS 0x0000000735800000, 0x0000000735800000| Untracked 
| 429|0x0000000735a00000, 0x0000000735a00000, 0x0000000735c00000|  0%| F|  |TAMS 0x0000000735a00000, 0x0000000735a00000| Untracked 
| 430|0x0000000735c00000, 0x0000000735c00000, 0x0000000735e00000|  0%| F|  |TAMS 0x0000000735c00000, 0x0000000735c00000| Untracked 
| 431|0x0000000735e00000, 0x0000000735e5f028, 0x0000000736000000| 18%| S|CS|TAMS 0x0000000735e00000, 0x0000000735e00000| Complete 
| 432|0x0000000736000000, 0x0000000736200000, 0x0000000736200000|100%| S|CS|TAMS 0x0000000736000000, 0x0000000736000000| Complete 
| 433|0x0000000736200000, 0x0000000736400000, 0x0000000736400000|100%| S|CS|TAMS 0x0000000736200000, 0x0000000736200000| Complete 
| 434|0x0000000736400000, 0x0000000736400000, 0x0000000736600000|  0%| F|  |TAMS 0x0000000736400000, 0x0000000736400000| Untracked 
| 435|0x0000000736600000, 0x0000000736600000, 0x0000000736800000|  0%| F|  |TAMS 0x0000000736600000, 0x0000000736600000| Untracked 
| 436|0x0000000736800000, 0x0000000736800000, 0x0000000736a00000|  0%| F|  |TAMS 0x0000000736800000, 0x0000000736800000| Untracked 
| 437|0x0000000736a00000, 0x0000000736a00000, 0x0000000736c00000|  0%| F|  |TAMS 0x0000000736a00000, 0x0000000736a00000| Untracked 
| 438|0x0000000736c00000, 0x0000000736c00000, 0x0000000736e00000|  0%| F|  |TAMS 0x0000000736c00000, 0x0000000736c00000| Untracked 
| 439|0x0000000736e00000, 0x0000000736e00000, 0x0000000737000000|  0%| F|  |TAMS 0x0000000736e00000, 0x0000000736e00000| Untracked 
| 440|0x0000000737000000, 0x0000000737000000, 0x0000000737200000|  0%| F|  |TAMS 0x0000000737000000, 0x0000000737000000| Untracked 
| 441|0x0000000737200000, 0x0000000737200000, 0x0000000737400000|  0%| F|  |TAMS 0x0000000737200000, 0x0000000737200000| Untracked 
| 442|0x0000000737400000, 0x0000000737400000, 0x0000000737600000|  0%| F|  |TAMS 0x0000000737400000, 0x0000000737400000| Untracked 
| 443|0x0000000737600000, 0x0000000737600000, 0x0000000737800000|  0%| F|  |TAMS 0x0000000737600000, 0x0000000737600000| Untracked 
| 444|0x0000000737800000, 0x0000000737800000, 0x0000000737a00000|  0%| F|  |TAMS 0x0000000737800000, 0x0000000737800000| Untracked 
| 445|0x0000000737a00000, 0x0000000737a00000, 0x0000000737c00000|  0%| F|  |TAMS 0x0000000737a00000, 0x0000000737a00000| Untracked 
| 446|0x0000000737c00000, 0x0000000737c00000, 0x0000000737e00000|  0%| F|  |TAMS 0x0000000737c00000, 0x0000000737c00000| Untracked 
| 447|0x0000000737e00000, 0x0000000737e00000, 0x0000000738000000|  0%| F|  |TAMS 0x0000000737e00000, 0x0000000737e00000| Untracked 
| 448|0x0000000738000000, 0x0000000738000000, 0x0000000738200000|  0%| F|  |TAMS 0x0000000738000000, 0x0000000738000000| Untracked 
| 449|0x0000000738200000, 0x0000000738200000, 0x0000000738400000|  0%| F|  |TAMS 0x0000000738200000, 0x0000000738200000| Untracked 
| 450|0x0000000738400000, 0x0000000738400000, 0x0000000738600000|  0%| F|  |TAMS 0x0000000738400000, 0x0000000738400000| Untracked 
| 451|0x0000000738600000, 0x0000000738600000, 0x0000000738800000|  0%| F|  |TAMS 0x0000000738600000, 0x0000000738600000| Untracked 
| 452|0x0000000738800000, 0x0000000738800000, 0x0000000738a00000|  0%| F|  |TAMS 0x0000000738800000, 0x0000000738800000| Untracked 
| 453|0x0000000738a00000, 0x0000000738a00000, 0x0000000738c00000|  0%| F|  |TAMS 0x0000000738a00000, 0x0000000738a00000| Untracked 
| 454|0x0000000738c00000, 0x0000000738c00000, 0x0000000738e00000|  0%| F|  |TAMS 0x0000000738c00000, 0x0000000738c00000| Untracked 
| 455|0x0000000738e00000, 0x0000000738e00000, 0x0000000739000000|  0%| F|  |TAMS 0x0000000738e00000, 0x0000000738e00000| Untracked 
| 456|0x0000000739000000, 0x0000000739000000, 0x0000000739200000|  0%| F|  |TAMS 0x0000000739000000, 0x0000000739000000| Untracked 
| 457|0x0000000739200000, 0x0000000739200000, 0x0000000739400000|  0%| F|  |TAMS 0x0000000739200000, 0x0000000739200000| Untracked 
| 458|0x0000000739400000, 0x0000000739400000, 0x0000000739600000|  0%| F|  |TAMS 0x0000000739400000, 0x0000000739400000| Untracked 
| 459|0x0000000739600000, 0x0000000739600000, 0x0000000739800000|  0%| F|  |TAMS 0x0000000739600000, 0x0000000739600000| Untracked 
| 460|0x0000000739800000, 0x0000000739800000, 0x0000000739a00000|  0%| F|  |TAMS 0x0000000739800000, 0x0000000739800000| Untracked 
| 461|0x0000000739a00000, 0x0000000739a00000, 0x0000000739c00000|  0%| F|  |TAMS 0x0000000739a00000, 0x0000000739a00000| Untracked 
| 462|0x0000000739c00000, 0x0000000739c00000, 0x0000000739e00000|  0%| F|  |TAMS 0x0000000739c00000, 0x0000000739c00000| Untracked 
| 463|0x0000000739e00000, 0x0000000739e00000, 0x000000073a000000|  0%| F|  |TAMS 0x0000000739e00000, 0x0000000739e00000| Untracked 
| 464|0x000000073a000000, 0x000000073a000000, 0x000000073a200000|  0%| F|  |TAMS 0x000000073a000000, 0x000000073a000000| Untracked 
| 465|0x000000073a200000, 0x000000073a200000, 0x000000073a400000|  0%| F|  |TAMS 0x000000073a200000, 0x000000073a200000| Untracked 
| 466|0x000000073a400000, 0x000000073a400000, 0x000000073a600000|  0%| F|  |TAMS 0x000000073a400000, 0x000000073a400000| Untracked 
| 467|0x000000073a600000, 0x000000073a600000, 0x000000073a800000|  0%| F|  |TAMS 0x000000073a600000, 0x000000073a600000| Untracked 
| 468|0x000000073a800000, 0x000000073a800000, 0x000000073aa00000|  0%| F|  |TAMS 0x000000073a800000, 0x000000073a800000| Untracked 
| 469|0x000000073aa00000, 0x000000073aa00000, 0x000000073ac00000|  0%| F|  |TAMS 0x000000073aa00000, 0x000000073aa00000| Untracked 
| 470|0x000000073ac00000, 0x000000073ac00000, 0x000000073ae00000|  0%| F|  |TAMS 0x000000073ac00000, 0x000000073ac00000| Untracked 
| 471|0x000000073ae00000, 0x000000073ae00000, 0x000000073b000000|  0%| F|  |TAMS 0x000000073ae00000, 0x000000073ae00000| Untracked 
| 472|0x000000073b000000, 0x000000073b000000, 0x000000073b200000|  0%| F|  |TAMS 0x000000073b000000, 0x000000073b000000| Untracked 
| 473|0x000000073b200000, 0x000000073b200000, 0x000000073b400000|  0%| F|  |TAMS 0x000000073b200000, 0x000000073b200000| Untracked 
| 474|0x000000073b400000, 0x000000073b400000, 0x000000073b600000|  0%| F|  |TAMS 0x000000073b400000, 0x000000073b400000| Untracked 
| 475|0x000000073b600000, 0x000000073b600000, 0x000000073b800000|  0%| F|  |TAMS 0x000000073b600000, 0x000000073b600000| Untracked 
| 476|0x000000073b800000, 0x000000073b800000, 0x000000073ba00000|  0%| F|  |TAMS 0x000000073b800000, 0x000000073b800000| Untracked 
| 477|0x000000073ba00000, 0x000000073ba00000, 0x000000073bc00000|  0%| F|  |TAMS 0x000000073ba00000, 0x000000073ba00000| Untracked 
| 478|0x000000073bc00000, 0x000000073bc00000, 0x000000073be00000|  0%| F|  |TAMS 0x000000073bc00000, 0x000000073bc00000| Untracked 
| 479|0x000000073be00000, 0x000000073be00000, 0x000000073c000000|  0%| F|  |TAMS 0x000000073be00000, 0x000000073be00000| Untracked 
| 480|0x000000073c000000, 0x000000073c000000, 0x000000073c200000|  0%| F|  |TAMS 0x000000073c000000, 0x000000073c000000| Untracked 
| 481|0x000000073c200000, 0x000000073c200000, 0x000000073c400000|  0%| F|  |TAMS 0x000000073c200000, 0x000000073c200000| Untracked 
| 482|0x000000073c400000, 0x000000073c400000, 0x000000073c600000|  0%| F|  |TAMS 0x000000073c400000, 0x000000073c400000| Untracked 
| 483|0x000000073c600000, 0x000000073c600000, 0x000000073c800000|  0%| F|  |TAMS 0x000000073c600000, 0x000000073c600000| Untracked 
| 484|0x000000073c800000, 0x000000073c800000, 0x000000073ca00000|  0%| F|  |TAMS 0x000000073c800000, 0x000000073c800000| Untracked 
| 485|0x000000073ca00000, 0x000000073ca00000, 0x000000073cc00000|  0%| F|  |TAMS 0x000000073ca00000, 0x000000073ca00000| Untracked 
| 486|0x000000073cc00000, 0x000000073cc00000, 0x000000073ce00000|  0%| F|  |TAMS 0x000000073cc00000, 0x000000073cc00000| Untracked 
| 487|0x000000073ce00000, 0x000000073ce00000, 0x000000073d000000|  0%| F|  |TAMS 0x000000073ce00000, 0x000000073ce00000| Untracked 
| 488|0x000000073d000000, 0x000000073d000000, 0x000000073d200000|  0%| F|  |TAMS 0x000000073d000000, 0x000000073d000000| Untracked 
| 489|0x000000073d200000, 0x000000073d200000, 0x000000073d400000|  0%| F|  |TAMS 0x000000073d200000, 0x000000073d200000| Untracked 
| 490|0x000000073d400000, 0x000000073d400000, 0x000000073d600000|  0%| F|  |TAMS 0x000000073d400000, 0x000000073d400000| Untracked 
| 491|0x000000073d600000, 0x000000073d600000, 0x000000073d800000|  0%| F|  |TAMS 0x000000073d600000, 0x000000073d600000| Untracked 
| 492|0x000000073d800000, 0x000000073d800000, 0x000000073da00000|  0%| F|  |TAMS 0x000000073d800000, 0x000000073d800000| Untracked 
| 493|0x000000073da00000, 0x000000073da00000, 0x000000073dc00000|  0%| F|  |TAMS 0x000000073da00000, 0x000000073da00000| Untracked 
| 494|0x000000073dc00000, 0x000000073dc00000, 0x000000073de00000|  0%| F|  |TAMS 0x000000073dc00000, 0x000000073dc00000| Untracked 
| 495|0x000000073de00000, 0x000000073de00000, 0x000000073e000000|  0%| F|  |TAMS 0x000000073de00000, 0x000000073de00000| Untracked 
| 496|0x000000073e000000, 0x000000073e000000, 0x000000073e200000|  0%| F|  |TAMS 0x000000073e000000, 0x000000073e000000| Untracked 
| 497|0x000000073e200000, 0x000000073e200000, 0x000000073e400000|  0%| F|  |TAMS 0x000000073e200000, 0x000000073e200000| Untracked 
| 498|0x000000073e400000, 0x000000073e400000, 0x000000073e600000|  0%| F|  |TAMS 0x000000073e400000, 0x000000073e400000| Untracked 
| 499|0x000000073e600000, 0x000000073e600000, 0x000000073e800000|  0%| F|  |TAMS 0x000000073e600000, 0x000000073e600000| Untracked 
| 500|0x000000073e800000, 0x000000073e800000, 0x000000073ea00000|  0%| F|  |TAMS 0x000000073e800000, 0x000000073e800000| Untracked 
| 501|0x000000073ea00000, 0x000000073ea00000, 0x000000073ec00000|  0%| F|  |TAMS 0x000000073ea00000, 0x000000073ea00000| Untracked 
| 502|0x000000073ec00000, 0x000000073ec00000, 0x000000073ee00000|  0%| F|  |TAMS 0x000000073ec00000, 0x000000073ec00000| Untracked 
| 503|0x000000073ee00000, 0x000000073ee00000, 0x000000073f000000|  0%| F|  |TAMS 0x000000073ee00000, 0x000000073ee00000| Untracked 
| 504|0x000000073f000000, 0x000000073f000000, 0x000000073f200000|  0%| F|  |TAMS 0x000000073f000000, 0x000000073f000000| Untracked 
| 505|0x000000073f200000, 0x000000073f200000, 0x000000073f400000|  0%| F|  |TAMS 0x000000073f200000, 0x000000073f200000| Untracked 
| 506|0x000000073f400000, 0x000000073f400000, 0x000000073f600000|  0%| F|  |TAMS 0x000000073f400000, 0x000000073f400000| Untracked 
| 507|0x000000073f600000, 0x000000073f600000, 0x000000073f800000|  0%| F|  |TAMS 0x000000073f600000, 0x000000073f600000| Untracked 
| 508|0x000000073f800000, 0x000000073f800000, 0x000000073fa00000|  0%| F|  |TAMS 0x000000073f800000, 0x000000073f800000| Untracked 
| 509|0x000000073fa00000, 0x000000073fa00000, 0x000000073fc00000|  0%| F|  |TAMS 0x000000073fa00000, 0x000000073fa00000| Untracked 
| 510|0x000000073fc00000, 0x000000073fc00000, 0x000000073fe00000|  0%| F|  |TAMS 0x000000073fc00000, 0x000000073fc00000| Untracked 
| 511|0x000000073fe00000, 0x000000073fe00000, 0x0000000740000000|  0%| F|  |TAMS 0x000000073fe00000, 0x000000073fe00000| Untracked 
| 512|0x0000000740000000, 0x0000000740000000, 0x0000000740200000|  0%| F|  |TAMS 0x0000000740000000, 0x0000000740000000| Untracked 
| 513|0x0000000740200000, 0x0000000740200000, 0x0000000740400000|  0%| F|  |TAMS 0x0000000740200000, 0x0000000740200000| Untracked 
| 514|0x0000000740400000, 0x0000000740400000, 0x0000000740600000|  0%| F|  |TAMS 0x0000000740400000, 0x0000000740400000| Untracked 
| 515|0x0000000740600000, 0x0000000740600000, 0x0000000740800000|  0%| F|  |TAMS 0x0000000740600000, 0x0000000740600000| Untracked 
| 516|0x0000000740800000, 0x0000000740800000, 0x0000000740a00000|  0%| F|  |TAMS 0x0000000740800000, 0x0000000740800000| Untracked 
| 517|0x0000000740a00000, 0x0000000740a00000, 0x0000000740c00000|  0%| F|  |TAMS 0x0000000740a00000, 0x0000000740a00000| Untracked 
| 518|0x0000000740c00000, 0x0000000740c00000, 0x0000000740e00000|  0%| F|  |TAMS 0x0000000740c00000, 0x0000000740c00000| Untracked 
| 519|0x0000000740e00000, 0x0000000740e00000, 0x0000000741000000|  0%| F|  |TAMS 0x0000000740e00000, 0x0000000740e00000| Untracked 
| 520|0x0000000741000000, 0x0000000741000000, 0x0000000741200000|  0%| F|  |TAMS 0x0000000741000000, 0x0000000741000000| Untracked 
| 521|0x0000000741200000, 0x0000000741200000, 0x0000000741400000|  0%| F|  |TAMS 0x0000000741200000, 0x0000000741200000| Untracked 
| 522|0x0000000741400000, 0x0000000741400000, 0x0000000741600000|  0%| F|  |TAMS 0x0000000741400000, 0x0000000741400000| Untracked 
| 523|0x0000000741600000, 0x0000000741600000, 0x0000000741800000|  0%| F|  |TAMS 0x0000000741600000, 0x0000000741600000| Untracked 
| 524|0x0000000741800000, 0x0000000741800000, 0x0000000741a00000|  0%| F|  |TAMS 0x0000000741800000, 0x0000000741800000| Untracked 
| 525|0x0000000741a00000, 0x0000000741a00000, 0x0000000741c00000|  0%| F|  |TAMS 0x0000000741a00000, 0x0000000741a00000| Untracked 
| 526|0x0000000741c00000, 0x0000000741c00000, 0x0000000741e00000|  0%| F|  |TAMS 0x0000000741c00000, 0x0000000741c00000| Untracked 
| 527|0x0000000741e00000, 0x0000000741e00000, 0x0000000742000000|  0%| F|  |TAMS 0x0000000741e00000, 0x0000000741e00000| Untracked 
| 528|0x0000000742000000, 0x0000000742000000, 0x0000000742200000|  0%| F|  |TAMS 0x0000000742000000, 0x0000000742000000| Untracked 
| 529|0x0000000742200000, 0x0000000742200000, 0x0000000742400000|  0%| F|  |TAMS 0x0000000742200000, 0x0000000742200000| Untracked 
| 530|0x0000000742400000, 0x0000000742400000, 0x0000000742600000|  0%| F|  |TAMS 0x0000000742400000, 0x0000000742400000| Untracked 
| 531|0x0000000742600000, 0x0000000742600000, 0x0000000742800000|  0%| F|  |TAMS 0x0000000742600000, 0x0000000742600000| Untracked 
| 532|0x0000000742800000, 0x0000000742800000, 0x0000000742a00000|  0%| F|  |TAMS 0x0000000742800000, 0x0000000742800000| Untracked 
| 533|0x0000000742a00000, 0x0000000742a00000, 0x0000000742c00000|  0%| F|  |TAMS 0x0000000742a00000, 0x0000000742a00000| Untracked 
| 534|0x0000000742c00000, 0x0000000742c00000, 0x0000000742e00000|  0%| F|  |TAMS 0x0000000742c00000, 0x0000000742c00000| Untracked 
| 535|0x0000000742e00000, 0x0000000742e00000, 0x0000000743000000|  0%| F|  |TAMS 0x0000000742e00000, 0x0000000742e00000| Untracked 
| 536|0x0000000743000000, 0x0000000743000000, 0x0000000743200000|  0%| F|  |TAMS 0x0000000743000000, 0x0000000743000000| Untracked 
| 537|0x0000000743200000, 0x0000000743200000, 0x0000000743400000|  0%| F|  |TAMS 0x0000000743200000, 0x0000000743200000| Untracked 
| 538|0x0000000743400000, 0x0000000743400000, 0x0000000743600000|  0%| F|  |TAMS 0x0000000743400000, 0x0000000743400000| Untracked 
| 539|0x0000000743600000, 0x0000000743600000, 0x0000000743800000|  0%| F|  |TAMS 0x0000000743600000, 0x0000000743600000| Untracked 
| 540|0x0000000743800000, 0x0000000743800000, 0x0000000743a00000|  0%| F|  |TAMS 0x0000000743800000, 0x0000000743800000| Untracked 
| 541|0x0000000743a00000, 0x0000000743a00000, 0x0000000743c00000|  0%| F|  |TAMS 0x0000000743a00000, 0x0000000743a00000| Untracked 
| 542|0x0000000743c00000, 0x0000000743c00000, 0x0000000743e00000|  0%| F|  |TAMS 0x0000000743c00000, 0x0000000743c00000| Untracked 
| 543|0x0000000743e00000, 0x0000000743e00000, 0x0000000744000000|  0%| F|  |TAMS 0x0000000743e00000, 0x0000000743e00000| Untracked 
| 544|0x0000000744000000, 0x0000000744000000, 0x0000000744200000|  0%| F|  |TAMS 0x0000000744000000, 0x0000000744000000| Untracked 
| 545|0x0000000744200000, 0x0000000744200000, 0x0000000744400000|  0%| F|  |TAMS 0x0000000744200000, 0x0000000744200000| Untracked 
| 546|0x0000000744400000, 0x0000000744400000, 0x0000000744600000|  0%| F|  |TAMS 0x0000000744400000, 0x0000000744400000| Untracked 
| 547|0x0000000744600000, 0x0000000744600000, 0x0000000744800000|  0%| F|  |TAMS 0x0000000744600000, 0x0000000744600000| Untracked 
| 548|0x0000000744800000, 0x0000000744800000, 0x0000000744a00000|  0%| F|  |TAMS 0x0000000744800000, 0x0000000744800000| Untracked 
| 549|0x0000000744a00000, 0x0000000744a00000, 0x0000000744c00000|  0%| F|  |TAMS 0x0000000744a00000, 0x0000000744a00000| Untracked 
| 550|0x0000000744c00000, 0x0000000744c00000, 0x0000000744e00000|  0%| F|  |TAMS 0x0000000744c00000, 0x0000000744c00000| Untracked 
| 551|0x0000000744e00000, 0x0000000744e00000, 0x0000000745000000|  0%| F|  |TAMS 0x0000000744e00000, 0x0000000744e00000| Untracked 
| 552|0x0000000745000000, 0x0000000745000000, 0x0000000745200000|  0%| F|  |TAMS 0x0000000745000000, 0x0000000745000000| Untracked 
| 553|0x0000000745200000, 0x0000000745200000, 0x0000000745400000|  0%| F|  |TAMS 0x0000000745200000, 0x0000000745200000| Untracked 
| 554|0x0000000745400000, 0x0000000745400000, 0x0000000745600000|  0%| F|  |TAMS 0x0000000745400000, 0x0000000745400000| Untracked 
| 555|0x0000000745600000, 0x0000000745600000, 0x0000000745800000|  0%| F|  |TAMS 0x0000000745600000, 0x0000000745600000| Untracked 
| 556|0x0000000745800000, 0x0000000745800000, 0x0000000745a00000|  0%| F|  |TAMS 0x0000000745800000, 0x0000000745800000| Untracked 
| 557|0x0000000745a00000, 0x0000000745a00000, 0x0000000745c00000|  0%| F|  |TAMS 0x0000000745a00000, 0x0000000745a00000| Untracked 
| 558|0x0000000745c00000, 0x0000000745c00000, 0x0000000745e00000|  0%| F|  |TAMS 0x0000000745c00000, 0x0000000745c00000| Untracked 
| 559|0x0000000745e00000, 0x0000000745e00000, 0x0000000746000000|  0%| F|  |TAMS 0x0000000745e00000, 0x0000000745e00000| Untracked 
| 560|0x0000000746000000, 0x0000000746000000, 0x0000000746200000|  0%| F|  |TAMS 0x0000000746000000, 0x0000000746000000| Untracked 
| 561|0x0000000746200000, 0x0000000746200000, 0x0000000746400000|  0%| F|  |TAMS 0x0000000746200000, 0x0000000746200000| Untracked 
| 562|0x0000000746400000, 0x0000000746400000, 0x0000000746600000|  0%| F|  |TAMS 0x0000000746400000, 0x0000000746400000| Untracked 
| 563|0x0000000746600000, 0x0000000746600000, 0x0000000746800000|  0%| F|  |TAMS 0x0000000746600000, 0x0000000746600000| Untracked 
| 564|0x0000000746800000, 0x0000000746800000, 0x0000000746a00000|  0%| F|  |TAMS 0x0000000746800000, 0x0000000746800000| Untracked 
| 565|0x0000000746a00000, 0x0000000746a00000, 0x0000000746c00000|  0%| F|  |TAMS 0x0000000746a00000, 0x0000000746a00000| Untracked 
| 566|0x0000000746c00000, 0x0000000746c00000, 0x0000000746e00000|  0%| F|  |TAMS 0x0000000746c00000, 0x0000000746c00000| Untracked 
| 567|0x0000000746e00000, 0x0000000746e00000, 0x0000000747000000|  0%| F|  |TAMS 0x0000000746e00000, 0x0000000746e00000| Untracked 
| 568|0x0000000747000000, 0x0000000747000000, 0x0000000747200000|  0%| F|  |TAMS 0x0000000747000000, 0x0000000747000000| Untracked 
| 569|0x0000000747200000, 0x0000000747200000, 0x0000000747400000|  0%| F|  |TAMS 0x0000000747200000, 0x0000000747200000| Untracked 
| 570|0x0000000747400000, 0x0000000747400000, 0x0000000747600000|  0%| F|  |TAMS 0x0000000747400000, 0x0000000747400000| Untracked 
| 571|0x0000000747600000, 0x0000000747600000, 0x0000000747800000|  0%| F|  |TAMS 0x0000000747600000, 0x0000000747600000| Untracked 
| 572|0x0000000747800000, 0x0000000747800000, 0x0000000747a00000|  0%| F|  |TAMS 0x0000000747800000, 0x0000000747800000| Untracked 
| 573|0x0000000747a00000, 0x0000000747a00000, 0x0000000747c00000|  0%| F|  |TAMS 0x0000000747a00000, 0x0000000747a00000| Untracked 
| 574|0x0000000747c00000, 0x0000000747c00000, 0x0000000747e00000|  0%| F|  |TAMS 0x0000000747c00000, 0x0000000747c00000| Untracked 
| 575|0x0000000747e00000, 0x0000000747e00000, 0x0000000748000000|  0%| F|  |TAMS 0x0000000747e00000, 0x0000000747e00000| Untracked 
| 576|0x0000000748000000, 0x0000000748000000, 0x0000000748200000|  0%| F|  |TAMS 0x0000000748000000, 0x0000000748000000| Untracked 
| 577|0x0000000748200000, 0x0000000748200000, 0x0000000748400000|  0%| F|  |TAMS 0x0000000748200000, 0x0000000748200000| Untracked 
| 578|0x0000000748400000, 0x0000000748400000, 0x0000000748600000|  0%| F|  |TAMS 0x0000000748400000, 0x0000000748400000| Untracked 
| 579|0x0000000748600000, 0x0000000748600000, 0x0000000748800000|  0%| F|  |TAMS 0x0000000748600000, 0x0000000748600000| Untracked 
| 580|0x0000000748800000, 0x0000000748800000, 0x0000000748a00000|  0%| F|  |TAMS 0x0000000748800000, 0x0000000748800000| Untracked 
| 581|0x0000000748a00000, 0x0000000748a00000, 0x0000000748c00000|  0%| F|  |TAMS 0x0000000748a00000, 0x0000000748a00000| Untracked 
| 582|0x0000000748c00000, 0x0000000748c00000, 0x0000000748e00000|  0%| F|  |TAMS 0x0000000748c00000, 0x0000000748c00000| Untracked 
| 583|0x0000000748e00000, 0x0000000748e00000, 0x0000000749000000|  0%| F|  |TAMS 0x0000000748e00000, 0x0000000748e00000| Untracked 
| 584|0x0000000749000000, 0x0000000749000000, 0x0000000749200000|  0%| F|  |TAMS 0x0000000749000000, 0x0000000749000000| Untracked 
| 585|0x0000000749200000, 0x0000000749200000, 0x0000000749400000|  0%| F|  |TAMS 0x0000000749200000, 0x0000000749200000| Untracked 
| 586|0x0000000749400000, 0x0000000749400000, 0x0000000749600000|  0%| F|  |TAMS 0x0000000749400000, 0x0000000749400000| Untracked 
| 587|0x0000000749600000, 0x0000000749600000, 0x0000000749800000|  0%| F|  |TAMS 0x0000000749600000, 0x0000000749600000| Untracked 
| 588|0x0000000749800000, 0x0000000749800000, 0x0000000749a00000|  0%| F|  |TAMS 0x0000000749800000, 0x0000000749800000| Untracked 
| 589|0x0000000749a00000, 0x0000000749a00000, 0x0000000749c00000|  0%| F|  |TAMS 0x0000000749a00000, 0x0000000749a00000| Untracked 
| 590|0x0000000749c00000, 0x0000000749c00000, 0x0000000749e00000|  0%| F|  |TAMS 0x0000000749c00000, 0x0000000749c00000| Untracked 
| 591|0x0000000749e00000, 0x0000000749e00000, 0x000000074a000000|  0%| F|  |TAMS 0x0000000749e00000, 0x0000000749e00000| Untracked 
| 592|0x000000074a000000, 0x000000074a000000, 0x000000074a200000|  0%| F|  |TAMS 0x000000074a000000, 0x000000074a000000| Untracked 
| 593|0x000000074a200000, 0x000000074a200000, 0x000000074a400000|  0%| F|  |TAMS 0x000000074a200000, 0x000000074a200000| Untracked 
| 594|0x000000074a400000, 0x000000074a400000, 0x000000074a600000|  0%| F|  |TAMS 0x000000074a400000, 0x000000074a400000| Untracked 
| 595|0x000000074a600000, 0x000000074a600000, 0x000000074a800000|  0%| F|  |TAMS 0x000000074a600000, 0x000000074a600000| Untracked 
| 596|0x000000074a800000, 0x000000074a800000, 0x000000074aa00000|  0%| F|  |TAMS 0x000000074a800000, 0x000000074a800000| Untracked 
| 597|0x000000074aa00000, 0x000000074aa00000, 0x000000074ac00000|  0%| F|  |TAMS 0x000000074aa00000, 0x000000074aa00000| Untracked 
| 598|0x000000074ac00000, 0x000000074ac00000, 0x000000074ae00000|  0%| F|  |TAMS 0x000000074ac00000, 0x000000074ac00000| Untracked 
| 599|0x000000074ae00000, 0x000000074ae00000, 0x000000074b000000|  0%| F|  |TAMS 0x000000074ae00000, 0x000000074ae00000| Untracked 
| 600|0x000000074b000000, 0x000000074b000000, 0x000000074b200000|  0%| F|  |TAMS 0x000000074b000000, 0x000000074b000000| Untracked 
| 601|0x000000074b200000, 0x000000074b200000, 0x000000074b400000|  0%| F|  |TAMS 0x000000074b200000, 0x000000074b200000| Untracked 
| 602|0x000000074b400000, 0x000000074b400000, 0x000000074b600000|  0%| F|  |TAMS 0x000000074b400000, 0x000000074b400000| Untracked 
| 603|0x000000074b600000, 0x000000074b600000, 0x000000074b800000|  0%| F|  |TAMS 0x000000074b600000, 0x000000074b600000| Untracked 
| 604|0x000000074b800000, 0x000000074b800000, 0x000000074ba00000|  0%| F|  |TAMS 0x000000074b800000, 0x000000074b800000| Untracked 
| 605|0x000000074ba00000, 0x000000074ba00000, 0x000000074bc00000|  0%| F|  |TAMS 0x000000074ba00000, 0x000000074ba00000| Untracked 
| 606|0x000000074bc00000, 0x000000074bc00000, 0x000000074be00000|  0%| F|  |TAMS 0x000000074bc00000, 0x000000074bc00000| Untracked 
| 607|0x000000074be00000, 0x000000074be00000, 0x000000074c000000|  0%| F|  |TAMS 0x000000074be00000, 0x000000074be00000| Untracked 
| 608|0x000000074c000000, 0x000000074c000000, 0x000000074c200000|  0%| F|  |TAMS 0x000000074c000000, 0x000000074c000000| Untracked 
| 609|0x000000074c200000, 0x000000074c200000, 0x000000074c400000|  0%| F|  |TAMS 0x000000074c200000, 0x000000074c200000| Untracked 
| 610|0x000000074c400000, 0x000000074c400000, 0x000000074c600000|  0%| F|  |TAMS 0x000000074c400000, 0x000000074c400000| Untracked 
| 611|0x000000074c600000, 0x000000074c600000, 0x000000074c800000|  0%| F|  |TAMS 0x000000074c600000, 0x000000074c600000| Untracked 
| 612|0x000000074c800000, 0x000000074c800000, 0x000000074ca00000|  0%| F|  |TAMS 0x000000074c800000, 0x000000074c800000| Untracked 
| 613|0x000000074ca00000, 0x000000074ca00000, 0x000000074cc00000|  0%| F|  |TAMS 0x000000074ca00000, 0x000000074ca00000| Untracked 
| 614|0x000000074cc00000, 0x000000074cc00000, 0x000000074ce00000|  0%| F|  |TAMS 0x000000074cc00000, 0x000000074cc00000| Untracked 
| 615|0x000000074ce00000, 0x000000074ce00000, 0x000000074d000000|  0%| F|  |TAMS 0x000000074ce00000, 0x000000074ce00000| Untracked 
| 616|0x000000074d000000, 0x000000074d000000, 0x000000074d200000|  0%| F|  |TAMS 0x000000074d000000, 0x000000074d000000| Untracked 
| 617|0x000000074d200000, 0x000000074d200000, 0x000000074d400000|  0%| F|  |TAMS 0x000000074d200000, 0x000000074d200000| Untracked 
| 618|0x000000074d400000, 0x000000074d400000, 0x000000074d600000|  0%| F|  |TAMS 0x000000074d400000, 0x000000074d400000| Untracked 
| 619|0x000000074d600000, 0x000000074d600000, 0x000000074d800000|  0%| F|  |TAMS 0x000000074d600000, 0x000000074d600000| Untracked 
| 620|0x000000074d800000, 0x000000074d800000, 0x000000074da00000|  0%| F|  |TAMS 0x000000074d800000, 0x000000074d800000| Untracked 
| 621|0x000000074da00000, 0x000000074da00000, 0x000000074dc00000|  0%| F|  |TAMS 0x000000074da00000, 0x000000074da00000| Untracked 
| 622|0x000000074dc00000, 0x000000074dc00000, 0x000000074de00000|  0%| F|  |TAMS 0x000000074dc00000, 0x000000074dc00000| Untracked 
| 623|0x000000074de00000, 0x000000074de00000, 0x000000074e000000|  0%| F|  |TAMS 0x000000074de00000, 0x000000074de00000| Untracked 
| 624|0x000000074e000000, 0x000000074e000000, 0x000000074e200000|  0%| F|  |TAMS 0x000000074e000000, 0x000000074e000000| Untracked 
| 625|0x000000074e200000, 0x000000074e200000, 0x000000074e400000|  0%| F|  |TAMS 0x000000074e200000, 0x000000074e200000| Untracked 
| 626|0x000000074e400000, 0x000000074e400000, 0x000000074e600000|  0%| F|  |TAMS 0x000000074e400000, 0x000000074e400000| Untracked 
| 627|0x000000074e600000, 0x000000074e600000, 0x000000074e800000|  0%| F|  |TAMS 0x000000074e600000, 0x000000074e600000| Untracked 
| 628|0x000000074e800000, 0x000000074e800000, 0x000000074ea00000|  0%| F|  |TAMS 0x000000074e800000, 0x000000074e800000| Untracked 
| 629|0x000000074ea00000, 0x000000074ea00000, 0x000000074ec00000|  0%| F|  |TAMS 0x000000074ea00000, 0x000000074ea00000| Untracked 
| 630|0x000000074ec00000, 0x000000074ec00000, 0x000000074ee00000|  0%| F|  |TAMS 0x000000074ec00000, 0x000000074ec00000| Untracked 
| 631|0x000000074ee00000, 0x000000074ee00000, 0x000000074f000000|  0%| F|  |TAMS 0x000000074ee00000, 0x000000074ee00000| Untracked 
| 632|0x000000074f000000, 0x000000074f000000, 0x000000074f200000|  0%| F|  |TAMS 0x000000074f000000, 0x000000074f000000| Untracked 
| 633|0x000000074f200000, 0x000000074f200000, 0x000000074f400000|  0%| F|  |TAMS 0x000000074f200000, 0x000000074f200000| Untracked 
| 634|0x000000074f400000, 0x000000074f400000, 0x000000074f600000|  0%| F|  |TAMS 0x000000074f400000, 0x000000074f400000| Untracked 
| 635|0x000000074f600000, 0x000000074f600000, 0x000000074f800000|  0%| F|  |TAMS 0x000000074f600000, 0x000000074f600000| Untracked 
| 636|0x000000074f800000, 0x000000074f800000, 0x000000074fa00000|  0%| F|  |TAMS 0x000000074f800000, 0x000000074f800000| Untracked 
| 637|0x000000074fa00000, 0x000000074fa00000, 0x000000074fc00000|  0%| F|  |TAMS 0x000000074fa00000, 0x000000074fa00000| Untracked 
| 638|0x000000074fc00000, 0x000000074fc00000, 0x000000074fe00000|  0%| F|  |TAMS 0x000000074fc00000, 0x000000074fc00000| Untracked 
| 639|0x000000074fe00000, 0x000000074fe00000, 0x0000000750000000|  0%| F|  |TAMS 0x000000074fe00000, 0x000000074fe00000| Untracked 
| 640|0x0000000750000000, 0x0000000750000000, 0x0000000750200000|  0%| F|  |TAMS 0x0000000750000000, 0x0000000750000000| Untracked 
| 641|0x0000000750200000, 0x0000000750200000, 0x0000000750400000|  0%| F|  |TAMS 0x0000000750200000, 0x0000000750200000| Untracked 
| 642|0x0000000750400000, 0x0000000750400000, 0x0000000750600000|  0%| F|  |TAMS 0x0000000750400000, 0x0000000750400000| Untracked 
| 643|0x0000000750600000, 0x0000000750600000, 0x0000000750800000|  0%| F|  |TAMS 0x0000000750600000, 0x0000000750600000| Untracked 
| 644|0x0000000750800000, 0x0000000750800000, 0x0000000750a00000|  0%| F|  |TAMS 0x0000000750800000, 0x0000000750800000| Untracked 
| 645|0x0000000750a00000, 0x0000000750a00000, 0x0000000750c00000|  0%| F|  |TAMS 0x0000000750a00000, 0x0000000750a00000| Untracked 
| 646|0x0000000750c00000, 0x0000000750c00000, 0x0000000750e00000|  0%| F|  |TAMS 0x0000000750c00000, 0x0000000750c00000| Untracked 
| 647|0x0000000750e00000, 0x0000000750e00000, 0x0000000751000000|  0%| F|  |TAMS 0x0000000750e00000, 0x0000000750e00000| Untracked 
| 648|0x0000000751000000, 0x0000000751000000, 0x0000000751200000|  0%| F|  |TAMS 0x0000000751000000, 0x0000000751000000| Untracked 
| 649|0x0000000751200000, 0x0000000751200000, 0x0000000751400000|  0%| F|  |TAMS 0x0000000751200000, 0x0000000751200000| Untracked 
| 650|0x0000000751400000, 0x0000000751400000, 0x0000000751600000|  0%| F|  |TAMS 0x0000000751400000, 0x0000000751400000| Untracked 
| 651|0x0000000751600000, 0x0000000751600000, 0x0000000751800000|  0%| F|  |TAMS 0x0000000751600000, 0x0000000751600000| Untracked 
| 652|0x0000000751800000, 0x0000000751800000, 0x0000000751a00000|  0%| F|  |TAMS 0x0000000751800000, 0x0000000751800000| Untracked 
| 653|0x0000000751a00000, 0x0000000751a00000, 0x0000000751c00000|  0%| F|  |TAMS 0x0000000751a00000, 0x0000000751a00000| Untracked 
| 654|0x0000000751c00000, 0x0000000751c00000, 0x0000000751e00000|  0%| F|  |TAMS 0x0000000751c00000, 0x0000000751c00000| Untracked 
| 655|0x0000000751e00000, 0x0000000751e00000, 0x0000000752000000|  0%| F|  |TAMS 0x0000000751e00000, 0x0000000751e00000| Untracked 
| 656|0x0000000752000000, 0x0000000752000000, 0x0000000752200000|  0%| F|  |TAMS 0x0000000752000000, 0x0000000752000000| Untracked 
| 657|0x0000000752200000, 0x0000000752200000, 0x0000000752400000|  0%| F|  |TAMS 0x0000000752200000, 0x0000000752200000| Untracked 
| 658|0x0000000752400000, 0x0000000752400000, 0x0000000752600000|  0%| F|  |TAMS 0x0000000752400000, 0x0000000752400000| Untracked 
| 659|0x0000000752600000, 0x0000000752600000, 0x0000000752800000|  0%| F|  |TAMS 0x0000000752600000, 0x0000000752600000| Untracked 
| 660|0x0000000752800000, 0x0000000752800000, 0x0000000752a00000|  0%| F|  |TAMS 0x0000000752800000, 0x0000000752800000| Untracked 
| 661|0x0000000752a00000, 0x0000000752a00000, 0x0000000752c00000|  0%| F|  |TAMS 0x0000000752a00000, 0x0000000752a00000| Untracked 
| 662|0x0000000752c00000, 0x0000000752c00000, 0x0000000752e00000|  0%| F|  |TAMS 0x0000000752c00000, 0x0000000752c00000| Untracked 
| 663|0x0000000752e00000, 0x0000000752e00000, 0x0000000753000000|  0%| F|  |TAMS 0x0000000752e00000, 0x0000000752e00000| Untracked 
| 664|0x0000000753000000, 0x0000000753000000, 0x0000000753200000|  0%| F|  |TAMS 0x0000000753000000, 0x0000000753000000| Untracked 

Card table byte_map: [0x000001ff79920000,0x000001ff7a120000] _byte_map_base: 0x000001ff76120000

Marking Bits (Prev, Next): (CMBitMap*) 0x000001ff6ed9a9d0, (CMBitMap*) 0x000001ff6ed9aa10
 Prev Bits: [0x000001ff7a920000, 0x000001ff7e920000)
 Next Bits: [0x000001ff0f000000, 0x000001ff13000000)

Polling page: 0x000001ff6eea0000

Metaspace:

Usage:
  Non-class:    168.54 MB used.
      Class:     25.19 MB used.
       Both:    193.73 MB used.

Virtual space:
  Non-class space:      192.00 MB reserved,     169.50 MB ( 88%) committed,  3 nodes.
      Class space:      832.00 MB reserved,      26.06 MB (  3%) committed,  1 nodes.
             Both:        1.00 GB reserved,     195.56 MB ( 19%) committed. 

Chunk freelists:
   Non-Class:  6.23 MB
       Class:  5.75 MB
        Both:  11.98 MB

MaxMetaspaceSize: 1.00 GB
CompressedClassSpaceSize: 832.00 MB
Initial GC threshold: 21.00 MB
Current GC threshold: 318.38 MB
CDS: on
MetaspaceReclaimPolicy: balanced
 - commit_granule_bytes: 65536.
 - commit_granule_words: 8192.
 - virtual_space_node_default_size: 8388608.
 - enlarge_chunks_in_place: 1.
 - new_chunks_are_fully_committed: 0.
 - uncommit_free_chunks: 1.
 - use_allocation_guard: 0.
 - handle_deallocations: 1.


Internal statistics:

num_allocs_failed_limit: 9.
num_arena_births: 3342.
num_arena_deaths: 78.
num_vsnodes_births: 4.
num_vsnodes_deaths: 0.
num_space_committed: 3133.
num_space_uncommitted: 6.
num_chunks_returned_to_freelist: 151.
num_chunks_taken_from_freelist: 12435.
num_chunk_merges: 57.
num_chunk_splits: 7993.
num_chunks_enlarged: 4981.
num_inconsistent_stats: 0.

CodeHeap 'non-profiled nmethods': size=120000Kb used=37393Kb max_used=37423Kb free=82606Kb
 bounds [0x000001ff07ad0000, 0x000001ff09f60000, 0x000001ff0f000000]
CodeHeap 'profiled nmethods': size=120000Kb used=75834Kb max_used=75834Kb free=44165Kb
 bounds [0x000001ff00000000, 0x000001ff04a20000, 0x000001ff07530000]
CodeHeap 'non-nmethods': size=5760Kb used=2565Kb max_used=2649Kb free=3194Kb
 bounds [0x000001ff07530000, 0x000001ff077d0000, 0x000001ff07ad0000]
 total_blobs=36390 nmethods=35283 adapters=1017
 compilation: enabled
              stopped_count=0, restarted_count=0
 full_count=0

Compilation events (20 events):
Event: 881.974 Thread 0x000001ff7f5e3ff0 48177       1       org.jetbrains.kotlin.incremental.classpathDiff.JavaClassSnapshot::getSupertypes (5 bytes)
Event: 881.975 Thread 0x000001ff7f5e3ff0 nmethod 48177 0x000001ff0988e290 code [0x000001ff0988e420, 0x000001ff0988e4f8]
Event: 881.977 Thread 0x000001ff7f5e3ff0 48178       3       org.jetbrains.kotlin.resolve.jvm.JvmClassName::getInternalName (14 bytes)
Event: 881.977 Thread 0x000001ff7f5e3ff0 nmethod 48178 0x000001ff01681690 code [0x000001ff01681840, 0x000001ff016819c8]
Event: 881.977 Thread 0x000001ff7f5e3ff0 48179       3       org.jetbrains.kotlin.incremental.classpathDiff.ClassSnapshotExternalizer::save (10 bytes)
Event: 881.978 Thread 0x000001ff7f5e3ff0 nmethod 48179 0x000001ff01680a10 code [0x000001ff01680c40, 0x000001ff016813a8]
Event: 881.978 Thread 0x000001ff7f5e3ff0 48180       3       org.jetbrains.kotlin.incremental.classpathDiff.ClassSnapshotExternalizer::save (16 bytes)
Event: 881.978 Thread 0x000001ff7f5e3ff0 nmethod 48180 0x000001ff021c7310 code [0x000001ff021c7540, 0x000001ff021c7b48]
Event: 881.980 Thread 0x000001ff7f5e3ff0 48181       3       org.jetbrains.kotlin.incremental.storage.JvmClassNameExternalizer::save (10 bytes)
Event: 881.981 Thread 0x000001ff7f5e3ff0 nmethod 48181 0x000001ff04a0c490 code [0x000001ff04a0c960, 0x000001ff04a0e878]
Event: 881.981 Thread 0x000001ff7f5e3ff0 48184       3       org.jetbrains.kotlin.incremental.storage.MapExternalizer::<init> (38 bytes)
Event: 881.982 Thread 0x000001ff7f5e3ff0 nmethod 48184 0x000001ff0401bb90 code [0x000001ff0401bea0, 0x000001ff0401cf18]
Event: 881.982 Thread 0x000001ff7f5e3ff0 48183       3       org.jetbrains.kotlin.incremental.storage.MapExternalizer::<init> (21 bytes)
Event: 881.982 Thread 0x000001ff7f5e3ff0 nmethod 48183 0x000001ff021c6d10 code [0x000001ff021c6ee0, 0x000001ff021c71a8]
Event: 881.982 Thread 0x000001ff7f5e3ff0 48182       3       org.jetbrains.kotlin.incremental.storage.JvmClassNameExternalizer::save (27 bytes)
Event: 881.984 Thread 0x000001ff7f5e3ff0 nmethod 48182 0x000001ff04a0f310 code [0x000001ff04a0f7e0, 0x000001ff04a11738]
Event: 881.984 Thread 0x000001ff7f5e3ff0 48186       3       org.jetbrains.kotlin.incremental.classpathDiff.AccessibleClassSnapshotExternalizer::save (10 bytes)
Event: 881.984 Thread 0x000001ff7f5e3ff0 nmethod 48186 0x000001ff03d07010 code [0x000001ff03d07240, 0x000001ff03d079a8]
Event: 881.984 Thread 0x000001ff7f5e3ff0 48187       3       org.jetbrains.kotlin.incremental.classpathDiff.AccessibleClassSnapshotExternalizer::save (16 bytes)
Event: 881.985 Thread 0x000001ff7f5e3ff0 nmethod 48187 0x000001ff03d06510 code [0x000001ff03d06740, 0x000001ff03d06d48]

GC Heap History (20 events):
Event: 778.286 GC heap after
{Heap after GC invocations=123 (full 0):
 garbage-first heap   total 1044480K, used 275987K [0x0000000700000000, 0x0000000800000000)
  region size 2048K, 4 young (8192K), 4 survivors (8192K)
 Metaspace       used 164653K, committed 166464K, reserved 1048576K
  class space    used 22083K, committed 22976K, reserved 851968K
}
Event: 851.452 GC heap before
{Heap before GC invocations=123 (full 0):
 garbage-first heap   total 1044480K, used 814611K [0x0000000700000000, 0x0000000800000000)
  region size 2048K, 269 young (550912K), 4 survivors (8192K)
 Metaspace       used 166579K, committed 168448K, reserved 1048576K
  class space    used 22318K, committed 23232K, reserved 851968K
}
Event: 851.462 GC heap after
{Heap after GC invocations=124 (full 0):
 garbage-first heap   total 1044480K, used 284824K [0x0000000700000000, 0x0000000800000000)
  region size 2048K, 8 young (16384K), 8 survivors (16384K)
 Metaspace       used 166579K, committed 168448K, reserved 1048576K
  class space    used 22318K, committed 23232K, reserved 851968K
}
Event: 863.694 GC heap before
{Heap before GC invocations=125 (full 0):
 garbage-first heap   total 976896K, used 864408K [0x0000000700000000, 0x0000000800000000)
  region size 2048K, 286 young (585728K), 8 survivors (16384K)
 Metaspace       used 177128K, committed 179072K, reserved 1048576K
  class space    used 23391K, committed 24320K, reserved 851968K
}
Event: 863.742 GC heap after
{Heap after GC invocations=126 (full 0):
 garbage-first heap   total 976896K, used 323641K [0x0000000700000000, 0x0000000800000000)
  region size 2048K, 25 young (51200K), 25 survivors (51200K)
 Metaspace       used 177128K, committed 179072K, reserved 1048576K
  class space    used 23391K, committed 24320K, reserved 851968K
}
Event: 863.851 GC heap before
{Heap before GC invocations=126 (full 0):
 garbage-first heap   total 976896K, used 325689K [0x0000000700000000, 0x0000000800000000)
  region size 2048K, 26 young (53248K), 25 survivors (51200K)
 Metaspace       used 177133K, committed 179072K, reserved 1048576K
  class space    used 23391K, committed 24320K, reserved 851968K
}
Event: 863.956 GC heap after
{Heap after GC invocations=127 (full 0):
 garbage-first heap   total 976896K, used 286105K [0x0000000700000000, 0x0000000800000000)
  region size 2048K, 3 young (6144K), 3 survivors (6144K)
 Metaspace       used 177133K, committed 179072K, reserved 1048576K
  class space    used 23391K, committed 24320K, reserved 851968K
}
Event: 865.269 GC heap before
{Heap before GC invocations=127 (full 0):
 garbage-first heap   total 976896K, used 456089K [0x0000000700000000, 0x0000000800000000)
  region size 2048K, 88 young (180224K), 3 survivors (6144K)
 Metaspace       used 177210K, committed 179136K, reserved 1048576K
  class space    used 23401K, committed 24320K, reserved 851968K
}
Event: 865.272 GC heap after
{Heap after GC invocations=128 (full 0):
 garbage-first heap   total 976896K, used 283859K [0x0000000700000000, 0x0000000800000000)
  region size 2048K, 2 young (4096K), 2 survivors (4096K)
 Metaspace       used 177210K, committed 179136K, reserved 1048576K
  class space    used 23401K, committed 24320K, reserved 851968K
}
Event: 872.078 GC heap before
{Heap before GC invocations=129 (full 0):
 garbage-first heap   total 970752K, used 816339K [0x0000000700000000, 0x0000000800000000)
  region size 2048K, 257 young (526336K), 2 survivors (4096K)
 Metaspace       used 193855K, committed 195712K, reserved 1048576K
  class space    used 25462K, committed 26368K, reserved 851968K
}
Event: 872.096 GC heap after
{Heap after GC invocations=130 (full 0):
 garbage-first heap   total 970752K, used 326773K [0x0000000700000000, 0x0000000800000000)
  region size 2048K, 20 young (40960K), 20 survivors (40960K)
 Metaspace       used 193855K, committed 195712K, reserved 1048576K
  class space    used 25462K, committed 26368K, reserved 851968K
}
Event: 872.169 GC heap before
{Heap before GC invocations=130 (full 0):
 garbage-first heap   total 970752K, used 332917K [0x0000000700000000, 0x0000000800000000)
  region size 2048K, 23 young (47104K), 20 survivors (40960K)
 Metaspace       used 193871K, committed 195776K, reserved 1048576K
  class space    used 25466K, committed 26368K, reserved 851968K
}
Event: 872.217 GC heap after
{Heap after GC invocations=131 (full 0):
 garbage-first heap   total 970752K, used 288954K [0x0000000700000000, 0x0000000800000000)
  region size 2048K, 2 young (4096K), 2 survivors (4096K)
 Metaspace       used 193871K, committed 195776K, reserved 1048576K
  class space    used 25466K, committed 26368K, reserved 851968K
}
Event: 872.444 GC heap before
{Heap before GC invocations=131 (full 0):
 garbage-first heap   total 970752K, used 329914K [0x0000000700000000, 0x0000000800000000)
  region size 2048K, 23 young (47104K), 2 survivors (4096K)
 Metaspace       used 193905K, committed 195776K, reserved 1048576K
  class space    used 25470K, committed 26368K, reserved 851968K
}
Event: 872.447 GC heap after
{Heap after GC invocations=132 (full 0):
 garbage-first heap   total 970752K, used 289066K [0x0000000700000000, 0x0000000800000000)
  region size 2048K, 3 young (6144K), 3 survivors (6144K)
 Metaspace       used 193905K, committed 195776K, reserved 1048576K
  class space    used 25470K, committed 26368K, reserved 851968K
}
Event: 881.606 GC heap before
{Heap before GC invocations=133 (full 0):
 garbage-first heap   total 970752K, used 799018K [0x0000000700000000, 0x0000000800000000)
  region size 2048K, 250 young (512000K), 3 survivors (6144K)
 Metaspace       used 198240K, committed 200128K, reserved 1048576K
  class space    used 25788K, committed 26688K, reserved 851968K
}
Event: 881.632 GC heap after
{Heap after GC invocations=134 (full 0):
 garbage-first heap   total 970752K, used 328285K [0x0000000700000000, 0x0000000800000000)
  region size 2048K, 19 young (38912K), 19 survivors (38912K)
 Metaspace       used 198240K, committed 200128K, reserved 1048576K
  class space    used 25788K, committed 26688K, reserved 851968K
}
Event: 881.700 GC heap before
{Heap before GC invocations=134 (full 0):
 garbage-first heap   total 970752K, used 336477K [0x0000000700000000, 0x0000000800000000)
  region size 2048K, 23 young (47104K), 19 survivors (38912K)
 Metaspace       used 198300K, committed 200192K, reserved 1048576K
  class space    used 25791K, committed 26688K, reserved 851968K
}
Event: 881.771 GC heap after
{Heap after GC invocations=135 (full 0):
 garbage-first heap   total 970752K, used 323875K [0x0000000700000000, 0x0000000800000000)
  region size 2048K, 2 young (4096K), 2 survivors (4096K)
 Metaspace       used 198300K, committed 200192K, reserved 1048576K
  class space    used 25791K, committed 26688K, reserved 851968K
}
Event: 881.986 GC heap before
{Heap before GC invocations=135 (full 0):
 garbage-first heap   total 970752K, used 399651K [0x0000000700000000, 0x0000000800000000)
  region size 2048K, 40 young (81920K), 2 survivors (4096K)
 Metaspace       used 198383K, committed 200256K, reserved 1048576K
  class space    used 25799K, committed 26688K, reserved 851968K
}

Dll operation events (16 events):
Event: 0.006 Loaded shared library C:\Users\ravip\.jdks\ms-17.0.18\bin\java.dll
Event: 0.017 Loaded shared library C:\Users\ravip\.jdks\ms-17.0.18\bin\jsvml.dll
Event: 0.049 Loaded shared library C:\Users\ravip\.jdks\ms-17.0.18\bin\zip.dll
Event: 0.051 Loaded shared library C:\Users\ravip\.jdks\ms-17.0.18\bin\instrument.dll
Event: 0.056 Loaded shared library C:\Users\ravip\.jdks\ms-17.0.18\bin\net.dll
Event: 0.058 Loaded shared library C:\Users\ravip\.jdks\ms-17.0.18\bin\nio.dll
Event: 0.059 Loaded shared library C:\Users\ravip\.jdks\ms-17.0.18\bin\zip.dll
Event: 0.216 Loaded shared library C:\Users\ravip\.jdks\ms-17.0.18\bin\jimage.dll
Event: 0.310 Loaded shared library C:\Users\ravip\.jdks\ms-17.0.18\bin\verify.dll
Event: 0.379 Loaded shared library C:\Users\ravip\.gradle\native\1def1411415f61bf3af743bc5b6707747c0891f09f0c88961ee8f79bc544acac\windows-amd64\native-platform.dll
Event: 0.387 Loaded shared library C:\Users\ravip\.gradle\native\0.2.7\x86_64-windows-gnu\gradle-fileevents.dll
Event: 0.981 Loaded shared library C:\Users\ravip\.jdks\ms-17.0.18\bin\management.dll
Event: 0.986 Loaded shared library C:\Users\ravip\.jdks\ms-17.0.18\bin\management_ext.dll
Event: 1.167 Loaded shared library C:\Users\ravip\.jdks\ms-17.0.18\bin\extnet.dll
Event: 1.335 Loaded shared library C:\Users\ravip\.jdks\ms-17.0.18\bin\sunmscapi.dll
Event: 669.196 Loaded shared library C:\Users\ravip\.jdks\ms-17.0.18\bin\rmi.dll

Deoptimization events (20 events):
Event: 881.667 Thread 0x000001ff53732d90 DEOPT PACKING pc=0x000001ff09f595ac sp=0x000000cb947fb4b0
Event: 881.667 Thread 0x000001ff53732d90 DEOPT UNPACKING pc=0x000001ff0758a1a3 sp=0x000000cb947fb400 mode 2
Event: 881.679 Thread 0x000001ff53732d90 Uncommon trap: trap_request=0xffffff45 fr.pc=0x000001ff09f33070 relative=0x0000000000004110
Event: 881.679 Thread 0x000001ff53732d90 Uncommon trap: reason=unstable_if action=reinterpret pc=0x000001ff09f33070 method=org.jetbrains.org.objectweb.asm.ClassReader.readMethod(Lorg/jetbrains/org/objectweb/asm/ClassVisitor;Lorg/jetbrains/org/objectweb/asm/Context;I)I @ 151 c2
Event: 881.680 Thread 0x000001ff53732d90 DEOPT PACKING pc=0x000001ff09f33070 sp=0x000000cb947fb480
Event: 881.680 Thread 0x000001ff53732d90 DEOPT UNPACKING pc=0x000001ff0758a1a3 sp=0x000000cb947fb4b8 mode 2
Event: 881.695 Thread 0x000001ff53732d90 Uncommon trap: trap_request=0xffffff45 fr.pc=0x000001ff09ee1530 relative=0x0000000000000ad0
Event: 881.695 Thread 0x000001ff53732d90 Uncommon trap: reason=unstable_if action=reinterpret pc=0x000001ff09ee1530 method=org.jetbrains.org.objectweb.asm.SymbolTable.addConstantIntegerOrFloat(II)Lorg/jetbrains/org/objectweb/asm/Symbol; @ 24 c2
Event: 881.695 Thread 0x000001ff53732d90 DEOPT PACKING pc=0x000001ff09ee1530 sp=0x000000cb947fb180
Event: 881.695 Thread 0x000001ff53732d90 DEOPT UNPACKING pc=0x000001ff0758a1a3 sp=0x000000cb947fb160 mode 2
Event: 881.695 Thread 0x000001ff53732d90 Uncommon trap: trap_request=0xffffff45 fr.pc=0x000001ff09ee3d78 relative=0x0000000000000158
Event: 881.695 Thread 0x000001ff53732d90 Uncommon trap: reason=unstable_if action=reinterpret pc=0x000001ff09ee3d78 method=org.jetbrains.org.objectweb.asm.ByteVector.putByteArray([BII)Lorg/jetbrains/org/objectweb/asm/ByteVector; @ 20 c2
Event: 881.695 Thread 0x000001ff53732d90 DEOPT PACKING pc=0x000001ff09ee3d78 sp=0x000000cb947fb280
Event: 881.695 Thread 0x000001ff53732d90 DEOPT UNPACKING pc=0x000001ff0758a1a3 sp=0x000000cb947fb250 mode 2
Event: 881.819 Thread 0x000001ff53732d90 Uncommon trap: trap_request=0xffffffde fr.pc=0x000001ff08cf7ff8 relative=0x0000000000000518
Event: 881.819 Thread 0x000001ff53732d90 Uncommon trap: reason=class_check action=maybe_recompile pc=0x000001ff08cf7ff8 method=java.io.BufferedOutputStream.write([BII)V @ 20 c2
Event: 881.819 Thread 0x000001ff53732d90 DEOPT PACKING pc=0x000001ff08cf7ff8 sp=0x000000cb947fb4d0
Event: 881.819 Thread 0x000001ff53732d90 DEOPT UNPACKING pc=0x000001ff0758a1a3 sp=0x000000cb947fb468 mode 2
Event: 881.943 Thread 0x000001ff55dabff0 DEOPT PACKING pc=0x000001ff014f42ad sp=0x000000cb9f3fdfc0
Event: 881.943 Thread 0x000001ff55dabff0 DEOPT UNPACKING pc=0x000001ff0758ace3 sp=0x000000cb9f3fd518 mode 0

Classes loaded (20 events):
Event: 857.156 Loading class java/io/CharArrayReader
Event: 857.156 Loading class java/io/CharArrayReader done
Event: 867.322 Loading class java/util/regex/Pattern$LineEnding
Event: 867.322 Loading class java/util/regex/Pattern$LineEnding done
Event: 867.585 Loading class java/lang/annotation/Repeatable
Event: 867.587 Loading class java/lang/annotation/Repeatable done
Event: 868.011 Loading class java/util/Collections$UnmodifiableList$1
Event: 868.012 Loading class java/util/Collections$UnmodifiableList$1 done
Event: 868.037 Loading class java/util/regex/Matcher$ImmutableMatchResult
Event: 868.038 Loading class java/util/regex/Matcher$ImmutableMatchResult done
Event: 868.055 Loading class java/io/FilterWriter
Event: 868.055 Loading class java/io/FilterWriter done
Event: 868.987 Loading class java/util/stream/Nodes$IntFixedNodeBuilder
Event: 868.989 Loading class java/util/stream/Node$Builder$OfInt
Event: 868.990 Loading class java/util/stream/Node$Builder$OfInt done
Event: 868.990 Loading class java/util/stream/Nodes$IntArrayNode
Event: 868.991 Loading class java/util/stream/Nodes$IntArrayNode done
Event: 868.991 Loading class java/util/stream/Nodes$IntFixedNodeBuilder done
Event: 870.004 Loading class java/lang/SuppressWarnings
Event: 870.005 Loading class java/lang/SuppressWarnings done

Classes unloaded (20 events):
Event: 872.635 Thread 0x000001ff7f5bc860 Unloading class 0x000001ff177eeff8 'jdk/internal/jimage/ImageHeader'
Event: 872.635 Thread 0x000001ff7f5bc860 Unloading class 0x000001ff177eedc8 'jdk/internal/jimage/BasicImageReader$2'
Event: 872.635 Thread 0x000001ff7f5bc860 Unloading class 0x000001ff177eeb98 'jdk/internal/jimage/BasicImageReader$1'
Event: 872.635 Thread 0x000001ff7f5bc860 Unloading class 0x000001ff177ee930 'jdk/internal/jimage/ImageReader$Resource'
Event: 872.635 Thread 0x000001ff7f5bc860 Unloading class 0x000001ff177ee6c8 'jdk/internal/jimage/ImageReader$LinkNode'
Event: 872.635 Thread 0x000001ff7f5bc860 Unloading class 0x000001ff177ee460 'jdk/internal/jimage/ImageReader$Directory'
Event: 872.635 Thread 0x000001ff7f5bc860 Unloading class 0x000001ff177ee1f8 'jdk/internal/jimage/ImageReader$Node'
Event: 872.635 Thread 0x000001ff7f5bc860 Unloading class 0x000001ff177ee000 'jdk/internal/jimage/ImageStrings'
Event: 872.635 Thread 0x000001ff7f5bc860 Unloading class 0x000001ff177edb50 'jdk/internal/jimage/ImageReader$SharedImageReader'
Event: 872.635 Thread 0x000001ff7f5bc860 Unloading class 0x000001ff177ed890 'jdk/internal/jimage/BasicImageReader'
Event: 872.635 Thread 0x000001ff7f5bc860 Unloading class 0x000001ff177ed670 'jdk/internal/jimage/ImageReader'
Event: 872.635 Thread 0x000001ff7f5bc860 Unloading class 0x000001ff177ed448 'jdk/internal/jrtfs/SystemImage$2'
Event: 872.635 Thread 0x000001ff7f5bc860 Unloading class 0x000001ff177ed230 'jdk/internal/jrtfs/SystemImage$$Lambda$5881+0x000001ff177ed230'
Event: 872.635 Thread 0x000001ff7f5bc860 Unloading class 0x000001ff177ed000 'jdk/internal/jrtfs/ExplodedImage'
Event: 872.635 Thread 0x000001ff7f5bc860 Unloading class 0x000001ff177ecdc8 'jdk/internal/jrtfs/SystemImage$1'
Event: 872.635 Thread 0x000001ff7f5bc860 Unloading class 0x000001ff177ecbb0 'jdk/internal/jrtfs/SystemImage'
Event: 872.635 Thread 0x000001ff7f5bc860 Unloading class 0x000001ff177ec950 'jdk/internal/jrtfs/JrtFileStore'
Event: 872.635 Thread 0x000001ff7f5bc860 Unloading class 0x000001ff177ec5d8 'jdk/internal/jrtfs/JrtPath'
Event: 872.635 Thread 0x000001ff7f5bc860 Unloading class 0x000001ff177ec2e0 'jdk/internal/jrtfs/JrtFileSystem'
Event: 872.635 Thread 0x000001ff7f5bc860 Unloading class 0x000001ff177ec000 'jdk/internal/jrtfs/JrtFileSystemProvider'

Classes redefined (0 events):
No events

Internal exceptions (20 events):
Event: 881.882 Thread 0x000001ff5e1bc1e0 Exception <a 'sun/nio/fs/WindowsException'{0x0000000739a25ae0}> (0x0000000739a25ae0) 
thrown [s\src\hotspot\share\prims\jni.cpp, line 516]
Event: 881.887 Thread 0x000001ff5e1bc1e0 Exception <a 'sun/nio/fs/WindowsException'{0x0000000739a2df50}> (0x0000000739a2df50) 
thrown [s\src\hotspot\share\prims\jni.cpp, line 516]
Event: 881.895 Thread 0x000001ff5e1bc1e0 Exception <a 'sun/nio/fs/WindowsException'{0x0000000739a3a4b8}> (0x0000000739a3a4b8) 
thrown [s\src\hotspot\share\prims\jni.cpp, line 516]
Event: 881.931 Thread 0x000001ff5e1bc1e0 Exception <a 'sun/nio/fs/WindowsException'{0x0000000739a4e910}> (0x0000000739a4e910) 
thrown [s\src\hotspot\share\prims\jni.cpp, line 516]
Event: 881.943 Thread 0x000001ff5e1bc1e0 Exception <a 'sun/nio/fs/WindowsException'{0x0000000739a60008}> (0x0000000739a60008) 
thrown [s\src\hotspot\share\prims\jni.cpp, line 516]
Event: 881.949 Thread 0x000001ff5e1bc1e0 Exception <a 'sun/nio/fs/WindowsException'{0x0000000739a88bc8}> (0x0000000739a88bc8) 
thrown [s\src\hotspot\share\prims\jni.cpp, line 516]
Event: 881.953 Thread 0x000001ff5e1bc1e0 Exception <a 'sun/nio/fs/WindowsException'{0x0000000736d8d650}> (0x0000000736d8d650) 
thrown [s\src\hotspot\share\prims\jni.cpp, line 516]
Event: 881.956 Thread 0x000001ff5e1bc1e0 Exception <a 'sun/nio/fs/WindowsException'{0x0000000736da0b20}> (0x0000000736da0b20) 
thrown [s\src\hotspot\share\prims\jni.cpp, line 516]
Event: 881.959 Thread 0x000001ff5e1bc1e0 Exception <a 'sun/nio/fs/WindowsException'{0x0000000736dc08f0}> (0x0000000736dc08f0) 
thrown [s\src\hotspot\share\prims\jni.cpp, line 516]
Event: 881.964 Thread 0x000001ff5e1bc1e0 Exception <a 'sun/nio/fs/WindowsException'{0x0000000736dd1920}> (0x0000000736dd1920) 
thrown [s\src\hotspot\share\prims\jni.cpp, line 516]
Event: 881.965 Thread 0x000001ff5e1bc1e0 Exception <a 'sun/nio/fs/WindowsException'{0x0000000736df2688}> (0x0000000736df2688) 
thrown [s\src\hotspot\share\prims\jni.cpp, line 516]
Event: 881.967 Thread 0x000001ff5e1bc1e0 Exception <a 'sun/nio/fs/WindowsException'{0x0000000736dfcf58}> (0x0000000736dfcf58) 
thrown [s\src\hotspot\share\prims\jni.cpp, line 516]
Event: 881.969 Thread 0x000001ff5e1bc1e0 Exception <a 'sun/nio/fs/WindowsException'{0x000000073668f768}> (0x000000073668f768) 
thrown [s\src\hotspot\share\prims\jni.cpp, line 516]
Event: 881.971 Thread 0x000001ff5e1bc1e0 Exception <a 'sun/nio/fs/WindowsException'{0x0000000736699908}> (0x0000000736699908) 
thrown [s\src\hotspot\share\prims\jni.cpp, line 516]
Event: 881.973 Thread 0x000001ff5e1bc1e0 Exception <a 'sun/nio/fs/WindowsException'{0x00000007366a3aa8}> (0x00000007366a3aa8) 
thrown [s\src\hotspot\share\prims\jni.cpp, line 516]
Event: 881.975 Thread 0x000001ff5e1bc1e0 Exception <a 'sun/nio/fs/WindowsException'{0x00000007366adc50}> (0x00000007366adc50) 
thrown [s\src\hotspot\share\prims\jni.cpp, line 516]
Event: 881.976 Thread 0x000001ff5e1bc1e0 Exception <a 'sun/nio/fs/WindowsException'{0x00000007366b7df0}> (0x00000007366b7df0) 
thrown [s\src\hotspot\share\prims\jni.cpp, line 516]
Event: 881.978 Thread 0x000001ff5e1bc1e0 Exception <a 'sun/nio/fs/WindowsException'{0x00000007366c1f90}> (0x00000007366c1f90) 
thrown [s\src\hotspot\share\prims\jni.cpp, line 516]
Event: 881.981 Thread 0x000001ff5e1bc1e0 Exception <a 'sun/nio/fs/WindowsException'{0x00000007366cc678}> (0x00000007366cc678) 
thrown [s\src\hotspot\share\prims\jni.cpp, line 516]
Event: 881.984 Thread 0x000001ff5e1bc1e0 Exception <a 'sun/nio/fs/WindowsException'{0x00000007366d6818}> (0x00000007366d6818) 
thrown [s\src\hotspot\share\prims\jni.cpp, line 516]

VM Operations (20 events):
Event: 878.161 Executing VM operation: Cleanup done
Event: 879.162 Executing VM operation: Cleanup
Event: 879.202 Executing VM operation: Cleanup done
Event: 879.836 Executing VM operation: HandshakeAllThreads
Event: 879.837 Executing VM operation: HandshakeAllThreads done
Event: 880.362 Executing VM operation: HandshakeAllThreads
Event: 880.363 Executing VM operation: HandshakeAllThreads done
Event: 880.363 Executing VM operation: Cleanup
Event: 880.363 Executing VM operation: Cleanup done
Event: 881.487 Executing VM operation: HandshakeAllThreads
Event: 881.494 Executing VM operation: HandshakeAllThreads done
Event: 881.495 Executing VM operation: Cleanup
Event: 881.495 Executing VM operation: Cleanup done
Event: 881.606 Executing VM operation: G1CollectForAllocation
Event: 881.632 Executing VM operation: G1CollectForAllocation done
Event: 881.699 Executing VM operation: G1CollectForAllocation
Event: 881.771 Executing VM operation: G1CollectForAllocation done
Event: 881.962 Executing VM operation: HandshakeAllThreads
Event: 881.963 Executing VM operation: HandshakeAllThreads done
Event: 881.985 Executing VM operation: G1TryInitiateConcMark

Memory protections (0 events):
No events

Nmethod flushes (20 events):
Event: 881.568 Thread 0x000001ff7f5e6910 flushing  nmethod 0x000001ff0440a410
Event: 881.568 Thread 0x000001ff7f5e6910 flushing  nmethod 0x000001ff0440a790
Event: 881.568 Thread 0x000001ff7f5e6910 flushing  nmethod 0x000001ff0440ab10
Event: 881.568 Thread 0x000001ff7f5e6910 flushing  nmethod 0x000001ff0440d010
Event: 881.568 Thread 0x000001ff7f5e6910 flushing  nmethod 0x000001ff0440d910
Event: 881.568 Thread 0x000001ff7f5e6910 flushing  nmethod 0x000001ff0440e690
Event: 881.568 Thread 0x000001ff7f5e6910 flushing  nmethod 0x000001ff0440f090
Event: 881.568 Thread 0x000001ff7f5e6910 flushing  nmethod 0x000001ff04410790
Event: 881.568 Thread 0x000001ff7f5e6910 flushing  nmethod 0x000001ff04411390
Event: 881.568 Thread 0x000001ff7f5e6910 flushing  nmethod 0x000001ff04411710
Event: 881.568 Thread 0x000001ff7f5e6910 flushing  nmethod 0x000001ff04412910
Event: 881.568 Thread 0x000001ff7f5e6910 flushing  nmethod 0x000001ff04413710
Event: 881.568 Thread 0x000001ff7f5e6910 flushing  nmethod 0x000001ff04413c90
Event: 881.568 Thread 0x000001ff7f5e6910 flushing  nmethod 0x000001ff04414390
Event: 881.568 Thread 0x000001ff7f5e6910 flushing  nmethod 0x000001ff04431090
Event: 881.568 Thread 0x000001ff7f5e6910 flushing  nmethod 0x000001ff044afd90
Event: 881.568 Thread 0x000001ff7f5e6910 flushing  nmethod 0x000001ff044b0410
Event: 881.569 Thread 0x000001ff7f5e6910 flushing  nmethod 0x000001ff04568a10
Event: 881.571 Thread 0x000001ff7f5e6910 flushing  nmethod 0x000001ff0479e710
Event: 881.571 Thread 0x000001ff7f5e6910 flushing  nmethod 0x000001ff047c8210

Events (20 events):
Event: 869.316 Thread 0x000001ff7f5e3ff0 Thread added: 0x000001ff551d26c0
Event: 871.066 Thread 0x000001ff551d26c0 Thread exited: 0x000001ff551d26c0
Event: 871.498 Thread 0x000001ff551d2170 Thread exited: 0x000001ff551d2170
Event: 871.499 Thread 0x000001ff55e0f110 Thread added: 0x000001ff5b0f5110
Event: 871.749 Thread 0x000001ff7f5e3ff0 Thread added: 0x000001ff5b2d4160
Event: 871.843 Thread 0x000001ff7f5dee80 Thread added: 0x000001ff54fa4950
Event: 872.165 Thread 0x000001ff54fa4950 Thread exited: 0x000001ff54fa4950
Event: 872.313 Thread 0x000001ff7f5e3ff0 Thread added: 0x000001ff5c35fae0
Event: 872.559 Thread 0x000001ff5c35fae0 Thread exited: 0x000001ff5c35fae0
Event: 872.603 Thread 0x000001ff5b2d4160 Thread exited: 0x000001ff5b2d4160
Event: 872.895 Thread 0x000001ff7f5dee80 Thread added: 0x000001ff5c35d060
Event: 874.176 Thread 0x000001ff5c35d060 Thread exited: 0x000001ff5c35d060
Event: 875.798 Thread 0x000001ff7f5e3ff0 Thread added: 0x000001ff5b2d5150
Event: 876.531 Thread 0x000001ff5b2d5150 Thread exited: 0x000001ff5b2d5150
Event: 877.124 Thread 0x000001ff7f5dee80 Thread added: 0x000001ff534f0290
Event: 877.601 Thread 0x000001ff534f0290 Thread exited: 0x000001ff534f0290
Event: 878.477 Thread 0x000001ff7f5dee80 Thread added: 0x000001ff534efd40
Event: 879.531 Thread 0x000001ff534efd40 Thread exited: 0x000001ff534efd40
Event: 880.652 Thread 0x000001ff7f5e3ff0 Thread added: 0x000001ff5bd69590
Event: 881.264 Thread 0x000001ff7f5e3ff0 Thread added: 0x000001ff5bd675b0


Dynamic libraries:
0x00007ff6a8b20000 - 0x00007ff6a8b2e000 	C:\Users\ravip\.jdks\ms-17.0.18\bin\java.exe
0x00007fff28180000 - 0x00007fff283e7000 	C:\WINDOWS\SYSTEM32\ntdll.dll
0x00007fff270b0000 - 0x00007fff27179000 	C:\WINDOWS\System32\KERNEL32.DLL
0x00007fff24ec0000 - 0x00007fff252b4000 	C:\WINDOWS\System32\KERNELBASE.dll
0x00007fff24c00000 - 0x00007fff24d4b000 	C:\WINDOWS\System32\ucrtbase.dll
0x00007fff12ef0000 - 0x00007fff12f08000 	C:\Users\ravip\.jdks\ms-17.0.18\bin\jli.dll
0x00007fff122a0000 - 0x00007fff122be000 	C:\Users\ravip\.jdks\ms-17.0.18\bin\VCRUNTIME140.dll
0x00007fff27dc0000 - 0x00007fff27f85000 	C:\WINDOWS\System32\USER32.dll
0x00007fff13a30000 - 0x00007fff13cc3000 	C:\WINDOWS\WinSxS\amd64_microsoft.windows.common-controls_6595b64144ccf1df_6.0.26100.8115_none_3e075c82e3354f9c\COMCTL32.dll
0x00007fff24a50000 - 0x00007fff24a77000 	C:\WINDOWS\System32\win32u.dll
0x00007fff25f20000 - 0x00007fff25f4b000 	C:\WINDOWS\System32\GDI32.dll
0x00007fff264d0000 - 0x00007fff26579000 	C:\WINDOWS\System32\msvcrt.dll
0x00007fff25de0000 - 0x00007fff25f0b000 	C:\WINDOWS\System32\gdi32full.dll
0x00007fff25ca0000 - 0x00007fff25d43000 	C:\WINDOWS\System32\msvcp_win.dll
0x00007fff25fa0000 - 0x00007fff25fd2000 	C:\WINDOWS\System32\IMM32.DLL
0x00007fff22200000 - 0x00007fff2220c000 	C:\Users\ravip\.jdks\ms-17.0.18\bin\vcruntime140_1.dll
0x00007ffefb510000 - 0x00007ffefb599000 	C:\Users\ravip\.jdks\ms-17.0.18\bin\msvcp140.dll
0x00007ffe6da60000 - 0x00007ffe6e6da000 	C:\Users\ravip\.jdks\ms-17.0.18\bin\server\jvm.dll
0x00007fff26ee0000 - 0x00007fff26f96000 	C:\WINDOWS\System32\ADVAPI32.dll
0x00007fff261c0000 - 0x00007fff26267000 	C:\WINDOWS\System32\sechost.dll
0x00007fff27600000 - 0x00007fff27718000 	C:\WINDOWS\System32\RPCRT4.dll
0x00007fff27800000 - 0x00007fff27880000 	C:\WINDOWS\System32\WS2_32.dll
0x00007fff248d0000 - 0x00007fff2492e000 	C:\WINDOWS\SYSTEM32\POWRPROF.dll
0x00007fff1be20000 - 0x00007fff1be56000 	C:\WINDOWS\SYSTEM32\WINMM.dll
0x00007fff1bc80000 - 0x00007fff1bc8b000 	C:\WINDOWS\SYSTEM32\VERSION.dll
0x00007fff248b0000 - 0x00007fff248c4000 	C:\WINDOWS\SYSTEM32\UMPDC.dll
0x00007fff237a0000 - 0x00007fff237bb000 	C:\WINDOWS\SYSTEM32\kernel.appcore.dll
0x00007fff10f90000 - 0x00007fff10f9a000 	C:\Users\ravip\.jdks\ms-17.0.18\bin\jimage.dll
0x00007fff14370000 - 0x00007fff145b2000 	C:\WINDOWS\SYSTEM32\DBGHELP.DLL
0x00007fff27180000 - 0x00007fff27502000 	C:\WINDOWS\System32\combase.dll
0x00007fff27720000 - 0x00007fff277f8000 	C:\WINDOWS\System32\OLEAUT32.dll
0x00007fff06e20000 - 0x00007fff06e5b000 	C:\WINDOWS\SYSTEM32\dbgcore.DLL
0x00007fff25bf0000 - 0x00007fff25c95000 	C:\WINDOWS\System32\bcryptPrimitives.dll
0x00007fff10f80000 - 0x00007fff10f8f000 	C:\Users\ravip\.jdks\ms-17.0.18\bin\instrument.dll
0x00007fff00470000 - 0x00007fff00496000 	C:\Users\ravip\.jdks\ms-17.0.18\bin\java.dll
0x00007ffec2c20000 - 0x00007ffec2cf6000 	C:\Users\ravip\.jdks\ms-17.0.18\bin\jsvml.dll
0x00007fff26580000 - 0x00007fff26ce7000 	C:\WINDOWS\System32\SHELL32.dll
0x00007fff24d50000 - 0x00007fff24eba000 	C:\WINDOWS\System32\wintypes.dll
0x00007fff252c0000 - 0x00007fff25b28000 	C:\WINDOWS\System32\windows.storage.dll
0x00007fff263d0000 - 0x00007fff264c8000 	C:\WINDOWS\System32\SHCORE.dll
0x00007fff278b0000 - 0x00007fff27916000 	C:\WINDOWS\System32\shlwapi.dll
0x00007fff24940000 - 0x00007fff24969000 	C:\WINDOWS\SYSTEM32\profapi.dll
0x00007fff04490000 - 0x00007fff044a8000 	C:\Users\ravip\.jdks\ms-17.0.18\bin\zip.dll
0x00007ffeff320000 - 0x00007ffeff33b000 	C:\Users\ravip\.jdks\ms-17.0.18\bin\net.dll
0x00007fff1e900000 - 0x00007fff1ea2d000 	C:\WINDOWS\SYSTEM32\WINHTTP.dll
0x00007fff23cf0000 - 0x00007fff23d5c000 	C:\WINDOWS\system32\mswsock.dll
0x00007ffeff300000 - 0x00007ffeff316000 	C:\Users\ravip\.jdks\ms-17.0.18\bin\nio.dll
0x00007fff0bb20000 - 0x00007fff0bb30000 	C:\Users\ravip\.jdks\ms-17.0.18\bin\verify.dll
0x00007fff0ba00000 - 0x00007fff0ba27000 	C:\Users\ravip\.gradle\native\1def1411415f61bf3af743bc5b6707747c0891f09f0c88961ee8f79bc544acac\windows-amd64\native-platform.dll
0x00007ffec2020000 - 0x00007ffec2098000 	C:\Users\ravip\.gradle\native\0.2.7\x86_64-windows-gnu\gradle-fileevents.dll
0x00007fff06930000 - 0x00007fff0693a000 	C:\Users\ravip\.jdks\ms-17.0.18\bin\management.dll
0x00007fff01910000 - 0x00007fff0191c000 	C:\Users\ravip\.jdks\ms-17.0.18\bin\management_ext.dll
0x00007fff27f90000 - 0x00007fff27f98000 	C:\WINDOWS\System32\PSAPI.DLL
0x00007fff23180000 - 0x00007fff231b2000 	C:\WINDOWS\SYSTEM32\IPHLPAPI.DLL
0x00007fff27db0000 - 0x00007fff27dba000 	C:\WINDOWS\System32\NSI.dll
0x00007fff1e870000 - 0x00007fff1e88d000 	C:\WINDOWS\SYSTEM32\dhcpcsvc6.DLL
0x00007fff1e840000 - 0x00007fff1e865000 	C:\WINDOWS\SYSTEM32\dhcpcsvc.DLL
0x00007fff231c0000 - 0x00007fff232f2000 	C:\WINDOWS\SYSTEM32\DNSAPI.dll
0x00007fff003e0000 - 0x00007fff003e9000 	C:\Users\ravip\.jdks\ms-17.0.18\bin\extnet.dll
0x00007fff240f0000 - 0x00007fff2410b000 	C:\WINDOWS\SYSTEM32\CRYPTSP.dll
0x00007fff23700000 - 0x00007fff23739000 	C:\WINDOWS\system32\rsaenh.dll
0x00007fff23da0000 - 0x00007fff23dd3000 	C:\WINDOWS\SYSTEM32\USERENV.dll
0x00007fff24970000 - 0x00007fff2499a000 	C:\WINDOWS\SYSTEM32\bcrypt.dll
0x00007fff23f50000 - 0x00007fff23f5c000 	C:\WINDOWS\SYSTEM32\CRYPTBASE.dll
0x00007ffeff2f0000 - 0x00007ffeff2fe000 	C:\Users\ravip\.jdks\ms-17.0.18\bin\sunmscapi.dll
0x00007fff24a80000 - 0x00007fff24bf7000 	C:\WINDOWS\System32\CRYPT32.dll
0x00007fff24250000 - 0x00007fff24280000 	C:\WINDOWS\SYSTEM32\ncrypt.dll
0x00007fff24200000 - 0x00007fff2423f000 	C:\WINDOWS\SYSTEM32\NTASN1.dll
0x00007ffeca860000 - 0x00007ffeca868000 	C:\WINDOWS\system32\wshunix.dll
0x00007ffec8110000 - 0x00007ffec8128000 	C:\WINDOWS\system32\napinsp.dll
0x00007ffec8160000 - 0x00007ffec8173000 	C:\WINDOWS\System32\winrnr.dll
0x00007ffec8130000 - 0x00007ffec8152000 	C:\WINDOWS\system32\nlansp_c.dll
0x00007ffefff60000 - 0x00007ffefff76000 	C:\WINDOWS\system32\wshbth.dll
0x00007fff1bb80000 - 0x00007fff1bb8b000 	C:\Windows\System32\rasadhlp.dll
0x00007fff1df60000 - 0x00007fff1dfe6000 	C:\WINDOWS\System32\fwpuclnt.dll
0x00007fff238c0000 - 0x00007fff238f6000 	C:\WINDOWS\SYSTEM32\ntmarta.dll
0x00007ffeff2c0000 - 0x00007ffeff2c7000 	C:\Users\ravip\.jdks\ms-17.0.18\bin\rmi.dll

dbghelp: loaded successfully - version: 4.0.5 - missing functions: none
symbol engine: initialized successfully - sym options: 0x614 - pdb path: .;C:\Users\ravip\.jdks\ms-17.0.18\bin;C:\WINDOWS\SYSTEM32;C:\WINDOWS\WinSxS\amd64_microsoft.windows.common-controls_6595b64144ccf1df_6.0.26100.8115_none_3e075c82e3354f9c;C:\Users\ravip\.jdks\ms-17.0.18\bin\server;C:\Users\ravip\.gradle\native\1def1411415f61bf3af743bc5b6707747c0891f09f0c88961ee8f79bc544acac\windows-amd64;C:\Users\ravip\.gradle\native\0.2.7\x86_64-windows-gnu

VM Arguments:
jvm_args: --add-opens=java.base/java.lang=ALL-UNNAMED --add-opens=java.base/java.lang.invoke=ALL-UNNAMED --add-opens=java.base/java.util=ALL-UNNAMED --add-opens=java.prefs/java.util.prefs=ALL-UNNAMED --add-exports=jdk.compiler/com.sun.tools.javac.api=ALL-UNNAMED --add-exports=jdk.compiler/com.sun.tools.javac.util=ALL-UNNAMED --add-opens=java.base/java.util=ALL-UNNAMED --add-opens=java.prefs/java.util.prefs=ALL-UNNAMED --add-opens=java.base/java.nio.charset=ALL-UNNAMED --add-opens=java.base/java.net=ALL-UNNAMED --add-opens=java.base/java.util.concurrent.atomic=ALL-UNNAMED --add-opens=java.xml/javax.xml.namespace=ALL-UNNAMED -XX:MaxMetaspaceSize=1024m --add-exports=jdk.compiler/com.sun.tools.javac.main=ALL-UNNAMED --add-exports=jdk.compiler/com.sun.tools.javac.file=ALL-UNNAMED --add-exports=jdk.compiler/com.sun.tools.javac.util=ALL-UNNAMED --add-exports=jdk.compiler/com.sun.tools.javac.tree=ALL-UNNAMED --add-exports=jdk.compiler/com.sun.tools.javac.api=ALL-UNNAMED -Xmx4096m -Dfile.encoding=UTF-8 -Duser.country=IN -Duser.language=en -Duser.variant -javaagent:C:\Users\ravip\.gradle\wrapper\dists\gradle-8.13-bin\5xuhj0ry160q40clulazy9h7d\gradle-8.13\lib\agents\gradle-instrumentation-agent-8.13.jar 
java_command: org.gradle.launcher.daemon.bootstrap.GradleDaemon 8.13
java_class_path (initial): C:\Users\ravip\.gradle\wrapper\dists\gradle-8.13-bin\5xuhj0ry160q40clulazy9h7d\gradle-8.13\lib\gradle-daemon-main-8.13.jar
Launcher Type: SUN_STANDARD

[Global flags]
     intx CICompilerCount                          = 4                                         {product} {ergonomic}
   size_t CompressedClassSpaceSize                 = 872415232                                 {product} {ergonomic}
     uint ConcGCThreads                            = 3                                         {product} {ergonomic}
     uint G1ConcRefinementThreads                  = 10                                        {product} {ergonomic}
   size_t G1HeapRegionSize                         = 2097152                                   {product} {ergonomic}
    uintx GCDrainStackTargetSize                   = 64                                        {product} {ergonomic}
   size_t InitialHeapSize                          = 262144000                                 {product} {ergonomic}
   size_t MarkStackSize                            = 4194304                                   {product} {ergonomic}
   size_t MaxHeapSize                              = 4294967296                                {product} {command line}
   size_t MaxMetaspaceSize                         = 1073741824                                {product} {command line}
   size_t MaxNewSize                               = 2575302656                                {product} {ergonomic}
   size_t MinHeapDeltaBytes                        = 2097152                                   {product} {ergonomic}
   size_t MinHeapSize                              = 8388608                                   {product} {ergonomic}
    uintx NonNMethodCodeHeapSize                   = 5839372                                {pd product} {ergonomic}
    uintx NonProfiledCodeHeapSize                  = 122909434                              {pd product} {ergonomic}
    uintx ProfiledCodeHeapSize                     = 122909434                              {pd product} {ergonomic}
    uintx ReservedCodeCacheSize                    = 251658240                              {pd product} {ergonomic}
     bool SegmentedCodeCache                       = true                                      {product} {ergonomic}
   size_t SoftMaxHeapSize                          = 4294967296                             {manageable} {ergonomic}
     bool UseCompressedClassPointers               = true                           {product lp64_product} {ergonomic}
     bool UseCompressedOops                        = true                           {product lp64_product} {ergonomic}
     bool UseG1GC                                  = true                                      {product} {ergonomic}
     bool UseLargePagesIndividualAllocation        = false                                  {pd product} {ergonomic}

Logging:
Log output configuration:
 #0: stdout all=warning uptime,level,tags
 #1: stderr all=off uptime,level,tags

Environment Variables:
JAVA_HOME=C:\Program Files\Android\Android Studio\jbr
PATH=C:\Program Files\Android\Android Studio\jbr\bin;%PATH%;C:\Program Files\Git\cmd;C:\Users\ravip\AppData\Local\nvm;C:\nvm4w\nodejs;C:\Program Files\cursor\resources\app\bin;C:\Users\ravip\AppData\Local\Programs\Python\Python312\Scripts\;C:\Users\ravip\AppData\Local\Programs\Python\Python312\;C:\Users\ravip\AppData\Local\Programs\Antigravity\bin
USERNAME=ravip
OS=Windows_NT
PROCESSOR_IDENTIFIER=Intel64 Family 6 Model 167 Stepping 1, GenuineIntel
TMP=C:\Users\ravip\AppData\Local\Temp
TEMP=C:\Users\ravip\AppData\Local\Temp



Periodic native trim disabled


---------------  S Y S T E M  ---------------

OS:
 Windows 11 , 64 bit Build 26100 (10.0.26100.8246)
OS uptime: 1 days 6:39 hours
Hyper-V role detected

CPU: total 12 (initial active 12) (6 cores per cpu, 2 threads per core) family 6 model 167 stepping 1 microcode 0x50, cx8, cmov, fxsr, ht, mmx, 3dnowpref, sse, sse2, sse3, ssse3, sse4.1, sse4.2, popcnt, lzcnt, tsc, tscinvbit, avx, avx2, aes, erms, clmul, bmi1, bmi2, adx, avx512f, avx512dq, avx512cd, avx512bw, avx512vl, sha, fma, vzeroupper, avx512_vpopcntdq, avx512_vpclmulqdq, avx512_vaes, avx512_vnni, clflush, clflushopt, avx512_vbmi2, avx512_vbmi, hv
Processor Information for the first 12 processors :
  Max Mhz: 2712, Current Mhz: 2712, Mhz Limit: 2712

Memory: 4k page, system-wide physical 15975M (855M free)
TotalPageFile size 27861M (AvailPageFile size 521M)
current process WorkingSet (physical memory assigned to process): 1281M, peak: 1952M
current process commit charge ("private bytes"): 1985M, peak: 2867M

vm_info: OpenJDK 64-Bit Server VM (17.0.18+8-LTS) for windows-amd64 JRE (17.0.18+8-LTS), built on Jan 15 2026 18:50:45 by "MicrosoftCorporation" with MS VC++ 17.14 (VS2022)

END.
