agid,name,rank,station,unit,district,subDivision,landline,mobile,email,searchBlob
KSP0001,CP,CP, Bengaluru City,Bengaluru City,Bengaluru City,,080-22260222,9480801001,compolbcp@ksp.gov.in,cp bengaluru city 080-22260222 9480801001 compolbcp@ksp.gov.in
KSP0002,"DG & IGP, Karnataka State",DG & IGP,"Head of Police Force (HoPF), Karnataka State",HQ,Bengaluru City,,,080-22211803,police@ksp.gov.in,"dg & igp, karnataka state dg & igp head of police force (hopf), karnataka state hq bengaluru city 080-22211803 police@ksp.gov.in"
KSP0003,ADGP Admin,ADGP,Admin,HQ,Bengaluru City,,080-22942114,9480800003,adgpadmin@ksp.gov.in,adgp admin adgp admin hq bengaluru city 080-22942114 9480800003 adgpadmin@ksp.gov.in
KSP0004,ADGP L&O,ADGP,L&O,HQ,Bengaluru City,,080-22240496,080-22942103,adgplo@ksp.gov.in,adgp l&o adgp l&o hq bengaluru city 080-22240496 080-22942103 adgplo@ksp.gov.in
KSP0005,ADGP ANTF,ADGP,ANTF,HQ,Bengaluru City,,,,,adgp antf adgp antf hq bengaluru city
KSP0006,ADGP C&TS,ADGP,C&TS,HQ,Bengaluru City,,080-22212227,080-22942102,adgpcts@ksp.gov.in,adgp c&ts adgp c&ts hq bengaluru city 080-22212227 080-22942102 adgpcts@ksp.gov.in
KSP0007,ADGP Grievances & Human Rights,ADGP,Grievances & Human Rights,HQ,Bengaluru City,,080-22213431,9480800026,adgpgc@ksp.gov.in,adgp grievances & human rights adgp grievances & human rights hq bengaluru city 080-22213431 9480800026 adgpgc@ksp.gov.in
KSP0008,IGP HQ -1,IGP,HQ -1,HQ,Bengaluru City,,080-22942106,9480800005,igphq@ksp.gov.in,igp hq -1 igp hq -1 hq bengaluru city 080-22942106 9480800005 igphq@ksp.gov.in
KSP0009,ADGP KSRP,ADGP,KSRP,KSRP,Bengaluru City,,080-22213351,9480800009,adgpksrp@ksp.gov.in,adgp ksrp adgp ksrp bengaluru city 080-22213351 9480800009 adgpksrp@ksp.gov.in
KSP0010,IGP KSRP,IGP,KSRP,KSRP,Bengaluru City,,080-22211424,9480800025,igpksrp@ksp.gov.in,igp ksrp igp ksrp bengaluru city 080-22211424 9480800025 igpksrp@ksp.gov.in
KSP0011,DIGP Admin,DIGP,Admin,HQ,Bengaluru City,,080-22942105,9480800006,digphq@ksp.gov.in,digp admin digp admin hq bengaluru city 080-22942105 9480800006 digphq@ksp.gov.in
KSP0012,DIGP General,DIGP,General,HQ,Bengaluru City,,080-22215641,9480800072,digpgnl@ksp.gov.in,digp general digp general hq bengaluru city 080-22215641 9480800072 digpgnl@ksp.gov.in
KSP0013,DIGP ANTF,DIGP,ANTF,HQ,Bengaluru City,,,080-22942592,,digp antf digp antf hq bengaluru city 080-22942592
KSP0014,DIGP Crime,DIGP,Crime,HQ,Bengaluru City,,080-22942349,080-22211845,digpcrime@ksp.gov.in,digp crime digp crime hq bengaluru city 080-22942349 080-22211845 digpcrime@ksp.gov.in
KSP0015,DIGP HQRS,DIGP,HQRS,HQ,Bengaluru City,,080-22943430,9480800053,digphqco@ksp.gov.in,digp hqrs digp hqrs hq bengaluru city 080-22943430 9480800053 digphqco@ksp.gov.in
KSP0016,DIGP CTRS,DIGP,CTRS,Communication & Transport,Bengaluru City,,080-22238000,080-22942106,digpctrs@ksp.gov.in,digp ctrs digp ctrs communication & transport bengaluru city 080-22238000 080-22942106 digpctrs@ksp.gov.in
KSP0017,DIGP Railways,DIGP,Railways,Railways,Bengaluru City,,080-22102659,9480800455,igprly@ksp.gov.in,digp railways digp railways bengaluru city 080-22102659 9480800455 igprly@ksp.gov.in
KSP0018,DIGP KSRP HQ,DIGP,KSRP HQ,KSRP,Bengaluru City,,080-22215259,9480800052,digpksrp@ksp.gov.in,digp ksrp hq digp ksrp hq ksrp bengaluru city 080-22215259 9480800052 digpksrp@ksp.gov.in
KSP0019,DIGP KSRP BENGALURU ZONE,DIGP,KSRP BENGALURU ZONE,KSRP,Bengaluru City,,080-22943680,9480800845,,digp ksrp bengaluru zone digp ksrp bengaluru zone ksrp bengaluru city 080-22943680 9480800845
KSP0020,SP (W) PI Railway SBC BLURU,SP (W),PI Railway SBC BLURU,Railways,Bengaluru City,,080-22215911,080-22942334,crdgcontrol@ksp.gov.in,sp (w) pi railway sbc bluru sp (w) pi railway sbc bluru railways bengaluru city 080-22215911 080-22942334 crdgcontrol@ksp.gov.in
KSP0021,"SP PRO, CHIEF OFFICE",SP,"PRO, CHIEF OFFICE",HQ,Bengaluru City,,080-22942364,080-22210391,murthyaproco@gmail.com,"sp pro, chief office sp pro, chief office hq bengaluru city 080-22942364 080-22210391 murthyaproco@gmail.com"
KSP0022,APRO,APRO,,HQ,Bengaluru City,,,080-22943045,,apro hq bengaluru city 080-22943045
KSP0023,CAO,CAO,,HQ,Bengaluru City,,080-22212108,9480800033,caoco@ksp.gov.in,cao hq bengaluru city 080-22212108 9480800033 caoco@ksp.gov.in
KSP0024,DySP Law,DySP,Law,HQ,Bengaluru City,,080-22942615,9480800092,,dysp law dysp law hq bengaluru city 080-22942615 9480800092
KSP0025,PI LAW,PI,LAW,HQ,Bengaluru City,,080-22942615,7899759737,,pi law pi law hq bengaluru city 080-22942615 7899759737
KSP0026,DySP Crime,DySP,Crime,HQ,Bengaluru City,,080-22942121,9480800091,dspcrime2001@gmail.com,dysp crime dysp crime hq bengaluru city 080-22942121 9480800091 dspcrime2001@gmail.com
KSP0027,"Asst. Commdt., KSISF",Asst. Commdt.,"Asst. Commdt., KSISF",KSISF,Bengaluru City,,080-22943127,9480800778,acksisfdgoffice@ksp.gov.in,"asst. commdt., ksisf asst. commdt. ksisf bengaluru city 080-22943127 9480800778 acksisfdgoffice@ksp.gov.in"
KSP0028,"DySP MTO, Chief Office",DySP,"MTO, Chief Office",HQ,Bengaluru City,,080-22942814,9480800495,,"dysp mto, chief office dysp mto, chief office hq bengaluru city 080-22942814 9480800495"
KSP0029,DySP PI ISD,DySP,PI ISD,ISD,Ballari,,08392-22942384,9480800095,,dysp pi isd dysp pi isd isd ballari 08392-22942384 9480800095
KSP0030,PI PRC,PI,PRC,HQ,Bengaluru City,,,9731232721,,pi prc pi prc hq bengaluru city 9731232721
KSP0031,PI PRC,PI,PRC,HQ,Bengaluru City,,,9480336556,,pi prc pi prc hq bengaluru city 9480336556
KSP0032,Legal Advisor,Legal Advisor,Legal Advisor,HQ,Bengaluru City,,080-22109419,9480800162,,legal advisor hq bengaluru city 080-22109419 9480800162
KSP0033,JCF (Joint Controller Finance),,JCF (Joint Controller Finance),HQ,Bengaluru City,,080-22212561,9480800566,jcfco@ksp.gov.in,jcf (joint controller finance) hq bengaluru city 080-22212561 9480800566 jcfco@ksp.gov.in
KSP0034,DCF (Deputy Controller Finance),,DCF (Deputy Controller Finance),HQ,Bengaluru City,,080-22942413,9448621989,,dcf (deputy controller finance) hq bengaluru city 080-22942413 9448621989
KSP0035,DySP (W) DGP C/Room,DySP (W),DGP C/Room,HQ,Bengaluru City,,080-22943432,9364881600,crdgcontrol@ksp.gov.in,dysp (w) dgp c/room dysp (w) dgp c/room hq bengaluru city 080-22943432 9364881600 crdgcontrol@ksp.gov.in
KSP0036,PI (W) DGP C/Room,PI (W),DGP C/Room,HQ,Bengaluru City,,080-22943463,9480800924,,pi (w) dgp c/room pi (w) dgp c/room hq bengaluru city 080-22943463 9480800924
KSP0037,PI (W) DGP C/Room,PI (W),DGP C/Room,HQ,Bengaluru City,,080-22943463,9865151535,,pi (w) dgp c/room pi (w) dgp c/room hq bengaluru city 080-22943463 9865151535
KSP0038,DGP C/Room,DGP,C/Room,HQ,Bengaluru City,,080-22211777,9480800100,crdgcontrol@ksp.gov.in,dgp c/room dgp c/room hq bengaluru city 080-22211777 9480800100 crdgcontrol@ksp.gov.in
KSP0039,DGP C/Room FAX NUMBERS,DGP,C/Room FAX NUMBERS,HQ,Bengaluru City,,080-22215911,,,dgp c/room fax numbers dgp c/room fax numbers hq bengaluru city 080-22215911
KSP0040,TOLL FREE HELP LINE,,TOLL FREE HELP LINE,HQ,Bengaluru City,,18004250100,,,toll free help line hq bengaluru city 18004250100
KSP0041,PA ADGP ADMN,PA,ADGP ADMN,HQ,Bengaluru City,,080-22942101,9845720494,,pa adgp admn pa adgp admn hq bengaluru city 080-22942101 9845720494
KSP0042,PA ADGP ADMN,PA,ADGP ADMN,HQ,Bengaluru City,,080-22942101,9845571243,,pa adgp admn pa adgp admn hq bengaluru city 080-22942101 9845571243
KSP0043,PA ADGP ADMIN,PA,ADGP ADMIN,HQ,Bengaluru City,,080-22942101,8861782699,,pa adgp admin pa adgp admin hq bengaluru city 080-22942101 8861782699
KSP0044,PA ADGP L&O,PA,ADGP L&O,HQ,Bengaluru City,,080-22942103,9980092652,,pa adgp l&o pa adgp l&o hq bengaluru city 080-22942103 9980092652
KSP0045,PA ADGP L&O,PA,ADGP L&O,HQ,Bengaluru City,,080-22942103,,,pa adgp l&o pa adgp l&o hq bengaluru city 080-22942103
KSP0046,PA ADGP KSRP,PA,ADGP KSRP,KSRP,Bengaluru City,,080-22942104,,,pa adgp ksrp pa adgp ksrp ksrp bengaluru city 080-22942104
KSP0047,PA ADGP Cr & TS,PA,ADGP Cr & TS,HQ,Bengaluru City,,080-22942102,9901417661,,pa adgp cr & ts pa adgp cr & ts hq bengaluru city 080-22942102 9901417661
KSP0048,PA ADGP GHR,PA,PATO ADGP GHR,HQ,Bengaluru City,,080-22942105,9844622316,,pa adgp ghr pa pato adgp ghr hq bengaluru city 080-22942105 9844622316
KSP0049,PA IGP KSRP,PA,IGP KSRP,KSRP,Bengaluru City,,080-22942247,9886596473,,pa igp ksrp pa igp ksrp ksrp bengaluru city 080-22942247 9886596473
KSP0050,PA IGP HQRS-1,PA,IGP HQRS-1,HQ,Bengaluru City,,080-22245077,9449906124,,pa igp hqrs-1 pa igp hqrs-1 hq bengaluru city 080-22245077 9449906124
KSP0051,PA DIGP ADMN,PA,DIGP ADMN,HQ,Bengaluru City,,080-22942107,9886787774,,pa digp admn pa digp admn hq bengaluru city 080-22942107 9886787774
KSP0052,PA DIGP CTRS,PA,DIGP CTRS,Communication & Transport,Bengaluru City,,080-22942106,9739576698,,pa digp ctrs pa digp ctrs communication & transport bengaluru city 080-22942106 9739576698
KSP0053,PA DIGP KSRP,PA,DIGP KSRP,KSRP,Bengaluru City,,080-22215259,9844231596,,pa digp ksrp pa digp ksrp ksrp bengaluru city 080-22215259 9844231596
KSP0054,PA DIGP CRIME,PA,DIGP CRIME,HQ,Bengaluru City,,080-22211845,9844345704,,pa digp crime pa digp crime hq bengaluru city 080-22211845 9844345704
KSP0055,PA DIGP GENERAL,PA,DIGP GENERAL,HQ,Bengaluru City,,080-22215641,8710004369,,pa digp general pa digp general hq bengaluru city 080-22215641 8710004369
KSP0056,PA DIGP HQ,PA,DIGP HQ,HQ,Bengaluru City,,080-22279002,9901882762,,pa digp hq pa digp hq hq bengaluru city 080-22279002 9901882762
KSP0057,AAO HRM-I,AAO,HRM-I,HQ,Bengaluru City,,080-22942837,9448703385,,aao hrm-i aao hrm-i hq bengaluru city 080-22942837 9448703385
KSP0058,AAO HRM-II,AAO,HRM-II,HQ,Bengaluru City,,080-22942826,9632963754,,aao hrm-ii aao hrm-ii hq bengaluru city 080-22942826 9632963754
KSP0059,AAO L&O,AAO,L&O,HQ,Bengaluru City,,080-22942840,9980680758,,aao l&o aao l&o hq bengaluru city 080-22942840 9980680758
KSP0060,"AAO GC, BUILDING, ABY SECTION",AAO,"GC, BUILDING, ABY SECTION",HQ,Bengaluru City,,080-22942833,9886506419,,"aao gc, building, aby section aao gc, building, aby section hq bengaluru city 080-22942833 9886506419"
KSP0061,AAO Cr & TS,AAO,Cr & TS,HQ,Bengaluru City,,080-22943390,9036185986,,aao cr & ts aao cr & ts hq bengaluru city 080-22943390 9036185986
KSP0062,AAO KSRP,AAO,KSRP,KSRP,Bengaluru City,,080-22112136,8971621903,,aao ksrp aao ksrp bengaluru city 080-22112136 8971621903
KSP0063,DGP C/Room,DGP,C/Room,HQ,Bengaluru City,,080-22211777,9480800100,crdgcontrol@ksp.gov.in,dgp c/room dgp c/room hq bengaluru city 080-22211777 9480800100 crdgcontrol@ksp.gov.in
KSP0064,CID CIVIL C/Room,,CID CIVIL C/Room,HQ,Bengaluru City,,080-22942444,9480800123,spnoccid@ksp.gov.in,cid civil c/room hq bengaluru city 080-22942444 9480800123 spnoccid@ksp.gov.in
KSP0065,CID WIRELESS C/Room,,CID WIRELESS C/Room,HQ,Bengaluru City,,080-22942434,,crcod@ksp.gov.in,cid wireless c/room hq bengaluru city 080-22942434 crcod@ksp.gov.in
KSP0066,ISD C/Room,,ISD C/Room,HQ,Bengaluru City,,080-25596006,9480800600,,isd c/room hq bengaluru city 080-25596006 9480800600
KSP0067,C/Room,,C/Room,HQ,Bengaluru City,,080-22942222,8277945406,,c/room hq bengaluru city 080-22942222 8277945406
KSP0068,108 C/Room (Ambulance),,108 C/Room (Ambulance),HQ,Bengaluru City,,080-23280161,,,108 c/room (ambulance) hq bengaluru city 080-23280161
KSP0069,Central C/Room,,Central C/Room,HQ,Bengaluru City,,080-22943003,9480801100,,central c/room hq bengaluru city 080-22943003 9480801100
KSP0070,East C/Room,,East C/Room,HQ,Bengaluru City,,080-22943535,9480801200,,east c/room hq bengaluru city 080-22943535 9480801200
KSP0071,South-East C/Room,,South-East C/Room,HQ,Bengaluru City,,080-22943482,9480801600,,south-east c/room hq bengaluru city 080-22943482 9480801600
KSP0072,West C/Room,,West C/Room,HQ,Bengaluru City,,080-22943232,9480801700,,west c/room hq bengaluru city 080-22943232 9480801700
KSP0073,North C/Room,,North C/Room,HQ,Bengaluru City,,080-22943434,9480801300,,north c/room hq bengaluru city 080-22943434 9480801300
KSP0074,North-East C/Room,,North-East C/Room,HQ,Bengaluru City,,080-22943060,9480801400,,north-east c/room hq bengaluru city 080-22943060 9480801400
KSP0075,South C/Room,,South C/Room,HQ,Bengaluru City,,080-22943111,9480801500,,south c/room hq bengaluru city 080-22943111 9480801500
KSP0076,Traffic North C/Room,,Traffic North C/Room,HQ,Bengaluru City,,080-22943684,9480801096,,traffic north c/room hq bengaluru city 080-22943684 9480801096
KSP0077,Traffic South C/Room,,Traffic South C/Room,HQ,Bengaluru City,,080-22942704,9480801097,,traffic south c/room hq bengaluru city 080-22942704 9480801097
KSP0078,Traffic East C/Room,,Traffic East C/Room,HQ,Bengaluru City,,080-22943131,9480801095,,traffic east c/room hq bengaluru city 080-22943131 9480801095
KSP0079,Traffic West C/Room,,Traffic West C/Room,HQ,Bengaluru City,,080-22943030,9480801900,,traffic west c/room hq bengaluru city 080-22943030 9480801900
KSP0080,Traffic Central C/Room,,Traffic Central C/Room,HQ,Bengaluru City,,080-22943663,9480801094,,traffic central c/room hq bengaluru city 080-22943663 9480801094
KSP0081,Master C/Room,,Master C/Room,HQ,Bengaluru City,,080-22943322,,,master c/room hq bengaluru city 080-22943322
KSP0082,CCB C/Room,,CCB C/Room,HQ,Bengaluru City,,080-22943084,,,ccb c/room hq bengaluru city 080-22943084
KSP0083,CAR HQ. C/Room,,CAR HQ. C/Room,HQ,Bengaluru City,,080-22943555,,,car hq. c/room hq bengaluru city 080-22943555
KSP0084,CAR North C/Room,,CAR North C/Room,HQ,Bengaluru City,,080-22943222,9480801046,,car north c/room hq bengaluru city 080-22943222 9480801046
KSP0085,CAR South C/Room,,CAR South C/Room,HQ,Bengaluru City,,080-22943333,,,car south c/room hq bengaluru city 080-22943333
KSP0086,Whitefield C/Room,,Whitefield C/Room,HQ,Bengaluru City,,080-22942959,9480801144,,whitefield c/room hq bengaluru city 080-22942959 9480801144
KSP0087,RAILWAY C/Room,,RAILWAY C/Room,HQ,Bengaluru City,,080-22942666,9480802140,dcrly@ksp.gov.in,railway c/room hq bengaluru city 080-22942666 9480802140 dcrly@ksp.gov.in
KSP0088,RPF C/Room,,RPF C/Room,HQ,Bengaluru City,,080-22156322,,,rpf c/room hq bengaluru city 080-22156322
KSP0089,BBMP C/Room,,BBMP C/Room,HQ,Bengaluru City,,080-22221188,,,bbmp c/room hq bengaluru city 080-22221188
KSP0090,DEAD BODY C/Room,,DEAD BODY C/Room,HQ,Bengaluru City,,080-22975829,,,dead body c/room hq bengaluru city 080-22975829
KSP0091,CISF C/Room,,CISF C/Room,HQ,Bengaluru City,,080-22001509,,,cisf c/room hq bengaluru city 080-22001509
KSP0092,DISASTER C/Room,,DISASTER C/Room,HQ,Bengaluru City,,080-22340676,,,disaster c/room hq bengaluru city 080-22340676
KSP0093,INT C/Room,,INT C/Room,HQ,Bengaluru City,,080-22240372,9449878811,,int c/room hq bengaluru city 080-22240372 9449878811
KSP0094,I BN KSRP C/Room,,I BN KSRP C/Room BENGALURU,HQ,Bengaluru City,,080-25584116,9480800829,,i bn ksrp c/room i bn ksrp c/room bengaluru hq bengaluru city 080-25584116 9480800829
KSP0095,III BN KSRP C/Room,,III BN KSRP C/Room BENGALURU,HQ,Bengaluru City,,080-22943638,9480800836,,iii bn ksrp c/room iii bn ksrp c/room bengaluru hq bengaluru city 080-22943638 9480800836
KSP0096,IV BN KSRP C/Room,,IV BN KSRP C/Room BENGALURU,HQ,Bengaluru City,,080-22942118,9480800840,,iv bn ksrp c/room iv bn ksrp c/room bengaluru hq bengaluru city 080-22942118 9480800840
KSP0097,IX BN KSRP C/Room KOODLU,,IX BN KSRP C/Room KOODLU,HQ,Bengaluru City,,080-28440661,9480800857,,ix bn ksrp c/room koodlu hq bengaluru city 080-28440661 9480800857
KSP0098,CBI C/Room,,CBI C/Room,HQ,Bengaluru City,,080-23331026,,,cbi c/room hq bengaluru city 080-23331026
KSP0099,ISPW C/Room,,ISPW C/Room,HQ,Bengaluru City,,080-22259660,,,ispw c/room hq bengaluru city 080-22259660
KSP0100,DISASTER C/Room (REVENUE DEPT),,DISASTER C/Room (REVENUE DEPT),HQ,Bengaluru City,,080-22253707,,,disaster c/room (revenue dept) hq bengaluru city 080-22253707
KSP0101,"DISASTER C/Room, COP",,"DISASTER C/Room, COP",HQ,Bengaluru City,,080-22943283,,,"disaster c/room, cop hq bengaluru city 080-22943283"
KSP0102,FIRE & EMERGENCY SERVICES C/Room,,FIRE & EMERGENCY SERVICES C/Room,HQ,Bengaluru City,,080-22971500,9513749109,,fire & emergency services c/room hq bengaluru city 080-22971500 9513749109
KSP0103,HOME GUARDS C/Room,,HOME GUARDS C/Room,HQ,Bengaluru City,,080-25553234,,,home guards c/room hq bengaluru city 080-25553234
KSP0104,CIVIL DEFENCE C/Room,,CIVIL DEFENCE C/Room,HQ,Bengaluru City,,080-22267920,,,civil defence c/room hq bengaluru city 080-22267920
KSP0105,CRPF,,CRPF BENGALURU,HQ,Bengaluru City,,,080-28567730,,crpf crpf bengaluru hq bengaluru city 080-28567730
KSP0106,VIDHANA SOUDHA EXCHANGE,,VIDHANA SOUDHA EXCHANGE,HQ,Bengaluru City,,080-22032000,,,vidhana soudha exchange hq bengaluru city 080-22032000
KSP0107,VIKASA SOUDHA EXCHANGE,,VIKASA SOUDHA EXCHANGE,HQ,Bengaluru City,,080-22035005,,,vikasa soudha exchange hq bengaluru city 080-22035005
KSP0108,"ADGP & PS to Govt, Home Department (PCAS)",ADGP,"& Principal Secretary to Government, Home Department (PCAS)",HQ,,,080-22033710,080-22256774,secypcas-home@karnataka.gov.in,"adgp & ps to govt, home department (pcas) adgp & principal secretary to government, home department (pcas) hq 080-22033710 080-22256774 secypcas-home@karnataka.gov.in"
KSP0109,IGP Vigilance Water Resource Development,IGP,"Vigilance Water Resource Development, Bengaluru",Officers on State Deputation,Bengaluru City,,080-22384076,,igpwrv@gmail.com,"igp vigilance water resource development igp vigilance water resource development, bengaluru officers on state deputation bengaluru city 080-22384076 igpwrv@gmail.com"
KSP0110,"DIGP COMMISSIONER, YOUTH EMPOWERMENT & SPORTS DEPARTMENT",DIGP,"COMMISSIONER, YOUTH EMPOWERMENT & SPORTS DEPARTMENT",Officers on State Deputation,,,,080-22215601,dyesdept@gmail.com,"digp commissioner, youth empowerment & sports department digp commissioner, youth empowerment & sports department officers on state deputation 080-22215601 dyesdept@gmail.com"
KSP0111,"DIGP & Secretary, Karnataka Building and Other Construction Workers Welfare Board",DIGP,"& Secretary, Karnataka Building and Other Construction Workers Welfare Board Bengaluru",Officers on State Deputation,Bengaluru City,,,9902956196,,"digp & secretary, karnataka building and other construction workers welfare board digp & secretary, karnataka building and other construction workers welfare board bengaluru officers on state deputation bengaluru city 9902956196"
KSP0112,DIGP Vigilance Karnataka Power Corporation Ltd (KPCL),DIGP,Vigilance Karnataka Power Corporation Ltd (KPCL),Officers on State Deputation,,,,9880902400,cvokpcl@karnataka.gov.in,digp vigilance karnataka power corporation ltd (kpcl) digp vigilance karnataka power corporation ltd (kpcl) officers on state deputation 9880902400 cvokpcl@karnataka.gov.in
KSP0113,"DIGP & Director, BMTC (Security & Vigilance)",DIGP,"& Director, BMTC (Security & Vigilance), Bengaluru",Officers on State Deputation,Bengaluru City,,,080-22537512,directorsv@mybmtc.com,"digp & director, bmtc (security & vigilance) digp & director, bmtc (security & vigilance), bengaluru officers on state deputation bengaluru city 080-22537512 directorsv@mybmtc.com"
KSP0114,SP vigilance CHESCOM,SP,"vigilance CHESCOM, Mysuru",Officers on State Deputation,Mysuru,,0821-2342707,0821-2342708,dyspvigmos@gmail.com,"sp vigilance chescom sp vigilance chescom, mysuru officers on state deputation mysuru 0821-2342707 0821-2342708 dyspvigmos@gmail.com"
KSP0115,SP HESCOM,SP,"HESCOM, Hubballi",Officers on State Deputation,Dharwad,,,0836-2361034,sp_vigilance@yahoo.com,"sp hescom sp hescom, hubballi officers on state deputation dharwad 0836-2361034 sp_vigilance@yahoo.com"
KSP0116,SP BMRDA (EXCLUDING BDA & BMICAPA),SP,BMRDA (EXCLUDING BDA & BMICAPA),Officers on State Deputation,,,,9916865069,,sp bmrda (excluding bda & bmicapa) sp bmrda (excluding bda & bmicapa) officers on state deputation 9916865069
KSP0117,SP BDA,SP,"BDA, Bengaluru",Officers on State Deputation,Bengaluru City,,,080-23364227,sp@bdabangalore.org,"sp bda sp bda, bengaluru officers on state deputation bengaluru city 080-23364227 sp@bdabangalore.org"
KSP0118,SP BESCOM Vigilance,SP,"BESCOM Vigilance, Bengaluru",Officers on State Deputation,Bengaluru City,,,080-22381838,spvigilance@yahoo.in,"sp bescom vigilance sp bescom vigilance, bengaluru officers on state deputation bengaluru city 080-22381838 spvigilance@yahoo.in"
KSP0119,SP GESCOM,SP,"GESCOM, Kalaburagi",Officers on State Deputation,Kalaburagi,,,08472-256738,gescomsp@gmail.com,"sp gescom sp gescom, kalaburagi officers on state deputation kalaburagi 08472-256738 gescomsp@gmail.com"
KSP0120,Director of Kannada and Culture Department,,Director of Kannada and Culture Department,Officers on State Deputation,,,080-22213530,080-22214379,kanbhavblr@gmail.com,director of kannada and culture department officers on state deputation 080-22213530 080-22214379 kanbhavblr@gmail.com
KSP0121,MD KARNATAKA SILK MARKETING BOARD LIMITED,,MD KARNATAKA SILK MARKETING BOARD LIMITED BENGALURU,Officers on State Deputation,Bengaluru City,,,080-23120155,ksmblt@gmail.com,md karnataka silk marketing board limited md karnataka silk marketing board limited bengaluru officers on state deputation bengaluru city 080-23120155 ksmblt@gmail.com
KSP0122,Additional Director (Vigilance & Information Technology (I.T)),Additional Director,(Vigilance & Information Technology (I.T)),Officers on State Deputation,,,,080-22354857,ddit.fcs-ka@nic.in,additional director (vigilance & information technology (i.t)) additional director (vigilance & information technology (i.t)) officers on state deputation 080-22354857 ddit.fcs-ka@nic.in
KSP0123,DG & IGP (Retd.),DG & IGP (Retd.),,Retired Police Officers,,,080-22211803,9480800001,police@ksp.gov.in,dg & igp (retd.) retired police officers 080-22211803 9480800001 police@ksp.gov.in
KSP0124,DG & IGP (Retd.),DG & IGP (Retd.),,Retired Police Officers,,,,080-25257950,,dg & igp (retd.) retired police officers 080-25257950
KSP0125,R.RAMALINGAM RETD DG & IGP,,R.RAMALINGAM RETD DG & IGP,Retired Police Officers,,,,080-23537979,,r.ramalingam retd dg & igp retired police officers 080-23537979
KSP0126,DG & IGP (Retd.),DG & IGP (Retd.),,Retired Police Officers,,,,080-25266966,sampige05@gmail.com,dg & igp (retd.) retired police officers 080-25266966 sampige05@gmail.com
KSP0127,DG & IGP (Retd.),DG & IGP (Retd.),,Retired Police Officers,,,,080-22236969,,dg & igp (retd.) retired police officers 080-22236969
KSP0128,DG & IGP (Retd.),DG & IGP (Retd.),,Retired Police Officers,,,,9880300477,,dg & igp (retd.) retired police officers 9880300477
KSP0129,DG & IGP (Retd.),DG & IGP (Retd.),,Retired Police Officers,,,,080-25265620,,dg & igp (retd.) retired police officers 080-25265620
KSP0130,DG & IGP (Retd.),DG & IGP (Retd.),,Retired Police Officers,,,,9845517343,,dg & igp (retd.) retired police officers 9845517343
KSP0131,DG & IGP (Retd.),DG & IGP (Retd.),,Retired Police Officers,,,,9448327335,,dg & igp (retd.) retired police officers 9448327335
KSP0132,DG & IGP (Retd.),DG & IGP (Retd.),,Retired Police Officers,,,,9844264400,,dg & igp (retd.) retired police officers 9844264400
KSP0133,DG & IGP (Retd.),DG & IGP (Retd.),,Retired Police Officers,,,,080-26681451,,dg & igp (retd.) retired police officers 080-26681451
KSP0134,DG & IGP (Retd.),DG & IGP (Retd.),,Retired Police Officers,,,,080-22103377,,dg & igp (retd.) retired police officers 080-22103377
KSP0135,DG & IG (Retd.),DG & IG (Retd.),,Retired Police Officers,,,,080-26682275,,dg & ig (retd.) retired police officers 080-26682275
KSP0136,DG & IG (Retd.),DG & IG (Retd.),,Retired Police Officers,,,,9036353833,,dg & ig (retd.) retired police officers 9036353833
KSP0137,DG & IGP (Retd.),DG & IGP (Retd.),,Retired Police Officers,,,,9902788641,stramesh@gamil.com,dg & igp (retd.) retired police officers 9902788641 stramesh@gamil.com
KSP0138,DG & IGP (Retd.),DG & IGP (Retd.),,Retired Police Officers,,,,9482324949,,dg & igp (retd.) retired police officers 9482324949
KSP0139,DG & IGP (Retd.),DG & IGP (Retd.),,Retired Police Officers,,,,080-26682915,,dg & igp (retd.) retired police officers 080-26682915
KSP0140,DG & IGP (Retd.),DG & IGP (Retd.),,Retired Police Officers,,,,080-26684688,,dg & igp (retd.) retired police officers 080-26684688
KSP0141,DG & IGP (Retd.),DG & IGP (Retd.),,Retired Police Officers,,,,7085629457,,dg & igp (retd.) retired police officers 7085629457
KSP0142,"DG & IGP (Advisor to Hon'ble Chief Minister, West Bengal State) (Retd.)",DG & IGP (Retd.),,Retired Police Officers,,,,9650409494,,"dg & igp (advisor to hon'ble chief minister, west bengal state) (retd.) dg & igp (retd.) retired police officers 9650409494"
KSP0143,DG & IGP (Retd.),DG & IGP (Retd.),,Retired Police Officers,,,,9810578274,neelamaniraju@gmail.com,dg & igp (retd.) retired police officers 9810578274 neelamaniraju@gmail.com
KSP0144,DG & IGP (Retd.),DG & IGP (Retd.),,Retired Police Officers,,,,9844266099,,dg & igp (retd.) retired police officers 9844266099
KSP0145,"Spl. Secretary, Govt. of India (Retd.)",Spl (Retd.),,Retired Police Officers,,,,080-25262566,,"spl. secretary, govt. of india (retd.) spl (retd.) retired police officers 080-25262566"
KSP0146,Spl Cabinet Secretary (Retd.),Spl Cabinet Secretary (Retd.),,Retired Police Officers,,,,080-22227456,,spl cabinet secretary (retd.) retired police officers 080-22227456
KSP0147,"Special Secretary, Cabinet Secretariat (Retd.)",Special Secretary (Retd.),,Retired Police Officers,,,,9449810347,,"special secretary, cabinet secretariat (retd.) special secretary (retd.) retired police officers 9449810347"
KSP0148,Secretary Cabinet Secretariat (Retd.),Secretary Cabinet Secretariat (Retd.),,Retired Police Officers,,,,9900195803,,secretary cabinet secretariat (retd.) retired police officers 9900195803
KSP0149,Spl. Secretary (Retd.),Spl (Retd.),,Retired Police Officers,,,,080-26762831,,spl. secretary (retd.) spl (retd.) retired police officers 080-26762831
KSP0150,DGP (Retd.),DGP (Retd.),,HQ,,,,9880280804,,dgp (retd.) hq 9880280804
KSP0151,DGP (Retd.),DGP (Retd.),,HQ,,,,7017481276,,dgp (retd.) hq 7017481276
KSP0152,DGP (Retd.),DGP (Retd.),,HQ,,,,9449631100,,dgp (retd.) hq 9449631100
KSP0153,DGP (Retd.),DGP (Retd.),,HQ,,,,9632759095,,dgp (retd.) hq 9632759095
KSP0154,DGP (Retd.),DGP (Retd.),,HQ,,,,9448090440,,dgp (retd.) hq 9448090440
KSP0155,DGP (Retd.),DGP (Retd.),,HQ,,,,080-25533825,,dgp (retd.) hq 080-25533825
KSP0156,DGP (Retd.),DGP (Retd.),,HQ,,,,9880140477,,dgp (retd.) hq 9880140477
KSP0157,DGP (Retd.),DGP (Retd.),,HQ,,,,080-23418655,,dgp (retd.) hq 080-23418655
KSP0158,DGP (Retd.),DGP (Retd.),,HQ,,,,9483503999,,dgp (retd.) hq 9483503999
KSP0159,DGP (Retd.),DGP (Retd.),,HQ,,,,9611112192,,dgp (retd.) hq 9611112192
KSP0160,DGP (Retd.),DGP (Retd.),,HQ,,,,9448138828,,dgp (retd.) hq 9448138828
KSP0161,DGP (Retd.),DGP (Retd.),,HQ,,,,080-26588895,,dgp (retd.) hq 080-26588895
KSP0162,DGP (Retd.),DGP (Retd.),,HQ,,,,8792416998,,dgp (retd.) hq 8792416998
KSP0163,DGP (Retd.),DGP (Retd.),,HQ,,,,080-25703838,,dgp (retd.) hq 080-25703838
KSP0164,DGP (Retd.),DGP (Retd.),,HQ,,,,080-26686582,mkdgp77@gmail.com,dgp (retd.) hq 080-26686582 mkdgp77@gmail.com
KSP0165,DGP (Retd.),DGP (Retd.),,HQ,,,,9845240900,,dgp (retd.) hq 9845240900
KSP0166,DGP (Retd.),DGP (Retd.),,HQ,,,,9844044166,megharikh@yahoo.com,dgp (retd.) hq 9844044166 megharikh@yahoo.com
KSP0167,DGP (Retd.),DGP (Retd.),,HQ,,,,080-26536140,,dgp (retd.) hq 080-26536140
KSP0168,DGP (Retd.),DGP (Retd.),,HQ,,,,8197777911,,dgp (retd.) hq 8197777911
KSP0169,DGP (Retd.),DGP (Retd.),,HQ,,,,9902030009,,dgp (retd.) hq 9902030009
KSP0170,DGP (Retd.),DGP (Retd.),,HQ,,,,9481830000,,dgp (retd.) hq 9481830000
KSP0171,DGP (Retd.),DGP (Retd.),,HQ,,,,9449084841,,dgp (retd.) hq 9449084841
KSP0172,DGP (Retd.),DGP (Retd.),,HQ,,,,9448074100,,dgp (retd.) hq 9448074100
KSP0173,DGP (Retd.),DGP (Retd.),,HQ,,,,9480824808,,dgp (retd.) hq 9480824808
KSP0174,DGP (Retd.),DGP (Retd.),,HQ,,,,80-25355353,,dgp (retd.) hq 80-25355353
KSP0175,DGP (Retd.),DGP (Retd.),,HQ,,,,9945179024,,dgp (retd.) hq 9945179024
KSP0176,DGP (Retd.),DGP (Retd.),,HQ,,,,9481300000,pavanjeetsinghsandhu@gmail.com,dgp (retd.) hq 9481300000 pavanjeetsinghsandhu@gmail.com
KSP0177,DGP (Retd.),DGP (Retd.),,HQ,,,,9739405565,,dgp (retd.) hq 9739405565
KSP0178,DGP (Retd.),DGP (Retd.),,HQ,,,,9448956555,,dgp (retd.) hq 9448956555
KSP0179,DGP (Retd.),DGP (Retd.),,HQ,,,,9845991451,,dgp (retd.) hq 9845991451
KSP0180,DGP (Retd.),DGP (Retd.),,HQ,,,,9945979999,,dgp (retd.) hq 9945979999
KSP0181,ADGP (Retd.),ADGP (Retd.),,HQ,,,,9845072185,,adgp (retd.) hq 9845072185
KSP0182,ADGP (Retd.),ADGP (Retd.),,HQ,,,,9900115209,,adgp (retd.) hq 9900115209
KSP0183,ADGP (Retd.),ADGP (Retd.),,HQ,,,,9482851770,,adgp (retd.) hq 9482851770
KSP0184,ADGP (Retd.),ADGP (Retd.),,HQ,,,,9845188995,,adgp (retd.) hq 9845188995
KSP0185,ADGP (Retd.),ADGP (Retd.),,HQ,,,,9591536477,,adgp (retd.) hq 9591536477
KSP0186,ADGP (Retd.),ADGP (Retd.),,HQ,,,,9448045295,,adgp (retd.) hq 9448045295
KSP0187,ADGP (Retd.),ADGP (Retd.),,HQ,,,,9741385968,,adgp (retd.) hq 9741385968
KSP0188,ADGP (Retd.),ADGP (Retd.),,HQ,,,,080-25251531,,adgp (retd.) hq 080-25251531
KSP0189,ADGP (Retd.),ADGP (Retd.),,HQ,,,,9945400123,,adgp (retd.) hq 9945400123
KSP0190,ADGP (Retd.),ADGP (Retd.),,HQ,,,,9945570406,,adgp (retd.) hq 9945570406
KSP0191,ADGP (Retd.),ADGP (Retd.),,HQ,,,,9448467662,,adgp (retd.) hq 9448467662
KSP0192,ADGP (Retd.),ADGP (Retd.),,HQ,,,,7899827080,,adgp (retd.) hq 7899827080
KSP0193,ADGP (Retd.),ADGP (Retd.),,HQ,,,,9611751222,,adgp (retd.) hq 9611751222
KSP0194,ADGP (Retd.),ADGP (Retd.),,HQ,,,,9845246669,,adgp (retd.) hq 9845246669
KSP0195,ADGP (Retd.),ADGP (Retd.),,HQ,,,,9741177775,,adgp (retd.) hq 9741177775
KSP0196,ADGP (Retd.),ADGP (Retd.),,HQ,,,,080-25720287,,adgp (retd.) hq 080-25720287
KSP0197,ADGP (Retd.),ADGP (Retd.),,HQ,,,,9980915100,,adgp (retd.) hq 9980915100
KSP0198,ADGP (Retd.),ADGP (Retd.),,HQ,,,,9448123234,,adgp (retd.) hq 9448123234
KSP0199,ADGP (Retd.),ADGP (Retd.),,HQ,,,,9972792119,,adgp (retd.) hq 9972792119
KSP0200,IGP (Retd.),IGP (Retd.),,Retired Police Officers,,,,9741877882,,igp (retd.) retired police officers 9741877882
KSP0201,IGP (Retd.),IGP (Retd.),,Retired Police Officers,,,,080-25455869,,igp (retd.) retired police officers 080-25455869
KSP0202,IGP (Retd.),IGP (Retd.),,Retired Police Officers,,,,9482222854,,igp (retd.) retired police officers 9482222854
KSP0203,IGP (Retd.),IGP (Retd.),,Retired Police Officers,,,,9448505666,,igp (retd.) retired police officers 9448505666
KSP0204,IGP (Retd.),IGP (Retd.),,Retired Police Officers,,,,9845911115,,igp (retd.) retired police officers 9845911115
KSP0205,IGP (Retd.),IGP (Retd.),,Retired Police Officers,,,,9663945079,,igp (retd.) retired police officers 9663945079
KSP0206,IGP (Retd.),IGP (Retd.),,Retired Police Officers,,,,080-23565252,,igp (retd.) retired police officers 080-23565252
KSP0207,IGP (Retd.),IGP (Retd.),,Retired Police Officers,,,,9845099499,,igp (retd.) retired police officers 9845099499
KSP0208,IGP (Retd.),IGP (Retd.),,Retired Police Officers,,,,9449348140,,igp (retd.) retired police officers 9449348140
KSP0209,IGP (Retd.),IGP (Retd.),,Retired Police Officers,,,,080-48668724,,igp (retd.) retired police officers 080-48668724
KSP0210,IGP (Retd.),IGP (Retd.),,Retired Police Officers,,,,080-25630672,,igp (retd.) retired police officers 080-25630672
KSP0211,IGP (Retd.),IGP (Retd.),,Retired Police Officers,,,,9845525252,,igp (retd.) retired police officers 9845525252
KSP0212,IGP (Retd.),IGP (Retd.),,Retired Police Officers,,,,8095501072,,igp (retd.) retired police officers 8095501072
KSP0213,IGP (Retd.),IGP (Retd.),,Retired Police Officers,,,,9448194513,,igp (retd.) retired police officers 9448194513
KSP0214,IGP (Retd.),IGP (Retd.),,Retired Police Officers,,,,8747976333,,igp (retd.) retired police officers 8747976333
KSP0215,IGP (Retd.),IGP (Retd.),,Retired Police Officers,,,,9844354803,,igp (retd.) retired police officers 9844354803
KSP0216,IGP (Retd.),IGP (Retd.),,Retired Police Officers,,,,9980053054,,igp (retd.) retired police officers 9980053054
KSP0217,IGP (Retd.),IGP (Retd.),,Retired Police Officers,,,,9845323700,,igp (retd.) retired police officers 9845323700
KSP0218,IGP (Retd.),IGP (Retd.),,Retired Police Officers,,,,9448400093,,igp (retd.) retired police officers 9448400093
KSP0219,IGP (Retd.),IGP (Retd.),,Retired Police Officers,,,,9900096569,,igp (retd.) retired police officers 9900096569
KSP0220,IGP (Retd.),IGP (Retd.),,Retired Police Officers,,,,9880975000,,igp (retd.) retired police officers 9880975000
KSP0221,IGP (Retd.),IGP (Retd.),,Retired Police Officers,,,,9980661575,,igp (retd.) retired police officers 9980661575
KSP0222,IGP (Retd.),IGP (Retd.),,Retired Police Officers,,,,9448045234,,igp (retd.) retired police officers 9448045234
KSP0223,IGP (Retd.),IGP (Retd.),,Retired Police Officers,,,,080-23401901,,igp (retd.) retired police officers 080-23401901
KSP0224,IGP (Retd.),IGP (Retd.),,Retired Police Officers,,,,080-25632285,,igp (retd.) retired police officers 080-25632285
KSP0225,IGP (Retd.),IGP (Retd.),,Retired Police Officers,,,,9448110533,,igp (retd.) retired police officers 9448110533
KSP0226,IGP (Retd.),IGP (Retd.),,Retired Police Officers,,,,7760996262,,igp (retd.) retired police officers 7760996262
KSP0227,IGP (Retd.),IGP (Retd.),,Retired Police Officers,,,,9845201832,,igp (retd.) retired police officers 9845201832
KSP0228,IGP (Retd.),IGP (Retd.),,Retired Police Officers,,,,9611988880,,igp (retd.) retired police officers 9611988880
KSP0229,IGP (Retd.),IGP (Retd.),,Retired Police Officers,,,,9164619777,,igp (retd.) retired police officers 9164619777
KSP0230,IGP (Retd.),IGP (Retd.),,Retired Police Officers,,,,9945278100,,igp (retd.) retired police officers 9945278100
KSP0231,IGP (Retd.),IGP (Retd.),,Retired Police Officers,,,,9731806397,,igp (retd.) retired police officers 9731806397
KSP0232,IGP (Retd.),IGP (Retd.),,Retired Police Officers,,,,9845689500,,igp (retd.) retired police officers 9845689500
KSP0233,DIGP (Retd.),DIGP (Retd.),,Retired Police Officers,,,,9538554571,,digp (retd.) retired police officers 9538554571
KSP0234,DIGP (Retd.),DIGP (Retd.),,Retired Police Officers,,,,080-26686060,,digp (retd.) retired police officers 080-26686060
KSP0235,DIGP (Retd.),DIGP (Retd.),,Retired Police Officers,,,,9845176270,,digp (retd.) retired police officers 9845176270
KSP0236,DIGP (Retd.),DIGP (Retd.),,Retired Police Officers,,,,7204543369,,digp (retd.) retired police officers 7204543369
KSP0237,DIGP (Retd.),DIGP (Retd.),,Retired Police Officers,,,,080-22581821,,digp (retd.) retired police officers 080-22581821
KSP0238,DIGP (Retd.),DIGP (Retd.),,Retired Police Officers,,,,9448053377,,digp (retd.) retired police officers 9448053377
KSP0239,DIGP (Retd.),DIGP (Retd.),,Retired Police Officers,,,,9900066300,,digp (retd.) retired police officers 9900066300
KSP0240,DIGP (Retd.),DIGP (Retd.),,Retired Police Officers,,,,9964610000,,digp (retd.) retired police officers 9964610000
KSP0241,DIGP (Retd.),DIGP (Retd.),,Retired Police Officers,,,,9972677999,,digp (retd.) retired police officers 9972677999
KSP0242,DIGP (Retd.),DIGP (Retd.),,Retired Police Officers,,,,7349282828,,digp (retd.) retired police officers 7349282828
KSP0243,DIGP (Retd.),DIGP (Retd.),,Retired Police Officers,,,,9448149194,,digp (retd.) retired police officers 9448149194
KSP0244,DIGP (Retd.),DIGP (Retd.),,Retired Police Officers,,,,9448061330,,digp (retd.) retired police officers 9448061330
KSP0245,SP (Retd.),SP (Retd.),,Retired Police Officers,,,,9448556666,,sp (retd.) retired police officers 9448556666
KSP0246,SP (Retd.),SP (Retd.),,Retired Police Officers,,,,9449085580,,sp (retd.) retired police officers 9449085580
KSP0247,SP (Retd.),SP (Retd.),,Retired Police Officers,,,,9448691999,sbbisnalli11@gmail.com,sp (retd.) retired police officers 9448691999 sbbisnalli11@gmail.com
KSP0248,SP (Retd.),SP (Retd.),,Retired Police Officers,,,,9980955188,,sp (retd.) retired police officers 9980955188
KSP0249,DCP (Retd.),DCP (Retd.),,Retired Police Officers,,,,9945121169,,dcp (retd.) retired police officers 9945121169
KSP0250,SP (Retd.),SP (Retd.),,Retired Police Officers,,,,080-25279433,,sp (retd.) retired police officers 080-25279433
KSP0251,SP (Retd.),SP (Retd.),,Retired Police Officers,,,,9449399973,,sp (retd.) retired police officers 9449399973
KSP0252,SP (Retd.),SP (Retd.),,Retired Police Officers,,,,9243456629,,sp (retd.) retired police officers 9243456629
KSP0253,SP (Retd.),SP (Retd.),,Retired Police Officers,,,,9449721149,,sp (retd.) retired police officers 9449721149
KSP0254,"DGP & Director General, Fire & Emergency Services / Commdt. General Home Guards / Director General SDRF / Director Civil Defence",DGP,"& Director General, Fire & Emergency Services / Commdt. General Home Guards / Director General SDRF / Director Civil Defence",HQ,,,,080-25570733,dgp.ksfes@ksp.gov.in,"dgp & director general, fire & emergency services / commdt. general home guards / director general sdrf / director civil defence dgp & director general, fire & emergency services / commdt. general home guards / director general sdrf / director civil defence hq 080-25570733 dgp.ksfes@ksp.gov.in"
KSP0255,ADGP Fire & Emergency Services & SDRF,ADGP,Fire & Emergency Services & SDRF,HQ,,,,080-22971567,adgp.ksfes@ka.gov.in,adgp fire & emergency services & sdrf adgp fire & emergency services & sdrf hq 080-22971567 adgp.ksfes@ka.gov.in
KSP0256,DIGP Fire & Emergency Services,DIGP,Fire & Emergency Services,Fire & HG,,,,080-22971505,digp.ksfes@ka.gov.in,digp fire & emergency services digp fire & emergency services fire & hg 080-22971505 digp.ksfes@ka.gov.in
KSP0257,"DIGP & Additional Commdt. General, Home Guards",DIGP,"& Additional Commdt. General, Home Guards",Fire & HG,,,,080-25573333,adgphgcdban@gmail.com,"digp & additional commdt. general, home guards digp & additional commdt. general, home guards fire & hg 080-25573333 adgphgcdban@gmail.com"
KSP0258,"Dy. Commdt. General, Home Guards",Dy. Commdt.,"Dy. Commdt. General, Home Guards",Fire & HG,,,,080-25573553,dcghgcd935@gmail.com,"dy. commdt. general, home guards dy. commdt. fire & hg 080-25573553 dcghgcd935@gmail.com"
KSP0259,"Commdt., Home Guards & Civil Defence Academy",Commdt.,"Commdt., Home Guards & Civil Defence Academy",Fire & HG,,,,080-25541505,comdthgcd@gmail.com,"commdt., home guards & civil defence academy commdt. fire & hg 080-25541505 comdthgcd@gmail.com"
KSP0260,Chief Fire Officer East,,Chief Fire Officer East,Fire & HG,,,,080-22971513,cfoblreast@gmail.com,chief fire officer east fire & hg 080-22971513 cfoblreast@gmail.com
KSP0261,"Commdt., Fire & Emergency Services Training",Commdt.,"Commdt., Fire & Emergency Services Training",Fire & HG,,,,080-29564055,cfireacademy@gmail.com,"commdt., fire & emergency services training commdt. fire & hg 080-29564055 cfireacademy@gmail.com"
KSP0262,Chief Fire Officer West,,Chief Fire Officer West,Fire & HG,,,,080-22971523,cfobngwestksfes@gmail.com,chief fire officer west fire & hg 080-22971523 cfobngwestksfes@gmail.com
KSP0263,Deputy Director (Administration),,Deputy Director (Administration),HQ,,,,080-22971507,dda.ksfes@ka.gov.in,deputy director (administration) hq 080-22971507 dda.ksfes@ka.gov.in
KSP0264,"Director, Fire Service",,"Director, Fire Service",Fire & HG,,,,080-25540656,director.ksfes@ka.gov.in,"director, fire service fire & hg 080-25540656 director.ksfes@ka.gov.in"
KSP0265,Deputy Director (Technical),,Deputy Director (Technical),Fire & HG,,,,080-25544042,ddt.ksfes@ka.gov.in,deputy director (technical) fire & hg 080-25544042 ddt.ksfes@ka.gov.in
KSP0266,North Fire Station,,"North Fire Station, Bengaluru",Fire & HG,Bengaluru City,,,080-22971536,fsonorth.ksfes@ka.gov.in,"north fire station north fire station, bengaluru fire & hg bengaluru city 080-22971536 fsonorth.ksfes@ka.gov.in"
KSP0267,South Fire Station,,"South Fire Station, Bengaluru",Fire & HG,Bengaluru City,,,080-22971535,fsosouth.ksfes@ka.gov.in,"south fire station south fire station, bengaluru fire & hg bengaluru city 080-22971535 fsosouth.ksfes@ka.gov.in"
KSP0268,City Fire C/Room,,City Fire C/Room,HQ,,,,080-22971500,,city fire c/room hq 080-22971500
KSP0269,Home Guards C/Room,,Home Guards C/Room,HQ,,,,080-25553234,hgcdhqrsban@gmail.com,home guards c/room hq 080-25553234 hgcdhqrsban@gmail.com
KSP0270,Civil Defence C/Room,,Civil Defence C/Room,HQ,,,,080-22267920,,civil defence c/room hq 080-22267920
KSP0271,DGP ISD,DGP,ISD,HQ,Bengaluru City,,,080-22943816,dgisd@ksp.gov.in,dgp isd dgp isd hq bengaluru city 080-22943816 dgisd@ksp.gov.in
KSP0272,ADGP ISD,ADGP,ISD,HQ,Bengaluru City,,080-22004200,9480800023,adgp-isd@ksp.gov.in,adgp isd adgp isd hq bengaluru city 080-22004200 9480800023 adgp-isd@ksp.gov.in
KSP0273,IGP Counter Intelligence and Investigation,IGP,Counter Intelligence and Investigation,ISD,Bengaluru City,,,080-22943812,,igp counter intelligence and investigation igp counter intelligence and investigation isd bengaluru city 080-22943812
KSP0274,ADGP Second-In-Command Karnataka State,ADGP,Second-In-Command Karnataka State Bengaluru,HQ,Bengaluru City,,,080-22943812,,adgp second-in-command karnataka state adgp second-in-command karnataka state bengaluru hq bengaluru city 080-22943812
KSP0275,"IGP Operation, ISD",IGP,"Operation, ISD",ISD,Bengaluru City,,,080-25302070,igpisd@ksp.gov.in,"igp operation, isd igp operation, isd isd bengaluru city 080-25302070 igpisd@ksp.gov.in"
KSP0276,"IGP Security Division, ISD",IGP,"Security Division, ISD",ISD,Bengaluru City,,,080-22943813,igpisdsecurity@ksp.gov.in,"igp security division, isd igp security division, isd isd bengaluru city 080-22943813 igpisdsecurity@ksp.gov.in"
KSP0277,"DIGP Commander, ANF ISD",DIGP,"Commander, ANF ISD",ISD,Bengaluru City,,,,digpanf@ksp.gov.in,"digp commander, anf isd digp commander, anf isd isd bengaluru city digpanf@ksp.gov.in"
KSP0278,DIGP Admin ISD,DIGP,Admin ISD,HQ,Bengaluru City,,,080-22943811,digpis@ksp.gov.in,digp admin isd digp admin isd hq bengaluru city 080-22943811 digpis@ksp.gov.in
KSP0279,SP ISD HQ,SP,ISD HQ,ISD,UNKNOWN,,,080-22943824,sphqisd@ksp.gov.in,sp isd hq sp isd hq isd unknown 080-22943824 sphqisd@ksp.gov.in
KSP0280,"Director CCT, ISD",Director,"Director CCT, ISD",ISD,Bengaluru City,,,080-22943818,dircctisd@ksp.gov.in,"director cct, isd director isd bengaluru city 080-22943818 dircctisd@ksp.gov.in"
KSP0281,"SP ISD, B’luru City",SP,"ISD, B’luru City",ISD,Bengaluru City,,,080-22346789,spbcpcrerisd@ksp.gov.in,"sp isd, b’luru city sp isd, b’luru city isd bengaluru city 080-22346789 spbcpcrerisd@ksp.gov.in"
KSP0282,SP ISD WESTERN RANGE,SP,ISD WESTERN RANGE,ISD,UNKNOWN,,,0824-2423600,spwrsrisd@ksp.gov.in,sp isd western range sp isd western range isd unknown 0824-2423600 spwrsrisd@ksp.gov.in
KSP0283,SP ISD,SP,ISD Bengaluru CITY,ISD,Bengaluru City,,,0836-2774833,spnrisd@ksp.gov.in,sp isd sp isd bengaluru city isd bengaluru city 0836-2774833 spnrisd@ksp.gov.in
KSP0284,"SP ANF, Karkala",SP,"ANF, Karkala",ISD,Bengaluru City,,,08258-233888,spanf@ksp.gov.in,"sp anf, karkala sp anf, karkala isd bengaluru city 08258-233888 spanf@ksp.gov.in"
KSP0285,"SP CSP, Udupi",SP,"CSP, Udupi",ISD,Udupi,,,0820-2538120,spcsp@ksp.gov.in,"sp csp, udupi sp csp, udupi isd udupi 0820-2538120 spcsp@ksp.gov.in"
KSP0286,SP ISD KALABURGI,SP,ISD KALABURGI,ISD,UNKNOWN,,,08472-262521,spisdner@ksp.gov.in,sp isd kalaburgi sp isd kalaburgi isd unknown 08472-262521 spisdner@ksp.gov.in
KSP0287,"SP Admin, ISD",SP,"Admin, ISD",HQ,Bengaluru City,,,080-25592737,spadminisd@ksp.gov.in,"sp admin, isd sp admin, isd hq bengaluru city 080-25592737 spadminisd@ksp.gov.in"
KSP0288,Commdt. KSISF-I BN,Commdt.,"Commdt. KSISF-I BN, Bengaluru",ISD,Bengaluru City,,,080-22942291,cmdbtn1ksisf@ksp.gov.in,"commdt. ksisf-i bn commdt. commdt. ksisf-i bn, bengaluru isd bengaluru city 080-22942291 cmdbtn1ksisf@ksp.gov.in"
KSP0289,Dy. Commdt. KSISF-I & METRO QRT,Dy. Commdt.,Dy. Commdt. KSISF-I & METRO QRT,ISD,Bengaluru City,,,080-22942291,crksisf@ksp.gov.in,dy. commdt. ksisf-i & metro qrt dy. commdt. isd bengaluru city 080-22942291 crksisf@ksp.gov.in
KSP0290,Commdt. KSISF-II,Commdt.,Commdt. KSISF-II SHIVAMOGGA,ISD,Shivamogga,,,08182-296211,cmdbtn2ksisf@ksp.gov.in,commdt. ksisf-ii commdt. commdt. ksisf-ii shivamogga isd shivamogga 08182-296211 cmdbtn2ksisf@ksp.gov.in
KSP0291,SP COMMDT CCT,SP,COMMDT CCT,ISD,UNKNOWN,,,080-25746151,spcct@ksp.gov.in,sp commdt cct sp commdt cct isd unknown 080-25746151 spcct@ksp.gov.in
KSP0292,Commdt. KSISF-III,Commdt.,Commdt. KSISF-III DHARWAD,ISD,Dharwad,,,0836-2777790,cmbtn3ksisf@ksp.gov.in,commdt. ksisf-iii commdt. commdt. ksisf-iii dharwad isd dharwad 0836-2777790 cmbtn3ksisf@ksp.gov.in
KSP0293,Commdt. KSISF-IV BN,Commdt.,"Commdt. KSISF-IV BN, MYSURU",ISD,Mysuru,,,9886967508,,"commdt. ksisf-iv bn commdt. commdt. ksisf-iv bn, mysuru isd mysuru 9886967508"
KSP0294,PI (WIRELESS) ISD,PI,(WIRELESS) ISD,ISD,Bengaluru City,,,080-22943801,,pi (wireless) isd pi (wireless) isd isd bengaluru city 080-22943801
KSP0295,ISD C/Room,,ISD C/Room,HQ,Bengaluru City,,,080-22943801,crisd@ksp.gov.in,isd c/room hq bengaluru city 080-22943801 crisd@ksp.gov.in
KSP0296,CSP C/Room,,CSP C/Room,HQ,Bengaluru City,,,0820-2538100,cspudp@ksp.gov.in,csp c/room hq bengaluru city 0820-2538100 cspudp@ksp.gov.in
KSP0297,CCT C/Room,,CCT C/Room,HQ,UNKNOWN,,,080-29526151,crcct@ksp.gov.in,cct c/room hq unknown 080-29526151 crcct@ksp.gov.in
KSP0298,ANF KARKALA C/Room,,ANF KARKALA C/Room,HQ,UNKNOWN,,,08258-233111,cranf@ksp.gov.in,anf karkala c/room hq unknown 08258-233111 cranf@ksp.gov.in
KSP0299,"KSISF 1 st BN, C/Room",,"KSISF 1 st BN, C/Room",HQ,Bengaluru City,,,080-29791560,crksisf@ksp.gov.in,"ksisf 1 st bn, c/room hq bengaluru city 080-29791560 crksisf@ksp.gov.in"
KSP0300,"KSISF 2 nd BN, C/Room",,"KSISF 2 nd BN, C/Room",HQ,Bengaluru City,,,08182-291100,crksisf2@ksp.gov.in,"ksisf 2 nd bn, c/room hq bengaluru city 08182-291100 crksisf2@ksp.gov.in"
KSP0301,"KSISF 3 rd BN, C/Room",,"KSISF 3 rd BN, C/Room",HQ,Bengaluru City,,,0836-2777799,cr3btnksisf@ksp.gov.in,"ksisf 3 rd bn, c/room hq bengaluru city 0836-2777799 cr3btnksisf@ksp.gov.in"
KSP0302,DySP ADMIN,DySP,ADMIN,HQ,UNKNOWN,,,9480800617,,dysp admin dysp admin hq unknown 9480800617
KSP0303,DySP ISD SECURITY AUDIT,DySP,ISD SECURITY AUDIT,ISD,UNKNOWN,,,9480800618,,dysp isd security audit dysp isd security audit isd unknown 9480800618
KSP0304,DySP DOCUMENTATION,DySP,DOCUMENTATION,ISD,UNKNOWN,,,9480800619,,dysp documentation dysp documentation isd unknown 9480800619
KSP0305,DySP ISD TECHNICAL,DySP,ISD TECHNICAL,ISD,UNKNOWN,,,9480800620,,dysp isd technical dysp isd technical isd unknown 9480800620
KSP0306,DySP ISD BENGALURU EAST,DySP,ISD BENGALURU EAST,ISD,Bengaluru City,,,9480800623,,dysp isd bengaluru east dysp isd bengaluru east isd bengaluru city 9480800623
KSP0307,DySP BENGALURU WEST,DySP,BENGALURU WEST,ISD,Bengaluru City,,,9480800626,,dysp bengaluru west dysp bengaluru west isd bengaluru city 9480800626
KSP0308,DySP BENGALURU CENTRAL,DySP,BENGALURU CENTRAL,ISD,Bengaluru City,,,9480800627,,dysp bengaluru central dysp bengaluru central isd bengaluru city 9480800627
KSP0309,PI MTO ISD,PI,MTO ISD,HQ,UNKNOWN,,,9480800628,,pi mto isd pi mto isd hq unknown 9480800628
KSP0310,PI TECH WING (CDR),PI,TECH WING (CDR),ISD,UNKNOWN,,,9480800640,,pi tech wing (cdr) pi tech wing (cdr) isd unknown 9480800640
KSP0311,PI NORTH EAST DIV,PI,NORTH EAST DIV,ISD,UNKNOWN,,,9480800687,,pi north east div pi north east div isd unknown 9480800687
KSP0312,PI TECHNICAL WING DR,PI,TECHNICAL WING DR,ISD,UNKNOWN,,,9480800689,,pi technical wing dr pi technical wing dr isd unknown 9480800689
KSP0313,PI SOUTH DIV,PI,SOUTH DIV BENGALURU,ISD,Bengaluru City,,,9480800706,,pi south div pi south div bengaluru isd bengaluru city 9480800706
KSP0314,PI ISD SMAC,PI,ISD SMAC,ISD,UNKNOWN,,,9480800708,,pi isd smac pi isd smac isd unknown 9480800708
KSP0315,PI ISD SOUTH EAST DIVISION,PI,ISD SOUTH EAST DIVISION,ISD,UNKNOWN,,,9480800736,,pi isd south east division pi isd south east division isd unknown 9480800736
KSP0316,PI LOGISTIC,PI,LOGISTIC,ISD,UNKNOWN,,,9480800738,,pi logistic pi logistic isd unknown 9480800738
KSP0317,PI ISD DOCUMENTATION,PI,ISD DOCUMENTATION,ISD,UNKNOWN,,,9480800664,,pi isd documentation pi isd documentation isd unknown 9480800664
KSP0318,PI TECH WING DOCUMENTATION 2,PI,TECH WING DOCUMENTATION 2,ISD,UNKNOWN,,,9480800665,,pi tech wing documentation 2 pi tech wing documentation 2 isd unknown 9480800665
KSP0319,PI EAST DIV,PI,EAST DIV BENGALURU,ISD,Bengaluru City,,,9480800667,,pi east div pi east div bengaluru isd bengaluru city 9480800667
KSP0320,PI WEST DIV,PI,WEST DIV BENGALURU,ISD,Bengaluru City,,,9480800668,,pi west div pi west div bengaluru isd bengaluru city 9480800668
KSP0321,PI TECH WING SOCIAL MEDIA,PI,TECH WING SOCIAL MEDIA,ISD,UNKNOWN,,,9480800669,,pi tech wing social media pi tech wing social media isd unknown 9480800669
KSP0322,PI TECH WING INTERCEPTION,PI,TECH WING INTERCEPTION,ISD,UNKNOWN,,,9480800670,,pi tech wing interception pi tech wing interception isd unknown 9480800670
KSP0323,ISD SYSTEM ADMIN,,ISD SYSTEM ADMIN,HQ,UNKNOWN,,,9480800688,,isd system admin hq unknown 9480800688
KSP0324,Hon’ble Lokayuktha,,Hon’ble Lokayuktha,Karnataka Lokayukta,,,,080-22257638,kla.kar@nic.in,hon’ble lokayuktha karnataka lokayukta 080-22257638 kla.kar@nic.in
KSP0325,Hon’ble Upalokayuktha-I,,Hon’ble Upalokayuktha-I,Karnataka Lokayukta,,,,9480812202,kla-kula1-ka@nic.in,hon’ble upalokayuktha-i karnataka lokayukta 9480812202 kla-kula1-ka@nic.in
KSP0326,Hon’ble Upalokayuktha-II,,Hon’ble Upalokayuktha-II,Karnataka Lokayukta,,,,9008430096,kla-kula2-ka@nic.in,hon’ble upalokayuktha-ii karnataka lokayukta 9008430096 kla-kula2-ka@nic.in
KSP0327,ADGP KLA,ADGP,KLA,HQ,,,080-22353700,9480800024,adgplok@ksp.gov.in,adgp kla adgp kla hq 080-22353700 9480800024 adgplok@ksp.gov.in
KSP0328,IGP KLA,IGP,KLA,Karnataka Lokayukta,,,,9364062502,kla.igp-ka@karnataka.gov.in,igp kla igp kla karnataka lokayukta 9364062502 kla.igp-ka@karnataka.gov.in
KSP0329,"Registrar, KLA",,"Registrar, KLA",Karnataka Lokayukta,,,,9448477772,kla-reg@nic.in,"registrar, kla karnataka lokayukta 9448477772 kla-reg@nic.in"
KSP0330,"Deputy Registrar, Admin-1",,"Deputy Registrar, Admin-1",HQ,,,,9945916758,kla-dra1-ka@gov.in,"deputy registrar, admin-1 hq 9945916758 kla-dra1-ka@gov.in"
KSP0331,"Deputy Registrar, Admin-2",,"Deputy Registrar, Admin-2",HQ,,,,9663982799,kla-dra2-ka@gov.in,"deputy registrar, admin-2 hq 9663982799 kla-dra2-ka@gov.in"
KSP0332,Deputy Director (Statistics),,Deputy Director (Statistics),Karnataka Lokayukta,,,,9986213744,kla.jds@nic.in,deputy director (statistics) karnataka lokayukta 9986213744 kla.jds@nic.in
KSP0333,KLA EXCHANGE,,KLA EXCHANGE,Karnataka Lokayukta,,,,,,kla exchange karnataka lokayukta
KSP0334,"SP Bengaluru City-II, KLA",SP,"Bengaluru City-II, KLA",Karnataka Lokayukta,Bengaluru City,,,080-22011273,,"sp bengaluru city-ii, kla sp bengaluru city-ii, kla karnataka lokayukta bengaluru city 080-22011273"
KSP0335,"SP KLA, Bengaluru Rural",SP,"KLA, Bengaluru Rural",Karnataka Lokayukta,Bengaluru Rural,,,080-22353821,kla_spbangalore_ka@ka.gov.in,"sp kla, bengaluru rural sp kla, bengaluru rural karnataka lokayukta bengaluru rural 080-22353821 kla_spbangalore_ka@ka.gov.in"
KSP0336,"SP Scrutiny, KLA",SP,"Scrutiny, KLA",Karnataka Lokayukta,,,,080-22342101,kla-sp4-ka@ka.gov.in,"sp scrutiny, kla sp scrutiny, kla karnataka lokayukta 080-22342101 kla-sp4-ka@ka.gov.in"
KSP0337,"SP Bengaluru City-I, KLA",SP,"Bengaluru City-I, KLA",Karnataka Lokayukta,Bengaluru City,,,9364062507,kla-citysp-ka@nic.in,"sp bengaluru city-i, kla sp bengaluru city-i, kla karnataka lokayukta bengaluru city 9364062507 kla-citysp-ka@nic.in"
KSP0338,"SP Admin, KLA",SP,"Admin, KLA",HQ,,,,080-22011259,kla-sp@nic.in,"sp admin, kla sp admin, kla hq 080-22011259 kla-sp@nic.in"
KSP0339,SP KLA,SP,"KLA, Mysuru",Karnataka Lokayukta,Mysuru,,,0821-2957494,kla-myssp-ka@nic.in,"sp kla sp kla, mysuru karnataka lokayukta mysuru 0821-2957494 kla-myssp-ka@nic.in"
KSP0340,SP KLA,SP,"KLA, Belagavi",Karnataka Lokayukta,Belagavi,,,0831-2950756,kla-spbgm-ka@nic.in,"sp kla sp kla, belagavi karnataka lokayukta belagavi 0831-2950756 kla-spbgm-ka@nic.in"
KSP0341,"SP KLA, Ramanagar",SP,"KLA, Ramanagar",Karnataka Lokayukta,Ramanagara,,,080-27276066,kla-spramngr-ka@nic.in,"sp kla, ramanagar sp kla, ramanagar karnataka lokayukta ramanagara 080-27276066 kla-spramngr-ka@nic.in"
KSP0342,SP KLA,SP,"KLA, Dharwad",Karnataka Lokayukta,Dharwad,,,0836-2957651,kla-spdwd-ka@nic.in,"sp kla sp kla, dharwad karnataka lokayukta dharwad 0836-2957651 kla-spdwd-ka@nic.in"
KSP0343,"SP KLA, Chikkaballapura",SP,"KLA, Chikkaballapura",Karnataka Lokayukta,Chikkaballapura,,,08156-295193,kla-cbpursp-ka@nic.in,"sp kla, chikkaballapura sp kla, chikkaballapura karnataka lokayukta chikkaballapura 08156-295193 kla-cbpursp-ka@nic.in"
KSP0344,"SP KLA, Kolara",SP,"KLA, Kolara",Karnataka Lokayukta,Kolar,,,08152-295805,kla-klrsp-ka@nic.in,"sp kla, kolara sp kla, kolara karnataka lokayukta kolar 08152-295805 kla-klrsp-ka@nic.in"
KSP0345,"SP Enquiries, KLA",SP,"Enquiries, KLA",Karnataka Lokayukta,,,,080-22342102,kla_spbangalore_ka@ka.gov.in,"sp enquiries, kla sp enquiries, kla karnataka lokayukta 080-22342102 kla_spbangalore_ka@ka.gov.in"
KSP0346,"SP KLA, Mandya",SP,"KLA, Mandya",Karnataka Lokayukta,Mandya,,,08232-291185,kla.sp-mdy@karnataka.gov.in,"sp kla, mandya sp kla, mandya karnataka lokayukta mandya 08232-291185 kla.sp-mdy@karnataka.gov.in"
KSP0347,"SP KLA, Hassan",SP,"KLA, Hassan",Karnataka Lokayukta,Hassan,,,08172-268005,kla-hsnsp-ka@nic.in,"sp kla, hassan sp kla, hassan karnataka lokayukta hassan 08172-268005 kla-hsnsp-ka@nic.in"
KSP0348,SP KLA,SP,"KLA, Tumkur",Karnataka Lokayukta,Tumakuru,,,0816-2950332,kla-sptkr-ka@nic.in,"sp kla sp kla, tumkur karnataka lokayukta tumakuru 0816-2950332 kla-sptkr-ka@nic.in"
KSP0349,SP KLA,SP,"KLA, Davanagere",Karnataka Lokayukta,Davanagere,,,08192-296027,kla-spdvg_ka@nic.in,"sp kla sp kla, davanagere karnataka lokayukta davanagere 08192-296027 kla-spdvg_ka@nic.in"
KSP0350,"SP KLA, Chitradurga",SP,"KLA, Chitradurga",Karnataka Lokayukta,Chitradurga,,,08194-295638,kla-spcdg-ka@nic.in,"sp kla, chitradurga sp kla, chitradurga karnataka lokayukta chitradurga 08194-295638 kla-spcdg-ka@nic.in"
KSP0351,SP KLA,SP,"KLA, Ballari",Karnataka Lokayukta,Ballari,,,08392-294825,kla-blrysp-ka@nic.in,"sp kla sp kla, ballari karnataka lokayukta ballari 08392-294825 kla-blrysp-ka@nic.in"
KSP0352,"SP KLA, Karwar",SP,"KLA, Karwar",Karnataka Lokayukta,,,,08382-295293,kla-kwrsp-ka@nic.in,"sp kla, karwar sp kla, karwar karnataka lokayukta 08382-295293 kla-kwrsp-ka@nic.in"
KSP0353,SP KLA,SP,"KLA, Mangaluru",Karnataka Lokayukta,Dakshina Kannada,,,0824-2950997,kla-spmng-ka@nic.in,"sp kla sp kla, mangaluru karnataka lokayukta dakshina kannada 0824-2950997 kla-spmng-ka@nic.in"
KSP0354,SP KLA (Co-Ordination & Training),SP,KLA (Co-Ordination & Training),Karnataka Lokayukta,,,,080-22011287,,sp kla (co-ordination & training) sp kla (co-ordination & training) karnataka lokayukta 080-22011287
KSP0355,"SP KLA, Bagalkote",SP,"KLA, Bagalkote",Karnataka Lokayukta,Bagalkote,,,08354-226200,,"sp kla, bagalkote sp kla, bagalkote karnataka lokayukta bagalkote 08354-226200"
KSP0356,"SP KLA, Raichur",SP,"KLA, Raichur",Karnataka Lokayukta,Raichur,,,08532-226592,kla-sprcr-ka@nic.in,"sp kla, raichur sp kla, raichur karnataka lokayukta raichur 08532-226592 kla-sprcr-ka@nic.in"
KSP0357,SP KLA,SP,"KLA, Vijayapura",Karnataka Lokayukta,Vijayapura,,,08352-252252,spklabjp@gmail.com,"sp kla sp kla, vijayapura karnataka lokayukta vijayapura 08352-252252 spklabjp@gmail.com"
KSP0358,"SP KLA, Kalaburgi",SP,"KLA, Kalaburgi",Karnataka Lokayukta,,,,08472-295364,kla-gbasp-ka@nic.in,"sp kla, kalaburgi sp kla, kalaburgi karnataka lokayukta 08472-295364 kla-gbasp-ka@nic.in"
KSP0359,SP PI-2 Lokayuktha,SP,PI-2 Lokayuktha,Karnataka Lokayukta,Yadgiri,,,08473-253355,spklayadagir@gmail.com,sp pi-2 lokayuktha sp pi-2 lokayuktha karnataka lokayukta yadgiri 08473-253355 spklayadagir@gmail.com
KSP0360,SP KLA,SP,"KLA, Shivamogga",Karnataka Lokayukta,Shivamogga,,,08182-222276,kla.sp-smg@karnataka.gov.in,"sp kla sp kla, shivamogga karnataka lokayukta shivamogga 08182-222276 kla.sp-smg@karnataka.gov.in"
KSP0361,DySP KLA,DySP,"KLA, BELAGAVI",Karnataka Lokayukta,Belagavi,,,0831-2421922,,"dysp kla dysp kla, belagavi karnataka lokayukta belagavi 0831-2421922"
KSP0362,"DySP KLA, BAGALKOTE",DySP,"KLA, BAGALKOTE",Karnataka Lokayukta,Bagalkote,,,08354-236200,,"dysp kla, bagalkote dysp kla, bagalkote karnataka lokayukta bagalkote 08354-236200"
KSP0363,DySP KLA,DySP,"KLA, BALLARI",Karnataka Lokayukta,Ballari,,,08392-271875,,"dysp kla dysp kla, ballari karnataka lokayukta ballari 08392-271875"
KSP0364,"DySP KLA, BIDAR",DySP,"KLA, BIDAR",Karnataka Lokayukta,Bidar,,,08482-295445,,"dysp kla, bidar dysp kla, bidar karnataka lokayukta bidar 08482-295445"
KSP0365,DySP KLA,DySP,KLA,Karnataka Lokayukta,Gadag,,,08372-220007,,dysp kla dysp kla karnataka lokayukta gadag 08372-220007
KSP0366,"DySP KLA, HAVERI",DySP,"KLA, HAVERI",Karnataka Lokayukta,Haveri,,,08375-296021,,"dysp kla, haveri dysp kla, haveri karnataka lokayukta haveri 08375-296021"
KSP0367,"DySP KLA, HOSPETE",DySP,"KLA, HOSPETE",Karnataka Lokayukta,,,,9364062632,,"dysp kla, hospete dysp kla, hospete karnataka lokayukta 9364062632"
KSP0368,"DySP KLA, KODAGU",DySP,"KLA, KODAGU",Karnataka Lokayukta,Kodagu,,,08272-295297,,"dysp kla, kodagu dysp kla, kodagu karnataka lokayukta kodagu 08272-295297"
KSP0369,"DySP KLA, KOPPAL",DySP,"KLA, KOPPAL",Karnataka Lokayukta,Koppal,,,08539-295200,,"dysp kla, koppal dysp kla, koppal karnataka lokayukta koppal 08539-295200"
KSP0370,"DySP KLA, KOLAR",DySP,"KLA, KOLAR",Karnataka Lokayukta,Kolar,,,08152-295805,,"dysp kla, kolar dysp kla, kolar karnataka lokayukta kolar 08152-295805"
KSP0371,"DySP KLA, MANDYA",DySP,"KLA, MANDYA",Karnataka Lokayukta,Mandya,,,08232-295657,,"dysp kla, mandya dysp kla, mandya karnataka lokayukta mandya 08232-295657"
KSP0372,"DySP KLA, CHIKKAMAGALURU",DySP,"KLA, CHIKKAMAGALURU",Karnataka Lokayukta,Chikkamagaluru,,,08262-230179,,"dysp kla, chikkamagaluru dysp kla, chikkamagaluru karnataka lokayukta chikkamagaluru 08262-230179"
KSP0373,"DySP KLA, CHITRADURGA",DySP,"KLA, CHITRADURGA",Karnataka Lokayukta,Chitradurga,,,08194-231530,,"dysp kla, chitradurga dysp kla, chitradurga karnataka lokayukta chitradurga 08194-231530"
KSP0374,"DySP KLA, CHAMARAJANAGARA",DySP,"KLA, CHAMARAJANAGARA",Karnataka Lokayukta,Chamarajanagara,,,08226-226177,,"dysp kla, chamarajanagara dysp kla, chamarajanagara karnataka lokayukta chamarajanagara 08226-226177"
KSP0375,"DySP KLA, CHIKKABALLAPURA",DySP,"KLA, CHIKKABALLAPURA",Karnataka Lokayukta,Chikkaballapura,,,9364062561,,"dysp kla, chikkaballapura dysp kla, chikkaballapura karnataka lokayukta chikkaballapura 9364062561"
KSP0376,DySP KLA,DySP,"KLA, DAVANAGERE",Karnataka Lokayukta,Davanagere,,,08192-236820,,"dysp kla dysp kla, davanagere karnataka lokayukta davanagere 08192-236820"
KSP0377,DySP KLA,DySP,"KLA, SHIVAMOGGA",Karnataka Lokayukta,Shivamogga,,,08182-229671,,"dysp kla dysp kla, shivamogga karnataka lokayukta shivamogga 08182-229671"
KSP0378,"DySP KLA, UDUPI",DySP,"KLA, UDUPI",Karnataka Lokayukta,Udupi,,,0820-2536661,,"dysp kla, udupi dysp kla, udupi karnataka lokayukta udupi 0820-2536661"
KSP0379,DySP KLA,DySP,KLA,Karnataka Lokayukta,Dharwad,,,0836-2793999,,dysp kla dysp kla karnataka lokayukta dharwad 0836-2793999
KSP0380,"DySP KLA, KARWAR",DySP,"KLA, KARWAR",Karnataka Lokayukta,,,,08382-222202,,"dysp kla, karwar dysp kla, karwar karnataka lokayukta 08382-222202"
KSP0381,DySP KLA,DySP,"KLA, VIJAYAPURA",Karnataka Lokayukta,Vijayapura,,,08352-255333,,"dysp kla dysp kla, vijayapura karnataka lokayukta vijayapura 08352-255333"
KSP0382,DySP KLA,DySP,"KLA, KALABURAGI",Karnataka Lokayukta,Kalaburagi,,,08472-295364,,"dysp kla dysp kla, kalaburagi karnataka lokayukta kalaburagi 08472-295364"
KSP0383,"DySP KLA, RAMANAGARA",DySP,"KLA, RAMANAGARA",Karnataka Lokayukta,Ramanagara,,,080-27275050,,"dysp kla, ramanagara dysp kla, ramanagara karnataka lokayukta ramanagara 080-27275050"
KSP0384,"DySP KLA, MANGALURU (D.K)",DySP,"KLA, MANGALURU (D.K)",Karnataka Lokayukta,Dakshina Kannada,,,0824-2443420,,"dysp kla, mangaluru (d.k) dysp kla, mangaluru (d.k) karnataka lokayukta dakshina kannada 0824-2443420"
KSP0385,"DySP KLA, HASSAN",DySP,"KLA, HASSAN",Karnataka Lokayukta,Hassan,,,08172-232198,,"dysp kla, hassan dysp kla, hassan karnataka lokayukta hassan 08172-232198"
KSP0386,"DySP KLA, VIJAYANAGAR",DySP,"KLA, VIJAYANAGAR",Karnataka Lokayukta,,,,08394-295206,,"dysp kla, vijayanagar dysp kla, vijayanagar karnataka lokayukta 08394-295206"
KSP0387,DySP KLA,DySP,"KLA, MYSURU",Karnataka Lokayukta,Mysuru,,,0821-2521100,,"dysp kla dysp kla, mysuru karnataka lokayukta mysuru 0821-2521100"
KSP0388,"DySP KLA, RAICHUR",DySP,"KLA, RAICHUR",Karnataka Lokayukta,Raichur,,,08532-226173,,"dysp kla, raichur dysp kla, raichur karnataka lokayukta raichur 08532-226173"
KSP0389,DySP KLA,DySP,"KLA, TUMAKURU",Karnataka Lokayukta,Tumakuru,,,0816-2251460,,"dysp kla dysp kla, tumakuru karnataka lokayukta tumakuru 0816-2251460"
KSP0390,DySP Lokayuktha,DySP,Lokayuktha,HQ,Yadgiri,,,08473-250077,,dysp lokayuktha dysp lokayuktha hq yadgiri l&o 08473-250077
KSP0391,"ADGP Special Investigation Team, KLA",ADGP,"Special Investigation Team, KLA",HQ,,,,080-23411492,igpsit-kla@nic.in,"adgp special investigation team, kla adgp special investigation team, kla hq 080-23411492 igpsit-kla@nic.in"
KSP0392,SP SIT KLA-I,SP,SIT KLA-I,Special Investigation Team (SIT),,,,080-23411491,sp1sit-kla@nic.in,sp sit kla-i sp sit kla-i special investigation team (sit) 080-23411491 sp1sit-kla@nic.in
KSP0393,SP SIT KLA-II,SP,SIT KLA-II,Special Investigation Team (SIT),,,,080-22942702,sp2sit-kla@nic.in,sp sit kla-ii sp sit kla-ii special investigation team (sit) 080-22942702 sp2sit-kla@nic.in
KSP0394,"DGP CID, Special Units & Economic Offences",DGP,"CID, Special Units & Economic Offences",Criminal Investigation Department (CID),Bengaluru City,,080-22204362,9480800021,dgp-cid@ksp.gov.in,"dgp cid, special units & economic offences dgp cid, special units & economic offences criminal investigation department (cid) bengaluru city 080-22204362 9480800021 dgp-cid@ksp.gov.in"
KSP0395,DGP CE & N (Cyber Economics and Narcotics),DGP,CE & N (Cyber Economics and Narcotics),Criminal Investigation Department (CID),Bengaluru City,,,,dgpc&n@ksp.gov.in,dgp ce & n (cyber economics and narcotics) dgp ce & n (cyber economics and narcotics) criminal investigation department (cid) bengaluru city dgpc&n@ksp.gov.in
KSP0396,"ADGP Admin, CID",ADGP,"Admin, CID",Criminal Investigation Department (CID),Bengaluru City,,080-22204363,9480800022,adgp-cid@ksp.gov.in,"adgp admin, cid adgp admin, cid criminal investigation department (cid) bengaluru city 080-22204363 9480800022 adgp-cid@ksp.gov.in"
KSP0397,"ADGP E.O, CID",ADGP,"E.O, CID",Criminal Investigation Department (CID),Bengaluru City,,,080-22942628,adgpeocid@ksp.gov.in,"adgp e.o, cid adgp e.o, cid criminal investigation department (cid) bengaluru city 080-22942628 adgpeocid@ksp.gov.in"
KSP0398,IGP Admin CID,IGP,Admin CID,Criminal Investigation Department (CID),Bengaluru City,,,080-22094422,digpcid@ksp.gov.in,igp admin cid igp admin cid criminal investigation department (cid) bengaluru city 080-22094422 digpcid@ksp.gov.in
KSP0399,"DIGP Cyber Crimes & Narcotics, CID",DIGP,"Cyber Crimes & Narcotics, CID",Criminal Investigation Department (CID),Bengaluru City,,,080-22094678,digpnc@ksp.gov.in,"digp cyber crimes & narcotics, cid digp cyber crimes & narcotics, cid criminal investigation department (cid) bengaluru city 080-22094678 digpnc@ksp.gov.in"
KSP0400,"DIGP E.O, CID",DIGP,"E.O, CID",Criminal Investigation Department (CID),Bengaluru City,,,9480800107,digpeocid@ksp.gov.in,"digp e.o, cid digp e.o, cid criminal investigation department (cid) bengaluru city 9480800107 digpeocid@ksp.gov.in"
KSP0401,DIGP CYBER COMMAND,DIGP,CYBER COMMAND,Criminal Investigation Department (CID),Bengaluru City,,,9480800161,,digp cyber command digp cyber command criminal investigation department (cid) bengaluru city 9480800161
KSP0402,"SP CID, (NOC) (Narcotics Organized Crime Division)",SP,"CID, (NOC) (Narcotics Organized Crime Division)",Criminal Investigation Department (CID),Bengaluru City,,,080-22094424,spnoccid@ksp.gov.in,"sp cid, (noc) (narcotics organized crime division) sp cid, (noc) (narcotics organized crime division) criminal investigation department (cid) bengaluru city 080-22094424 spnoccid@ksp.gov.in"
KSP0403,"SP Admin, CID",SP,"Admin, CID",Criminal Investigation Department (CID),Bengaluru City,,,080-22942472,spadmincid@ksp.gov.in,"sp admin, cid sp admin, cid criminal investigation department (cid) bengaluru city 080-22942472 spadmincid@ksp.gov.in"
KSP0404,"SP CIU, CID",SP,"CIU, CID",Criminal Investigation Department (CID),Bengaluru City,,,080-22094404,spciucid@ksp.gov.in,"sp ciu, cid sp ciu, cid criminal investigation department (cid) bengaluru city 080-22094404 spciucid@ksp.gov.in"
KSP0405,"SP H&B (Homicide & Burglary), Detective, CID",SP,"H&B (Homicide & Burglary), Detective, CID",Criminal Investigation Department (CID),Bengaluru City,,,080-22094401,sphnbcid@ksp.gov.in,"sp h&b (homicide & burglary), detective, cid sp h&b (homicide & burglary), detective, cid criminal investigation department (cid) bengaluru city 080-22094401 sphnbcid@ksp.gov.in"
KSP0406,"SP Special Enquiry Division, CID",SP,"Special Enquiry Division, CID",Criminal Investigation Department (CID),Bengaluru City,,,080-22094433,spsccid@ksp.gov.in,"sp special enquiry division, cid sp special enquiry division, cid criminal investigation department (cid) bengaluru city 080-22094433 spsccid@ksp.gov.in"
KSP0407,"SP EOD, CID (Economic Offence Division)",SP,"EOD, CID (Economic Offence Division)",Criminal Investigation Department (CID),Bengaluru City,,,080-22094435,speocid@ksp.gov.in,"sp eod, cid (economic offence division) sp eod, cid (economic offence division) criminal investigation department (cid) bengaluru city 080-22094435 speocid@ksp.gov.in"
KSP0408,"SP (Deposit Fraud Investigation Division), CID",SP,"(Deposit Fraud Investigation Division), CID",Criminal Investigation Department (CID),Bengaluru City,,,080-22094421,spdfidcid@ksp.gov.in,"sp (deposit fraud investigation division), cid sp (deposit fraud investigation division), cid criminal investigation department (cid) bengaluru city 080-22094421 spdfidcid@ksp.gov.in"
KSP0409,SP Anti-Human Trafficking Unit (AHTU),SP,Anti-Human Trafficking Unit (AHTU),Criminal Investigation Department (CID),Bengaluru City,,,080-22094443,spahtucid@ksp.gov.in,sp anti-human trafficking unit (ahtu) sp anti-human trafficking unit (ahtu) criminal investigation department (cid) bengaluru city 080-22094443 spahtucid@ksp.gov.in
KSP0410,"SP FIU, CID (Financial Intelligence Unit)",SP,"FIU, CID (Financial Intelligence Unit)",Criminal Investigation Department (CID),Bengaluru City,,,080-22943041,spfiucid@ksp.gov.in,"sp fiu, cid (financial intelligence unit) sp fiu, cid (financial intelligence unit) criminal investigation department (cid) bengaluru city 080-22943041 spfiucid@ksp.gov.in"
KSP0411,SP CID CYBER CRIME DIVISION,SP,CID CYBER CRIME DIVISION,Criminal Investigation Department (CID),Bengaluru City,,,080-22094426,spccpscid@ksp.gov.in,sp cid cyber crime division sp cid cyber crime division criminal investigation department (cid) bengaluru city 080-22094426 spccpscid@ksp.gov.in
KSP0412,SP CT&R CID (CYBER TRAINING & RESERCH),SP,CT&R CID (CYBER TRAINING & RESERCH),Criminal Investigation Department (CID),Bengaluru City,,,9480800136,spctrcid@ksp.gov.in,sp ct&r cid (cyber training & reserch) sp ct&r cid (cyber training & reserch) criminal investigation department (cid) bengaluru city 9480800136 spctrcid@ksp.gov.in
KSP0413,MTO,,MTO,Criminal Investigation Department (CID),Bengaluru City,,,080-22094493,,mto criminal investigation department (cid) bengaluru city 080-22094493
KSP0414,AO CID,AO,CID BENGALURU,Criminal Investigation Department (CID),Bengaluru City,,,080-22094634,,ao cid ao cid bengaluru criminal investigation department (cid) bengaluru city 080-22094634
KSP0415,CID CIVIL C/Room,,CID CIVIL C/Room,Criminal Investigation Department (CID),Bengaluru City,,,080-22942444,,cid civil c/room criminal investigation department (cid) bengaluru city 080-22942444
KSP0416,WIRELESS CID C/Room,,WIRELESS CID C/Room,Criminal Investigation Department (CID),Bengaluru City,,,080-22942434,crcod@ksp.gov.in,wireless cid c/room criminal investigation department (cid) bengaluru city 080-22942434 crcod@ksp.gov.in
KSP0417,CYBER CRIME,,CYBER CRIME PS,CEN,Bengaluru City,,,080-22094480,,cyber crime cyber crime ps cen bengaluru city 080-22094480
KSP0418,DySP CYBER CRIME,DySP,CYBER CRIME,Criminal Investigation Department (CID),Bengaluru City,,,080-22094638,,dysp cyber crime dysp cyber crime criminal investigation department (cid) bengaluru city 080-22094638
KSP0419,"CYBER CRIME, ADMIN",,"CYBER CRIME, ADMIN",Criminal Investigation Department (CID),Bengaluru City,,,080-22094601,,"cyber crime, admin criminal investigation department (cid) bengaluru city 080-22094601"
KSP0420,CID EXCHANGE,,CID EXCHANGE,Criminal Investigation Department (CID),Bengaluru City,,,080-22094500,,cid exchange criminal investigation department (cid) bengaluru city 080-22094500
KSP0421,Crime Section,,Crime Section,COP,Bengaluru City,,,080-22094481,,crime section cop bengaluru city 080-22094481
KSP0422,NASCOM LAB,,NASCOM LAB,Criminal Investigation Department (CID),Bengaluru City,,,080-22374726,,nascom lab criminal investigation department (cid) bengaluru city 080-22374726
KSP0423,NARCOTICS CONTROL BUREAU,,NARCOTICS CONTROL BUREAU,Criminal Investigation Department (CID),Bengaluru City,,,080-22943601,,narcotics control bureau criminal investigation department (cid) bengaluru city 080-22943601
KSP0424,EST SECTION,,EST SECTION,Criminal Investigation Department (CID),Bengaluru City,,,080-22094455,,est section criminal investigation department (cid) bengaluru city 080-22094455
KSP0425,DIGP Forest Cell,DIGP,Forest Cell,Forest Cell,,,,080-22094676,digpforestcell@ksp.gov.in,digp forest cell digp forest cell 080-22094676 digpforestcell@ksp.gov.in
KSP0426,SP Forest Cell  Kodagu,SP,Forest Cell  Kodagu,Forest Cell,Kodagu,,,08272-228662,spcidforestmcr@ksp.gov.in,sp forest cell  kodagu sp forest cell  kodagu forest cell kodagu 08272-228662 spcidforestmcr@ksp.gov.in
KSP0427,"DySP Admin, Forest Cell",DySP,"Admin, Forest Cell",HQ,,,,080-22943491,igpforestcell@ksp.gov.in,"dysp admin, forest cell dysp admin, forest cell hq 080-22943491 igpforestcell@ksp.gov.in"
KSP0428,"Deputy Conservator of Forest Urban Forest Department, Malleshwaram",,"Deputy Conservator of Forest Urban Forest Department, Malleshwaram",Forest Cell,,,,080-23343464,dcfurban82@yahoo.co.in,"deputy conservator of forest urban forest department, malleshwaram forest cell 080-23343464 dcfurban82@yahoo.co.in"
KSP0429,ADGP Training,ADGP,"Training, Bengaluru",Training,Bengaluru City,,,080-22343708,dgptraining@ksp.gov.in,"adgp training adgp training, bengaluru training bengaluru city 080-22343708 dgptraining@ksp.gov.in"
KSP0430,DIGP Training,DIGP,Training,Training,,,,080-29703705,igptrg@ksp.gov.in,digp training digp training 080-29703705 igptrg@ksp.gov.in
KSP0431,AAO,AAO,,Training,,,,080-22942835,,aao training 080-22942835
KSP0432,DGP Recruitment,DGP,Recruitment,HQ,,,,080-22343641,dgprntcod@ksp.gov.in,dgp recruitment dgp recruitment hq 080-22343641 dgprntcod@ksp.gov.in
KSP0433,DIGP Recruitment,DIGP,Recruitment,Recruitment,,,,080-22207044,digprect@ksp.gov.in,digp recruitment digp recruitment 080-22207044 digprect@ksp.gov.in
KSP0434,AAO RECRUITMENT,AAO,RECRUITMENT,Recruitment,,,,080-22094602,,aao recruitment aao recruitment 080-22094602
KSP0435,RECRUITMENT SECTION,,RECRUITMENT SECTION,Recruitment,,,,080-22942069,,recruitment section recruitment 080-22942069
KSP0436,RECRUITMENT HELPLINE,,RECRUITMENT HELPLINE,Recruitment,,,,080-22943346,,recruitment helpline recruitment 080-22943346
KSP0437,DySP STF,DySP,STF,Special Task Force (STF),,,,080-22942367,digpstfbng@ksp.gov.in,dysp stf dysp stf special task force (stf) 080-22942367 digpstfbng@ksp.gov.in
KSP0438,DIGP & Special Action Force,DIGP,"& Special Action Force, Mangaluru",Special Action Force (SAF) – Mangaluru,Dakshina Kannada,,,9480800502,digpsafmgc@ksp.gov.in,"digp & special action force digp & special action force, mangaluru special action force (saf) – mangaluru dakshina kannada saf 9480800502 digpsafmgc@ksp.gov.in"
KSP0439,DySP HQ SAF,DySP,HQ SAF Mangaluru,Special Action Force (SAF) – Mangaluru,Dakshina Kannada,,,9480800511,dspsafmgc@ksp.gov.in,dysp hq saf dysp hq saf mangaluru special action force (saf) – mangaluru dakshina kannada saf 9480800511 dspsafmgc@ksp.gov.in
KSP0440,DySP / Asst. Commdt.,DySP,/ Asst. Commdt.,Special Action Force (SAF) – Mangaluru,Dakshina Kannada,,,,,dysp / asst. commdt. dysp / asst. commdt. special action force (saf) – mangaluru dakshina kannada saf
KSP0441,PI HQ SAF,PI,HQ SAF Mangaluru,Special Action Force (SAF) – Mangaluru,Dakshina Kannada,,,,,pi hq saf pi hq saf mangaluru special action force (saf) – mangaluru dakshina kannada saf
KSP0442,PI SAF,PI,SAF Mangaluru,Special Action Force (SAF) – Mangaluru,Dakshina Kannada,,,9480800680,,pi saf pi saf mangaluru special action force (saf) – mangaluru dakshina kannada saf 9480800680
KSP0443,PI SAF,PI,SAF Shivamogga,Special Action Force (SAF) – Mangaluru,Shivamogga,,,9480800682,,pi saf pi saf shivamogga special action force (saf) – mangaluru shivamogga saf 9480800682
KSP0444,PI SAF Udupi,PI,SAF Udupi,Special Action Force (SAF) – Mangaluru,Udupi,,,,,pi saf udupi pi saf udupi special action force (saf) – mangaluru udupi saf
KSP0445,RSI SAF HQ,RSI,SAF HQ Mangalore,Special Action Force (SAF) – Mangaluru,Dakshina Kannada,,,9480800683,,rsi saf hq rsi saf hq mangalore special action force (saf) – mangaluru dakshina kannada saf 9480800683
KSP0446,RSI SAF,RSI,SAF Mangalore,Special Action Force (SAF) – Mangaluru,Dakshina Kannada,,,9480800685,,rsi saf rsi saf mangalore special action force (saf) – mangaluru dakshina kannada saf 9480800685
KSP0447,RSI SAF,RSI,SAF Shivamogga,Special Action Force (SAF) – Mangaluru,Shivamogga,,,9865642261,,rsi saf rsi saf shivamogga special action force (saf) – mangaluru shivamogga saf 9865642261
KSP0448,"DIGP & Principal, PTC, Kalaburagi (Nagenahalli)",DIGP,"& Principal, PTC, Kalaburagi (Nagenahalli)",Training,Kalaburagi,,,08472-298321,principalptcklb@ksp.gov.in,"digp & principal, ptc, kalaburagi (nagenahalli) digp & principal, ptc, kalaburagi (nagenahalli) training kalaburagi 08472-298321 principalptcklb@ksp.gov.in"
KSP0449,Vice Principal PTC,Vice Principal,"PTC, Kalaburagi",Training,Kalaburagi,,,08472-298323,ptcklb@ksp.gov.in,"vice principal ptc vice principal ptc, kalaburagi training kalaburagi 08472-298323 ptcklb@ksp.gov.in"
KSP0450,Principal PTS,Principal,"PTS, Mysuru City",Training,Mysuru,,,0821-2418733,principalptsmyc@ksp.gov.in,"principal pts principal pts, mysuru city training mysuru 0821-2418733 principalptsmyc@ksp.gov.in"
KSP0451,"Principal PDMS, Yelahanka",Principal,"PDMS, Yelahanka",Training,,,,9480800318,sppdmsynk@ksp.gov.in,"principal pdms, yelahanka principal pdms, yelahanka training 9480800318 sppdmsynk@ksp.gov.in"
KSP0452,"Principal KSPTS, Channapatna",Principal,"KSPTS, Channapatna",Training,Ramanagara,,,080-29541248,ksptscptrmn@ksp.gov.in,"principal kspts, channapatna principal kspts, channapatna training ramanagara 080-29541248 ksptscptrmn@ksp.gov.in"
KSP0453,"Principal KSPTS, Khanapur-",Principal,"KSPTS, Khanapur-Belagavi",Training,Belagavi,,,08336-223223,ptskhanapurabgm@ksp.gov.in,"principal kspts, khanapur- principal kspts, khanapur-belagavi training belagavi 08336-223223 ptskhanapurabgm@ksp.gov.in"
KSP0454,"Principal APTS, Yelahanka",Principal,"APTS, Yelahanka",Training,,,,080-29733403,aptsylnk@ksp.gov.in,"principal apts, yelahanka principal apts, yelahanka training 080-29733403 aptsylnk@ksp.gov.in"
KSP0455,Principal PTS,Principal,"PTS, Hubballi-Dharwad",Training,Dharwad,,,0836-2233248,ptshdc@ksp.gov.in,"principal pts principal pts, hubballi-dharwad training dharwad 0836-2233248 ptshdc@ksp.gov.in"
KSP0456,"Principal PTS, Kadur",Principal,"PTS, Kadur",Training,Chikkamagaluru,,,6362107289,ptskadurckm@ksp.gov.in,"principal pts, kadur principal pts, kadur training chikkamagaluru 6362107289 ptskadurckm@ksp.gov.in"
KSP0457,"Principal PTS, Aimangala",Principal,"PTS, Aimangala",Training,,,,08193-273220,aimangalaptscta@ksp.gov.in,"principal pts, aimangala principal pts, aimangala training 08193-273220 aimangalaptscta@ksp.gov.in"
KSP0458,"Principal PTS, Hassan",Principal,"PTS, Hassan",Training,Hassan,,,08172-200100,principalptshsn@ksp.gov.in,"principal pts, hassan principal pts, hassan training hassan 08172-200100 principalptshsn@ksp.gov.in"
KSP0459,"Principal PTS, Thanisandra",Principal,"PTS, Thanisandra",Training,,,,080-29736905,ptsthanisandrabcp@ksp.gov.in,"principal pts, thanisandra principal pts, thanisandra training 080-29736905 ptsthanisandrabcp@ksp.gov.in"
KSP0460,"Principal KSRP Training School, Munirabad",Principal,"KSRP Training School, Munirabad",Training,,,,08539-200100,ksrpts@ksp.gov.in,"principal ksrp training school, munirabad principal ksrp training school, munirabad training 08539-200100 ksrpts@ksp.gov.in"
KSP0461,"Principal KSRP Training School, Kangralli",Principal,"KSRP Training School, Kangralli, Belagavi",Training,Belagavi,,,0831-2405676,ptskangrallibgm@ksp.gov.in,"principal ksrp training school, kangralli principal ksrp training school, kangralli, belagavi training belagavi 0831-2405676 ptskangrallibgm@ksp.gov.in"
KSP0462,"Vice Principal KSRP Training School, Kangralli",Vice Principal,"KSRP Training School, Kangralli, Belagavi",Training,Belagavi,,,0831-2405678,asish.meghannanavar@gmail.com,"vice principal ksrp training school, kangralli vice principal ksrp training school, kangralli, belagavi training belagavi 0831-2405678 asish.meghannanavar@gmail.com"
KSP0463,DySP(W) KSPWTS,DySP (W),"KSPWTS, Bengaluru",Training,Bengaluru City,,,080-22942757,kspwtraining@gmail.com,"dysp(w) kspwts dysp (w) kspwts, bengaluru training bengaluru city 080-22942757 kspwtraining@gmail.com"
KSP0464,"DGP Chairman and MD, KSPH & IDCL",DGP,"Chairman and MD, KSPH & IDCL Bengaluru",HQ,Bengaluru City,,,080-22943190,mdksphc@ksp.gov.in,"dgp chairman and md, ksph & idcl dgp chairman and md, ksph & idcl bengaluru hq bengaluru city 080-22943190 mdksphc@ksp.gov.in"
KSP0465,AAO KSPH & IDCL,AAO,KSPH & IDCL,KSPH & IDCL,,,,080-22942844,aaoksphidcl@gmail.com,aao ksph & idcl aao ksph & idcl 080-22942844 aaoksphidcl@gmail.com
KSP0466,KSPHC GENERAL,,KSPHC GENERAL,KSPH & IDCL,,,,080-25584102,,ksphc general ksph & idcl 080-25584102
KSP0467,ADGP BMTF,ADGP,BMTF,HQ,Bengaluru City,,,080-22975586,bmtf.policestation@gmail.com,adgp bmtf adgp bmtf hq bengaluru city 080-22975586 bmtf.policestation@gmail.com
KSP0468,SP BMTF,SP,BMTF,BMTF,Bengaluru City,,,080-22975587,spbmtf@gmail.com,sp bmtf sp bmtf bengaluru city 080-22975587 spbmtf@gmail.com
KSP0469,DySP BMTF,DySP,BMTF,BMTF,Bengaluru City,,,080-22975588,bmtfdysp@gmail.com,dysp bmtf dysp bmtf bengaluru city 080-22975588 bmtfdysp@gmail.com
KSP0470,DGP PCW,DGP,PCW,PCW/SCRB,Bengaluru City,,,080-22942237,dgppcw@ksp.gov.in,dgp pcw dgp pcw pcw/scrb bengaluru city 080-22942237 dgppcw@ksp.gov.in
KSP0471,DIGP SCRB,DIGP,SCRB,SCRB,UNKNOWN,,,080-22254790,digpscrb@ksp.gov.in,digp scrb digp scrb unknown 080-22254790 digpscrb@ksp.gov.in
KSP0472,DySP DYSP SCRB,DySP,DYSP SCRB,SCRB,UNKNOWN,,,080-22353888,dyspscrb@ksp.gov.in,dysp dysp scrb dysp dysp scrb scrb unknown 080-22353888 dyspscrb@ksp.gov.in
KSP0473,SCRB GENERAL (POLICE IT HELP DESK),,SCRB GENERAL (POLICE IT HELP DESK),PCW/SCRB,Bengaluru City,,,080-22943781,policeithelpdesk@ksp.gov.in,scrb general (police it help desk) pcw/scrb bengaluru city 080-22943781 policeithelpdesk@ksp.gov.in
KSP0474,"Data Centre, Koramangala",,"Data Centre, Koramangala",SCRB,UNKNOWN,,,080-22943776,kspdcnoc@ksp.gov.in,"data centre, koramangala scrb unknown 080-22943776 kspdcnoc@ksp.gov.in"
KSP0475,AAO Section Supdt.,AAO,Section Supdt.,SCRB,UNKNOWN,,,080-22943784,,aao section supdt. aao section supdt. scrb unknown 080-22943784
KSP0476,DGP Prisons & Correctional Services,DGP,Prisons & Correctional Services,HQ,,,,080-22267169,dg.prisons.cs@karnataka.gov.in,dgp prisons & correctional services dgp prisons & correctional services hq 080-22267169 dg.prisons.cs@karnataka.gov.in
KSP0477,DIGP PRISON,DIGP,PRISON,Prisons,,,,080-22262263,,digp prison digp prison prisons 080-22262263
KSP0478,SP Admin Prisons,SP,Admin Prisons,HQ,,,,080-22280550,spprisions@ksp.gov.in,sp admin prisons sp admin prisons hq 080-22280550 spprisions@ksp.gov.in
KSP0479,Addl. IG Prisons HQ,Addl. IG,Prisons HQ,Prisons,,,,080-22263171,digprisons@ksp.gov.in,addl. ig prisons hq addl. ig prisons hq prisons 080-22263171 digprisons@ksp.gov.in
KSP0480,"DIG, Prison Academy Of Prisons And Correction Services",,"DIG, Prison Academy Of Prisons And Correction Services",Prisons,,,,080-25736408,,"dig, prison academy of prisons and correction services prisons 080-25736408"
KSP0481,Chief Superintendent of Academy Of Prisons And Correction Services,,Chief Superintendent of Academy Of Prisons And Correction Services,Prisons,,,,,,chief superintendent of academy of prisons and correction services prisons
KSP0482,"DIG, Prisons, North Range",,"DIG, Prisons, North Range, Belagavi",Prisons,Belagavi,,,0831-2405261,dignorth.prisons@ka.gov.in,"dig, prisons, north range dig, prisons, north range, belagavi prisons belagavi 0831-2405261 dignorth.prisons@ka.gov.in"
KSP0483,DIG Prisons Southern Range,,DIG Prisons Southern Range,Prisons,,,,080-22545519,digsouth.prisons-kar@ka.gov.in,dig prisons southern range prisons 080-22545519 digsouth.prisons-kar@ka.gov.in
KSP0484,SP Prisons (Prison Dept.),SP,Prisons (Prison Dept.),Prisons,,,,080-22261131,phq.prisons-kar@gov.in,sp prisons (prison dept.) sp prisons (prison dept.) prisons 080-22261131 phq.prisons-kar@gov.in
KSP0485,PRISON HEAD OFFICE,,PRISON HEAD OFFICE,Prisons,,,,080-22262263,,prison head office prisons 080-22262263
KSP0486,Chief Superintendent of Prison,,"Chief Superintendent of Prison, Bengaluru",Prisons,Bengaluru City,,,080-25731611,cpblr.prisons-kar@gov.in,"chief superintendent of prison chief superintendent of prison, bengaluru prisons bengaluru city 080-25731611 cpblr.prisons-kar@gov.in"
KSP0487,Central Jail,,Central Jail Belagavi,CEN,Belagavi City,,,0831-2405275,cpbgm.prisons-kar@gov.in,central jail central jail belagavi cen belagavi city 0831-2405275 cpbgm.prisons-kar@gov.in
KSP0488,Dist. Jail,,Dist. Jail,Prison,Ballari,,,08392-255025,cpbly.prisons-kar@gov.in,dist. jail prison ballari 08392-255025 cpbly.prisons-kar@gov.in
KSP0489,"Chief Superintendent of Prison, Kalaburgi",,"Chief Superintendent of Prison, Kalaburgi",Prison,,,,08472-212567,cpgbg.prisons-kar@gov.in,"chief superintendent of prison, kalaburgi prison 08472-212567 cpgbg.prisons-kar@gov.in"
KSP0490,Chief Superintendent of Central Women Prison,,"Chief Superintendent of Central Women Prison, Shivamogga",Prison,Shivamogga,,,08182-298401,cpwsmg.prisons@ka.gov.in,"chief superintendent of central women prison chief superintendent of central women prison, shivamogga prison shivamogga 08182-298401 cpwsmg.prisons@ka.gov.in"
KSP0491,Chief Superintendent of Prison,,"Chief Superintendent of Prison, Shivamogga",Prison,Shivamogga,,,08182-295502,cpsmg.prisons@ka.gov.in,"chief superintendent of prison chief superintendent of prison, shivamogga prison shivamogga 08182-295502 cpsmg.prisons@ka.gov.in"
KSP0492,Chief Superintendent of Prison,,"Chief Superintendent of Prison, Mysuru",Prison,Mysuru,,,0821-2492089,cpmys.prisons-kar@gov.in,"chief superintendent of prison chief superintendent of prison, mysuru prison mysuru 0821-2492089 cpmys.prisons-kar@gov.in"
KSP0493,Supdt of Central Prisons,,Supdt of Central Prisons,CEN,Vijayapura,,,08352-272044,cpbpr.prisons-kar@gov.in,supdt of central prisons cen vijayapura 08352-272044 cpbpr.prisons-kar@gov.in
KSP0494,SP Central Prison,SP,SP Central Prison,Prison,Dharwad,,,0836-2447428,cpdwd.prisons-kar@gov.in,sp central prison sp prison dharwad 0836-2447428 cpdwd.prisons-kar@gov.in
KSP0495,"CENTRAL JAIL, PARAPPANA AGRAHARA",,"CENTRAL JAIL, PARAPPANA AGRAHARA, BENGALURU",Prison,Bengaluru City,,,,,"central jail, parappana agrahara central jail, parappana agrahara, bengaluru prison bengaluru city"
KSP0496,Principal PTI,Principal,"PTI, Mysuru",Prison,Mysuru,,,0821-2497744,cpmys.prisons-kar@gov.in,"principal pti principal pti, mysuru prison mysuru 0821-2497744 cpmys.prisons-kar@gov.in"
KSP0497,"Asst. Superintendent of Prison, Karwar",,"Asst. Superintendent of Prison, Karwar",Prison,,,,08382-226347,cpkrw.prisons-kar@gov.in,"asst. superintendent of prison, karwar prison 08382-226347 cpkrw.prisons-kar@gov.in"
KSP0498,Asst. Superintendent of Prison,,"Asst. Superintendent of Prison, Tumkur",Prison,Tumakuru,,,0816-2950047,dptmr.prisons-kar@gov.in,"asst. superintendent of prison asst. superintendent of prison, tumkur prison tumakuru 0816-2950047 dptmr.prisons-kar@gov.in"
KSP0499,Dist. Jail,,Dist. Jail,Prison,Bidar,,,08482-228225,dpbdr-prisons-kar@gov.in,dist. jail prison bidar 08482-228225 dpbdr-prisons-kar@gov.in
KSP0500,Asst. Superintendent of Prison,,"Asst. Superintendent of Prison, Mangaluru",Prison,Dakshina Kannada,,,8618641520,,"asst. superintendent of prison asst. superintendent of prison, mangaluru prison dakshina kannada 8618641520"
KSP0501,"PRISON, MADIKERI",,"PRISON, MADIKERI",Prison,,,,08272-228462,dpmdk.prisons-kar@gov.in,"prison, madikeri prison 08272-228462 dpmdk.prisons-kar@gov.in"
KSP0502,PRISON,,"PRISON, MANGALURU",Prison,Dakshina Kannada,,,0824-2492303,dpmng.prisons-kar@gov.in,"prison prison, mangaluru dakshina kannada 0824-2492303 dpmng.prisons-kar@gov.in"
KSP0503,"PRISON, RAICHUR",,"PRISON, RAICHUR",Prison,Raichur,,,08532-226134,dprcr.prisons-kar@gov.in,"prison, raichur prison raichur 08532-226134 dprcr.prisons-kar@gov.in"
KSP0504,PRISON,,"PRISON, SHIVAMOGGA",Prison,Shivamogga,,,08182-295663,cpsmg.prisons@ka.gov.in,"prison prison, shivamogga shivamogga 08182-295663 cpsmg.prisons@ka.gov.in"
KSP0505,ADGP STATE INT (Chief of Intelligence),ADGP,STATE INT (Chief of Intelligence),HQ,Bengaluru City,,,9449878500,director.int@ksp.gov.in,adgp state int (chief of intelligence) adgp state int (chief of intelligence) hq bengaluru city 9449878500 director.int@ksp.gov.in
KSP0506,IGP State INT. Security,IGP,State INT. Security,HQ,Bengaluru City,,,080-22215129,add.int@ksp.gov.in,igp state int. security igp state int. security hq bengaluru city 080-22215129 add.int@ksp.gov.in
KSP0507,DIGP Admin State INT.,DIGP,Admin State INT.,HQ,Bengaluru City,,,080-22215568,jd.int@ksp.gov.in,digp admin state int. digp admin state int. hq bengaluru city 080-22215568 jd.int@ksp.gov.in
KSP0508,DIGP INT. Bengaluru City Cell,DIGP,INT. Bengaluru City Cell,Districts,Bengaluru City,,,080-22494774,ddcitycell.int@ksp.gov.in,digp int. bengaluru city cell digp int. bengaluru city cell districts bengaluru city 080-22494774 ddcitycell.int@ksp.gov.in
KSP0509,SP Admin INT,SP,Admin INT,HQ,Bengaluru City,,,080-22241261,spadminint@ksp.gov.in,sp admin int sp admin int hq bengaluru city 080-22241261 spadminint@ksp.gov.in
KSP0510,SP INT Mysuru Division,SP,INT Mysuru Division,Districts,Mysuru,,,0821-2342142,ddmys.int@ksp.gov.in,sp int mysuru division sp int mysuru division districts mysuru 0821-2342142 ddmys.int@ksp.gov.in
KSP0511,"SP INT. Mangaluru, Division",SP,"INT. Mangaluru, Division",Districts,Dakshina Kannada,,,0824-2455713,ddmaq.int@ksp.gov.in,"sp int. mangaluru, division sp int. mangaluru, division districts dakshina kannada 0824-2455713 ddmaq.int@ksp.gov.in"
KSP0512,SP INT. CM Security,SP,INT. CM Security,HQ,Bengaluru City,,,080-22942489,ddcm.int@ksp.gov.in,sp int. cm security sp int. cm security hq bengaluru city 080-22942489 ddcm.int@ksp.gov.in
KSP0513,SP SITA (STATE INT TRAINING ACADEMY),SP,SITA (STATE INT TRAINING ACADEMY),HQ,Bengaluru City,,,080-22100577,sita.int@ksp.gov.in,sp sita (state int training academy) sp sita (state int training academy) hq bengaluru city 080-22100577 sita.int@ksp.gov.in
KSP0514,SP INT. (CI Cell) Counter Intelligence Cell,SP,INT. (CI Cell) Counter Intelligence Cell,Districts,Bengaluru City,,,080-29606111,ddcicell.int@ksp.gov.in,sp int. (ci cell) counter intelligence cell sp int. (ci cell) counter intelligence cell districts bengaluru city 080-29606111 ddcicell.int@ksp.gov.in
KSP0515,SP INT. Bengaluru Division,SP,INT. Bengaluru Division,Districts,Bengaluru City,,,080-23337221,bcpint@ksp.gov.in,sp int. bengaluru division sp int. bengaluru division districts bengaluru city 080-23337221 bcpint@ksp.gov.in
KSP0516,SP Current Affairs,SP,Current Affairs,HQ,Bengaluru City,,,080-22213932,ddca.int@ksp.gov.in,sp current affairs sp current affairs hq bengaluru city 080-22213932 ddca.int@ksp.gov.in
KSP0517,SP PI DCRB,SP,PI DCRB,DCRB,Davanagere,,,08192-230501,dddvg.int@ksp.gov.in,sp pi dcrb sp pi dcrb dcrb davanagere 08192-230501 dddvg.int@ksp.gov.in
KSP0518,SP INT. Security,SP,INT. Security,HQ,Bengaluru City,,,080-22214268,spsecint@ksp.gov.in,sp int. security sp int. security hq bengaluru city 080-22214268 spsecint@ksp.gov.in
KSP0519,SP INT. Communal (Social Affairs),SP,INT. Communal (Social Affairs),HQ,Bengaluru City,,,080-22215828,ddsa.int@ksp.gov.in,sp int. communal (social affairs) sp int. communal (social affairs) hq bengaluru city 080-22215828 ddsa.int@ksp.gov.in
KSP0520,SP INT. Belagavi Division,SP,INT. Belagavi Division,Districts,Belagavi,,,0831-2405213,ddbgm.int@ksp.gov.in,sp int. belagavi division sp int. belagavi division districts belagavi 0831-2405213 ddbgm.int@ksp.gov.in
KSP0521,SP INT. BDDS,SP,INT. BDDS,HQ,Bengaluru City,,,080-22100575,ddbdds.int@ksp.gov.in,sp int. bdds sp int. bdds hq bengaluru city 080-22100575 ddbdds.int@ksp.gov.in
KSP0522,SP INT. Kalaburagi Division,SP,INT. Kalaburagi Division,Districts,Kalaburagi,,,08472-263649,ddklb.int@ksp.gov.in,sp int. kalaburagi division sp int. kalaburagi division districts kalaburagi 08472-263649 ddklb.int@ksp.gov.in
KSP0523,SP INT. Bellari,SP,INT. Bellari,Districts,Bengaluru City,,,9449878529,,sp int. bellari sp int. bellari districts bengaluru city 9449878529
KSP0524,SP Airport,SP,Airport,HQ,Bengaluru City,,,9449878551,airport.int@ksp.gov.in,sp airport sp airport hq bengaluru city 9449878551 airport.int@ksp.gov.in
KSP0525,INT C/Room,,INT C/Room,HQ,Bengaluru City,,,9449878811,crstateint@ksp.gov.in,int c/room hq bengaluru city 9449878811 crstateint@ksp.gov.in
KSP0526,PI Wireless,PI,Wireless,Wireless,Chikkaballapura,,,9449878591,,pi wireless pi wireless chikkaballapura 9449878591
KSP0527,PSI (IAD) ADMIN,PSI,(IAD) ADMIN,HQ,Bengaluru City,,,9449878513,,psi (iad) admin psi (iad) admin hq bengaluru city 9449878513
KSP0528,PSI (INT) INT DATA CENTER,PSI,(INT) INT DATA CENTER,HQ,Bengaluru City,,,9449878837,ciodc.int@ksp.gov.in,psi (int) int data center psi (int) int data center hq bengaluru city 9449878837 ciodc.int@ksp.gov.in
KSP0529,DySP SITA (Spl. BRANCH TRAINING INSTITUTE),DySP,SITA (Spl. BRANCH TRAINING INSTITUTE),HQ,Bengaluru City,,,9449878516,,dysp sita (spl. branch training institute) dysp sita (spl. branch training institute) hq bengaluru city 9449878516
KSP0530,DySP C/Room,DySP,C/Room,HQ,Bengaluru City,,,9449878549,,dysp c/room dysp c/room hq bengaluru city 9449878549
KSP0531,DySP FR,DySP,FR,HQ,Bengaluru City,,,9449878575,,dysp fr dysp fr hq bengaluru city 9449878575
KSP0532,DySP CITY CELL,DySP,CITY CELL,Districts,Bengaluru City,,,9449878555,,dysp city cell dysp city cell districts bengaluru city 9449878555
KSP0533,DySP (POL),DySP,(POL),HQ,Bengaluru City,,,9449878537,,dysp (pol) dysp (pol) hq bengaluru city 9449878537
KSP0534,DySP (BD) DIVISION,DySP,(BD) DIVISION,Districts,Bengaluru City,,,9449878599,,dysp (bd) division dysp (bd) division districts bengaluru city 9449878599
KSP0535,DySP BDDS,DySP,BDDS,HQ,Bengaluru City,,,9449878566,,dysp bdds dysp bdds hq bengaluru city 9449878566
KSP0536,DySP M.T SECTION (CIO),DySP,M.T SECTION (CIO),HQ,Bengaluru City,,,9449878536,,dysp m.t section (cio) dysp m.t section (cio) hq bengaluru city 9449878536
KSP0537,DySP L&S,DySP,L&S,HQ,Bengaluru City,,,9449878515,,dysp l&s dysp l&s hq bengaluru city 9449878515
KSP0538,DySP CI CELL,DySP,CI CELL,Districts,Bengaluru City,,,9449878534,,dysp ci cell dysp ci cell districts bengaluru city 9449878534
KSP0539,DySP VIP SECURITY ADMIN,DySP,VIP SECURITY ADMIN,HQ,Bengaluru City,,,9449878522,,dysp vip security admin dysp vip security admin hq bengaluru city 9449878522
KSP0540,DySP CM SECURITY,DySP,CM SECURITY,HQ,Bengaluru City,,,9449878582,,dysp cm security dysp cm security hq bengaluru city 9449878582
KSP0541,INT EXCHANGE,,INT EXCHANGE,HQ,Bengaluru City,,,,,int exchange hq bengaluru city
KSP0542,AAO,AAO,,HQ,Bengaluru City,,,9449878589,,aao hq bengaluru city 9449878589
KSP0543,INT VIP SECURITY,,INT VIP SECURITY,HQ,Bengaluru City,,,,,int vip security hq bengaluru city
KSP0544,PA DIRECTOR INT,PA,DIRECTOR INT,HQ,Bengaluru City,,,9449878590,,pa director int pa director int hq bengaluru city 9449878590
KSP0545,"CM, SPECIAL OFFICER",,"CM, SPECIAL OFFICER",HQ,Bengaluru City,,,9449878584,,"cm, special officer hq bengaluru city 9449878584"
KSP0546,DySP INT,DySP,INT,HQ,Kalaburagi,,,08472-263650,,dysp int dysp int hq kalaburagi 08472-263650
KSP0547,DySP PI DCRB,DySP,PI DCRB,DCRB,Davanagere,,,08192-230501,,dysp pi dcrb dysp pi dcrb dcrb davanagere 08192-230501
KSP0548,DySP MYSURU DIVISION,DySP,MYSURU DIVISION,Districts,Mysuru,,,9449878624,,dysp mysuru division dysp mysuru division districts mysuru 9449878624
KSP0549,DySP INT,DySP,INT,HQ,Hubballi-Dharwad City,,,0836-2371302,,dysp int dysp int hq hubballi-dharwad city 0836-2371302
KSP0550,DySP INT,DySP,INT,HQ,Shivamogga,,,08182-226905,,dysp int dysp int hq shivamogga 08182-226905
KSP0551,PI DCRB,PI,DCRB,DCRB,Davanagere,,,08192-230501,,pi dcrb pi dcrb davanagere 08192-230501
KSP0552,PI INT DWD,PI,INT DWD,Districts,Dharwad,,,0836-2270346,,pi int dwd pi int dwd districts dharwad 0836-2270346
KSP0553,PI INT,PI,INT,HQ,Gadag,,,08372-245044,,pi int pi int hq gadag 08372-245044
KSP0554,PI GOKAK,PI,GOKAK,Districts,Bengaluru City,,,08332-225332,,pi gokak pi gokak districts bengaluru city 08332-225332
KSP0555,PI HASSAN,PI,HASSAN,HQ,Hassan,,,08172-267580,,pi hassan pi hassan hq 08172-267580
KSP0556,PI KGF,PI,KGF,Districts,Bengaluru City,,,08153-274080,,pi kgf pi kgf districts bengaluru city 08153-274080
KSP0557,PI INT Koppal,PI,INT Koppal,HQ,Koppal,,,08539-222133,,pi int koppal pi int koppal hq koppal 08539-222133
KSP0558,PI INT,PI,INT,HQ,Ballari,,,08392-277974,,pi int pi int hq ballari 08392-277974
KSP0559,PI VIJAYAPURA,PI,VIJAYAPURA,HQ,Vijayapura,,,08352-265656,,pi vijayapura pi vijayapura hq 08352-265656
KSP0560,PI Bidar,PI,PS Bidar,DCRE,Northeastern,,,08482-225179,,pi bidar pi ps bidar dcre northeastern 08482-225179
KSP0561,PI Chitradurga,PI,PS Chitradurga,DCRE,Eastern,,,08194-222774,,pi chitradurga pi ps chitradurga dcre eastern 08194-222774
KSP0562,PI MADIKERI,PI,MADIKERI,Districts,Bengaluru City,,,08272-228425,,pi madikeri pi madikeri districts bengaluru city 08272-228425
KSP0563,PI MADHUGIRI,PI,MADHUGIRI,Districts,Bengaluru City,,,08137-282285,,pi madhugiri pi madhugiri districts bengaluru city 08137-282285
KSP0564,PI INT,PI,INT,HQ,Ramanagara,,,080-27271807,,pi int pi int hq ramanagara 080-27271807
KSP0565,PI INT,PI,INT,HQ,Shivamogga,,,08182-227273,,pi int pi int hq shivamogga 08182-227273
KSP0566,PI INT,PI,INT,HQ,Udupi,,,0820-2521278,,pi int pi int hq udupi 0820-2521278
KSP0567,PI INT,PI,INT,HQ,Yadgiri,,,08473-252266,,pi int pi int hq yadgiri 08473-252266
KSP0568,ADGP KSRP,ADGP,KSRP,KSRP,Bengaluru City,,,080-22213351,adgpksrp@ksp.gov.in,adgp ksrp adgp ksrp bengaluru city 080-22213351 adgpksrp@ksp.gov.in
KSP0569,IGP KSRP,IGP,KSRP,KSRP,Bengaluru City,,,080-22942247,igpksrp@ksp.gov.in,igp ksrp igp ksrp bengaluru city 080-22942247 igpksrp@ksp.gov.in
KSP0570,"DIGP KSRP, HQ",DIGP,"KSRP, HQ",KSRP,Bengaluru City,,,080-22215259,digpksrp@ksp.gov.in,"digp ksrp, hq digp ksrp, hq ksrp bengaluru city 080-22215259 digpksrp@ksp.gov.in"
KSP0571,DIGP KSRP Training,DIGP,KSRP Training,KSRP,Bengaluru City,,,,digptrgksrphq@ksp.gov.in,digp ksrp training digp ksrp training ksrp bengaluru city digptrgksrphq@ksp.gov.in
KSP0572,DIGP KSRP CENTRAL (BENGALURU) ZONE,DIGP,KSRP CENTRAL (BENGALURU) ZONE,KSRP,Bengaluru City,,,080-22943680,,digp ksrp central (bengaluru) zone digp ksrp central (bengaluru) zone ksrp bengaluru city 080-22943680
KSP0573,"Commdt., I-BN",Commdt.,"Commdt., I-BN, Bengaluru",KSRP,Bengaluru City,,,080-22942316,cmdt1bn@ksp.gov.in,"commdt., i-bn commdt. commdt., i-bn, bengaluru ksrp bengaluru city 080-22942316 cmdt1bn@ksp.gov.in"
KSP0574,"Commdt., III-BN",Commdt.,"Commdt., III-BN, Bengaluru",KSRP,Bengaluru City,,,080-25532332,cmdt3bn@ksp.gov.in,"commdt., iii-bn commdt. commdt., iii-bn, bengaluru ksrp bengaluru city 080-25532332 cmdt3bn@ksp.gov.in"
KSP0575,"Commdt., IV-BN",Commdt.,"Commdt., IV-BN, Bengaluru",KSRP,Bengaluru City,,,080-22942398,cmdt4bn@ksp.gov.in,"commdt., iv-bn commdt. commdt., iv-bn, bengaluru ksrp bengaluru city 080-22942398 cmdt4bn@ksp.gov.in"
KSP0576,"Commdt., IX-BN, Koodlu",Commdt.,"Commdt., IX-BN, Koodlu, Bengaluru",KSRP,Bengaluru City,,,080-28440673,cmdt9bn@ksp.gov.in,"commdt., ix-bn, koodlu commdt. commdt., ix-bn, koodlu, bengaluru ksrp bengaluru city 080-28440673 cmdt9bn@ksp.gov.in"
KSP0577,DIGP KSRP MYSURU ZONE,DIGP,KSRP MYSURU ZONE,KSRP,Mysuru,,,7483645781,,digp ksrp mysuru zone digp ksrp mysuru zone ksrp mysuru 7483645781
KSP0578,"Commdt., V-BN",Commdt.,"Commdt., V-BN, Mysuru",KSRP,Mysuru,,,0821-2473549,cmdt5bn@ksp.gov.in,"commdt., v-bn commdt. commdt., v-bn, mysuru ksrp mysuru 0821-2473549 cmdt5bn@ksp.gov.in"
KSP0579,"Commdt., VII-BN",Commdt.,"Commdt., VII-BN, Mangaluru",KSRP,Dakshina Kannada,,,0824-2220543,cmdt7bn@ksp.gov.in,"commdt., vii-bn commdt. commdt., vii-bn, mangaluru ksrp dakshina kannada 0824-2220543 cmdt7bn@ksp.gov.in"
KSP0580,"Commdt., XI-BN, Hassan",Commdt.,"Commdt., XI-BN, Hassan",KSRP,Hassan,,,08172-295031,cmdt11bn@ksp.gov.in,"commdt., xi-bn, hassan commdt. ksrp hassan 08172-295031 cmdt11bn@ksp.gov.in"
KSP0581,"Commdt., XII-BN",Commdt.,"Commdt., XII-BN, Tumkur",KSRP,Bengaluru City,,,08138-200590,cmdt12bn@ksp.gov.in,"commdt., xii-bn commdt. commdt., xii-bn, tumkur ksrp bengaluru city 08138-200590 cmdt12bn@ksp.gov.in"
KSP0582,DIGP KSRP BELAGAVI ZONE,DIGP,KSRP BELAGAVI ZONE,KSRP,Belagavi,,,7483645658,,digp ksrp belagavi zone digp ksrp belagavi zone ksrp belagavi 7483645658
KSP0583,"Commdt., II-BN",Commdt.,"Commdt., II-BN, Belagavi",KSRP,Belagavi,,,0831-2412304,cmdt2bn@ksp.gov.in,"commdt., ii-bn commdt. commdt., ii-bn, belagavi ksrp belagavi 0831-2412304 cmdt2bn@ksp.gov.in"
KSP0584,"Commdt., VI-BN",Commdt.,"Commdt., VI-BN, Kalaburagi",KSRP,Kalaburagi,,,08472-212026,cmdt6bn@ksp.gov.in,"commdt., vi-bn commdt. commdt., vi-bn, kalaburagi ksrp kalaburagi 08472-212026 cmdt6bn@ksp.gov.in"
KSP0585,"Commdt., VIII-BN",Commdt.,"Commdt., VIII-BN, Shivamogga",KSRP,Shivamogga,,,08182-246188,cmdt8bn@ksp.gov.in,"commdt., viii-bn commdt. commdt., viii-bn, shivamogga ksrp shivamogga 08182-246188 cmdt8bn@ksp.gov.in"
KSP0586,"Commdt., X-BN, Shiggaon-Haveri",Commdt.,"Commdt., X-BN, Shiggaon-Haveri",KSRP,Haveri,,,08378-255802,cmdt10bn@ksp.gov.in,"commdt., x-bn, shiggaon-haveri commdt. ksrp haveri 08378-255802 cmdt10bn@ksp.gov.in"
KSP0587,"SP KSRP, Training School, Kangralli",SP,"KSRP, Training School, Kangralli, Belagavi City",KSRP,Belagavi,,,0831-2405676,ptskangrallibgm@ksp.gov.in,"sp ksrp, training school, kangralli sp ksrp, training school, kangralli, belagavi city ksrp belagavi 0831-2405676 ptskangrallibgm@ksp.gov.in"
KSP0588,DIGP IRB AVATHI ZONE,DIGP,IRB AVATHI ZONE,KSRP,Bengaluru City,,,9480800829,,digp irb avathi zone digp irb avathi zone ksrp bengaluru city 9480800829
KSP0589,"Commdt., IRB, AVATI-KUDUGURKI, BENGALURU URBAN",Commdt.,"Commdt., IRB, AVATI-KUDUGURKI, BENGALURU URBAN",KSRP,Bengaluru City,,,9448065817,irbavathi@ksp.gov.in,"commdt., irb, avati-kudugurki, bengaluru urban commdt. ksrp bengaluru city 9448065817 irbavathi@ksp.gov.in"
KSP0590,"DIGP IRB, MUNIRABAD ZONE",DIGP,"IRB, MUNIRABAD ZONE",KSRP,Bengaluru City,,,9480805991,digpirbm@gmail.com,"digp irb, munirabad zone digp irb, munirabad zone ksrp bengaluru city 9480805991 digpirbm@gmail.com"
KSP0591,"Commdt., IRB, Munirabad",Commdt.,"Commdt., IRB, Munirabad",KSRP,Bengaluru City,,,9480805812,cmdtirb@ksp.gov.in,"commdt., irb, munirabad commdt. ksrp bengaluru city 9480805812 cmdtirb@ksp.gov.in"
KSP0592,"Commdt., IRB",Commdt.,"Commdt., IRB, Vijayapura",KSRP,Vijayapura,,,08352-295001,cmdtirbbjp@ksp.gov.in,"commdt., irb commdt. commdt., irb, vijayapura ksrp vijayapura 08352-295001 cmdtirbbjp@ksp.gov.in"
KSP0593,"SP KSRP, Training School, Munirabad",SP,"KSRP, Training School, Munirabad",KSRP,Bengaluru City,,,9480804286,ksrpts@ksp.gov.in,"sp ksrp, training school, munirabad sp ksrp, training school, munirabad ksrp bengaluru city 9480804286 ksrpts@ksp.gov.in"
KSP0594,"SP KSRP, Training School, Kangralli",SP,"KSRP, Training School, Kangralli, Belagavi City",KSRP,Belagavi,,,0831-2405676,ptskangrallibgm@ksp.gov.in,"sp ksrp, training school, kangralli sp ksrp, training school, kangralli, belagavi city ksrp belagavi 0831-2405676 ptskangrallibgm@ksp.gov.in"
KSP0595,DIGP IRB AVATHI ZONE,DIGP,IRB AVATHI ZONE,IRB,,,,9480800829,,digp irb avathi zone digp irb avathi zone irb 9480800829
KSP0596,"Commdt., IRB, AVATI-KUDUGURKI, BENGALURU URBAN",Commdt.,"Commdt., IRB, AVATI-KUDUGURKI, BENGALURU URBAN",IRB,Bengaluru City,,,9448065817,,"commdt., irb, avati-kudugurki, bengaluru urban commdt. irb bengaluru city 9448065817"
KSP0597,"Commdt., IRB, KGF",Commdt.,"Commdt., IRB, KGF",IRB,,,,9448787714,irbkgf@ksp.gov.in,"commdt., irb, kgf commdt. irb 9448787714 irbkgf@ksp.gov.in"
KSP0598,"DIGP IRB, MUNIRABAD ZONE",DIGP,"IRB, MUNIRABAD ZONE",IRB,,,,9480805991,digpirbm@gmail.com,"digp irb, munirabad zone digp irb, munirabad zone irb 9480805991 digpirbm@gmail.com"
KSP0599,"Commdt., IRB, Munirabad",Commdt.,"Commdt., IRB, Munirabad",IRB,,,,9480805812,cmdtirb@ksp.gov.in,"commdt., irb, munirabad commdt. irb 9480805812 cmdtirb@ksp.gov.in"
KSP0600,"Commdt., IRB",Commdt.,"Commdt., IRB, Vijayapura",IRB,Vijayapura,,,08352-295001,cmdtirbbjp@ksp.gov.in,"commdt., irb commdt. commdt., irb, vijayapura irb vijayapura 08352-295001 cmdtirbbjp@ksp.gov.in"
KSP0601,"SP KSRP, Training School, Munirabad",SP,"KSRP, Training School, Munirabad",IRB,,,,9480804286,ksrpts@ksp.gov.in,"sp ksrp, training school, munirabad sp ksrp, training school, munirabad irb 9480804286 ksrpts@ksp.gov.in"
KSP0602,"Commdt., I-BN",Commdt.,"Commdt., I-BN, Bengaluru",KSRP Battalions,Bengaluru City,,,9480805801,cmdt1bn@ksp.gov.in,"commdt., i-bn commdt. commdt., i-bn, bengaluru ksrp battalions bengaluru city 9480805801 cmdt1bn@ksp.gov.in"
KSP0603,"Asst. Commdt., I-BN",Asst. Commdt.,"Asst. Commdt., I-BN",KSRP Battalions,Bengaluru City,,,9480805826,,"asst. commdt., i-bn asst. commdt. ksrp battalions bengaluru city 9480805826"
KSP0604,"Asst. Commdt., I-BN",Asst. Commdt.,"Asst. Commdt., I-BN",KSRP Battalions,Bengaluru City,,,9480805828,,"asst. commdt., i-bn asst. commdt. ksrp battalions bengaluru city 9480805828"
KSP0605,"Asst. Commdt., I-BN",Asst. Commdt.,"Asst. Commdt., I-BN",KSRP Battalions,Bengaluru City,,,9480805827,,"asst. commdt., i-bn asst. commdt. ksrp battalions bengaluru city 9480805827"
KSP0606,"I-BN KSRP, C/Room",,"I-BN KSRP, C/Room BENGALURU",KSRP Battalions,Bengaluru City,,,9480800829,ksrpcr1bn@ksp.gov.in,"i-bn ksrp, c/room i-bn ksrp, c/room bengaluru ksrp battalions bengaluru city 9480800829 ksrpcr1bn@ksp.gov.in"
KSP0607,"POLICE PUBLIC SCHOOL (KSRP Campus, Koramangala, Bengaluru)",,"POLICE PUBLIC SCHOOL (KSRP Campus, Koramangala, Bengaluru)",KSRP Battalions,Bengaluru City,,,6362598124,,"police public school (ksrp campus, koramangala, bengaluru) ksrp battalions bengaluru city 6362598124"
KSP0608,KSRP SOCIETY & CPC CANTEEN,,KSRP SOCIETY & CPC CANTEEN,KSRP Battalions,Bengaluru City,,,,,ksrp society & cpc canteen ksrp battalions bengaluru city
KSP0609,"Commdt., II-BN",Commdt.,"Commdt., II-BN, Belagavi",KSRP Battalions,Belagavi,,,0831-2412304,cmdt2bn@ksp.gov.in,"commdt., ii-bn commdt. commdt., ii-bn, belagavi ksrp battalions belagavi 0831-2412304 cmdt2bn@ksp.gov.in"
KSP0610,"Asst. Commdt., II-BN",Asst. Commdt.,"Asst. Commdt., II-BN",KSRP Battalions,Bengaluru City,,,0831-2412626,,"asst. commdt., ii-bn asst. commdt. ksrp battalions bengaluru city 0831-2412626"
KSP0611,"Asst. Commdt., II-BN",Asst. Commdt.,"Asst. Commdt., II-BN",KSRP Battalions,Bengaluru City,,,0831-2412165,,"asst. commdt., ii-bn asst. commdt. ksrp battalions bengaluru city 0831-2412165"
KSP0612,"II-BN, C/Room",,"II-BN, C/Room BELAGAVI",KSRP Battalions,Belagavi,,,0831-2412252,ksrpcr2bn@ksp.gov.in,"ii-bn, c/room ii-bn, c/room belagavi ksrp battalions belagavi 0831-2412252 ksrpcr2bn@ksp.gov.in"
KSP0613,"Commdt., III-BN",Commdt.,"Commdt., III-BN, Bengaluru",KSRP Battalions,Bengaluru City,,,9480805803,cmdt3bn@ksp.gov.in,"commdt., iii-bn commdt. commdt., iii-bn, bengaluru ksrp battalions bengaluru city 9480805803 cmdt3bn@ksp.gov.in"
KSP0614,"Dy. Commdt., III-BN",Dy. Commdt.,"Dy. Commdt., III-BN",KSRP Battalions,Bengaluru City,,,9480805801,,"dy. commdt., iii-bn dy. commdt. ksrp battalions bengaluru city 9480805801"
KSP0615,"Asst. Commdt., III-BN",Asst. Commdt.,"Asst. Commdt., III-BN",KSRP Battalions,Bengaluru City,,,9480805832,,"asst. commdt., iii-bn asst. commdt. ksrp battalions bengaluru city 9480805832"
KSP0616,"Asst. Commdt., III-BN",Asst. Commdt.,"Asst. Commdt., III-BN",KSRP Battalions,Bengaluru City,,,9480805834,,"asst. commdt., iii-bn asst. commdt. ksrp battalions bengaluru city 9480805834"
KSP0617,"Asst. Commdt., III-BN",Asst. Commdt.,"Asst. Commdt., III-BN",KSRP Battalions,Bengaluru City,,,9480805833,,"asst. commdt., iii-bn asst. commdt. ksrp battalions bengaluru city 9480805833"
KSP0618,"III-BN KSRP, C/Room",,"III-BN KSRP, C/Room BENGALURU",KSRP Battalions,Bengaluru City,,,9480800836,ksrpcr3bn@ksp.gov.in,"iii-bn ksrp, c/room iii-bn ksrp, c/room bengaluru ksrp battalions bengaluru city 9480800836 ksrpcr3bn@ksp.gov.in"
KSP0619,"Commdt., IV-BN",Commdt.,"Commdt., IV-BN, Bengaluru",KSRP Battalions,Bengaluru City,,,080-22942398,cmdt4bn@ksp.gov.in,"commdt., iv-bn commdt. commdt., iv-bn, bengaluru ksrp battalions bengaluru city 080-22942398 cmdt4bn@ksp.gov.in"
KSP0620,"Asst. Commdt., IV-BN",Asst. Commdt.,"Asst. Commdt., IV-BN",KSRP Battalions,Bengaluru City,,,080-22942125,,"asst. commdt., iv-bn asst. commdt. ksrp battalions bengaluru city 080-22942125"
KSP0621,"Asst. Commdt., IV-BN",Asst. Commdt.,"Asst. Commdt., IV-BN",KSRP Battalions,Bengaluru City,,,9480805835,,"asst. commdt., iv-bn asst. commdt. ksrp battalions bengaluru city 9480805835"
KSP0622,"Asst. Commdt., IV-BN",Asst. Commdt.,"Asst. Commdt., IV-BN",KSRP Battalions,Bengaluru City,,,9480805837,,"asst. commdt., iv-bn asst. commdt. ksrp battalions bengaluru city 9480805837"
KSP0623,"IV-BN KSRP, C/Room",,"IV-BN KSRP, C/Room BENGALURU",KSRP Battalions,Bengaluru City,,,,ksrpcr4bn@ksp.gov.in,"iv-bn ksrp, c/room iv-bn ksrp, c/room bengaluru ksrp battalions bengaluru city ksrpcr4bn@ksp.gov.in"
KSP0624,"Commdt., V-BN",Commdt.,"Commdt., V-BN, Mysuru",KSRP Battalions,Mysuru,,,0821-2473549,cmdt5bn@ksp.gov.in,"commdt., v-bn commdt. commdt., v-bn, mysuru ksrp battalions mysuru 0821-2473549 cmdt5bn@ksp.gov.in"
KSP0625,"Asst. Commdt., V-BN",Asst. Commdt.,"Asst. Commdt., V-BN",KSRP Battalions,Bengaluru City,,,0821-2418721,,"asst. commdt., v-bn asst. commdt. ksrp battalions bengaluru city 0821-2418721"
KSP0626,"Asst. Commdt., V-BN",Asst. Commdt.,"Asst. Commdt., V-BN",KSRP Battalions,Bengaluru City,,,0821-2418626,,"asst. commdt., v-bn asst. commdt. ksrp battalions bengaluru city 0821-2418626"
KSP0627,"Asst. Commdt., V-BN",Asst. Commdt.,"Asst. Commdt., V-BN",KSRP Battalions,Bengaluru City,,,9480805840,,"asst. commdt., v-bn asst. commdt. ksrp battalions bengaluru city 9480805840"
KSP0628,"V-BN KSRP, C/Room",,"V-BN KSRP, C/Room MYSURU",KSRP Battalions,Mysuru,,,0821-2476594,ksrpcr5bn@ksp.gov.in,"v-bn ksrp, c/room v-bn ksrp, c/room mysuru ksrp battalions mysuru 0821-2476594 ksrpcr5bn@ksp.gov.in"
KSP0629,"Commdt., VI-BN",Commdt.,"Commdt., VI-BN, Kalaburagi",KSRP Battalions,Kalaburagi,,,08472-212062,cmdt6bn@ksp.gov.in,"commdt., vi-bn commdt. commdt., vi-bn, kalaburagi ksrp battalions kalaburagi 08472-212062 cmdt6bn@ksp.gov.in"
KSP0630,"Dy. Commdt., VI-BN",Dy. Commdt.,"Dy. Commdt., VI-BN",KSRP Battalions,Bengaluru City,,,9480805844,,"dy. commdt., vi-bn dy. commdt. ksrp battalions bengaluru city 9480805844"
KSP0631,"Asst. Commdt., VI-BN",Asst. Commdt.,"Asst. Commdt., VI-BN",KSRP Battalions,Bengaluru City,,,9480805843,,"asst. commdt., vi-bn asst. commdt. ksrp battalions bengaluru city 9480805843"
KSP0632,"VI-BN KSRP, C/Room",,"VI-BN KSRP, C/Room KALABURAGI",KSRP Battalions,Kalaburagi,,,08472-212336,ksrpcr6bn@ksp.gov.in,"vi-bn ksrp, c/room vi-bn ksrp, c/room kalaburagi ksrp battalions kalaburagi 08472-212336 ksrpcr6bn@ksp.gov.in"
KSP0633,"Commdt., VII-BN",Commdt.,"Commdt., VII-BN, Mangaluru",KSRP Battalions,Dakshina Kannada,,,0824-2220543,cmdt7bn@ksp.gov.in,"commdt., vii-bn commdt. commdt., vii-bn, mangaluru ksrp battalions dakshina kannada 0824-2220543 cmdt7bn@ksp.gov.in"
KSP0634,"Asst. Commdt., VII-BN",Asst. Commdt.,"Asst. Commdt., VII-BN",KSRP Battalions,Bengaluru City,,,0824-2220551,,"asst. commdt., vii-bn asst. commdt. ksrp battalions bengaluru city 0824-2220551"
KSP0635,"Asst. Commdt., VII-BN",Asst. Commdt.,"Asst. Commdt., VII-BN",KSRP Battalions,Bengaluru City,,,0824-2220547,,"asst. commdt., vii-bn asst. commdt. ksrp battalions bengaluru city 0824-2220547"
KSP0636,"Asst. Commdt., VII-BN",Asst. Commdt.,"Asst. Commdt., VII-BN",KSRP Battalions,Bengaluru City,,,0824-2220554,,"asst. commdt., vii-bn asst. commdt. ksrp battalions bengaluru city 0824-2220554"
KSP0637,"VII-BN KSRP, C/Room",,"VII-BN KSRP, C/Room MANGALURU",KSRP Battalions,Dakshina Kannada,,,0824-2220545,ksrpcr7bn@ksp.gov.in,"vii-bn ksrp, c/room vii-bn ksrp, c/room mangaluru ksrp battalions dakshina kannada 0824-2220545 ksrpcr7bn@ksp.gov.in"
KSP0638,"Commdt., VIII-BN",Commdt.,"Commdt., VIII-BN, Shivamogga",KSRP Battalions,Shivamogga,,,08182-246188,cmdt8bn@ksp.gov.in,"commdt., viii-bn commdt. commdt., viii-bn, shivamogga ksrp battalions shivamogga 08182-246188 cmdt8bn@ksp.gov.in"
KSP0639,"Dy. Commdt., VIII-BN",Dy. Commdt.,"Dy. Commdt., VIII-BN",KSRP Battalions,Bengaluru City,,,9480805801,,"dy. commdt., viii-bn dy. commdt. ksrp battalions bengaluru city 9480805801"
KSP0640,"Asst. Commdt., VIII-BN",Asst. Commdt.,"Asst. Commdt., VIII-BN",KSRP Battalions,Bengaluru City,,,08182-246192,,"asst. commdt., viii-bn asst. commdt. ksrp battalions bengaluru city 08182-246192"
KSP0641,"Asst. Commdt., VIII-BN",Asst. Commdt.,"Asst. Commdt., VIII-BN",KSRP Battalions,Bengaluru City,,,08182-246193,,"asst. commdt., viii-bn asst. commdt. ksrp battalions bengaluru city 08182-246193"
KSP0642,"VIII-BN KSRP, C/Room",,"VIII-BN KSRP, C/Room SHIVAMOGGA",KSRP Battalions,Shivamogga,,,08182-246192,ksrpcr8bn@ksp.gov.in,"viii-bn ksrp, c/room viii-bn ksrp, c/room shivamogga ksrp battalions shivamogga 08182-246192 ksrpcr8bn@ksp.gov.in"
KSP0643,"Commdt., IX-BN, Koodlu",Commdt.,"Commdt., IX-BN, Koodlu, Bengaluru",KSRP Battalions,Bengaluru City,,,9480805809,cmdt9bn@ksp.gov.in,"commdt., ix-bn, koodlu commdt. commdt., ix-bn, koodlu, bengaluru ksrp battalions bengaluru city 9480805809 cmdt9bn@ksp.gov.in"
KSP0644,"Asst. Commdt., IX-BN",Asst. Commdt.,"Asst. Commdt., IX-BN",KSRP Battalions,Bengaluru City,,,9480805853,,"asst. commdt., ix-bn asst. commdt. ksrp battalions bengaluru city 9480805853"
KSP0645,"Asst. Commdt., IX-BN",Asst. Commdt.,"Asst. Commdt., IX-BN",KSRP Battalions,Bengaluru City,,,9480805855,,"asst. commdt., ix-bn asst. commdt. ksrp battalions bengaluru city 9480805855"
KSP0646,"Asst. Commdt., IX-BN",Asst. Commdt.,"Asst. Commdt., IX-BN",KSRP Battalions,Bengaluru City,,,9480805857,,"asst. commdt., ix-bn asst. commdt. ksrp battalions bengaluru city 9480805857"
KSP0647,"Asst. Commdt., IX-BN",Asst. Commdt.,"Asst. Commdt., IX-BN",KSRP Battalions,Bengaluru City,,,9480805856,,"asst. commdt., ix-bn asst. commdt. ksrp battalions bengaluru city 9480805856"
KSP0648,"IX-BN KSRP, C/Room KOODLU",,"IX-BN KSRP, C/Room KOODLU",KSRP Battalions,Bengaluru City,,,9480800857,ksrpcr9bn@ksp.gov.in,"ix-bn ksrp, c/room koodlu ksrp battalions bengaluru city 9480800857 ksrpcr9bn@ksp.gov.in"
KSP0649,"Commdt., X-BN, Shiggaon-Haveri",Commdt.,"Commdt., X-BN, Shiggaon-Haveri",KSRP Battalions,Haveri,,,08378-255802,cmdt10bn@ksp.gov.in,"commdt., x-bn, shiggaon-haveri commdt. ksrp battalions haveri 08378-255802 cmdt10bn@ksp.gov.in"
KSP0650,"Asst. Commdt., X-BN",Asst. Commdt.,"Asst. Commdt., X-BN",KSRP Battalions,Bengaluru City,,,08378-255966,,"asst. commdt., x-bn asst. commdt. ksrp battalions bengaluru city 08378-255966"
KSP0651,"Asst. Commdt., X-BN",Asst. Commdt.,"Asst. Commdt., X-BN",KSRP Battalions,Bengaluru City,,,9480805859,,"asst. commdt., x-bn asst. commdt. ksrp battalions bengaluru city 9480805859"
KSP0652,"Asst. Commdt., X-BN",Asst. Commdt.,"Asst. Commdt., X-BN",KSRP Battalions,Bengaluru City,,,9480805860,,"asst. commdt., x-bn asst. commdt. ksrp battalions bengaluru city 9480805860"
KSP0653,"X-BN KSRP, C/Room SHIGGAON-HAVERI",,"X-BN KSRP, C/Room SHIGGAON-HAVERI",KSRP Battalions,Haveri,,,08378-255955,ksrpcr10bn@ksp.gov.in,"x-bn ksrp, c/room shiggaon-haveri ksrp battalions haveri 08378-255955 ksrpcr10bn@ksp.gov.in"
KSP0654,"Commdt., XI-BN, Hassan",Commdt.,"Commdt., XI-BN, Hassan",KSRP Battalions,Hassan,,,08172-295031,cmdt11bn@ksp.gov.in,"commdt., xi-bn, hassan commdt. ksrp battalions hassan 08172-295031 cmdt11bn@ksp.gov.in"
KSP0655,"Dy. Commdt., XI-BN",Dy. Commdt.,"Dy. Commdt., XI-BN",KSRP Battalions,Bengaluru City,,,08172-200781,,"dy. commdt., xi-bn dy. commdt. ksrp battalions bengaluru city 08172-200781"
KSP0656,"Asst. Commdt., XI-BN",Asst. Commdt.,"Asst. Commdt., XI-BN",KSRP Battalions,Bengaluru City,,,9480805862,,"asst. commdt., xi-bn asst. commdt. ksrp battalions bengaluru city 9480805862"
KSP0657,"Asst. Commdt., XI-BN",Asst. Commdt.,"Asst. Commdt., XI-BN",KSRP Battalions,Bengaluru City,,,9480805865,,"asst. commdt., xi-bn asst. commdt. ksrp battalions bengaluru city 9480805865"
KSP0658,"XI-BN KSRP, C/Room HASSAN",,"XI-BN KSRP, C/Room HASSAN",KSRP Battalions,Hassan,,,08172-250017,ksrpcr11bn@ksp.gov.in,"xi-bn ksrp, c/room hassan ksrp battalions hassan 08172-250017 ksrpcr11bn@ksp.gov.in"
KSP0659,"Commdt., XII-BN",Commdt.,"Commdt., XII-BN, Tumkur",KSRP Battalions,Bengaluru City,,,08138-200590,cmdt12bn@ksp.gov.in,"commdt., xii-bn commdt. commdt., xii-bn, tumkur ksrp battalions bengaluru city 08138-200590 cmdt12bn@ksp.gov.in"
KSP0660,"Dy. Commdt., XII-BN",Dy. Commdt.,"Dy. Commdt., XII-BN",KSRP Battalions,Bengaluru City,,,9480800844,,"dy. commdt., xii-bn dy. commdt. ksrp battalions bengaluru city 9480800844"
KSP0661,"Asst. Commdt., XII-BN",Asst. Commdt.,"Asst. Commdt., XII-BN",KSRP Battalions,Bengaluru City,,,9480801581,,"asst. commdt., xii-bn asst. commdt. ksrp battalions bengaluru city 9480801581"
KSP0662,AAO XII-BN,AAO,XII-BN,KSRP Battalions,Bengaluru City,,,08138-200585,,aao xii-bn aao xii-bn ksrp battalions bengaluru city 08138-200585
KSP0663,"XII-BN KSRP, C/Room TUMAKUR",,"XII-BN KSRP, C/Room TUMAKUR",KSRP Battalions,Bengaluru City,,,08138-200580,ksrpcr12bn@ksp.gov.in,"xii-bn ksrp, c/room tumakur ksrp battalions bengaluru city 08138-200580 ksrpcr12bn@ksp.gov.in"
KSP0664,DIGP IRB AVATHI ZONE,DIGP,IRB AVATHI ZONE,IRB,,,,9480800829,,digp irb avathi zone digp irb avathi zone irb 9480800829
KSP0665,"Commdt., IRB, AVATI-KUDUGURKI, BENGALURU URBAN",Commdt.,"Commdt., IRB, AVATI-KUDUGURKI, BENGALURU URBAN",IRB,Bengaluru City,,,9448065817,irbavathi@ksp.gov.in,"commdt., irb, avati-kudugurki, bengaluru urban commdt. irb bengaluru city 9448065817 irbavathi@ksp.gov.in"
KSP0666,"Commdt., IRB, KGF",Commdt.,"Commdt., IRB, KGF",IRB,,,,9448787714,irbkgf@ksp.gov.in,"commdt., irb, kgf commdt. irb 9448787714 irbkgf@ksp.gov.in"
KSP0667,"DIGP IRB, MUNIRABAD ZONE",DIGP,"IRB, MUNIRABAD ZONE",IRB,,,,9480805991,digpirbm@gmail.com,"digp irb, munirabad zone digp irb, munirabad zone irb 9480805991 digpirbm@gmail.com"
KSP0668,"Commdt., IRB, Munirabad",Commdt.,"Commdt., IRB, Munirabad",IRB,,,,9480805812,cmdtirb@ksp.gov.in,"commdt., irb, munirabad commdt. irb 9480805812 cmdtirb@ksp.gov.in"
KSP0669,"Commdt., IRB",Commdt.,"Commdt., IRB, Vijayapura",IRB,Vijayapura,,,08352-295001,cmdtirbbjp@ksp.gov.in,"commdt., irb commdt. commdt., irb, vijayapura irb vijayapura 08352-295001 cmdtirbbjp@ksp.gov.in"
KSP0670,"SP KSRP, Training School, Munirabad",SP,"KSRP, Training School, Munirabad",IRB,,,,9480804286,ksrpts@ksp.gov.in,"sp ksrp, training school, munirabad sp ksrp, training school, munirabad irb 9480804286 ksrpts@ksp.gov.in"
KSP0671,Secretary SPORTI,Secretary,SPORTI,SPORTI,,,,9480805801,sportikarnataka@gmail.com,secretary sporti secretary sporti 9480805801 sportikarnataka@gmail.com
KSP0672,"Asst. Commdt., KSRP",Asst. Commdt.,"Asst. Commdt., KSRP",SPORTI,,,,080-22942137,sportikarnataka@gmail.com,"asst. commdt., ksrp asst. commdt. sporti 080-22942137 sportikarnataka@gmail.com"
KSP0673,"KSRP, SPORTI-2",,"KSRP, SPORTI-2",SPORTI,,,,080-22942634,sporti2gov@gmail.com,"ksrp, sporti-2 sporti 080-22942634 sporti2gov@gmail.com"
KSP0674,JUNIOR POLICE OFFICER,,JUNIOR POLICE OFFICER,SPORTI,,,,9480805885,,junior police officer sporti 9480805885
KSP0675,"JUNIOR POLICE OFFICER’S MESS, RECEPTION",,"JUNIOR POLICE OFFICER’S MESS, RECEPTION",SPORTI,,,,080-22943137,jpomess1234@gmail.com,"junior police officer’s mess, reception sporti 080-22943137 jpomess1234@gmail.com"
KSP0676,Chairman,,Chairman,K State Sports PCB,,,,080-22213351,kspspb@ksp.gov.in,chairman k state sports pcb 080-22213351 kspspb@ksp.gov.in
KSP0677,Secretary,Secretary,,K State Sports PCB,,,,080-22942247,igpksrp@ksp.gov.in,secretary k state sports pcb 080-22942247 igpksrp@ksp.gov.in
KSP0678,Asst. Secretary,,Asst. Secretary,K State Sports PCB,,,,080-25532332,cmdt3bn@ksp.gov.in,asst. secretary k state sports pcb 080-25532332 cmdt3bn@ksp.gov.in
KSP0679,Sports Officer,,Sports Officer,K State Sports PCB,,,,080-22943550,kspspb@ksp.gov.in,sports officer k state sports pcb 080-22943550 kspspb@ksp.gov.in
KSP0680,Sports Section (Chief Office),,Sports Section (Chief Office),HQ,,,,080-22943599,kspspb@ksp.gov.in,sports section (chief office) hq 080-22943599 kspspb@ksp.gov.in
KSP0681,ADGP CL & M,ADGP,CL & M,HQ,,,,080-22863286,adgpclm@ksp.gov.in,adgp cl & m adgp cl & m hq 080-22863286 adgpclm@ksp.gov.in
KSP0682,DIGP WIRELESS,DIGP,WIRELESS,CL &M,,,,080-22864626,digpwireless@ksp.gov.in,digp wireless digp wireless cl &m 080-22864626 digpwireless@ksp.gov.in
KSP0683,SP Wireless,SP,Wireless,CL &M,,,,080-22942324,spwireless@ksp.gov.in,sp wireless sp wireless cl &m 080-22942324 spwireless@ksp.gov.in
KSP0684,SP MTO,SP,MTO,HQ,,,,080-22862186,spmto@ksp.gov.in,sp mto sp mto hq 080-22862186 spmto@ksp.gov.in
KSP0685,DCP(W),DCP,"DCP(W), Bengaluru City",CL &M,Bengaluru City,,,080-22942338,dcpcontrol@ksp.gov.in,"dcp(w) dcp dcp(w), bengaluru city cl &m bengaluru city 080-22942338 dcpcontrol@ksp.gov.in"
KSP0686,SP(W) PI Railway SBC BLURU,SP (W),PI Railway SBC BLURU,Railways,UNKNOWN,,,080-22942334,crdgcontrol@ksp.gov.in,sp(w) pi railway sbc bluru sp (w) pi railway sbc bluru railways unknown 080-22942334 crdgcontrol@ksp.gov.in
KSP0687,"DySP (W) Crypto & Training, KSPWTS",DySP (W),"Crypto & Training, KSPWTS Bengaluru",CL &M,Bengaluru City,,,080-22942757,kspwtraining@gmail.com,"dysp (w) crypto & training, kspwts dysp (w) crypto & training, kspwts bengaluru cl &m bengaluru city 080-22942757 kspwtraining@gmail.com"
KSP0688,DySP(W) HQ,DySP (W),HQ,CL &M,,,,080-22943530,,dysp(w) hq dysp (w) hq cl &m 080-22943530
KSP0689,DySP(W) Tech,DySP (W),Tech,CL &M,,,,080-22942625,,dysp(w) tech dysp (w) tech cl &m 080-22942625
KSP0690,ACP(W) ACP (W) City C/Room,ACP (W),ACP (W) City C/Room,HQ,Mysuru City,,,0821-2418542,,acp(w) acp (w) city c/room acp (w) acp (w) city c/room hq mysuru city 0821-2418542
KSP0691,DySP(W) DSP Wireless South Zone,DySP (W),DSP Wireless South Zone,Wireless,Mysuru,,,0821-2418572,,dysp(w) dsp wireless south zone dysp (w) dsp wireless south zone wireless mysuru 0821-2418572
KSP0692,ACP(W) PI Wireless,ACP (W),PI Wireless,Wireless,Hubballi-Dharwad City,,,0836-2233421,,acp(w) pi wireless acp (w) pi wireless wireless hubballi-dharwad city 0836-2233421
KSP0693,DySP(W) Central Zone,DySP (W),Central Zone Bengaluru,CL &M,Bengaluru City,,,080-22942332,,dysp(w) central zone dysp (w) central zone bengaluru cl &m bengaluru city 080-22942332
KSP0694,DySP(W) Check & Monitoring,DySP (W),Check & Monitoring,CL &M,,,,080-22943521,dyspwcheckoffice@ksp.gov.in,dysp(w) check & monitoring dysp (w) check & monitoring cl &m 080-22943521 dyspwcheckoffice@ksp.gov.in
KSP0695,ACP(W) C/Room,ACP (W),C/Room Bengaluru City,HQ,Bengaluru City,,,080-22200914,,acp(w) c/room acp (w) c/room bengaluru city hq bengaluru city 080-22200914
KSP0696,DySP(W) North Zone,DySP (W),North Zone Belagavi,CL &M,Belagavi,,,9480800910,dspwnzbgm@gmail.com,dysp(w) north zone dysp (w) north zone belagavi cl &m belagavi 9480800910 dspwnzbgm@gmail.com
KSP0697,DySP(W) DGP C/Room,DySP (W),DGP C/Room,HQ,,,,080-22943432,crdgcontrol@ksp.gov.in,dysp(w) dgp c/room dysp (w) dgp c/room hq 080-22943432 crdgcontrol@ksp.gov.in
KSP0698,PI (W) Check Office,PI (W),Check Office,CL &M,,,,080-22942329,kspwco@ksp.gov.in,pi (w) check office pi (w) check office cl &m 080-22942329 kspwco@ksp.gov.in
KSP0699,PI (W) Monitoring,PI (W),Monitoring,CL &M,,,,9480800922,kspwmon@ksp.gov.in,pi (w) monitoring pi (w) monitoring cl &m 9480800922 kspwmon@ksp.gov.in
KSP0700,PI (W) CWS,PI (W),CWS,CL &M,,,,080-22942327,piwcws@ksp.gov.in,pi (w) cws pi (w) cws cl &m 080-22942327 piwcws@ksp.gov.in
KSP0701,PI (W) CTS,PI (W),CTS,CL &M,,,,080-22942330,piwcts@ksp.gov.in,pi (w) cts pi (w) cts cl &m 080-22942330 piwcts@ksp.gov.in
KSP0702,ERSS – EMERGENCY RESPONSE SUPPORT SYSTEM – 112,,ERSS – EMERGENCY RESPONSE SUPPORT SYSTEM – 112,CL &M,,,,080-22940112,,erss – emergency response support system – 112 cl &m 080-22940112
KSP0703,INDIAN CYBER CRIME CO-ORDINATION CENTRE (I4C) IN KARNATAKA,,INDIAN CYBER CRIME CO-ORDINATION CENTRE (I4C) IN KARNATAKA,CL &M,,,,9364881601,,indian cyber crime co-ordination centre (i4c) in karnataka cl &m 9364881601
KSP0704,AAO,AAO,,CL &M,,,,080-22942328,aao.dgpclm@ksp.gov.in,aao cl &m 080-22942328 aao.dgpclm@ksp.gov.in
KSP0705,"SS to Wireless, Radio Grid Office",,"SS to Wireless, Radio Grid Office",CL &M,,,,080-22942639,kspwadminoffice@ksp.gov.in,"ss to wireless, radio grid office cl &m 080-22942639 kspwadminoffice@ksp.gov.in"
KSP0706,PA ADGP CL&M,PA,ADGP CL&M,HQ,,,,080-22942112,adgpclm@ksp.gov.in,pa adgp cl&m pa adgp cl&m hq 080-22942112 adgpclm@ksp.gov.in
KSP0707,PA SP (W),PA,SP (W),CL &M,,,,080-22942324,,pa sp (w) pa sp (w) cl &m 080-22942324
KSP0708,M.T. SECTION (Motor Transportation),,M.T. SECTION (Motor Transportation),HQ,,,,080-22942737,,m.t. section (motor transportation) hq 080-22942737
KSP0709,SIGNAL OFFICE,,SIGNAL OFFICE,CL &M,,,,080-22942803,kspwsignaloffice@ksp.gov.in,signal office cl &m 080-22942803 kspwsignaloffice@ksp.gov.in
KSP0710,DGP DCRE,DGP,DCRE,HQ,Bengaluru City,,,080-22258949,adgpcre@ksp.gov.in,dgp dcre dgp dcre hq bengaluru city 080-22258949 adgpcre@ksp.gov.in
KSP0711,DIGP RPI Company,DIGP,RPI Company,CAR,Belagavi,,,080-22374163,igpcre@ksp.gov.in,digp rpi company digp rpi company car belagavi 080-22374163 igpcre@ksp.gov.in
KSP0712,SP DGP Office,SP,DGP Office,HQ,HQ,,,080-22266891,sphqdcre@ksp.gov.in,sp dgp office sp dgp office hq 080-22266891 sphqdcre@ksp.gov.in
KSP0713,SP DGP Office,SP,DGP Office,HQ,HQ,,,080-22268003,spadmindcre@ksp.gov.in,sp dgp office sp dgp office hq 080-22268003 spadmindcre@ksp.gov.in
KSP0714,DGP Office,,DGP Office,HQ,HQ,,,9480806113,,dgp office hq 9480806113
KSP0715,DySP DCRE HQ,DySP,PS DCRE HQ,DCRE,Bengaluru City,,,080-22265794,hqpsdcre@ksp.gov.in,dysp dcre hq dysp ps dcre hq dcre bengaluru city 080-22265794 hqpsdcre@ksp.gov.in
KSP0716,PI DCRE HQ,PI,DCRE HQ PS,DCRE,Bengaluru City,,,080-22268002,,pi dcre hq pi dcre hq ps dcre bengaluru city 080-22268002
KSP0717,PSI DCRE HQ,PSI,DCRE HQ PS,DCRE,Bengaluru City,,,9480806116,,psi dcre hq psi dcre hq ps dcre bengaluru city 9480806116
KSP0718,PI MTO,PI,MTO,HQ,HQ,,,9480806117,,pi mto pi mto hq 9480806117
KSP0719,PI WIRELESS,PI,WIRELESS,DCRE,HQ,,,9480806118,,pi wireless pi wireless dcre hq 9480806118
KSP0720,C/Room,,C/Room,HQ,HQ,,,080-22268001,dcrehqcontrolroom@ksp.gov.in,c/room hq 080-22268001 dcrehqcontrolroom@ksp.gov.in
KSP0721,AO DGP Office,AO,DGP Office,HQ,HQ,,,080-22260827,aohqdcre@ksp.gov.in,ao dgp office ao dgp office hq 080-22260827 aohqdcre@ksp.gov.in
KSP0722,SECTION SUPERINTENDENT,,SECTION SUPERINTENDENT,DCRE,Bengaluru City,,,,ss1hqdcre@ksp.gov.in,section superintendent dcre bengaluru city ss1hqdcre@ksp.gov.in
KSP0723,SYSTEM ADMIN DCRE HQ,,SYSTEM ADMIN DCRE HQ,HQ,Bengaluru City,,,9480806120,,system admin dcre hq hq bengaluru city 9480806120
KSP0724,SP Range Office,SP,Range Office,DCRE,Bengaluru City,,,080-29910753,spbngcitydcre@ksp.gov.in,sp range office sp range office dcre bengaluru city 080-29910753 spbngcitydcre@ksp.gov.in
KSP0725,City West,,PS City West,DCRE,Bengaluru City,,,080-29910763,bngeastpsdcre@ksp.gov.in,city west ps city west dcre bengaluru city 080-29910763 bngeastpsdcre@ksp.gov.in
KSP0726,DySP City East,DySP,PS City East,DCRE,Bengaluru City,,,9480806121,,dysp city east dysp ps city east dcre bengaluru city 9480806121
KSP0727,PI DCRE  Bengaluru East,PI,DCRE PS Bengaluru East,DCRE,Bengaluru City,,,9480806122,,pi dcre  bengaluru east pi dcre ps bengaluru east dcre bengaluru city 9480806122
KSP0728,PSI DCRE  Bengaluru East,PSI,DCRE PS Bengaluru East,DCRE,Bengaluru City,,,9480806123,,psi dcre  bengaluru east psi dcre ps bengaluru east dcre bengaluru city 9480806123
KSP0729,Range Office,,Range Office,DCRE,Bengaluru City,,,080-29910793,bngwestpsdcre@ksp.gov.in,range office dcre bengaluru city 080-29910793 bngwestpsdcre@ksp.gov.in
KSP0730,DySP City West,DySP,PS City West,DCRE,Bengaluru City,,,9480806124,,dysp city west dysp ps city west dcre bengaluru city 9480806124
KSP0731,PI DCRE  Bengaluru West,PI,DCRE PS Bengaluru West,DCRE,Bengaluru City,,,9480806125,,pi dcre  bengaluru west pi dcre ps bengaluru west dcre bengaluru city 9480806125
KSP0732,PSI DCRE  Bengaluru West,PSI,DCRE PS Bengaluru West,DCRE,Bengaluru City,,,9480806126,,psi dcre  bengaluru west psi dcre ps bengaluru west dcre bengaluru city 9480806126
KSP0733,SP Range Office,SP,Range Office,DCRE,Central,,,080-29910724,spcrdcre@ksp.gov.in,sp range office sp range office dcre central 080-29910724 spcrdcre@ksp.gov.in
KSP0734,Bengaluru Rural,,PS Bengaluru Rural,DCRE,Central,,,080-29910723,sscrdcre@ksp.gov.in,bengaluru rural ps bengaluru rural dcre central 080-29910723 sscrdcre@ksp.gov.in
KSP0735,DySP Bengaluru Rural,DySP,PS Bengaluru Rural,DCRE,Central,,,9480806127,,dysp bengaluru rural dysp ps bengaluru rural dcre central 9480806127
KSP0736,PI DCRE  Bengaluru Rural,PI,DCRE PS Bengaluru Rural,DCRE,Bengaluru Rural,,,9480806128,,pi dcre  bengaluru rural pi dcre ps bengaluru rural dcre bengaluru rural 9480806128
KSP0737,PSI DCRE  Bengaluru Rural,PSI,DCRE PS Bengaluru Rural,DCRE,Bengaluru Rural,,,9480806129,,psi dcre  bengaluru rural psi dcre ps bengaluru rural dcre bengaluru rural 9480806129
KSP0738,Kolar,,PS Kolar,DCRE,Central,,,08152-221647,klrpsdcre@ksp.gov.in,kolar ps kolar dcre central 08152-221647 klrpsdcre@ksp.gov.in
KSP0739,DySP Kolar,DySP,PS Kolar,DCRE,Central,,,9480806130,,dysp kolar dysp ps kolar dcre central 9480806130
KSP0740,PSI DCRE  Kolar,PSI,DCRE PS Kolar,DCRE,Kolar,,,9480806131,,psi dcre  kolar psi dcre ps kolar dcre kolar 9480806131
KSP0741,Tumkur,,PS Tumkur,DCRE,Central,,,0816-2260824,tkrpsdcre@ksp.gov.in,tumkur ps tumkur dcre central 0816-2260824 tkrpsdcre@ksp.gov.in
KSP0742,DySP,DySP,PS Tumkur,DCRE,Central,,,9480806132,,dysp ps tumkur dcre central 9480806132
KSP0743,PI DCRE,PI,DCRE PS Tumakuru,DCRE,Tumakuru,,,9480806133,,pi dcre pi dcre ps tumakuru dcre tumakuru 9480806133
KSP0744,Ramanagar,,PS Ramanagar,DCRE,Central,,,080-29911891,rmnpsdcre@ksp.gov.in,ramanagar ps ramanagar dcre central 080-29911891 rmnpsdcre@ksp.gov.in
KSP0745,DySP Ramanagar,DySP,PS Ramanagar,DCRE,Central,,,9480806134,,dysp ramanagar dysp ps ramanagar dcre central 9480806134
KSP0746,PSI DCRE  Ramanagara,PSI,DCRE PS Ramanagara,DCRE,Ramanagara,,,9480806135,,psi dcre  ramanagara psi dcre ps ramanagara dcre ramanagara 9480806135
KSP0747,Chikkaballapura,,PS Chikkaballapura,DCRE,Central,,,08156-272733,cbppsdcre@ksp.gov.in,chikkaballapura ps chikkaballapura dcre central 08156-272733 cbppsdcre@ksp.gov.in
KSP0748,PI Chikkaballapura,PI,PS Chikkaballapura,DCRE,Central,,,9480806136,,pi chikkaballapura pi ps chikkaballapura dcre central 9480806136
KSP0749,PSI DCRE  Chikkaballapur,PSI,DCRE PS Chikkaballapur,DCRE,Bengaluru City,,,9480806137,,psi dcre  chikkaballapur psi dcre ps chikkaballapur dcre bengaluru city 9480806137
KSP0750,SP Mysuru,SP,PS Mysuru,DCRE,Southern,,,0821-2344970,spsrdcre@ksp.gov.in,sp mysuru sp ps mysuru dcre southern 0821-2344970 spsrdcre@ksp.gov.in
KSP0751,Mysuru,,PS Mysuru,DCRE,Southern,,,0821-2344970,mycpsdcre@ksp.gov.in,mysuru ps mysuru dcre southern 0821-2344970 mycpsdcre@ksp.gov.in
KSP0752,DySP,DySP,PS Mysuru,DCRE,Southern,,,9480806138,,dysp ps mysuru dcre southern 9480806138
KSP0753,PSI DCRE,PSI,DCRE PS Mysuru,DCRE,Mysuru,,,9480806139,,psi dcre psi dcre ps mysuru dcre mysuru 9480806139
KSP0754,Hassan,,PS Hassan,DCRE,Southern,,,08172-200023,hsnpsdcre@ksp.gov.in,hassan ps hassan dcre southern 08172-200023 hsnpsdcre@ksp.gov.in
KSP0755,DySP Hassan,DySP,PS Hassan,DCRE,Southern,,,9480806140,,dysp hassan dysp ps hassan dcre southern 9480806140
KSP0756,PSI DCRE  Hassan,PSI,DCRE PS Hassan,DCRE,Hassan,,,9480806141,,psi dcre  hassan psi dcre ps hassan dcre hassan 9480806141
KSP0757,Mandya,,PS Mandya,DCRE,Southern,,,08232-230703,mdypsdcre@ksp.gov.in,mandya ps mandya dcre southern 08232-230703 mdypsdcre@ksp.gov.in
KSP0758,PI Mandya,PI,PS Mandya,DCRE,Southern,,,9480806142,,pi mandya pi ps mandya dcre southern 9480806142
KSP0759,PSI DCRE  Mandya,PSI,DCRE PS Mandya,DCRE,Mandya,,,9480806143,,psi dcre  mandya psi dcre ps mandya dcre mandya 9480806143
KSP0760,Chamarajanagar,,PS Chamarajanagar,DCRE,Southern,,,08226-224122,chnpsdcre@ksp.gov.in,chamarajanagar ps chamarajanagar dcre southern 08226-224122 chnpsdcre@ksp.gov.in
KSP0761,PI Chamarajanagar,PI,PS Chamarajanagar,DCRE,Southern,,,9480806144,,pi chamarajanagar pi ps chamarajanagar dcre southern 9480806144
KSP0762,PSI DCRE  Chamarajanagara,PSI,DCRE PS Chamarajanagara,DCRE,Chamarajanagara,,,9480806145,,psi dcre  chamarajanagara psi dcre ps chamarajanagara dcre chamarajanagara 9480806145
KSP0763,Kodagu,,PS Kodagu,DCRE,Southern,,,08272-221050,mcrpsdcre@ksp.gov.in,kodagu ps kodagu dcre southern 08272-221050 mcrpsdcre@ksp.gov.in
KSP0764,PI Kodagu,PI,PS Kodagu,DCRE,Southern,,,9480806146,,pi kodagu pi ps kodagu dcre southern 9480806146
KSP0765,PSI DCRE  Kodagu,PSI,DCRE PS Kodagu,DCRE,Kodagu,,,9480806147,,psi dcre  kodagu psi dcre ps kodagu dcre kodagu 9480806147
KSP0766,SP Range Office,SP,Range Office,DCRE,Northern,,,0831-2453802,spnrdcre@ksp.gov.in,sp range office sp range office dcre northern 0831-2453802 spnrdcre@ksp.gov.in
KSP0767,Belagavi,,PS Belagavi,DCRE,Northern,,,0831-2453802,bgmpsdcre@ksp.gov.in,belagavi ps belagavi dcre northern 0831-2453802 bgmpsdcre@ksp.gov.in
KSP0768,PI Belagavi,PI,PS Belagavi,DCRE,Northern,,,9480806148,,pi belagavi pi ps belagavi dcre northern 9480806148
KSP0769,PSI DCRE,PSI,DCRE PS Belagavi,DCRE,Belagavi,,,9480806149,,psi dcre psi dcre ps belagavi dcre belagavi 9480806149
KSP0770,Bagalkot,,PS Bagalkot,DCRE,Northern,,,08354-295768,bgkpsdcre@ksp.gov.in,bagalkot ps bagalkot dcre northern 08354-295768 bgkpsdcre@ksp.gov.in
KSP0771,PI Bagalkot,PI,PS Bagalkot,DCRE,Northern,,,9480806150,,pi bagalkot pi ps bagalkot dcre northern 9480806150
KSP0772,PSI DCRE  Bagalkote,PSI,DCRE PS Bagalkote,DCRE,Bengaluru City,,,9480806151,,psi dcre  bagalkote psi dcre ps bagalkote dcre bengaluru city 9480806151
KSP0773,Dharwad,,PS Dharwad,DCRE,Northern,,,0836-2445580,dwdpsdcre@ksp.gov.in,dharwad ps dharwad dcre northern 0836-2445580 dwdpsdcre@ksp.gov.in
KSP0774,PI Dharwad,PI,PS Dharwad,DCRE,Northern,,,9480806152,,pi dharwad pi ps dharwad dcre northern 9480806152
KSP0775,PSI DCRE,PSI,DCRE PS Dharwad,DCRE,Dharwad,,,9480806153,,psi dcre psi dcre ps dharwad dcre dharwad 9480806153
KSP0776,Gadag,,PS Gadag,DCRE,Northern,,,08372-200223,gdgpsdcre@ksp.gov.in,gadag ps gadag dcre northern 08372-200223 gdgpsdcre@ksp.gov.in
KSP0777,PI Gadag,PI,PS Gadag,DCRE,Northern,,,9480806154,,pi gadag pi ps gadag dcre northern 9480806154
KSP0778,PSI DCRE  Gadag,PSI,DCRE PS Gadag,DCRE,Gadag,,,9480806155,,psi dcre  gadag psi dcre ps gadag dcre gadag 9480806155
KSP0779,Vijayapura,,PS Vijayapura,DCRE,Northern,,,08352-200150,vjppsdcre@ksp.gov.in,vijayapura ps vijayapura dcre northern 08352-200150 vjppsdcre@ksp.gov.in
KSP0780,DySP,DySP,PS Vijayapura,DCRE,Northern,,,9480806156,,dysp ps vijayapura dcre northern 9480806156
KSP0781,PSI DCRE,PSI,DCRE PS Vijayapura,DCRE,Vijayapura,,,9480806157,,psi dcre psi dcre ps vijayapura dcre vijayapura 9480806157
KSP0782,SP Range Office,SP,Range Office,DCRE,Eastern,,,08192-259574,sperdcre@ksp.gov.in,sp range office sp range office dcre eastern 08192-259574 sperdcre@ksp.gov.in
KSP0783,Shivamogga,,PS Shivamogga,DCRE,Eastern,,,08182-200788,shipsdcre@ksp.gov.in,shivamogga ps shivamogga dcre eastern 08182-200788 shipsdcre@ksp.gov.in
KSP0784,DySP,DySP,PS Shivamogga,DCRE,Eastern,,,9480806158,,dysp ps shivamogga dcre eastern 9480806158
KSP0785,PSI DCRE,PSI,DCRE PS Shivamogga,DCRE,Shivamogga,,,9480806159,,psi dcre psi dcre ps shivamogga dcre shivamogga 9480806159
KSP0786,DCRE  Chitradurga,,DCRE PS Chitradurga,DCRE,Chitradurga,,,08194-231217,ctapsdcre@ksp.gov.in,dcre  chitradurga dcre ps chitradurga dcre chitradurga 08194-231217 ctapsdcre@ksp.gov.in
KSP0787,PI Chitradurga,PI,PS Chitradurga,DCRE,Eastern,,,9480806160,,pi chitradurga pi ps chitradurga dcre eastern 9480806160
KSP0788,PSI DCRE  Chitradurga,PSI,DCRE PS Chitradurga,DCRE,Chitradurga,,,9480806161,,psi dcre  chitradurga psi dcre ps chitradurga dcre chitradurga 9480806161
KSP0789,Davanagere,,PS Davanagere,DCRE,Eastern,,,08192-259575,dvgpsdcre@ksp.gov.in,davanagere ps davanagere dcre eastern 08192-259575 dvgpsdcre@ksp.gov.in
KSP0790,PI Davanagere,PI,PS Davanagere,DCRE,Eastern,,,9480806162,,pi davanagere pi ps davanagere dcre eastern 9480806162
KSP0791,PSI DCRE,PSI,DCRE PS Davanagere,DCRE,Davanagere,,,9480806163,,psi dcre psi dcre ps davanagere dcre davanagere 9480806163
KSP0792,Haveri,,PS Haveri,DCRE,Eastern,,,08375-200867,hvrpsdcre@ksp.gov.in,haveri ps haveri dcre eastern 08375-200867 hvrpsdcre@ksp.gov.in
KSP0793,PI Haveri,PI,PS Haveri,DCRE,Eastern,,,9480806164,,pi haveri pi ps haveri dcre eastern 9480806164
KSP0794,PSI DCRE  Haveri,PSI,DCRE PS Haveri,DCRE,Haveri,,,9480806165,,psi dcre  haveri psi dcre ps haveri dcre haveri 9480806165
KSP0795,SP Range Office,SP,Range Office,DCRE,Western,,,0824-2453644,spwrdcre@ksp.gov.in,sp range office sp range office dcre western 0824-2453644 spwrdcre@ksp.gov.in
KSP0796,DCRE  Dakshina Kannada,,DCRE PS Dakshina Kannada,DCRE,Dakshina Kannada,,,0824-2003644,dkpsdcre@ksp.gov.in,dcre  dakshina kannada dcre ps dakshina kannada dcre dakshina kannada 0824-2003644 dkpsdcre@ksp.gov.in
KSP0797,PI Dakshina Kannada,PI,PS Dakshina Kannada,DCRE,Western,,,9480806166,,pi dakshina kannada pi ps dakshina kannada dcre western 9480806166
KSP0798,PSI DCRE  Dakshina Kannada,PSI,DCRE PS Dakshina Kannada,DCRE,Dakshina Kannada,,,9480806167,,psi dcre  dakshina kannada psi dcre ps dakshina kannada dcre dakshina kannada 9480806167
KSP0799,Uttara Kannada,,PS Uttara Kannada,DCRE,Western,,,08382-221214,ukpsdcre@ksp.gov.in,uttara kannada ps uttara kannada dcre western 08382-221214 ukpsdcre@ksp.gov.in
KSP0800,PI Uttara Kannada,PI,PS Uttara Kannada,DCRE,Western,,,9480806168,,pi uttara kannada pi ps uttara kannada dcre western 9480806168
KSP0801,PSI DCRE  Uttara Kannada,PSI,DCRE PS Uttara Kannada,DCRE,Uttara Kannada,,,9480806169,,psi dcre  uttara kannada psi dcre ps uttara kannada dcre uttara kannada 9480806169
KSP0802,Udupi,,PS Udupi,DCRE,Western,,,0820-2003644,udppsdcre@ksp.gov.in,udupi ps udupi dcre western 0820-2003644 udppsdcre@ksp.gov.in
KSP0803,PI Udupi,PI,PS Udupi,DCRE,Western,,,9480806170,,pi udupi pi ps udupi dcre western 9480806170
KSP0804,PSI DCRE  Udupi,PSI,DCRE PS Udupi,DCRE,Udupi,,,9480806171,,psi dcre  udupi psi dcre ps udupi dcre udupi 9480806171
KSP0805,Chikmagalur,,PS Chikmagalur,DCRE,Western,,,08262-232335,ckmpsdcre@ksp.gov.in,chikmagalur ps chikmagalur dcre western 08262-232335 ckmpsdcre@ksp.gov.in
KSP0806,PI Chikmagalur,PI,PS Chikmagalur,DCRE,Western,,,9480806172,,pi chikmagalur pi ps chikmagalur dcre western 9480806172
KSP0807,PSI DCRE  Chikkamagaluru,PSI,DCRE PS Chikkamagaluru,DCRE,Chikkamagaluru,,,9480806173,,psi dcre  chikkamagaluru psi dcre ps chikkamagaluru dcre chikkamagaluru 9480806173
KSP0808,SP Range Office,SP,Range Office,DCRE,Northeastern,,,08472-263647,spnerdcre@ksp.gov.in,sp range office sp range office dcre northeastern 08472-263647 spnerdcre@ksp.gov.in
KSP0809,Kalaburagi,,PS Kalaburagi,DCRE,Northeastern,,,08472-255266,kbcpsdcre@ksp.gov.in,kalaburagi ps kalaburagi dcre northeastern 08472-255266 kbcpsdcre@ksp.gov.in
KSP0810,DySP,DySP,PS Kalaburagi,DCRE,Northeastern,,,9480806174,,dysp ps kalaburagi dcre northeastern 9480806174
KSP0811,PSI DCRE,PSI,DCRE PS Kalaburagi,DCRE,Kalaburagi,,,9480806175,,psi dcre psi dcre ps kalaburagi dcre kalaburagi 9480806175
KSP0812,Yadgir,,PS Yadgir,DCRE,Northeastern,,,08473-200141,ydrpsdcre@ksp.gov.in,yadgir ps yadgir dcre northeastern 08473-200141 ydrpsdcre@ksp.gov.in
KSP0813,PI Yadgir,PI,PS Yadgir,DCRE,Northeastern,,,9480806176,,pi yadgir pi ps yadgir dcre northeastern 9480806176
KSP0814,PSI DCRE  Yadagiri,PSI,DCRE PS Yadagiri,DCRE,Bengaluru City,,,9480806177,,psi dcre  yadagiri psi dcre ps yadagiri dcre bengaluru city 9480806177
KSP0815,Bidar,,PS Bidar,DCRE,Northeastern,,,08482-200988,bdrpsdcre@ksp.gov.in,bidar ps bidar dcre northeastern 08482-200988 bdrpsdcre@ksp.gov.in
KSP0816,PI Bidar,PI,PS Bidar,DCRE,Northeastern,,,9480806178,,pi bidar pi ps bidar dcre northeastern 9480806178
KSP0817,PSI DCRE  Bidar,PSI,DCRE PS Bidar,DCRE,Bidar,,,9480806179,,psi dcre  bidar psi dcre ps bidar dcre bidar 9480806179
KSP0818,SP Range Office,SP,Range Office,DCRE,Ballari,,,08392-299039,spblrdcre@ksp.gov.in,sp range office sp range office dcre ballari 08392-299039 spblrdcre@ksp.gov.in
KSP0819,Ballari,,PS Ballari,DCRE,Ballari,,,08392-299038,blrpsdcre@ksp.gov.in,ballari ps ballari dcre 08392-299038 blrpsdcre@ksp.gov.in
KSP0820,PI Ballari,PI,PS Ballari,DCRE,Ballari,,,9480806180,,pi ballari pi ps ballari dcre ballari 9480806180
KSP0821,PSI DCRE,PSI,DCRE PS Ballari,DCRE,Ballari,,,9480806181,,psi dcre psi dcre ps ballari dcre ballari 9480806181
KSP0822,Raichur,,PS Raichur,DCRE,Ballari,,,08532-230100,rcrpsdcre@ksp.gov.in,raichur ps raichur dcre ballari 08532-230100 rcrpsdcre@ksp.gov.in
KSP0823,PI Raichur,PI,PS Raichur,DCRE,Ballari,,,9480806182,,pi raichur pi ps raichur dcre ballari 9480806182
KSP0824,PSI DCRE  Raichur,PSI,DCRE PS Raichur,DCRE,Raichur,,,9480806183,,psi dcre  raichur psi dcre ps raichur dcre raichur 9480806183
KSP0825,Koppal,,PS Koppal,DCRE,Ballari,,,08539-230227,kplpsdcre@ksp.gov.in,koppal ps koppal dcre ballari 08539-230227 kplpsdcre@ksp.gov.in
KSP0826,PI Koppal,PI,PS Koppal,DCRE,Ballari,,,9480806184,,pi koppal pi ps koppal dcre ballari 9480806184
KSP0827,PSI DCRE  Koppal,PSI,DCRE PS Koppal,DCRE,Koppal,,,9480806185,,psi dcre  koppal psi dcre ps koppal dcre koppal 9480806185
KSP0828,Vijayanagara,,PS Vijayanagara,DCRE,Ballari,,,08394-266100,vjnpsdcre@ksp.gov.in,vijayanagara ps vijayanagara dcre ballari 08394-266100 vjnpsdcre@ksp.gov.in
KSP0829,PI Vijayanagara,PI,PS Vijayanagara,DCRE,Ballari,,,9480806186,,pi vijayanagara pi ps vijayanagara dcre ballari 9480806186
KSP0830,PSI DCRE  Vijayanagar,PSI,DCRE PS Vijayanagar,DCRE,Bengaluru City,,,9480806187,,psi dcre  vijayanagar psi dcre ps vijayanagar dcre bengaluru city 9480806187
KSP0831,DIGP Railways,DIGP,Railways,Railways,UNKNOWN,,,080-22102659,igprly@ksp.gov.in,digp railways digp railways unknown 080-22102659 igprly@ksp.gov.in
KSP0832,SP Railways,SP,Railways,Railways,UNKNOWN,,,080-22942351,sprly@ksp.gov.in,sp railways sp railways unknown 080-22942351 sprly@ksp.gov.in
KSP0833,Railway Police C/Room,,Railway Police C/Room,Railways,,,,080-22942666,dcrly@ksp.gov.in,railway police c/room railways 080-22942666 dcrly@ksp.gov.in
KSP0834,RP C/Room,,RP C/Room,Railways,UNKNOWN,,,080-22871245,,rp c/room railways unknown 080-22871245
KSP0835,AAO,AAO,,Railways,UNKNOWN,,,080-22942843,aaorly@ksp.gov.in,aao railways unknown 080-22942843 aaorly@ksp.gov.in
KSP0836,DySP Railway SBC BLURU,DySP,Railway SBC BLURU,Railways,UNKNOWN,,,080-22872483,sdpoblorerly@ksp.gov.in,dysp railway sbc bluru dysp railway sbc bluru railways unknown 080-22872483 sdpoblorerly@ksp.gov.in
KSP0837,DySP Railway,DySP,Railway Hubli,Railways,Hubballi-Dharwad City,,,0836-2233510,sdpohublirly@ksp.gov.in,dysp railway dysp railway hubli railways hubballi-dharwad city 0836-2233510 sdpohublirly@ksp.gov.in
KSP0838,PI Railway RCB BLURU,PI,Railway RCB BLURU,Railways,UNKNOWN,,,080-22943176,rcrbrly@ksp.gov.in,pi railway rcb bluru pi railway rcb bluru railways unknown 080-22943176 rcrbrly@ksp.gov.in
KSP0839,CPI Railways Cantonment,CPI,"Railways Cantonment, Bengaluru",Railways,Bengaluru City,,,080-22266260,cpiblorecantrly@ksp.gov.in,"cpi railways cantonment cpi railways cantonment, bengaluru railways bengaluru city 080-22266260 cpiblorecantrly@ksp.gov.in"
KSP0840,CPI PI Railway,CPI,PI Railway Mysuru,Railways,Mysuru,,,9480802104,cpimysorerly@ksp.gov.in,cpi pi railway cpi pi railway mysuru railways mysuru 9480802104 cpimysorerly@ksp.gov.in
KSP0841,PI Railway,PI,Railway Mangaluru,Railways,Mangaluru,,,0824-2220559,mangalorerly@ksp.gov.in,pi railway pi railway mangaluru railways mangaluru 0824-2220559 mangalorerly@ksp.gov.in
KSP0842,PI BESCOM,PI,BESCOM,ESCOM,Davanagere,,,08192-259643,davanagererly@ksp.gov.in,pi bescom pi bescom escom davanagere 08192-259643 davanagererly@ksp.gov.in
KSP0843,CPI PI Railway,CPI,PI Railway,Railways,Hubballi-Dharwad City,,,0836-2364751,cpihublirly@ksp.gov.in,cpi pi railway cpi pi railway railways hubballi-dharwad city 0836-2364751 cpihublirly@ksp.gov.in
KSP0844,CPI PI Railway Raichur,CPI,PI Railway Raichur,Railways,Raichur,,,08532-225534,cpiraichurrly@ksp.gov.in,cpi pi railway raichur cpi pi railway raichur railways raichur 08532-225534 cpiraichurrly@ksp.gov.in
KSP0845,"PSI (L&O) SBC, Bangalore City",PSI,"(L&O) SBC, Bangalore City",Railways,Bengaluru City,,,080-22371057,blorecityrly@ksp.gov.in,"psi (l&o) sbc, bangalore city psi (l&o) sbc, bangalore city railways bengaluru city 080-22371057 blorecityrly@ksp.gov.in"
KSP0846,"PSI (Crime) SBC, Bangalore City",PSI,"(Crime) SBC, Bangalore City",Railways,Bengaluru City,,,080-22371057,blorecityrly@ksp.gov.in,"psi (crime) sbc, bangalore city psi (crime) sbc, bangalore city railways bengaluru city 080-22371057 blorecityrly@ksp.gov.in"
KSP0847,"PSI Traffic-1 SBC, Bangalore City",PSI,"Traffic-1 SBC, Bangalore City",Railways,Bengaluru City,,,080-22371057,blorecityrly@ksp.gov.in,"psi traffic-1 sbc, bangalore city psi traffic-1 sbc, bangalore city railways bengaluru city 080-22371057 blorecityrly@ksp.gov.in"
KSP0848,"PSI Traffic-2 SBC, Bangalore City",PSI,"Traffic-2 SBC, Bangalore City",Railways,Bengaluru City,,,080-22371057,blorecityrly@ksp.gov.in,"psi traffic-2 sbc, bangalore city psi traffic-2 sbc, bangalore city railways bengaluru city 080-22371057 blorecityrly@ksp.gov.in"
KSP0849,PSI Railway Yeshwanthapur,PSI,Railway Yeshwanthapur,Railways,UNKNOWN,,,080-23376404,bloreruralrly@ksp.gov.in,psi railway yeshwanthapur psi railway yeshwanthapur railways unknown 080-23376404 bloreruralrly@ksp.gov.in
KSP0850,PSI Railway Yeshwanthapur,PSI,Railway Yeshwanthapur,Railways,UNKNOWN,,,080-23376404,bloreruralrly@ksp.gov.in,psi railway yeshwanthapur psi railway yeshwanthapur railways unknown 080-23376404 bloreruralrly@ksp.gov.in
KSP0851,"PSI (L&O) BNC, Cantonment",PSI,"(L&O) BNC, Cantonment",Railways,,,,080-22266260,blorecantrly@ksp.gov.in,"psi (l&o) bnc, cantonment psi (l&o) bnc, cantonment railways 080-22266260 blorecantrly@ksp.gov.in"
KSP0852,"PSI (Crime) BNC, Cantonment",PSI,"(Crime) BNC, Cantonment",Railways,,,,080-22266260,blorecantrly@ksp.gov.in,"psi (crime) bnc, cantonment psi (crime) bnc, cantonment railways 080-22266260 blorecantrly@ksp.gov.in"
KSP0853,"PSI (L&O), Bayappanahalli",PSI,"(L&O), Bayappanahalli",Railways,,,,080-25460851,byapanahallirly@ksp.gov.in,"psi (l&o), bayappanahalli psi (l&o), bayappanahalli railways 080-25460851 byapanahallirly@ksp.gov.in"
KSP0854,"PSI Traffic, Bayappanahalli",PSI,"Traffic, Bayappanahalli",Railways,,,,080-25460851,byapanahallirly@ksp.gov.in,"psi traffic, bayappanahalli psi traffic, bayappanahalli railways 080-25460851 byapanahallirly@ksp.gov.in"
KSP0855,PSI Railway Banasawadi,PSI,Railway Banasawadi,Railways,UNKNOWN,,,08153-255304,bangarapeterly@ksp.gov.in,psi railway banasawadi psi railway banasawadi railways unknown 08153-255304 bangarapeterly@ksp.gov.in
KSP0856,PSI (L&O),PSI,(L&O) Mysuru,Railways,Mysuru,,,0821-2516879,mysorerly@ksp.gov.in,psi (l&o) psi (l&o) mysuru railways mysuru 0821-2516879 mysorerly@ksp.gov.in
KSP0857,PSI Railway Arsikere,PSI,Railway Arsikere,Railways,Hassan,,,08174-232244,arasikererly@ksp.gov.in,psi railway arsikere psi railway arsikere railways hassan 08174-232244 arasikererly@ksp.gov.in
KSP0858,PSI Railway,PSI,Railway Shivamogga,Railways,Shivamogga,,,08182-222974,shimogarly@ksp.gov.in,psi railway psi railway shivamogga railways shivamogga 08182-222974 shimogarly@ksp.gov.in
KSP0859,PSI PI Railway,PSI,PI Railway Mangaluru,Railways,Mangaluru,,,0824-2220559,mangalorerly@ksp.gov.in,psi pi railway psi pi railway mangaluru railways mangaluru 0824-2220559 mangalorerly@ksp.gov.in
KSP0860,PSI PI Railway Gadag,PSI,PI Railway Gadag,Railways,Gadag,,,08192-259643,davangererly@ksp.gov.in,psi pi railway gadag psi pi railway gadag railways gadag 08192-259643 davangererly@ksp.gov.in
KSP0861,PSI Railway,PSI,Railway Belagavi,Railways,Belagavi,,,0836-2364757,hublirly@ksp.gov.in,psi railway psi railway belagavi railways belagavi 0836-2364757 hublirly@ksp.gov.in
KSP0862,PSI Railway,PSI,Railway Belagavi,Railways,Belagavi,,,0831-2405273,belgaumrly@ksp.gov.in,psi railway psi railway belagavi railways belagavi 0831-2405273 belgaumrly@ksp.gov.in
KSP0863,PSI Railway,PSI,Railway,Railways,Gadag,,,08372-278744,gadagrly@ksp.gov.in,psi railway psi railway railways gadag 08372-278744 gadagrly@ksp.gov.in
KSP0864,PSI RAILWAY,PSI,RAILWAY PS,Railways,Vijayapura,,,08352-250883,bijapurrly@ksp.gov.in,psi railway psi railway ps railways vijayapura 08352-250883 bijapurrly@ksp.gov.in
KSP0865,PSI RAILWAY,PSI,RAILWAY PS,Railways,Vijayapura,,,08352-250883,bijapurrly@ksp.gov.in,psi railway psi railway ps railways vijayapura 08352-250883 bijapurrly@ksp.gov.in
KSP0866,PSI (L&O) Raichur,PSI,(L&O) Raichur,Railways,Raichur,,,08532-231716,raichurrly@ksp.gov.in,psi (l&o) raichur psi (l&o) raichur railways raichur 08532-231716 raichurrly@ksp.gov.in
KSP0867,PSI RAILWAY,PSI,RAILWAY PS,Railways,Ballari,,,08392-276063,bellaryrly@ksp.gov.in,psi railway psi railway ps railways ballari 08392-276063 bellaryrly@ksp.gov.in
KSP0868,PSI PI Railway Wadi,PSI,PI Railway Wadi,Railways,Kalaburagi,,,08476-202244,wadirly@ksp.gov.in,psi pi railway wadi psi pi railway wadi railways kalaburagi 08476-202244 wadirly@ksp.gov.in
KSP0869,PSI Railway Station,PSI,Railway Station,Railways,Bidar,,,08482-226389,bidarrly@ksp.gov.in,psi railway station psi railway station railways bidar 08482-226389 bidarrly@ksp.gov.in
KSP0870,"DIGP & Director, KPA",DIGP,"& Director, KPA",KPA Mys,UNKNOWN,,,0821-2418627,directorkpa@ksp.gov.in,"digp & director, kpa digp & director, kpa kpa mys unknown 0821-2418627 directorkpa@ksp.gov.in"
KSP0871,"Dy. Director, KPA",,"Dy. Director, KPA",KPA Mys,UNKNOWN,,,0821-2564297,ddkpa@ksp.gov.in,"dy. director, kpa kpa mys unknown 0821-2564297 ddkpa@ksp.gov.in"
KSP0872,Asst. Director (ICTs),,Asst. Director (ICTs),KPA Mys,UNKNOWN,,,9480800333,,asst. director (icts) kpa mys unknown 9480800333
KSP0873,Asst. Director (Training),,Asst. Director (Training),KPA Mys,UNKNOWN,,,9480800335,idnodelkpa@ksp.gov.in,asst. director (training) kpa mys unknown 9480800335 idnodelkpa@ksp.gov.in
KSP0874,Asst. Director (Works),,Asst. Director (Works),KPA Mys,UNKNOWN,,,0821-2418629,,asst. director (works) kpa mys unknown 0821-2418629
KSP0875,Asst. Director (Outdoor),,Asst. Director (Outdoor),KPA Mys,UNKNOWN,,,0821-2418633,adoutdoorkpa@ksp.gov.in,asst. director (outdoor) kpa mys unknown 0821-2418633 adoutdoorkpa@ksp.gov.in
KSP0876,"DD, Prosecution",,"DD, Prosecution",KPA Mys,UNKNOWN,,,9480800340,,"dd, prosecution kpa mys unknown 9480800340"
KSP0877,Asst. Director (Mess & Welfare),,Asst. Director (Mess & Welfare),KPA Mys,UNKNOWN,,,0821-2418734,,asst. director (mess & welfare) kpa mys unknown 0821-2418734
KSP0878,Asst. Director (SC),,Asst. Director (SC),KPA Mys,,,,9980128562,,asst. director (sc) kpa mys 9980128562
KSP0879,DD Prosecution-1,,DD Prosecution-1,KPA Mys,,,,9980624374,,dd prosecution-1 kpa mys 9980624374
KSP0880,Asst. Director (Outdoor),,Asst. Director (Outdoor),KPA Mys,UNKNOWN,,,0821-2418630,,asst. director (outdoor) kpa mys unknown 0821-2418630
KSP0881,"CHC, System Admin",,"CHC, System Admin",KPA Mys,UNKNOWN,,,9480806073,kpasysadm@ksp.gov.in,"chc, system admin kpa mys unknown 9480806073 kpasysadm@ksp.gov.in"
KSP0882,Asst. Director (Training),,Asst. Director (Training),KPA Mys,UNKNOWN,,,0821-2418631,,asst. director (training) kpa mys unknown 0821-2418631
KSP0883,AAO,AAO,,KPA Mys,UNKNOWN,,,0821-2418636,kpamyc@ksp.gov.in,aao kpa mys unknown 0821-2418636 kpamyc@ksp.gov.in
KSP0884,Library,,Library,KPA Mys,UNKNOWN,,,0821-2418635,,library kpa mys unknown 0821-2418635
KSP0885,KPA New Mess,,KPA New Mess,KPA Mys,UNKNOWN,,,0821-2418637,,kpa new mess kpa mys unknown 0821-2418637
KSP0886,KPA Guest House,,KPA Guest House,KPA Mys,UNKNOWN,,,0821-2418638,,kpa guest house kpa mys unknown 0821-2418638
KSP0887,Senior Police Officers Hostel (Sangama),,Senior Police Officers Hostel (Sangama),KPA Mys,UNKNOWN,,,0821-2418729,,senior police officers hostel (sangama) kpa mys unknown 0821-2418729
KSP0888,Hoysala & Nethravathi Guest House,,Hoysala & Nethravathi Guest House,KPA Mys,UNKNOWN,,,0821-2418730,,hoysala & nethravathi guest house kpa mys unknown 0821-2418730
KSP0889,SP FPB,SP,"FPB, Bengaluru",FPB,Bengaluru City,,,080-22943590,fpb@ksp.gov.in,"sp fpb sp fpb, bengaluru fpb bengaluru city 080-22943590 fpb@ksp.gov.in"
KSP0890,ACP FPB,ACP,FPB BENGALURU CITY,FPB,Bengaluru City,,,080-22942190,fpubcp@ksp.gov.in,acp fpb acp fpb bengaluru city fpb bengaluru city 080-22942190 fpubcp@ksp.gov.in
KSP0891,DySP FPB ADMIN B'LURU,DySP,FPB ADMIN B'LURU,HQ,UNKNOWN,,,080-22943215,,dysp fpb admin b'luru dysp fpb admin b'luru hq unknown 080-22943215
KSP0892,DySP FPB ADMIN B'LURU,DySP,FPB ADMIN B'LURU,HQ,UNKNOWN,,,9480800478,,dysp fpb admin b'luru dysp fpb admin b'luru hq unknown 9480800478
KSP0893,DySP FPB CENTRAL RANGE,DySP,FPB CENTRAL RANGE BENGALURU,FPB,Bengaluru City,,,080-22942619,,dysp fpb central range dysp fpb central range bengaluru fpb bengaluru city 080-22942619
KSP0894,PI FPB BENGALURU DIST,PI,FPB BENGALURU DIST,FPB,Bengaluru City,,,080-22208393,,pi fpb bengaluru dist pi fpb bengaluru dist fpb bengaluru city 080-22208393
KSP0895,PI FPB,PI,FPB TUMKUR,FPB,Tumakuru,,,9480802910,,pi fpb pi fpb tumkur fpb tumakuru 9480802910
KSP0896,"PI FPB, Kolar",PI,"FPB, Kolar",FPB,Kolar,,,,,"pi fpb, kolar pi fpb, kolar fpb kolar"
KSP0897,DySP FPB EASTERN RANGE,DySP,FPB EASTERN RANGE DAVANAGERE,FPB,Davanagere,,,08192-272001,,dysp fpb eastern range dysp fpb eastern range davanagere fpb davanagere 08192-272001
KSP0898,PI FPB,PI,FPB DAVANAGERE,FPB,Davanagere,,,9480803210,,pi fpb pi fpb davanagere fpb davanagere 9480803210
KSP0899,PI FPB,PI,FPB SHIVAMOGGA,FPB,Shivamogga,,,9480803310,,pi fpb pi fpb shivamogga fpb shivamogga 9480803310
KSP0900,PI FPB CHITRADURGA,PI,FPB CHITRADURGA,FPB,Chitradurga,,,9480803178,,pi fpb chitradurga pi fpb chitradurga fpb chitradurga 9480803178
KSP0901,PI FPB HAVERI,PI,FPB HAVERI,FPB,Haveri,,,9480804510,,pi fpb haveri pi fpb haveri fpb haveri 9480804510
KSP0902,DySP Asst. Director (Mess & Welfare),DySP,Asst. Director (Mess & Welfare),KPA Mys,UNKNOWN,,,9480800488,,dysp asst. director (mess & welfare) dysp asst. director (mess & welfare) kpa mys unknown 9480800488
KSP0903,ACP FPB,ACP,FPB MYSURU CITY,FPB,Mysuru,,,0821-2418336,,acp fpb acp fpb mysuru city fpb mysuru 0821-2418336
KSP0904,PSI PI FPB,PSI,PI FPB,FPB,Mysuru,,,9480805010,,psi pi fpb psi pi fpb fpb mysuru 9480805010
KSP0905,PI FPB,PI,FPB,FPB,Mandya,,,9480804810,,pi fpb pi fpb mandya 9480804810
KSP0906,PI FPB,PI,FPB,FPB,Chamarajanagara,,,9480804610,,pi fpb pi fpb chamarajanagara 9480804610
KSP0907,"PI FPB, Kodagu",PI,"FPB, Kodagu",FPB,Kodagu,,,8277987463,,"pi fpb, kodagu pi fpb, kodagu fpb kodagu 8277987463"
KSP0908,PI FPB Hassan,PI,FPB Hassan,FPB,Hassan,,,,,pi fpb hassan pi fpb hassan fpb hassan
KSP0909,DySP FPB IGP Office,DySP,FPB IGP Office,FPB,Western,,,9480800486,,dysp fpb igp office dysp fpb igp office fpb western 9480800486
KSP0910,PI Dir. RFSL,PI,Dir. RFSL,FSL,Dakshina Kannada,,,8277986369,,pi dir. rfsl pi dir. rfsl fsl dakshina kannada 8277986369
KSP0911,"PI FPB, Chikkamagaluru",PI,"FPB, Chikkamagaluru",FPB,Chikkamagaluru,,,9945325388,,"pi fpb, chikkamagaluru pi fpb, chikkamagaluru fpb chikkamagaluru 9945325388"
KSP0912,"PI FPB, Karwar",PI,"FPB, Karwar",FPB,,,,8277987463,,"pi fpb, karwar pi fpb, karwar fpb 8277987463"
KSP0913,"PI FPB, Udupi",PI,"FPB, Udupi",FPB,Udupi,,,,,"pi fpb, udupi pi fpb, udupi fpb udupi"
KSP0914,DySP FPB N. RANGE,DySP,FPB N. RANGE BELAGAVI,FPB,Belagavi,,,0831-2405245,,dysp fpb n. range dysp fpb n. range belagavi fpb belagavi 0831-2405245
KSP0915,ACP FPB,ACP,FPB DHARWAD,FPB,Dharwad,,,0836-2233539,,acp fpb acp fpb dharwad fpb dharwad 0836-2233539
KSP0916,PI FPB,PI,FPB DHARWAD,FPB,Dharwad,,,9480804310,,pi fpb pi fpb dharwad fpb dharwad 9480804310
KSP0917,PI FPB BAGALKOT,PI,FPB BAGALKOT,FPB,Bagalkote,,,9480803910,,pi fpb bagalkot pi fpb bagalkot fpb bagalkote 9480803910
KSP0918,PI FPB,PI,FPB VIJAYAPURA,FPB,Vijayapura,,,9480804210,,pi fpb pi fpb vijayapura fpb vijayapura 9480804210
KSP0919,PI FPB,PI,FPB,FPB,Belagavi,,,9480804010,,pi fpb pi fpb belagavi 9480804010
KSP0920,PSI PI FPB,PSI,PI FPB,FPB,Gadag,,,9480804410,,psi pi fpb psi pi fpb fpb gadag 9480804410
KSP0921,DySP FPB NORTH EASTERN RANGE KALABURGI,DySP,FPB NORTH EASTERN RANGE KALABURGI,FPB,UNKNOWN,,,9480800483,,dysp fpb north eastern range kalaburgi dysp fpb north eastern range kalaburgi fpb unknown 9480800483
KSP0922,PI FPB,PI,FPB,FPB,Kalaburagi,,,9480803510,,pi fpb pi fpb kalaburagi 9480803510
KSP0923,PI FPB YADAGIRI,PI,FPB YADAGIRI,FPB,UNKNOWN,,,9480803665,,pi fpb yadagiri pi fpb yadagiri fpb unknown 9480803665
KSP0924,PSI Addl. SP-2 Bidar,PSI,Addl. SP-2 Bidar,DAR,Bidar,,,9480803409,,psi addl. sp-2 bidar psi addl. sp-2 bidar dar bidar 9480803409
KSP0925,PSI FPB RAICHUR,PSI,FPB RAICHUR,FPB,Raichur,,,9480803810,,psi fpb raichur psi fpb raichur fpb raichur 9480803810
KSP0926,PSI PI FPB,PSI,PI FPB,FPB,Vijayanagara,,,9480805711,,psi pi fpb psi pi fpb fpb vijayanagara 9480805711
KSP0927,PSI PI FPB,PSI,PI FPB,FPB,Koppal,,,9480803710,,psi pi fpb psi pi fpb fpb koppal 9480803710
KSP0928,DIGP DIRECTOR FSL,DIGP,DIRECTOR FSL,FSL,UNKNOWN,,,080-25532910,directorfsl@ksp.gov.in,digp director fsl digp director fsl fsl unknown 080-25532910 directorfsl@ksp.gov.in
KSP0929,"Joint Director, FSL",,"Joint Director, FSL",FSL,Bengaluru City,,,080-29918805,jdadminfsl@ksp.gov.in,"joint director, fsl fsl bengaluru city 080-29918805 jdadminfsl@ksp.gov.in"
KSP0930,DY. DIRECTOR DNA CENTRE,,DY. DIRECTOR DNA CENTRE,FSL,UNKNOWN,,,080-25634892,,dy. director dna centre fsl unknown 080-25634892
KSP0931,Dir. RFSL,,Dir. RFSL,FSL,Dakshina Kannada,,,0824-2220564,rfslmaq@ksp.gov.in,dir. rfsl fsl dakshina kannada 0824-2220564 rfslmaq@ksp.gov.in
KSP0932,DY DIR FSL,,DY DIR FSL MYSURU,FSL,Mysuru,,,0821-2522250,rfslmys@ksp.gov.in,dy dir fsl dy dir fsl mysuru fsl mysuru 0821-2522250 rfslmys@ksp.gov.in
KSP0933,"Deputy Director, RFSL",,"Deputy Director, RFSL, Hubballi",FSL,Dharwad,,,0836-2233488,ddrfslhubballi@gmail.com,"deputy director, rfsl deputy director, rfsl, hubballi fsl dharwad 0836-2233488 ddrfslhubballi@gmail.com"
KSP0934,DY DIR FSL DAVANGERE,,DY DIR FSL DAVANGERE,FSL,UNKNOWN,,,08192-291593,rfsldvg@ksp.gov.in,dy dir fsl davangere fsl unknown 08192-291593 rfsldvg@ksp.gov.in
KSP0935,"Deputy Director, RFSL",,"Deputy Director, RFSL, Kalaburagi",FSL,Kalaburagi,,,08472-298040,rfslgba@ksp.gov.in,"deputy director, rfsl deputy director, rfsl, kalaburagi fsl kalaburagi 08472-298040 rfslgba@ksp.gov.in"
KSP0936,DY DIR FSL,,DY DIR FSL BELAGAVI,FSL,Belagavi,,,0831-2405249,rfslbgm@ksp.gov.in,dy dir fsl dy dir fsl belagavi fsl belagavi 0831-2405249 rfslbgm@ksp.gov.in
KSP0937,"Deputy Director, RFSL",,"Deputy Director, RFSL, Ballari",FSL,Ballari,,,08392-200453,rfslgba@ksp.gov.in,"deputy director, rfsl deputy director, rfsl, ballari fsl ballari 08392-200453 rfslgba@ksp.gov.in"
KSP0938,ASST DIR TO PHYSCOLOGY DIVISION,,ASST DIR TO PHYSCOLOGY DIVISION,FSL,UNKNOWN,,,080-22943150,,asst dir to physcology division fsl unknown 080-22943150
KSP0939,QUESTION DOCUMENT DIVISION,,QUESTION DOCUMENT DIVISION,FSL,UNKNOWN,,,080-22943350,,question document division fsl unknown 080-22943350
KSP0940,Store Section,,Store Section,FSL,Bengaluru City,,,080-22943739,,store section fsl bengaluru city 080-22943739
KSP0941,SECTION SUPDT.,,SECTION SUPDT.,FSL,UNKNOWN,,,080-22943356,,section supdt. fsl unknown 080-22943356
KSP0942,DIRECTOR FSL,,DIRECTOR FSL,FSL,UNKNOWN,,,080-25532910,,director fsl fsl unknown 080-25532910
KSP0943,CP Bengaluru City,CP,CP Bengaluru City,L&O,Bengaluru City,,,9480801001,,cp bengaluru city cp l&o bengaluru city 9480801001
KSP0944,Secretary (IGP),Secretary,(IGP),FSL,Bengaluru City,,,9448174755,,secretary (igp) secretary (igp) fsl bengaluru city 9448174755
KSP0945,President (Retd. SP),,President (Retd. SP),FSL,Bengaluru City,,,080-23389797,,president (retd. sp) fsl bengaluru city 080-23389797
KSP0946,Vice-President-1 (Retd. DSP),,Vice-President-1 (Retd. DSP),FSL,Bengaluru City,,,9448784550,,vice-president-1 (retd. dsp) fsl bengaluru city 9448784550
KSP0947,Vice-President-2 (Retd. DSP),,Vice-President-2 (Retd. DSP),FSL,Bengaluru City,,,9845563322,,vice-president-2 (retd. dsp) fsl bengaluru city 9845563322
KSP0948,Secretary (Retd. DSP),Secretary,(Retd. DSP),FSL,Bengaluru City,,,9900844988,,secretary (retd. dsp) secretary (retd. dsp) fsl bengaluru city 9900844988
KSP0949,Joint Secretary (Retd. DSP),,Joint Secretary (Retd. DSP),FSL,Bengaluru City,,,9886013214,,joint secretary (retd. dsp) fsl bengaluru city 9886013214
KSP0950,Treasurer (Retd. SP),,Treasurer (Retd. SP),FSL,Bengaluru City,,,9901089999,,treasurer (retd. sp) fsl bengaluru city 9901089999
KSP0951,Magadi Road Office,,Magadi Road Office,FSL,Bengaluru City,,,080-23389797,,magadi road office fsl bengaluru city 080-23389797
KSP0952,Chairman (Former Judge High Court of Karnataka),,Chairman (Former Judge High Court of Karnataka),Karnataka State Police Complaint Authority,,,,080-22868302,adgpgc@ksp.gov.in,chairman (former judge high court of karnataka) karnataka state police complaint authority 080-22868302 adgpgc@ksp.gov.in
KSP0953,DGP & Member (Women),DGP,& Member (Women),HQ,,,,080-22868302,,dgp & member (women) dgp & member (women) hq 080-22868302
KSP0954,"Member Secretary (ADGP, Grievances & Human Rights)",Member Secretary,"(ADGP, Grievances & Human Rights)",HQ,,,,080-22868302,adgpgc@ksp.gov.in,"member secretary (adgp, grievances & human rights) member secretary (adgp, grievances & human rights) hq 080-22868302 adgpgc@ksp.gov.in"
KSP0955,Member (Civil Society),,Member (Civil Society),Karnataka State Police Complaint Authority,,,,080-22868302,,member (civil society) karnataka state police complaint authority 080-22868302
KSP0956,ADGP CP,ADGP,CP Bengaluru City,L&O,Bengaluru City,,080-22260222,9480801001,compolbcp@ksp.gov.in,adgp cp adgp cp bengaluru city l&o bengaluru city 080-22260222 9480801001 compolbcp@ksp.gov.in
KSP0957,IGP Addl. CP Intelligence,IGP,Addl. CP Intelligence Bengaluru City,L&O,Bengaluru City,,080-22200924,9480801012,jtcpintbcp@ksp.gov.in,igp addl. cp intelligence igp addl. cp intelligence bengaluru city l&o bengaluru city 080-22200924 9480801012 jtcpintbcp@ksp.gov.in
KSP0958,IGP Addl. CP Crime,IGP,Addl. CP Crime,L&O,Bengaluru City,,080-22263875,9480801011,jtcpcrimebcp@ksp.gov.in,igp addl. cp crime igp addl. cp crime l&o bengaluru city 080-22263875 9480801011 jtcpcrimebcp@ksp.gov.in
KSP0959,DIGP Joint CP Traffic,DIGP,Joint CP Traffic,Traffic,Bengaluru City,,080-22942276,9480801006,jtcptrafficbcp@ksp.gov.in,digp joint cp traffic digp joint cp traffic traffic bengaluru city 080-22942276 9480801006 jtcptrafficbcp@ksp.gov.in
KSP0960,DIGP IGP Addl. CP West,DIGP,IGP Addl. CP West,L&O,Bengaluru City,,080-22200902,9480801002,addlcpwest@ksp.gov.in,digp igp addl. cp west digp igp addl. cp west l&o bengaluru city 080-22200902 9480801002 addlcpwest@ksp.gov.in
KSP0961,DIGP Joint CP East,DIGP,Joint CP East,L&O,Bengaluru City,,080-22200904,9480801010,addlcpeast@ksp.gov.in,digp joint cp east digp joint cp east l&o bengaluru city 080-22200904 9480801010 addlcpeast@ksp.gov.in
KSP0962,DIGP Joint CP Admin,DIGP,Joint CP Admin,Admin,Bengaluru City,,080-22268374,9480801003,ddlcpadmin@ksp.gov.in,digp joint cp admin digp joint cp admin admin bengaluru city 080-22268374 9480801003 ddlcpadmin@ksp.gov.in
KSP0963,DCP East,DCP,East,L&O,Bengaluru City,,080-25567085,9480801201,dcpeastbcp@ksp.gov.in,dcp east dcp east l&o bengaluru city 080-25567085 9480801201 dcpeastbcp@ksp.gov.in
KSP0964,DCP Traffic North,DCP,Traffic North,Traffic,Bengaluru City,,080-22942411,9480801133,dcpnorthtrfbcp@ksp.gov.in,dcp traffic north dcp traffic north traffic bengaluru city 080-22942411 9480801133 dcpnorthtrfbcp@ksp.gov.in
KSP0965,DCP West,DCP,West,L&O,Bengaluru City,,080-22370195,9480801020,dcpwest@ksp.gov.in,dcp west dcp west l&o bengaluru city 080-22370195 9480801020 dcpwest@ksp.gov.in
KSP0966,DCP Traffic South,DCP,Traffic South,Traffic,Bengaluru City,,080-22943561,9480800820,dcptrfsouthbcp@ksp.gov.in,dcp traffic south dcp traffic south traffic bengaluru city 080-22943561 9480800820 dcptrfsouthbcp@ksp.gov.in
KSP0967,DCP Traffic West,DCP,Traffic West,Traffic,Bengaluru City,,080-22942318,9480801901,dcptrafficwest@gmail.com,dcp traffic west dcp traffic west traffic bengaluru city 080-22942318 9480801901 dcptrafficwest@gmail.com
KSP0968,DCP South-East,DCP,South-East,L&O,Bengaluru City,,080-25530284,9480801601,dcpsoutheastbcp@ksp.gov.in,dcp south-east dcp south-east l&o bengaluru city 080-25530284 9480801601 dcpsoutheastbcp@ksp.gov.in
KSP0969,DCP Crime-2,DCP,Crime-2,L&O,Bengaluru City,,080-22942374,9480801016,dcpcrime2bcp@gmail.com,dcp crime-2 dcp crime-2 l&o bengaluru city 080-22942374 9480801016 dcpcrime2bcp@gmail.com
KSP0970,DCP Central,DCP,Central,CEN,Bengaluru City,,080-22942344,9480801101,dcpcentral@ksp.gov.in,dcp central dcp central cen bengaluru city 080-22942344 9480801101 dcpcentral@ksp.gov.in
KSP0971,DCP CAR HQ,DCP,CAR HQ,CAR,Bengaluru City,,080-26701406,9480801017,dcpcarhqbcp@ksp.gov.in,dcp car hq dcp car hq car bengaluru city 080-26701406 9480801017 dcpcarhqbcp@ksp.gov.in
KSP0972,DCP Computer Section,DCP,Computer Section,Computer Wing,Bengaluru City,,080-22943553,9480801007,dcpnorthwestbcp@ksp.gov.in,dcp computer section dcp computer section computer wing bengaluru city 080-22943553 9480801007 dcpnorthwestbcp@ksp.gov.in
KSP0973,DCP South,DCP,South,L&O,Bengaluru City,,080-26635199,9480801501,dcpsouthbcp@ksp.gov.in,dcp south dcp south l&o bengaluru city 080-26635199 9480801501 dcpsouthbcp@ksp.gov.in
KSP0974,DCP North,DCP,North,L&O,Bengaluru City,,080-23567714,9480801301,dcpnorth@ksp.gov.in,dcp north dcp north l&o bengaluru city 080-23567714 9480801301 dcpnorth@ksp.gov.in
KSP0975,DCP Command Center,DCP,Command Center,CEN,Bengaluru City,,080-22202593,9480801092,dcpcomdcentrebcp@ksp.gov.in,dcp command center dcp command center cen bengaluru city 080-22202593 9480801092 dcpcomdcentrebcp@ksp.gov.in
KSP0976,DCP INT,DCP,INT Bengaluru City,L&O,Bengaluru City,,080-22200920,9480801032,dcpintbcp@ksp.gov.in,dcp int dcp int bengaluru city l&o bengaluru city 080-22200920 9480801032 dcpintbcp@ksp.gov.in
KSP0977,DCP Whitefield,DCP,Whitefield,L&O,Bengaluru City,,080-22942959,9480801084,dcpwhitefieldbcp@ksp.gov.in,dcp whitefield dcp whitefield l&o bengaluru city 080-22942959 9480801084 dcpwhitefieldbcp@ksp.gov.in
KSP0978,DCP North-East,DCP,North-East,L&O,Bengaluru City,,080-22942363,9480801064,dcpnortheast@ksp.gov.in,dcp north-east dcp north-east l&o bengaluru city 080-22942363 9480801064 dcpnortheast@ksp.gov.in
KSP0979,DCP Admin,DCP,Admin,Admin,Bengaluru City,,080-22200918,9480801015,dcpadminbcp@ksp.gov.in,dcp admin dcp admin bengaluru city 080-22200918 9480801015 dcpadminbcp@ksp.gov.in
KSP0980,DCP Traffic East,DCP,Traffic East,Traffic,Bengaluru City,,080-22860787,9480801801,dcptrfeast@ksp.gov.in,dcp traffic east dcp traffic east traffic bengaluru city 080-22860787 9480801801 dcptrfeast@ksp.gov.in
KSP0981,DCP South-West,DCP,South-West,L&O,Bengaluru City,,,080-22942300,dcpsouthwestbcp@ksp.gov.in,dcp south-west dcp south-west l&o bengaluru city 080-22942300 dcpsouthwestbcp@ksp.gov.in
KSP0982,DCP Electronic City,DCP,Electronic City,L&O,Bengaluru City,,,9480801008,dcpelectroniccitybcp@ksp.gov.in,dcp electronic city dcp electronic city l&o bengaluru city 9480801008 dcpelectroniccitybcp@ksp.gov.in
KSP0983,DCP Vidhana Soudha Security,DCP,Vidhana Soudha Security,L&O,Bengaluru City,,080-22943554,9480801109,dcpvsoudhasec@ksp.gov.in,dcp vidhana soudha security dcp vidhana soudha security l&o bengaluru city 080-22943554 9480801109 dcpvsoudhasec@ksp.gov.in
KSP0984,DCP CAR-South,DCP,CAR-South,CAR,Bengaluru City,,080-29510856,9480801019,dcpcarsouthbcp@ksp.gov.in,dcp car-south dcp car-south car bengaluru city 080-29510856 9480801019 dcpcarsouthbcp@ksp.gov.in
KSP0985,DCP CAR-North,DCP,CAR-North,CAR,Bengaluru City,,080-29736959,9480801018,dcpcarnorthbcp@ksp.gov.in,dcp car-north dcp car-north car bengaluru city 080-29736959 9480801018 dcpcarnorthbcp@ksp.gov.in
KSP0986,DCP CAR-West,DCP,CAR-West,CAR,Bengaluru City,,080-22942964,9480806022,dcpcarwestbcp@ksp.gov.in,dcp car-west dcp car-west car bengaluru city 080-22942964 9480806022 dcpcarwestbcp@ksp.gov.in
KSP0987,DCP Crime-2,DCP,Crime-2,L&O,Bengaluru City,,080-22942374,9480801021,dcpcrime2bcp@gmail.com,dcp crime-2 dcp crime-2 l&o bengaluru city 080-22942374 9480801021 dcpcrime2bcp@gmail.com
KSP0988,DCP VVIP Security,DCP,VVIP Security,VVIP,Bengaluru City,,080-22942941,9480801022,dcpvvipsec@ksp.gov.in,dcp vvip security dcp vvip security vvip bengaluru city 080-22942941 9480801022 dcpvvipsec@ksp.gov.in
KSP0989,DCP(W) C/Room,DCP,DCP(W) C/Room,C/Room,Bengaluru City,,080-22942338,9480801004,dcpcontrol@ksp.gov.in,dcp(w) c/room dcp c/room bengaluru city 080-22942338 9480801004 dcpcontrol@ksp.gov.in
KSP0990,ACP(W) ACP (W) C/R,ACP (W),ACP (W) C/R,C/Room,Bengaluru City,,080-22200914,9480800905,,acp(w) acp (w) c/r acp (w) acp (w) c/r c/room bengaluru city 080-22200914 9480800905
KSP0991,PI(W)-1 PI (W)-1 C/R,PI (W),PI (W)-1 C/R,C/Room,Bengaluru City,,080-22943772,9480801036,,pi(w)-1 pi (w)-1 c/r pi (w) pi (w)-1 c/r c/room bengaluru city 080-22943772 9480801036
KSP0992,PI(W)-2 PI (W)-2 C/R,PI (W),PI (W)-2 C/R,C/Room,Bengaluru City,,,9480801701,,pi(w)-2 pi (w)-2 c/r pi (w) pi (w)-2 c/r c/room bengaluru city 9480801701
KSP0993,C/Room,,C/Room,C/Room,Bengaluru City,,0820-22943355,8277945406,ccrblore@ksp.gov.in,c/room bengaluru city 0820-22943355 8277945406 ccrblore@ksp.gov.in
KSP0994,ACP CAR West-1,ACP,CAR West-1,CAR,Bengaluru City,,,9480801110,,acp car west-1 acp car west-1 car bengaluru city 9480801110
KSP0995,PI CYBER CRIME PS,PI,CYBER CRIME PS,CEN,Bengaluru City,,080-22375522,9480801554,,pi cyber crime ps pi cyber crime ps cen bengaluru city 080-22375522 9480801554
KSP0996,PI Cyber Crime PS,PI,Cyber Crime PS,Crime,Bengaluru City,,,9113201439,,pi cyber crime ps pi cyber crime ps crime bengaluru city 9113201439
KSP0997,PI Cyber Crime PS,PI,Cyber Crime PS,Crime,Bengaluru City,,,9113201446,,pi cyber crime ps pi cyber crime ps crime bengaluru city 9113201446
KSP0998,VIP C/Room,,VIP C/Room,C/Room,Bengaluru City,,080-22943660,,,vip c/room c/room bengaluru city 080-22943660
KSP0999,Master C/Room,,Master C/Room,C/Room,Bengaluru City,,080-22943322,,,master c/room c/room bengaluru city 080-22943322
KSP1000,Central C/Room,,Central C/Room,C/Room,Bengaluru City,,080-22943003,9480801100,,central c/room c/room bengaluru city 080-22943003 9480801100
KSP1001,East C/Room,,East C/Room,C/Room,Bengaluru City,,080-22943535,9480801200,eastcontrol75@gmail.com,east c/room c/room bengaluru city 080-22943535 9480801200 eastcontrol75@gmail.com
KSP1002,West C/Room,,West C/Room,C/Room,Bengaluru City,,080-22943232,9480801700,westcontrolbcp@ksp.gov.in,west c/room c/room bengaluru city 080-22943232 9480801700 westcontrolbcp@ksp.gov.in
KSP1003,North C/Room,,North C/Room,C/Room,Bengaluru City,,080-22943434,9480801300,ccrnbcp@ksp.gov.in,north c/room c/room bengaluru city 080-22943434 9480801300 ccrnbcp@ksp.gov.in
KSP1004,South C/Room,,South C/Room,C/Room,Bengaluru City,,080-22943111,9480801500,southcontrolbcp@ksp.gov.in,south c/room c/room bengaluru city 080-22943111 9480801500 southcontrolbcp@ksp.gov.in
KSP1005,South-East C/Room,,South-East C/Room,C/Room,Bengaluru City,,080-22943482,9480801600,,south-east c/room c/room bengaluru city 080-22943482 9480801600
KSP1006,North-East C/Room,,North-East C/Room,C/Room,Bengaluru City,,080-22943060,9480801400,,north-east c/room c/room bengaluru city 080-22943060 9480801400
KSP1007,Whitefield C/Room,,Whitefield C/Room,C/Room,Bengaluru City,,080-22942959,9480801144,,whitefield c/room c/room bengaluru city 080-22942959 9480801144
KSP1008,North-West C/Room,,North-West C/Room,C/Room,Bengaluru City,,080-22943661,9480801141,,north-west c/room c/room bengaluru city 080-22943661 9480801141
KSP1009,South-West C/Room,,South-West C/Room,C/Room,Bengaluru City,,,9480801140,,south-west c/room c/room bengaluru city 9480801140
KSP1010,Electronic City C/Room,,Electronic City C/Room,C/Room,Bengaluru City,,080-22943355,9480801142,,electronic city c/room c/room bengaluru city 080-22943355 9480801142
KSP1011,Hoysala C/Room,,Hoysala C/Room,C/Room,Bengaluru City,,080-22943000,,,hoysala c/room c/room bengaluru city 080-22943000
KSP1012,Traffic Central C/Room,,Traffic Central C/Room,C/Room,Bengaluru City,,080-22943663,,,traffic central c/room c/room bengaluru city 080-22943663
KSP1013,Traffic East C/Room,,Traffic East C/Room,C/Room,Bengaluru City,,080-22943131,,,traffic east c/room c/room bengaluru city 080-22943131
KSP1014,Traffic West C/Room,,Traffic West C/Room,C/Room,Bengaluru City,,080-22943030,9480801900,,traffic west c/room c/room bengaluru city 080-22943030 9480801900
KSP1015,Traffic North C/Room,,Traffic North C/Room,C/Room,Bengaluru City,,080-22943684,9480801096,,traffic north c/room c/room bengaluru city 080-22943684 9480801096
KSP1016,Traffic South C/Room,,Traffic South C/Room,C/Room,Bengaluru City,,080-22942704,9480801097,,traffic south c/room c/room bengaluru city 080-22942704 9480801097
KSP1017,Namma 112,,Namma 112,Other,Bengaluru City,,080-22943747,,,namma 112 other bengaluru city 080-22943747
KSP1018,Makkala Sahayavani,,Makkala Sahayavani,Other,Bengaluru City,,080-22943224,,,makkala sahayavani other bengaluru city 080-22943224
KSP1019,Vanitha Sahayavani,,Vanitha Sahayavani,Other,Bengaluru City,,080-22943225,,,vanitha sahayavani other bengaluru city 080-22943225
KSP1020,Elders Helpline,,Elders Helpline,L&O,Bengaluru City,,080-22943226,,,elders helpline l&o bengaluru city 080-22943226
KSP1021,NDPS,,NDPS,Other,Bengaluru City,,080-22943769,,,ndps other bengaluru city 080-22943769
KSP1022,ACP PRO,ACP,PRO,L&O,Bengaluru City,,,9480801089,atcbcp@ksp.gov.in,acp pro acp pro l&o bengaluru city 9480801089 atcbcp@ksp.gov.in
KSP1023,Social Media Cell,,Social Media Cell,Social Media,Bengaluru City,,080-22943001,9480801000,,social media cell social media bengaluru city 080-22943001 9480801000
KSP1024,Deployment Section,,Deployment Section,Minisrial,Bengaluru City,,080-22942865,,,deployment section minisrial bengaluru city 080-22942865
KSP1025,DCP Command Center,DCP,DCP Command Center,CEN,Bengaluru City,,080-22202593,,,dcp command center dcp cen bengaluru city 080-22202593
KSP1026,GPS,,GPS,Other,Bengaluru City,,080-22943658,,,gps other bengaluru city 080-22943658
KSP1027,CCTV,,CCTV,CCTV,Bengaluru City,,080-22943746,,,cctv bengaluru city 080-22943746
KSP1028,Arms Mag Genrl COP,,Arms Mag Genrl COP,COP,Bengaluru City,,080-22942373,,,arms mag genrl cop cop bengaluru city 080-22942373
KSP1029,Automation Centre,,Automation Centre,CEN,Bengaluru City,,080-22943381,,,automation centre cen bengaluru city 080-22943381
KSP1030,Studio Section,,Studio Section,Other,Bengaluru City,,080-22943228,,,studio section other bengaluru city 080-22943228
KSP1031,COP Stores,,COP Stores,Minisrial,Bengaluru City,,080-22943667,,,cop stores minisrial bengaluru city 080-22943667
KSP1032,COP Main Gate,,COP Main Gate,L&O,Bengaluru City,,080-22943275,,,cop main gate l&o bengaluru city 080-22943275
KSP1033,COP Back Gate,,COP Back Gate,L&O,Bengaluru City,,080-22943100,,,cop back gate l&o bengaluru city 080-22943100
KSP1034,EST Accounts,,EST Accounts,State HQ,Bengaluru City,,080-22943138,,,est accounts state hq bengaluru city 080-22943138
KSP1035,Human Rights,,Human Rights,Other,Bengaluru City,,080-22392205,,,human rights other bengaluru city 080-22392205
KSP1036,FRRO,,FRRO,FRRO,Bengaluru City,,080-22218195,,,frro bengaluru city 080-22218195
KSP1037,KAS Officers Guest House,,KAS Officers Guest House,Guest House,Bengaluru City,,080-22206287,,,kas officers guest house guest house bengaluru city 080-22206287
KSP1038,KSP App,,KSP App,Others,Bengaluru City,,080-22943772,,,ksp app others bengaluru city 080-22943772
KSP1039,Press Room,,Press Room,Other,Bengaluru City,,080-22943227,,,press room other bengaluru city 080-22943227
KSP1040,Wireless Workshop,,Wireless Workshop,Wireless,Bengaluru City,,080-22943132,,,wireless workshop wireless bengaluru city 080-22943132
KSP1041,Conference Hall,,Conference Hall,L&O,Bengaluru City,,080-22943274,,,conference hall l&o bengaluru city 080-22943274
KSP1042,DE Section,,DE Section,Minisrial,Bengaluru City,,080-22942184,,,de section minisrial bengaluru city 080-22942184
KSP1043,Immigration,,Immigration,FRRO,Bengaluru City,,080-22943278,,,immigration frro bengaluru city 080-22943278
KSP1044,City SB,,City SB,L&O,Bengaluru City,,080-22943245,,,city sb l&o bengaluru city 080-22943245
KSP1045,Technical Centre,,Technical Centre,CEN,Bengaluru City,,080-22942620,,,technical centre cen bengaluru city 080-22942620
KSP1046,Computer Section,,Computer Section,Computer Wing,Bengaluru City,,080-22943553,,,computer section computer wing bengaluru city 080-22943553
KSP1047,Dog Squad,,Dog Squad,Dog Squad,Bengaluru City,,0821-2418563,,,dog squad bengaluru city 0821-2418563
KSP1048,AO COP,AO,COP,L&O,Bengaluru City,,080-22942825,,,ao cop ao cop l&o bengaluru city 080-22942825
KSP1049,EST COP,,EST COP,State HQ,Bengaluru City,,080-22942834,,,est cop state hq bengaluru city 080-22942834
KSP1050,ACT COP,,ACT COP,COP,Bengaluru City,,080-22943395,,,act cop cop bengaluru city 080-22943395
KSP1051,Arms Mag Genrl COP,,Arms Mag Genrl COP,COP,Bengaluru City,,080-22942373,,,arms mag genrl cop cop bengaluru city 080-22942373
KSP1052,EST Accounts,,EST Accounts,State HQ,Bengaluru City,,080-22943138,,,est accounts state hq bengaluru city 080-22943138
KSP1053,Crime Section,,Crime Section,COP,Bengaluru City,,080-22942187,,,crime section cop bengaluru city 080-22942187
KSP1054,DCP Central,DCP,Central,CEN,Bengaluru City,,080-22942344,9480801101,dcpcentral@ksp.gov.in,dcp central dcp central cen bengaluru city 080-22942344 9480801101 dcpcentral@ksp.gov.in
KSP1055,Central C/Room,,Central C/Room,C/Room,Bengaluru City,,080-22943003,9480801100,,central c/room c/room bengaluru city 080-22943003 9480801100
KSP1056,ACP Seshadripuram,ACP,Seshadripuram,L&O,Bengaluru City,,080-22942637,9480801105,ablesspurambcp@ksp.gov.in,acp seshadripuram acp seshadripuram l&o bengaluru city 080-22942637 9480801105 ablesspurambcp@ksp.gov.in
KSP1057,PI SESHADRIPURAM PS,PI,SESHADRIPURAM PS,L&O,Bengaluru City,,080-22942586,9480801125,sspurambcp@ksp.gov.in,pi seshadripuram ps pi seshadripuram ps l&o bengaluru city 080-22942586 9480801125 sspurambcp@ksp.gov.in
KSP1058,PI HIGH GROUND PS,PI,HIGH GROUND PS,L&O,Bengaluru City,,080-22942587,9480801126,hgroundbcp@ksp.gov.in,pi high ground ps pi high ground ps l&o bengaluru city 080-22942587 9480801126 hgroundbcp@ksp.gov.in
KSP1059,PI VYALIKAVAL PS,PI,VYALIKAVAL PS,L&O,Bengaluru City,,080-22942588,9480801128,vkavalbcp@ksp.gov.in,pi vyalikaval ps pi vyalikaval ps l&o bengaluru city 080-22942588 9480801128 vkavalbcp@ksp.gov.in
KSP1060,PI SADASHIVA NAGAR PS,PI,SADASHIVA NAGAR PS,L&O,Bengaluru City,,080-22942589,9480801127,ssnagarabcp@ksp.gov.in,pi sadashiva nagar ps pi sadashiva nagar ps l&o bengaluru city 080-22942589 9480801127 ssnagarabcp@ksp.gov.in
KSP1061,ACP Cubbon Park,ACP,Cubbon Park,L&O,Bengaluru City,,080-22942167,9480801107,ablecparkbcp@ksp.gov.in,acp cubbon park acp cubbon park l&o bengaluru city 080-22942167 9480801107 ablecparkbcp@ksp.gov.in
KSP1062,PI CUBBON PARK PS,PI,CUBBON PARK PS,L&O,Bengaluru City,,080-22942591,9480801122,cparkbcp@ksp.gov.in,pi cubbon park ps pi cubbon park ps l&o bengaluru city 080-22942591 9480801122 cparkbcp@ksp.gov.in
KSP1063,PI ASHOKNAGAR PS,PI,ASHOKNAGAR PS,L&O,Bengaluru City,,080-22942580,9480801116,anagarbcp@ksp.gov.in,pi ashoknagar ps pi ashoknagar ps l&o bengaluru city 080-22942580 9480801116 anagarbcp@ksp.gov.in
KSP1064,PI VIVEKNAGAR PS,PI,VIVEKNAGAR PS,L&O,Bengaluru City,,080-22942584,9480801121,vknagarbcp@ksp.gov.in,pi viveknagar ps pi viveknagar ps l&o bengaluru city 080-22942584 9480801121 vknagarbcp@ksp.gov.in
KSP1065,PI VIDHANA SOUDHA PS,PI,VIDHANA SOUDHA PS,L&O,Bengaluru City,,080-22942590,9480801123,vsoudhabcp@ksp.gov.in,pi vidhana soudha ps pi vidhana soudha ps l&o bengaluru city 080-22942590 9480801123 vsoudhabcp@ksp.gov.in
KSP1066,ACP Halasoor Gate,ACP,Halasoor Gate,L&O,Bengaluru City,,080-22942171,9480801106,ableugatebcp@ksp.gov.in,acp halasoor gate acp halasoor gate l&o bengaluru city 080-22942171 9480801106 ableugatebcp@ksp.gov.in
KSP1067,PI HALASOOR GATE PS,PI,HALASOOR GATE PS,L&O,Bengaluru City,,080-22942579,9480801115,hgatebcp@ksp.gov.in,pi halasoor gate ps pi halasoor gate ps l&o bengaluru city 080-22942579 9480801115 hgatebcp@ksp.gov.in
KSP1068,PI WILSON GARDEN PS,PI,WILSON GARDEN PS,L&O,Bengaluru City,,080-22942581,9480801118,wgardenbcp@ksp.gov.in,pi wilson garden ps pi wilson garden ps l&o bengaluru city 080-22942581 9480801118 wgardenbcp@ksp.gov.in
KSP1069,PI S.R NAGAR PS,PI,S.R NAGAR PS,L&O,Bengaluru City,,080-22942582,9480801117,srnagarabcp@ksp.gov.in,pi s.r nagar ps pi s.r nagar ps l&o bengaluru city 080-22942582 9480801117 srnagarabcp@ksp.gov.in
KSP1070,PI S.J PARK PS,PI,S.J PARK PS,L&O,Bengaluru City,,080-22942583,9480801119,sjparkbcp@ksp.gov.in,pi s.j park ps pi s.j park ps l&o bengaluru city 080-22942583 9480801119 sjparkbcp@ksp.gov.in
KSP1071,PI WOMEN PS,PI,WOMEN PS,L&O,Bengaluru City,,,9364107013,womenkbc@ksp.gov.in,pi women ps pi women ps l&o bengaluru city 9364107013 womenkbc@ksp.gov.in
KSP1072,DCP Vidhana Soudha Security,DCP,Vidhana Soudha Security,L&O,Bengaluru City,,080-22943554,9480801109,dcpvsoudhasec@ksp.gov.in,dcp vidhana soudha security dcp vidhana soudha security l&o bengaluru city 080-22943554 9480801109 dcpvsoudhasec@ksp.gov.in
KSP1073,SP Marshal Vidhana Soudha Assembly,SP,Marshal Vidhana Soudha Assembly,L&O,Bengaluru City,,080-22943116,9663730385,,sp marshal vidhana soudha assembly sp marshal vidhana soudha assembly l&o bengaluru city 080-22943116 9663730385
KSP1074,ACP SP Marshal Vidhana Soudha Council,ACP,SP Marshal Vidhana Soudha Council,L&O,Bengaluru City,,080-22943423,,,acp sp marshal vidhana soudha council acp sp marshal vidhana soudha council l&o bengaluru city 080-22943423
KSP1075,ACP Vidhana Soudha Security,ACP,Vidhana Soudha Security,L&O,Bengaluru City,,080-22943731,9480801108,,acp vidhana soudha security acp vidhana soudha security l&o bengaluru city 080-22943731 9480801108
KSP1076,PI Vidhana Soudha Security-1,PI,Vidhana Soudha Security-1,L&O,Bengaluru City,,080-22943548,9480801131,,pi vidhana soudha security-1 pi vidhana soudha security-1 l&o bengaluru city 080-22943548 9480801131
KSP1077,PI Vidhana Soudha Security-2,PI,Vidhana Soudha Security-2,L&O,Bengaluru City,,080-22033703,9480801124,,pi vidhana soudha security-2 pi vidhana soudha security-2 l&o bengaluru city 080-22033703 9480801124
KSP1078,ACP Vikasa Soudha Security,ACP,Vikasa Soudha Security,L&O,Bengaluru City,,080-22035199,9480801068,acpvikassoudhasecbcp@ksp.gov.in,acp vikasa soudha security acp vikasa soudha security l&o bengaluru city 080-22035199 9480801068 acpvikassoudhasecbcp@ksp.gov.in
KSP1079,PI Vikasa Soudha Security-1,PI,Vikasa Soudha Security-1,L&O,Bengaluru City,,080-22035200,9480801130,,pi vikasa soudha security-1 pi vikasa soudha security-1 l&o bengaluru city 080-22035200 9480801130
KSP1080,PI Vikasa Soudha Security-2,PI,Vikasa Soudha Security-2,L&O,Bengaluru City,,080-22942908,9480801129,,pi vikasa soudha security-2 pi vikasa soudha security-2 l&o bengaluru city 080-22942908 9480801129
KSP1081,PI Legislative House,PI,Legislative House,L&O,Bengaluru City,,080-22942692,,,pi legislative house pi legislative house l&o bengaluru city 080-22942692
KSP1082,DCP SP High Court Vigilance,DCP,SP High Court Vigilance,Court,Bengaluru City,,080-22954540,9448289038,,dcp sp high court vigilance dcp sp high court vigilance court bengaluru city 080-22954540 9448289038
KSP1083,DySP SP High Court Vigilance,DySP,SP High Court Vigilance,Court,Bengaluru City,,080-22954540,9480801093,ablehcourtsecbcp@ksp.gov.in,dysp sp high court vigilance dysp sp high court vigilance court bengaluru city 080-22954540 9480801093 ablehcourtsecbcp@ksp.gov.in
KSP1084,PI DSP High Court Vigilance,PI,DSP High Court Vigilance,L&O,Bengaluru City,,,9448288649,,pi dsp high court vigilance pi dsp high court vigilance l&o bengaluru city 9448288649
KSP1085,ACP PI High Court Security,ACP,PI High Court Security,L&O,Bengaluru City,,080-22943282,9480801093,ablehcourtsec@ksp.gov.in,acp pi high court security acp pi high court security l&o bengaluru city 080-22943282 9480801093 ablehcourtsec@ksp.gov.in
KSP1086,PI High Court Security,PI,High Court Security,L&O,Bengaluru City,,080-22943282,,,pi high court security pi high court security l&o bengaluru city 080-22943282
KSP1087,DCP West,DCP,West,L&O,Bengaluru City,,080-22370195,9480801020,dcpwest@ksp.gov.in,dcp west dcp west l&o bengaluru city 080-22370195 9480801020 dcpwest@ksp.gov.in
KSP1088,West C/Room,,West C/Room,C/Room,Bengaluru City,,080-22943232,9480801700,westcontrolbcp@ksp.gov.in,west c/room c/room bengaluru city 080-22943232 9480801700 westcontrolbcp@ksp.gov.in
KSP1089,ACP Cyber Crime PS Basaveshwaranagar,ACP,Cyber Crime PS Basaveshwaranagar,Crime,Bengaluru City,,080-22943242,9480801112,cenpswestbcp@ksp.gov.in,acp cyber crime ps basaveshwaranagar acp cyber crime ps basaveshwaranagar crime bengaluru city 080-22943242 9480801112 cenpswestbcp@ksp.gov.in
KSP1090,PI Cyber Crime PS Basaveshwaranagar,PI,Cyber Crime PS Basaveshwaranagar,Crime,Bengaluru City,,080-22943242,9480801113,cenpswestbcp@ksp.gov.in,pi cyber crime ps basaveshwaranagar pi cyber crime ps basaveshwaranagar crime bengaluru city 080-22943242 9480801113 cenpswestbcp@ksp.gov.in
KSP1091,ACP Chickpet,ACP,Chickpet,L&O,Bengaluru City,,080-22942149,9480801705,ablechikpetbcp@ksp.gov.in,acp chickpet acp chickpet l&o bengaluru city 080-22942149 9480801705 ablechikpetbcp@ksp.gov.in
KSP1092,PI UPPARPET PS,PI,UPPARPET PS,L&O,Bengaluru City,,080-22942503,9480801716,upetbcp@ksp.gov.in,pi upparpet ps pi upparpet ps l&o bengaluru city 080-22942503 9480801716 upetbcp@ksp.gov.in
KSP1093,PI CITY MARKET PS,PI,CITY MARKET PS,L&O,Bengaluru City,,080-22942506,9480801717,marketbcp@ksp.gov.in,pi city market ps pi city market ps l&o bengaluru city 080-22942506 9480801717 marketbcp@ksp.gov.in
KSP1094,PI KALASIPALYA PS,PI,KALASIPALYA PS,L&O,Bengaluru City,,080-22942504,9480801718,kpalyabcp@ksp.gov.in,pi kalasipalya ps pi kalasipalya ps l&o bengaluru city 080-22942504 9480801718 kpalyabcp@ksp.gov.in
KSP1095,K.S.R.T.C Out Post,,K.S.R.T.C Out Post,Other,Bengaluru City,,080-22943113,,,k.s.r.t.c out post other bengaluru city 080-22943113
KSP1096,PI COTTONPET PS,PI,COTTONPET PS,L&O,Bengaluru City,,080-22942508,9480801719,cotpetbcp@ksp.gov.in,pi cottonpet ps pi cottonpet ps l&o bengaluru city 080-22942508 9480801719 cotpetbcp@ksp.gov.in
KSP1097,PI CHAMARAJAPET PS,PI,CHAMARAJAPET PS,L&O,Bengaluru City,,080-22942575,9480801521,cmpetbcp@ksp.gov.in,pi chamarajapet ps pi chamarajapet ps l&o bengaluru city 080-22942575 9480801521 cmpetbcp@ksp.gov.in
KSP1098,ACP Byatarayanapura,ACP,Byatarayanapura,L&O,Bengaluru City,,080-22942151,9480801706,ablebypurabcp@ksp.gov.in,acp byatarayanapura acp byatarayanapura l&o bengaluru city 080-22942151 9480801706 ablebypurabcp@ksp.gov.in
KSP1099,PI J.J. NAGAR PS,PI,J.J. NAGAR PS,L&O,Bengaluru City,,080-22942509,9480801720,jjnagarbcp@ksp.gov.in,pi j.j. nagar ps pi j.j. nagar ps l&o bengaluru city 080-22942509 9480801720 jjnagarbcp@ksp.gov.in
KSP1100,PI BYATARAYANAPURA PS,PI,BYATARAYANAPURA PS,L&O,Bengaluru City,,080-22942507,9480801721,bypurabcp@ksp.gov.in,pi byatarayanapura ps pi byatarayanapura ps l&o bengaluru city 080-22942507 9480801721 bypurabcp@ksp.gov.in
KSP1101,PI CHANDRA LAYOUT PS,PI,CHANDRA LAYOUT PS,L&O,Bengaluru City,,080-22942512,9480801722,clayoutbcp@ksp.gov.in,pi chandra layout ps pi chandra layout ps l&o bengaluru city 080-22942512 9480801722 clayoutbcp@ksp.gov.in
KSP1102,PI Annapurneshwari Nagar PS,PI,Annapurneshwari Nagar PS,L&O,Bengaluru City,,080-23482644,9480801715,apnagarbcp@ksp.gov.in,pi annapurneshwari nagar ps pi annapurneshwari nagar ps l&o bengaluru city 080-23482644 9480801715 apnagarbcp@ksp.gov.in
KSP1103,PI Rajarajeshwarinagara PS (R.R. Nagar),PI,Rajarajeshwarinagara PS (R.R. Nagar),L&O,Bengaluru City,,080-22942559,9480801725,rrnagarbcp@ksp.gov.in,pi rajarajeshwarinagara ps (r.r. nagar) pi rajarajeshwarinagara ps (r.r. nagar) l&o bengaluru city 080-22942559 9480801725 rrnagarbcp@ksp.gov.in
KSP1104,ACP Vijayanagara,ACP,Vijayanagara,L&O,Bengaluru City,,0821-2418511,9480801707,ablevnagarbcp@ksp.gov.in,acp vijayanagara acp vijayanagara l&o bengaluru city 0821-2418511 9480801707 ablevnagarbcp@ksp.gov.in
KSP1105,"PI Women PS, Vijayanagar",PI,"Women PS, Vijayanagar",L&O,Bengaluru City,,080-22943448,9480801114,womenpswestbcp@ksp.gov.in,"pi women ps, vijayanagar pi women ps, vijayanagar l&o bengaluru city 080-22943448 9480801114 womenpswestbcp@ksp.gov.in"
KSP1106,PI ANNAPOORNESHWARI NAGAR PS,PI,ANNAPOORNESHWARI NAGAR PS,L&O,Bengaluru City,,080-22942513,9480801726,jbharathibcp@ksp.gov.in,pi annapoorneshwari nagar ps pi annapoorneshwari nagar ps l&o bengaluru city 080-22942513 9480801726 jbharathibcp@ksp.gov.in
KSP1107,PI KAMAKSHIPALYA PS,PI,KAMAKSHIPALYA PS,L&O,Bengaluru City,,080-22942517,9480801727,kmpalyabcp@ksp.gov.in,pi kamakshipalya ps pi kamakshipalya ps l&o bengaluru city 080-22942517 9480801727 kmpalyabcp@ksp.gov.in
KSP1108,PI JNANABHARATHI PS,PI,JNANABHARATHI PS,L&O,Bengaluru City,,080-22942518,9480801730,kpagarharabcp@ksp.gov.in,pi jnanabharathi ps pi jnanabharathi ps l&o bengaluru city 080-22942518 9480801730 kpagarharabcp@ksp.gov.in
KSP1109,PI KENGERI PS,PI,KENGERI PS,L&O,Bengaluru City,,080-22942516,9480801729,bwnagarbcp@ksp.gov.in,pi kengeri ps pi kengeri ps l&o bengaluru city 080-22942516 9480801729 bwnagarbcp@ksp.gov.in
KSP1110,PI KAMAKSHIPALYA PS,PI,KAMAKSHIPALYA PS,L&O,Bengaluru City,,080-22942517,9480801728,kmpalyabcp@ksp.gov.in,pi kamakshipalya ps pi kamakshipalya ps l&o bengaluru city 080-22942517 9480801728 kmpalyabcp@ksp.gov.in
KSP1111,PI Govindarajnagar PS,PI,Govindarajnagar PS,L&O,Bengaluru City,,080-22942283,9480801049,grnagarbcp@ksp.gov.in,pi govindarajnagar ps pi govindarajnagar ps l&o bengaluru city 080-22942283 9480801049 grnagarbcp@ksp.gov.in
KSP1112,DCP East,DCP,East,L&O,Bengaluru City,,080-25567085,9480801201,dcpeastbcp@ksp.gov.in,dcp east dcp east l&o bengaluru city 080-25567085 9480801201 dcpeastbcp@ksp.gov.in
KSP1113,East C/Room,,East C/Room,C/Room,Bengaluru City,,080-22943535,9480801200,eastcontrol75@gmail.com,east c/room c/room bengaluru city 080-22943535 9480801200 eastcontrol75@gmail.com
KSP1114,ACP CEN PS,ACP,CEN PS,CEN,Bengaluru City,,,9480801023,ablecenpseastbcp@ksp.gov.in,acp cen ps acp cen ps cen bengaluru city 9480801023 ablecenpseastbcp@ksp.gov.in
KSP1115,PI CEN PS,PI,CEN PS,CEN,Bengaluru City,,,9480801025,cenkbc@ksp.gov.in,pi cen ps pi cen ps cen bengaluru city 9480801025 cenkbc@ksp.gov.in
KSP1116,ACP Halasoor,ACP,Halasoor,L&O,Bengaluru City,,080-22942143,9480801205,ableulsoorbcp@ksp.gov.in,acp halasoor acp halasoor l&o bengaluru city 080-22942143 9480801205 ableulsoorbcp@ksp.gov.in
KSP1117,PI HALASOOR PS,PI,HALASOOR PS,L&O,Bengaluru City,,080-22942540,9480801226,halsoorbcp@ksp.gov.in,pi halasoor ps pi halasoor ps l&o bengaluru city 080-22942540 9480801226 halsoorbcp@ksp.gov.in
KSP1118,PI INDIRANAGAR PS,PI,INDIRANAGAR PS,L&O,Bengaluru City,,080-22942541,9480801228,inagarbcp@ksp.gov.in,pi indiranagar ps pi indiranagar ps l&o bengaluru city 080-22942541 9480801228 inagarbcp@ksp.gov.in
KSP1119,PI BYAPPANAHALLI PS,PI,BYAPPANAHALLI PS,L&O,Bengaluru City,,080-22942545,9480801227,bpnhallibcp@ksp.gov.in,pi byappanahalli ps pi byappanahalli ps l&o bengaluru city 080-22942545 9480801227 bpnhallibcp@ksp.gov.in
KSP1120,PI J.B. NAGAR PS,PI,J.B. NAGAR PS,L&O,Bengaluru City,,080-22942543,9480801229,jbnagarbcp@ksp.gov.in,pi j.b. nagar ps pi j.b. nagar ps l&o bengaluru city 080-22942543 9480801229 jbnagarbcp@ksp.gov.in
KSP1121,ACP Pulakeshinagar,ACP,Pulakeshinagar,L&O,Bengaluru City,,080-22942145,9480801206,ableftownbcp@ksp.gov.in,acp pulakeshinagar acp pulakeshinagar l&o bengaluru city 080-22942145 9480801206 ableftownbcp@ksp.gov.in
KSP1122,PI WOMEN PS,PI,WOMEN PS,L&O,Bengaluru City,,,9480801120,womenkbc@ksp.gov.in,pi women ps pi women ps l&o bengaluru city 9480801120 womenkbc@ksp.gov.in
KSP1123,PI BHARATHINAGAR PS,PI,BHARATHINAGAR PS,L&O,Bengaluru City,,080-22942547,9480801216,bnagarbcp@ksp.gov.in,pi bharathinagar ps pi bharathinagar ps l&o bengaluru city 080-22942547 9480801216 bnagarbcp@ksp.gov.in
KSP1124,PI PULAKESHINAGAR PS,PI,PULAKESHINAGAR PS,L&O,Bengaluru City,,080-22942548,9480801215,ftownbcp@ksp.gov.in,pi pulakeshinagar ps pi pulakeshinagar ps l&o bengaluru city 080-22942548 9480801215 ftownbcp@ksp.gov.in
KSP1125,PI SHIVAJINAGAR PS,PI,SHIVAJINAGAR PS,L&O,Bengaluru City,,080-22942597,9480801219,snagarbcp@ksp.gov.in,pi shivajinagar ps pi shivajinagar ps l&o bengaluru city 080-22942597 9480801219 snagarbcp@ksp.gov.in
KSP1126,CEN PS,,CEN PS,CEN,Bengaluru City,,0821-2418598,9480801025,cybermyc@ksp.gov.in,cen ps cen bengaluru city 0821-2418598 9480801025 cybermyc@ksp.gov.in
KSP1127,Bowring Hospital OP,,Bowring Hospital OP,L&O,Bengaluru City,,080-22943504,,,bowring hospital op l&o bengaluru city 080-22943504
KSP1128,PI COMMERCIAL STREET PS,PI,COMMERCIAL STREET PS,L&O,Bengaluru City,,080-22942549,9480801218,commercialbcp@ksp.gov.in,pi commercial street ps pi commercial street ps l&o bengaluru city 080-22942549 9480801218 commercialbcp@ksp.gov.in
KSP1129,ACP Banaswadi,ACP,Banaswadi,L&O,Bengaluru City,,080-22942147,9480801207,ablekrpura@ksp.gov.in,acp banaswadi acp banaswadi l&o bengaluru city 080-22942147 9480801207 ablekrpura@ksp.gov.in
KSP1130,PI RAMAMURTHY NAGAR PS,PI,RAMAMURTHY NAGAR PS,L&O,Bengaluru City,,080-22942554,9480801224,rmnagarbcp@ksp.gov.in,pi ramamurthy nagar ps pi ramamurthy nagar ps l&o bengaluru city 080-22942554 9480801224 rmnagarbcp@ksp.gov.in
KSP1131,PI HENNURU PS,PI,HENNURU PS,L&O,Bengaluru City,,080-22942557,9480801225,hennurbcp@ksp.gov.in,pi hennuru ps pi hennuru ps l&o bengaluru city 080-22942557 9480801225 hennurbcp@ksp.gov.in
KSP1132,PI BANASWADI PS,PI,BANASWADI PS,L&O,Bengaluru City,,080-22942552,9480801222,bwadibcp@ksp.gov.in,pi banaswadi ps pi banaswadi ps l&o bengaluru city 080-22942552 9480801222 bwadibcp@ksp.gov.in
KSP1133,ACP K.G. Halli,ACP,K.G. Halli,L&O,Bengaluru City,,080-22942725,9480801013,acpkghalli@gmail.com,acp k.g. halli acp k.g. halli l&o bengaluru city 080-22942725 9480801013 acpkghalli@gmail.com
KSP1134,PI K.G. HALLI PS,PI,K.G. HALLI PS,L&O,Bengaluru City,,080-22942556,9480801223,kghallibcp@ksp.gov.in,pi k.g. halli ps pi k.g. halli ps l&o bengaluru city 080-22942556 9480801223 kghallibcp@ksp.gov.in
KSP1135,PI D.J. HALLI PS,PI,D.J. HALLI PS,L&O,Bengaluru City,,080-22942550,9480801220,djhallibcp@ksp.gov.in,pi d.j. halli ps pi d.j. halli ps l&o bengaluru city 080-22942550 9480801220 djhallibcp@ksp.gov.in
KSP1136,PI GOVINDAPURA PS,PI,GOVINDAPURA PS,L&O,Bengaluru City,,080-22943305,9480801024,govindpurabcp@ksp.gov.in,pi govindapura ps pi govindapura ps l&o bengaluru city 080-22943305 9480801024 govindpurabcp@ksp.gov.in
KSP1137,DCP South,DCP,South,L&O,Bengaluru City,,080-26635199,9480801501,dcpsouthbcp@ksp.gov.in,dcp south dcp south l&o bengaluru city 080-26635199 9480801501 dcpsouthbcp@ksp.gov.in
KSP1138,South C/Room,,South C/Room,C/Room,Bengaluru City,,080-22943111,9480801500,southcontrolbcp@ksp.gov.in,south c/room c/room bengaluru city 080-22943111 9480801500 southcontrolbcp@ksp.gov.in
KSP1139,ACP CEN PS Banashankari,ACP,CEN PS Banashankari,CEN,Bengaluru City,,080-22943507,9480801098,,acp cen ps banashankari acp cen ps banashankari cen bengaluru city 080-22943507 9480801098
KSP1140,PI CEN PS,PI,CEN PS,CEN,Bengaluru City,,,9480801099,cenkbc@ksp.gov.in,pi cen ps pi cen ps cen bengaluru city 9480801099 cenkbc@ksp.gov.in
KSP1141,ACP JAYANAGAR PS,ACP,JAYANAGAR PS,L&O,Bengaluru City,,080-22942161,9480801505,ablejayanagarbcp@ksp.gov.in,acp jayanagar ps acp jayanagar ps l&o bengaluru city 080-22942161 9480801505 ablejayanagarbcp@ksp.gov.in
KSP1142,PI JAYANAGAR PS,PI,JAYANAGAR PS,L&O,Bengaluru City,,080-22942562,9480801515,pijnagarbcp@ksp.gov.in,pi jayanagar ps pi jayanagar ps l&o bengaluru city 080-22942562 9480801515 pijnagarbcp@ksp.gov.in
KSP1143,PI BASAVANAGUDI PS,PI,BASAVANAGUDI PS,L&O,Bengaluru City,,080-22942057,9480801516,bgudibcp@ksp.gov.in,pi basavanagudi ps pi basavanagudi ps l&o bengaluru city 080-22942057 9480801516 bgudibcp@ksp.gov.in
KSP1144,PI J.P. NAGAR PS,PI,J.P. NAGAR PS,L&O,Bengaluru City,,080-22942563,9480801517,jpnagarbcp@ksp.gov.in,pi j.p. nagar ps pi j.p. nagar ps l&o bengaluru city 080-22942563 9480801517 jpnagarbcp@ksp.gov.in
KSP1145,PI SIDDAPURA PS,PI,SIDDAPURA PS,L&O,Bengaluru City,,080-22942572,9480801519,spurabcp@ksp.gov.in,pi siddapura ps pi siddapura ps l&o bengaluru city 080-22942572 9480801519 spurabcp@ksp.gov.in
KSP1146,PI BANASHANKARI PS,PI,BANASHANKARI PS,L&O,Bengaluru City,,080-22942564,9480801527,bskbcpbcp@ksp.gov.in,pi banashankari ps pi banashankari ps l&o bengaluru city 080-22942564 9480801527 bskbcpbcp@ksp.gov.in
KSP1147,PI PUTTENAHALLI PS,PI,PUTTENAHALLI PS,L&O,Bengaluru City,,080-22942566,9480801523,puttenahallipsbcp@ksp.gov.in,pi puttenahalli ps pi puttenahalli ps l&o bengaluru city 080-22942566 9480801523 puttenahallipsbcp@ksp.gov.in
KSP1148,ACP V.V. Puram,ACP,V.V. Puram,L&O,Bengaluru City,,080-22942165,9480801506,ablevvpurabcp@ksp.gov.in,acp v.v. puram acp v.v. puram l&o bengaluru city 080-22942165 9480801506 ablevvpurabcp@ksp.gov.in
KSP1149,PI V.V. PURAM PS,PI,V.V. PURAM PS,L&O,Bengaluru City,,0821-2418314,9480801522,vvpurammyc@ksp.gov.in,pi v.v. puram ps pi v.v. puram ps l&o bengaluru city 0821-2418314 9480801522 vvpurammyc@ksp.gov.in
KSP1150,PI HANUMANTHANAGARA PS,PI,HANUMANTHANAGARA PS,L&O,Bengaluru City,,080-22942576,9480801524,hnagarbcp@ksp.gov.in,pi hanumanthanagara ps pi hanumanthanagara ps l&o bengaluru city 080-22942576 9480801524 hnagarbcp@ksp.gov.in
KSP1151,PI KEMPEGOWDA NAGAR PS,PI,KEMPEGOWDA NAGAR PS,L&O,Bengaluru City,,080-22942578,9480801525,kgnagarbcp@ksp.gov.in,pi kempegowda nagar ps pi kempegowda nagar ps l&o bengaluru city 080-22942578 9480801525 kgnagarbcp@ksp.gov.in
KSP1152,PI SHANKARAPURAM PS,PI,SHANKARAPURAM PS,L&O,Bengaluru City,,080-22942558,9480801526,piskpurabcp@ksp.gov.in,pi shankarapuram ps pi shankarapuram ps l&o bengaluru city 080-22942558 9480801526 piskpurabcp@ksp.gov.in
KSP1153,PI GIRINAGAR PS,PI,GIRINAGAR PS,L&O,Bengaluru City,,080-22942577,9480801528,gnagarbcp@ksp.gov.in,pi girinagar ps pi girinagar ps l&o bengaluru city 080-22942577 9480801528 gnagarbcp@ksp.gov.in
KSP1154,PI SOUTH WOMEN PS,PI,SOUTH WOMEN PS,L&O,Bengaluru City,,080-22943250,9480801530,womensouthbcp@ksp.gov.in,pi south women ps pi south women ps l&o bengaluru city 080-22943250 9480801530 womensouthbcp@ksp.gov.in
KSP1155,Victoria Hospital OP,,Victoria Hospital OP,L&O,Bengaluru City,,080-22943857,,,victoria hospital op l&o bengaluru city 080-22943857
KSP1156,DCP North,DCP,North,L&O,Bengaluru City,,080-23567714,9480801301,dcpnorth@ksp.gov.in,dcp north dcp north l&o bengaluru city 080-23567714 9480801301 dcpnorth@ksp.gov.in
KSP1157,ACP CEN PS,ACP,CEN PS,CEN,Bengaluru City,,,9480801065,cenpsnorthbcp@ksp.gov.in,acp cen ps acp cen ps cen bengaluru city 9480801065 cenpsnorthbcp@ksp.gov.in
KSP1158,PI CEN PS,PI,CEN PS,CEN,Bengaluru City,,,9449295758,cenkbc@ksp.gov.in,pi cen ps pi cen ps cen bengaluru city 9449295758 cenkbc@ksp.gov.in
KSP1159,North C/Room,,North C/Room,C/Room,Bengaluru City,,080-22943434,9480801300,ccrnbcp@ksp.gov.in,north c/room c/room bengaluru city 080-22943434 9480801300 ccrnbcp@ksp.gov.in
KSP1160,ACP Malleshwaram,ACP,Malleshwaram,L&O,Bengaluru City,,080-22942155,9480801305,ablemvmbcp@ksp.gov.in,acp malleshwaram acp malleshwaram l&o bengaluru city 080-22942155 9480801305 ablemvmbcp@ksp.gov.in
KSP1161,PI MALLESHWARAM PS,PI,MALLESHWARAM PS,L&O,Bengaluru City,,080-22942519,9480801315,mvmbcp@ksp.gov.in,pi malleshwaram ps pi malleshwaram ps l&o bengaluru city 080-22942519 9480801315 mvmbcp@ksp.gov.in
KSP1162,PI SRIRAMPURA PS,PI,SRIRAMPURA PS,L&O,Bengaluru City,,080-22942520,9480801321,srpurambcp@ksp.gov.in,pi srirampura ps pi srirampura ps l&o bengaluru city 080-22942520 9480801321 srpurambcp@ksp.gov.in
KSP1163,PI RAJAJINAGAR PS,PI,RAJAJINAGAR PS,L&O,Bengaluru City,,080-22942522,9480801316,rnagarbcp@ksp.gov.in,pi rajajinagar ps pi rajajinagar ps l&o bengaluru city 080-22942522 9480801316 rnagarbcp@ksp.gov.in
KSP1164,PI SUBRAMANYA NAGAR PS,PI,SUBRAMANYA NAGAR PS,L&O,Bengaluru City,,080-22942524,9480801320,sbnagarbcp@ksp.gov.in,pi subramanya nagar ps pi subramanya nagar ps l&o bengaluru city 080-22942524 9480801320 sbnagarbcp@ksp.gov.in
KSP1165,PI MAHALAKSHMI LAYOUT PS,PI,MAHALAKSHMI LAYOUT PS,L&O,Bengaluru City,,080-22942523,9480801318,mllayoutbcp@ksp.gov.in,pi mahalakshmi layout ps pi mahalakshmi layout ps l&o bengaluru city 080-22942523 9480801318 mllayoutbcp@ksp.gov.in
KSP1166,ACP Yeshwanthapura,ACP,Yeshwanthapura,L&O,Bengaluru City,,080-22942157,9480801306,ableypurabcp@ksp.gov.in,acp yeshwanthapura acp yeshwanthapura l&o bengaluru city 080-22942157 9480801306 ableypurabcp@ksp.gov.in
KSP1167,PI YESHWANTHAPURA PS,PI,YESHWANTHAPURA PS,L&O,Bengaluru City,,080-22942526,9480801322,yspurabcp@ksp.gov.in,pi yeshwanthapura ps pi yeshwanthapura ps l&o bengaluru city 080-22942526 9480801322 yspurabcp@ksp.gov.in
KSP1168,PI JALAHALLI PS,PI,JALAHALLI PS,L&O,Bengaluru City,,080-22942527,9480801323,jhallibcp@ksp.gov.in,pi jalahalli ps pi jalahalli ps l&o bengaluru city 080-22942527 9480801323 jhallibcp@ksp.gov.in
KSP1169,PI R.M.C YARD PS,PI,R.M.C YARD PS,L&O,Bengaluru City,,080-22942531,9480801325,rmcyardbcp@ksp.gov.in,pi r.m.c yard ps pi r.m.c yard ps l&o bengaluru city 080-22942531 9480801325 rmcyardbcp@ksp.gov.in
KSP1170,PI NANDINI LAYOUT PS,PI,NANDINI LAYOUT PS,L&O,Bengaluru City,,080-22942539,9480801317,nlayoutbcp@ksp.gov.in,pi nandini layout ps pi nandini layout ps l&o bengaluru city 080-22942539 9480801317 nlayoutbcp@ksp.gov.in
KSP1171,ACP J.C. Nagar,ACP,J.C. Nagar,L&O,Bengaluru City,,080-22942159,9480801307,ablejcngarbcp@ksp.gov.in,acp j.c. nagar acp j.c. nagar l&o bengaluru city 080-22942159 9480801307 ablejcngarbcp@ksp.gov.in
KSP1172,"PI Women PS, Sanjayanagara",PI,"Women PS, Sanjayanagara",L&O,Bengaluru City,,080-22942616,9480801067,womenpsnorthbcp@ksp.gov.in,"pi women ps, sanjayanagara pi women ps, sanjayanagara l&o bengaluru city 080-22942616 9480801067 womenpsnorthbcp@ksp.gov.in"
KSP1173,PI J.C. NAGAR PS,PI,J.C. NAGAR PS,L&O,Bengaluru City,,080-22942534,9480801329,jcnagarbcp@ksp.gov.in,pi j.c. nagar ps pi j.c. nagar ps l&o bengaluru city 080-22942534 9480801329 jcnagarbcp@ksp.gov.in
KSP1174,PI SANJAYNAGAR PS,PI,SANJAYNAGAR PS,L&O,Bengaluru City,,080-22942533,9480801332,sanjaynagarbcp@ksp.gov.in,pi sanjaynagar ps pi sanjaynagar ps l&o bengaluru city 080-22942533 9480801332 sanjaynagarbcp@ksp.gov.in
KSP1175,PI HEBBALA PS,PI,HEBBALA PS,L&O,Bengaluru City,,0821-2418318,9480801331,hebbalmyc@ksp.gov.in,pi hebbala ps pi hebbala ps l&o bengaluru city 0821-2418318 9480801331 hebbalmyc@ksp.gov.in
KSP1176,PI R.T. NAGAR PS,PI,R.T. NAGAR PS,L&O,Bengaluru City,,080-22942538,9480801330,rtnagarbcp@ksp.gov.in,pi r.t. nagar ps pi r.t. nagar ps l&o bengaluru city 080-22942538 9480801330 rtnagarbcp@ksp.gov.in
KSP1177,DCP North-East,DCP,North-East,L&O,Bengaluru City,,080-22942363,9480801064,dcpnortheast@ksp.gov.in,dcp north-east dcp north-east l&o bengaluru city 080-22942363 9480801064 dcpnortheast@ksp.gov.in
KSP1178,North-East C/Room,,North-East C/Room,C/Room,Bengaluru City,,080-22943060,9480801400,,north-east c/room c/room bengaluru city 080-22943060 9480801400
KSP1179,ACP CEN PS Yelahanka,ACP,CEN PS Yelahanka,CEN,Bengaluru City,,080-22943810,9480801050,ablecenpsnortheastbcp@ksp.gov.in,acp cen ps yelahanka acp cen ps yelahanka cen bengaluru city 080-22943810 9480801050 ablecenpsnortheastbcp@ksp.gov.in
KSP1180,PI CEN PS,PI,CEN PS,CEN,Bengaluru City,,,9480801051,cenkbc@ksp.gov.in,pi cen ps pi cen ps cen bengaluru city 9480801051 cenkbc@ksp.gov.in
KSP1181,ACP Yelahanka,ACP,Yelahanka,L&O,Bengaluru City,,080-22943734,9480801070,acpylkbcp@ksp.gov.in,acp yelahanka acp yelahanka l&o bengaluru city 080-22943734 9480801070 acpylkbcp@ksp.gov.in
KSP1182,PI YELAHANKA PS,PI,YELAHANKA PS,L&O,Bengaluru City,,080-22942536,9480801415,ylankabcp@ksp.gov.in,pi yelahanka ps pi yelahanka ps l&o bengaluru city 080-22942536 9480801415 ylankabcp@ksp.gov.in
KSP1183,PI YELAHANKA NEW TOWN PS,PI,YELAHANKA NEW TOWN PS,L&O,Bengaluru City,,080-22942537,9480801416,piylkntbcp@ksp.gov.in,pi yelahanka new town ps pi yelahanka new town ps l&o bengaluru city 080-22942537 9480801416 piylkntbcp@ksp.gov.in
KSP1184,PI KODIGEHALLI PS,PI,KODIGEHALLI PS,L&O,Bengaluru City,,080-22943703,9480801422,pikodigehallibcp@ksp.gov.in,pi kodigehalli ps pi kodigehalli ps l&o bengaluru city 080-22943703 9480801422 pikodigehallibcp@ksp.gov.in
KSP1185,PI VIDYARANYAPURA PS,PI,VIDYARANYAPURA PS,L&O,Bengaluru City,,080-22942528,9480801327,vrpurabcp@ksp.gov.in,pi vidyaranyapura ps pi vidyaranyapura ps l&o bengaluru city 080-22942528 9480801327 vrpurabcp@ksp.gov.in
KSP1186,ACP Sampigehalli,ACP,Sampigehalli,L&O,Bengaluru City,,080-22943690,9480801069,ablesampigehalli@ksp.gov.in,acp sampigehalli acp sampigehalli l&o bengaluru city 080-22943690 9480801069 ablesampigehalli@ksp.gov.in
KSP1187,PI SAMPIGEHALLI PS,PI,SAMPIGEHALLI PS,L&O,Bengaluru City,,080-22943692,9480801424,sampigehallipsbcp@ksp.gov.in,pi sampigehalli ps pi sampigehalli ps l&o bengaluru city 080-22943692 9480801424 sampigehallipsbcp@ksp.gov.in
KSP1188,PI KOTHANURU PS,PI,KOTHANURU PS,L&O,Bengaluru City,,080-22943694,9480801423,kottanurbcp@ksp.gov.in,pi kothanuru ps pi kothanuru ps l&o bengaluru city 080-22943694 9480801423 kottanurbcp@ksp.gov.in
KSP1189,PI BHAGALURU PS,PI,BHAGALURU PS,L&O,Bengaluru City,,080-28469100,9480801418,bhagalurpsbcp@ksp.gov.in,pi bhagaluru ps pi bhagaluru ps l&o bengaluru city 080-28469100 9480801418 bhagalurpsbcp@ksp.gov.in
KSP1190,PI AMRUTHAHALLI PS,PI,AMRUTHAHALLI PS,L&O,Bengaluru City,,080-22943644,9480801417,amruthahallipsbcp@ksp.gov.in,pi amruthahalli ps pi amruthahalli ps l&o bengaluru city 080-22943644 9480801417 amruthahallipsbcp@ksp.gov.in
KSP1191,PI WOMEN PS,PI,WOMEN PS,L&O,Bengaluru City,,,9480801052,womenkbc@ksp.gov.in,pi women ps pi women ps l&o bengaluru city 9480801052 womenkbc@ksp.gov.in
KSP1192,ACP Devanahalli,ACP,Devanahalli,L&O,Bengaluru City,,080-27680111,9480801071,abledevanahalli@ksp.gov.in,acp devanahalli acp devanahalli l&o bengaluru city 080-27680111 9480801071 abledevanahalli@ksp.gov.in
KSP1193,PI DEVANAHALLI PS,PI,DEVANAHALLI PS,L&O,Bengaluru City,,080-27680333,9480801420,devanahallipsbcp@ksp.gov.in,pi devanahalli ps pi devanahalli ps l&o bengaluru city 080-27680333 9480801420 devanahallipsbcp@ksp.gov.in
KSP1194,PI CHIKKAJALA PS,PI,CHIKKAJALA PS,L&O,Bengaluru City,,080-28467200,9480801419,chikkajalapsbcp@ksp.gov.in,pi chikkajala ps pi chikkajala ps l&o bengaluru city 080-28467200 9480801419 chikkajalapsbcp@ksp.gov.in
KSP1195,PI Kempegowda International Airport PS (KIAL PS),PI,Kempegowda International Airport PS (KIAL PS),L&O,Bengaluru City,,080-22001102,9480801421,biapsbcp@ksp.gov.in,pi kempegowda international airport ps (kial ps) pi kempegowda international airport ps (kial ps) l&o bengaluru city 080-22001102 9480801421 biapsbcp@ksp.gov.in
KSP1196,Kempegowda International Airport (KIAL) OP,,Kempegowda International Airport (KIAL) OP,L&O,Bengaluru City,,080-22001101,,,kempegowda international airport (kial) op l&o bengaluru city 080-22001101
KSP1197,DCP South-East,DCP,South-East,L&O,Bengaluru City,,080-25530284,9480801601,dcpsoutheastbcp@ksp.gov.in,dcp south-east dcp south-east l&o bengaluru city 080-25530284 9480801601 dcpsoutheastbcp@ksp.gov.in
KSP1198,South-East C/Room,,South-East C/Room,C/Room,Bengaluru City,,080-22943481,9480801600,southeastbcpcr@ksp.gov.in,south-east c/room c/room bengaluru city 080-22943481 9480801600 southeastbcpcr@ksp.gov.in
KSP1199,ACP CEN South East Division,ACP,CEN South East Division,CEN,Bengaluru City,,080-22942759,9480801057,,acp cen south east division acp cen south east division cen bengaluru city 080-22942759 9480801057
KSP1200,PI CEN PS,PI,CEN PS,CEN,Bengaluru City,,,9480801058,cenkbc@ksp.gov.in,pi cen ps pi cen ps cen bengaluru city 9480801058 cenkbc@ksp.gov.in
KSP1201,ACP Mico Layout,ACP,Mico Layout,L&O,Bengaluru City,,080-22943466,9480801605,ablemicolayoutbcp@ksp.gov.in,acp mico layout acp mico layout l&o bengaluru city 080-22943466 9480801605 ablemicolayoutbcp@ksp.gov.in
KSP1202,PI THILAKANAGAR PS,PI,THILAKANAGAR PS,L&O,Bengaluru City,,080-22942571,9480801621,tlknagarbcp@ksp.gov.in,pi thilakanagar ps pi thilakanagar ps l&o bengaluru city 080-22942571 9480801621 tlknagarbcp@ksp.gov.in
KSP1203,PI MICO LAYOUT PS,PI,MICO LAYOUT PS,L&O,Bengaluru City,,080-22942569,9480801620,micobcp@ksp.gov.in,pi mico layout ps pi mico layout ps l&o bengaluru city 080-22942569 9480801620 micobcp@ksp.gov.in
KSP1204,PI BOMMANAHALLI PS,PI,BOMMANAHALLI PS,L&O,Bengaluru City,,080-22942269,9480801544,bommanahallibcp@ksp.gov.in,pi bommanahalli ps pi bommanahalli ps l&o bengaluru city 080-22942269 9480801544 bommanahallibcp@ksp.gov.in
KSP1205,PI SUDDGUNTEPALYA PS,PI,SUDDGUNTEPALYA PS,L&O,Bengaluru City,,080-22942762,9480801425,sgpalyabcp@ksp.gov.in,pi suddguntepalya ps pi suddguntepalya ps l&o bengaluru city 080-22942762 9480801425 sgpalyabcp@ksp.gov.in
KSP1206,ACP Madiwala,ACP,Madiwala,L&O,Bengaluru City,,080-22942163,9480801606,ablemadivalabcp@ksp.gov.in,acp madiwala acp madiwala l&o bengaluru city 080-22942163 9480801606 ablemadivalabcp@ksp.gov.in
KSP1207,PI KORAMANGALA PS,PI,KORAMANGALA PS,L&O,Bengaluru City,,080-22942570,9480801625,kmangalabcp@ksp.gov.in,pi koramangala ps pi koramangala ps l&o bengaluru city 080-22942570 9480801625 kmangalabcp@ksp.gov.in
KSP1208,PI MADIWALA PS,PI,MADIWALA PS,L&O,Bengaluru City,,080-22942568,9480801624,madivalabcp@ksp.gov.in,pi madiwala ps pi madiwala ps l&o bengaluru city 080-22942568 9480801624 madivalabcp@ksp.gov.in
KSP1209,PI H.S.R LAYOUT PS,PI,H.S.R LAYOUT PS,L&O,Bengaluru City,,080-22943467,9480801626,hsrlayoutbcp@ksp.gov.in,pi h.s.r layout ps pi h.s.r layout ps l&o bengaluru city 080-22943467 9480801626 hsrlayoutbcp@ksp.gov.in
KSP1210,PI ADUGODI PS,PI,ADUGODI PS,L&O,Bengaluru City,,080-22942573,9480801518,adugodibcp@ksp.gov.in,pi adugodi ps pi adugodi ps l&o bengaluru city 080-22942573 9480801518 adugodibcp@ksp.gov.in
KSP1211,PI WOMEN PS,PI,WOMEN PS,L&O,Bengaluru City,,,9480801059,womenkbc@ksp.gov.in,pi women ps pi women ps l&o bengaluru city 9480801059 womenkbc@ksp.gov.in
KSP1212,DCP Computer Section,DCP,Computer Section,Computer Wing,Bengaluru City,,080-22943553,9480801007,dcpnorthwestbcp@ksp.gov.in,dcp computer section dcp computer section computer wing bengaluru city 080-22943553 9480801007 dcpnorthwestbcp@ksp.gov.in
KSP1213,North-West C/Room,,North-West C/Room,C/Room,Bengaluru City,,080-22943661,9480801141,,north-west c/room c/room bengaluru city 080-22943661 9480801141
KSP1214,ACP Peenya,ACP,Peenya,L&O,Bengaluru City,,080-22942286,9480801042,ablepeenyabcp@ksp.gov.in,acp peenya acp peenya l&o bengaluru city 080-22942286 9480801042 ablepeenyabcp@ksp.gov.in
KSP1215,PI PEENYA PS,PI,PEENYA PS,L&O,Bengaluru City,,080-22942532,9480801324,peenyabcp@ksp.gov.in,pi peenya ps pi peenya ps l&o bengaluru city 080-22942532 9480801324 peenyabcp@ksp.gov.in
KSP1216,PI RAJAGOPAL NAGAR PS,PI,RAJAGOPAL NAGAR PS,L&O,Bengaluru City,,080-22942525,9480801319,rgnagarbcp@ksp.gov.in,pi rajagopal nagar ps pi rajagopal nagar ps l&o bengaluru city 080-22942525 9480801319 rgnagarbcp@ksp.gov.in
KSP1217,PI MADANAYAKANAHALLI PS,PI,MADANAYAKANAHALLI PS,L&O,Bengaluru City,,080-23713699,9480802472,mnayakahallibng@ksp.gov.in,pi madanayakanahalli ps pi madanayakanahalli ps l&o bengaluru city 080-23713699 9480802472 mnayakahallibng@ksp.gov.in
KSP1218,PI Byadarahalli PS,PI,Byadarahalli PS,L&O,Bengaluru City,,080-23484899,9480801550,byhallibcp@ksp.gov.in,pi byadarahalli ps pi byadarahalli ps l&o bengaluru city 080-23484899 9480801550 byhallibcp@ksp.gov.in
KSP1219,ACP Chikkabanavar,ACP,Chikkabanavar,L&O,Bengaluru City,,,,,acp chikkabanavar acp chikkabanavar l&o bengaluru city
KSP1220,PI GANGAMMANAGUDI PS,PI,GANGAMMANAGUDI PS,L&O,Bengaluru City,,080-22942530,9480801326,gggudibcp@ksp.gov.in,pi gangammanagudi ps pi gangammanagudi ps l&o bengaluru city 080-22942530 9480801326 gggudibcp@ksp.gov.in
KSP1221,PI SOLADEVANAHALLI PS,PI,SOLADEVANAHALLI PS,L&O,Bengaluru City,,080-28394805,9480801328,sdhallibcp@ksp.gov.in,pi soladevanahalli ps pi soladevanahalli ps l&o bengaluru city 080-28394805 9480801328 sdhallibcp@ksp.gov.in
KSP1222,PI BAGALGUNTE PS,PI,BAGALGUNTE PS,L&O,Bengaluru City,,080-22942258,9480801547,bagalguntepsbcp@ksp.gov.in,pi bagalgunte ps pi bagalgunte ps l&o bengaluru city 080-22942258 9480801547 bagalguntepsbcp@ksp.gov.in
KSP1223,PI RAJANUKUNTE PS,PI,RAJANUKUNTE PS,L&O,Bengaluru City,,080-28468936,9480802457,rajanukuntebng@ksp.gov.in,pi rajanukunte ps pi rajanukunte ps l&o bengaluru city 080-28468936 9480802457 rajanukuntebng@ksp.gov.in
KSP1224,PI Chikkabanavar PS,PI,Chikkabanavar PS,L&O,Bengaluru City,,,,,pi chikkabanavar ps pi chikkabanavar ps l&o bengaluru city
KSP1225,DCP South-West,DCP,South-West,L&O,Bengaluru City,,,080-22942300,dcpsouthwestbcp@ksp.gov.in,dcp south-west dcp south-west l&o bengaluru city 080-22942300 dcpsouthwestbcp@ksp.gov.in
KSP1226,South-West C/Room,,South-West C/Room,C/Room,Bengaluru City,,,080-22943300,,south-west c/room c/room bengaluru city 080-22943300
KSP1227,ACP Kengeri,ACP,Kengeri,L&O,Bengaluru City,,,9480801711,,acp kengeri acp kengeri l&o bengaluru city 9480801711
KSP1228,PI MAGADI ROAD PS,PI,MAGADI ROAD PS,L&O,Bengaluru City,,080-22942510,9480801724,kengeribcp@ksp.gov.in,pi magadi road ps pi magadi road ps l&o bengaluru city 080-22942510 9480801724 kengeribcp@ksp.gov.in
KSP1229,PI ANNAPOORNESHWARI NAGAR PS,PI,ANNAPOORNESHWARI NAGAR PS,L&O,Bengaluru City,,080-22942513,9480801723,jbharathibcp@ksp.gov.in,pi annapoorneshwari nagar ps pi annapoorneshwari nagar ps l&o bengaluru city 080-22942513 9480801723 jbharathibcp@ksp.gov.in
KSP1230,PI KUMBALAGODU PS,PI,KUMBALAGODU PS,L&O,Ramanagara,,,9480802808,kumbalagudurmn@ksp.gov.in,pi kumbalagodu ps pi kumbalagodu ps l&o ramanagara 9480802808 kumbalagudurmn@ksp.gov.in
KSP1231,ACP Subramanyapura,ACP,Subramanyapura,L&O,Bengaluru City,,080-22943473,9480801507,ablesbpurabcp@ksp.gov.in,acp subramanyapura acp subramanyapura l&o bengaluru city 080-22943473 9480801507 ablesbpurabcp@ksp.gov.in
KSP1232,PI SUBRAMANYAPURA PS,PI,SUBRAMANYAPURA PS,L&O,Bengaluru City,,080-22942565,9480801529,sbpurabcp@ksp.gov.in,pi subramanyapura ps pi subramanyapura ps l&o bengaluru city 080-22942565 9480801529 sbpurabcp@ksp.gov.in
KSP1233,PI K.S. LAYOUT PS,PI,K.S. LAYOUT PS,L&O,Bengaluru City,,080-22942567,9480801531,kslayoutbcp@ksp.gov.in,pi k.s. layout ps pi k.s. layout ps l&o bengaluru city 080-22942567 9480801531 kslayoutbcp@ksp.gov.in
KSP1234,PI TALAGHATTAPURA PS,PI,TALAGHATTAPURA PS,L&O,Bengaluru City,,080-22942359,9480801075,tgpurabcp@ksp.gov.in,pi talaghattapura ps pi talaghattapura ps l&o bengaluru city 080-22942359 9480801075 tgpurabcp@ksp.gov.in
KSP1235,PI KONANAKUNTE PS,PI,KONANAKUNTE PS,L&O,Bengaluru City,,080-22942560,9480801520,konanakuntepsbcp@ksp.gov.in,pi konanakunte ps pi konanakunte ps l&o bengaluru city 080-22942560 9480801520 konanakuntepsbcp@ksp.gov.in
KSP1236,DCP Whitefield,DCP,Whitefield,L&O,Bengaluru City,,080-22942959,080-22942852,dcpwhitefieldbcp@ksp.gov.in,dcp whitefield dcp whitefield l&o bengaluru city 080-22942959 080-22942852 dcpwhitefieldbcp@ksp.gov.in
KSP1237,Whitefield C/Room,,Whitefield C/Room,C/Room,Bengaluru City,,080-22942959,7411747100,,whitefield c/room c/room bengaluru city 080-22942959 7411747100
KSP1238,ACP CEN PS Whitefield,ACP,CEN PS Whitefield,CEN,Bengaluru City,,080-22942872,9480801145,,acp cen ps whitefield acp cen ps whitefield cen bengaluru city 080-22942872 9480801145
KSP1239,PI CEN PS Whitefield,PI,CEN PS Whitefield,CEN,Bengaluru City,,080-22942872,9480801146,cenpswhitefieldbcp@ksp.gov.in,pi cen ps whitefield pi cen ps whitefield cen bengaluru city 080-22942872 9480801146 cenpswhitefieldbcp@ksp.gov.in
KSP1240,ACP Whitefield,ACP,Whitefield,L&O,Bengaluru City,,080-22943155,9480801076,ablewhitefieldbcp@ksp.gov.in,acp whitefield acp whitefield l&o bengaluru city 080-22943155 9480801076 ablewhitefieldbcp@ksp.gov.in
KSP1241,PI WHITEFIELD PS,PI,WHITEFIELD PS,L&O,Bengaluru City,,080-22943472,9480801617,whitefieldbcp@ksp.gov.in,pi whitefield ps pi whitefield ps l&o bengaluru city 080-22943472 9480801617 whitefieldbcp@ksp.gov.in
KSP1242,PI K.R. PURAM PS,PI,K.R. PURAM PS,L&O,Bengaluru City,,080-22942553,9480801221,krpurambcp@ksp.gov.in,pi k.r. puram ps pi k.r. puram ps l&o bengaluru city 080-22942553 9480801221 krpurambcp@ksp.gov.in
KSP1243,PI MAHADEVAPURA PS,PI,MAHADEVAPURA PS,L&O,Bengaluru City,,080-22942546,9480801230,mdpurabcp@ksp.gov.in,pi mahadevapura ps pi mahadevapura ps l&o bengaluru city 080-22942546 9480801230 mdpurabcp@ksp.gov.in
KSP1244,PI KADUGODI PS,PI,KADUGODI PS,L&O,Bengaluru City,,080-22943471,9480801619,,pi kadugodi ps pi kadugodi ps l&o bengaluru city 080-22943471 9480801619
KSP1245,PI AVALAHALLI PS,PI,AVALAHALLI PS,L&O,Bengaluru City,,080-28472500,9480802473,avalahallibng@ksp.gov.in,pi avalahalli ps pi avalahalli ps l&o bengaluru city 080-28472500 9480802473 avalahallibng@ksp.gov.in
KSP1246,PI WOMEN PS,PI,WOMEN PS,L&O,Bengaluru City,,,9480801147,womenkbc@ksp.gov.in,pi women ps pi women ps l&o bengaluru city 9480801147 womenkbc@ksp.gov.in
KSP1247,ACP Marathahalli,ACP,Marathahalli,L&O,Bengaluru City,,080-22943199,9480801607,ablemarathahallibcp@ksp.gov.in,acp marathahalli acp marathahalli l&o bengaluru city 080-22943199 9480801607 ablemarathahallibcp@ksp.gov.in
KSP1248,PI MARATHAHALLI PS,PI,MARATHAHALLI PS,L&O,Bengaluru City,,080-25639999,9480801615,marathahallibcp@ksp.gov.in,pi marathahalli ps pi marathahalli ps l&o bengaluru city 080-25639999 9480801615 marathahallibcp@ksp.gov.in
KSP1249,PI H.A.L PS,PI,H.A.L PS,L&O,Bengaluru City,,080-22942542,9480801616,halbcp@ksp.gov.in,pi h.a.l ps pi h.a.l ps l&o bengaluru city 080-22942542 9480801616 halbcp@ksp.gov.in
KSP1250,PI BELLANDURU PS,PI,BELLANDURU PS,L&O,Bengaluru City,,080-25747771,9480801543,bellandurubcp@ksp.gov.in,pi bellanduru ps pi bellanduru ps l&o bengaluru city 080-25747771 9480801543 bellandurubcp@ksp.gov.in
KSP1251,PI VARTHUR PS,PI,VARTHUR PS,L&O,Bengaluru City,,080-28539196,9480801618,varthurbcp@ksp.gov.in,pi varthur ps pi varthur ps l&o bengaluru city 080-28539196 9480801618 varthurbcp@ksp.gov.in
KSP1252,DCP Electronic City,DCP,Electronic City,L&O,Bengaluru City,,,9480801008,dcpelectroniccitybcp@ksp.gov.in,dcp electronic city dcp electronic city l&o bengaluru city 9480801008 dcpelectroniccitybcp@ksp.gov.in
KSP1253,C/Room,,C/Room,C/Room,Udupi,,,9480801142,dckpl@ksp.gov.in,c/room udupi 9480801142 dckpl@ksp.gov.in
KSP1254,ACP Electronic City,ACP,Electronic City,L&O,Bengaluru City,,080-22943603,9480801063,ableelectroniccitybcp@ksp.gov.in,acp electronic city acp electronic city l&o bengaluru city 080-22943603 9480801063 ableelectroniccitybcp@ksp.gov.in
KSP1255,PI ELECTRONIC CITY PS,PI,ELECTRONIC CITY PS,L&O,Bengaluru City,,080-22943469,9480801623,electroniccitybcp@ksp.gov.in,pi electronic city ps pi electronic city ps l&o bengaluru city 080-22943469 9480801623 electroniccitybcp@ksp.gov.in
KSP1256,PI BANDEPALYA PS,PI,BANDEPALYA PS,L&O,Bengaluru City,,080-22942236,9480801078,bandepalyabcp@ksp.gov.in,pi bandepalya ps pi bandepalya ps l&o bengaluru city 080-22942236 9480801078 bandepalyabcp@ksp.gov.in
KSP1257,PI HULIMAVU PS,PI,HULIMAVU PS,L&O,Bengaluru City,,080-22943470,9480801622,hulimavubcp@ksp.gov.in,pi hulimavu ps pi hulimavu ps l&o bengaluru city 080-22943470 9480801622 hulimavubcp@ksp.gov.in
KSP1258,PI BEGURU PS,PI,BEGURU PS,L&O,Bengaluru City,,080-22942551,9480801217,begurbcp@ksp.gov.in,pi beguru ps pi beguru ps l&o bengaluru city 080-22942551 9480801217 begurbcp@ksp.gov.in
KSP1259,PI PARAPPANA AGRAHARA PS,PI,PARAPPANA AGRAHARA PS,L&O,Bengaluru City,,080-22943468,9480801627,pagraharabcp@ksp.gov.in,pi parappana agrahara ps pi parappana agrahara ps l&o bengaluru city 080-22943468 9480801627 pagraharabcp@ksp.gov.in
KSP1260,PI HEBBAGODI PS,PI,HEBBAGODI PS,L&O,Bengaluru City,,080-27832922,9480802451,hebbagodibng@ksp.gov.in,pi hebbagodi ps pi hebbagodi ps l&o bengaluru city 080-27832922 9480802451 hebbagodibng@ksp.gov.in
KSP1261,DCP Traffic East,DCP,Traffic East,Traffic,Bengaluru City,,080-22860787,9480801801,dcptrfeast@ksp.gov.in,dcp traffic east dcp traffic east traffic bengaluru city 080-22860787 9480801801 dcptrfeast@ksp.gov.in
KSP1262,Traffic East C/Room,,Traffic East C/Room,C/Room,Bengaluru City,,080-22943131,9480801095,,traffic east c/room c/room bengaluru city 080-22943131 9480801095
KSP1263,ACP Traffic East,ACP,Traffic East,Traffic,Bengaluru City,,080-22942098,9480801806,acpeasttraffic123@gmail.com,acp traffic east acp traffic east traffic bengaluru city 080-22942098 9480801806 acpeasttraffic123@gmail.com
KSP1264,PI TR. HALASOOR PS,PI,TR. HALASOOR PS,Traffic,Bengaluru City,,080-22942659,9480801815,halasoortrafficbcp@ksp.gov.in,pi tr. halasoor ps pi tr. halasoor ps traffic bengaluru city 080-22942659 9480801815 halasoortrafficbcp@ksp.gov.in
KSP1265,PI TR. JEEVANBHEEMA NAGAR PS,PI,TR. JEEVANBHEEMA NAGAR PS,Traffic,Bengaluru City,,080-22942919,9480801816,jbnagartraffic@gmail.com,pi tr. jeevanbheema nagar ps pi tr. jeevanbheema nagar ps traffic bengaluru city 080-22942919 9480801816 jbnagartraffic@gmail.com
KSP1266,PI TR. SHIVAJINAGAR PS,PI,TR. SHIVAJINAGAR PS,Traffic,Bengaluru City,,080-22942921,9480801821,shivajinagartrafficbcp@ksp.gov.in,pi tr. shivajinagar ps pi tr. shivajinagar ps traffic bengaluru city 080-22942921 9480801821 shivajinagartrafficbcp@ksp.gov.in
KSP1267,PI TR. PULAKESHI NAGAR PS,PI,TR. PULAKESHI NAGAR PS,Traffic,Bengaluru City,,080-22942924,9480801820,ftowntrafficps@gmail.com,pi tr. pulakeshi nagar ps pi tr. pulakeshi nagar ps traffic bengaluru city 080-22942924 9480801820 ftowntrafficps@gmail.com
KSP1268,PI TR. BANASAWADI PS,PI,TR. BANASAWADI PS,Traffic,Bengaluru City,,080-22942217,9480801819,bwaditrafficbcp@ksp.gov.in,pi tr. banasawadi ps pi tr. banasawadi ps traffic bengaluru city 080-22942217 9480801819 bwaditrafficbcp@ksp.gov.in
KSP1269,PI TR. K.G. HALLI PS,PI,TR. K.G. HALLI PS,Traffic,Bengaluru City,,080-22942969,9480801584,kghallitrafficbcp@ksp.gov.in,pi tr. k.g. halli ps pi tr. k.g. halli ps traffic bengaluru city 080-22942969 9480801584 kghallitrafficbcp@ksp.gov.in
KSP1270,ACP TR. HAL AIRPORT PS,ACP,TR. HAL AIRPORT PS,Traffic,Bengaluru City,,080-29917704,9480801132,acpwhitefieldtraffic@gmail.com,acp tr. hal airport ps acp tr. hal airport ps traffic bengaluru city 080-29917704 9480801132 acpwhitefieldtraffic@gmail.com
KSP1271,PI TR. WHITEFIELD PS,PI,TR. WHITEFIELD PS,Traffic,Bengaluru City,,080-22943706,9480801817,whitefieldtrafficbcp@ksp.gov.in,pi tr. whitefield ps pi tr. whitefield ps traffic bengaluru city 080-22943706 9480801817 whitefieldtrafficbcp@ksp.gov.in
KSP1272,PI TR. WHITEFIELD PS,PI,TR. WHITEFIELD PS,Traffic,Bengaluru City,,080-22943706,9480801831,whitefieldtrafficbcp@ksp.gov.in,pi tr. whitefield ps pi tr. whitefield ps traffic bengaluru city 080-22943706 9480801831 whitefieldtrafficbcp@ksp.gov.in
KSP1273,PI TR. MAHADEVAPURA PS,PI,TR. MAHADEVAPURA PS,Traffic,Bengaluru City,,080-22943389,9480801818,mdpuratrfbcp@ksp.gov.in,pi tr. mahadevapura ps pi tr. mahadevapura ps traffic bengaluru city 080-22943389 9480801818 mdpuratrfbcp@ksp.gov.in
KSP1274,PI TR. MAHADEVAPURA PS,PI,TR. MAHADEVAPURA PS,Traffic,Bengaluru City,,080-22943389,9449296253,mdpuratrfbcp@ksp.gov.in,pi tr. mahadevapura ps pi tr. mahadevapura ps traffic bengaluru city 080-22943389 9449296253 mdpuratrfbcp@ksp.gov.in
KSP1275,DCP Traffic West,DCP,Traffic West,Traffic,Bengaluru City,,080-22942318,9480801901,dcptrafficwest@gmail.com,dcp traffic west dcp traffic west traffic bengaluru city 080-22942318 9480801901 dcptrafficwest@gmail.com
KSP1276,Traffic West C/Room,,Traffic West C/Room,C/Room,Bengaluru City,,080-22943030,9480801900,,traffic west c/room c/room bengaluru city 080-22943030 9480801900
KSP1277,ACP Traffic West,ACP,Traffic West,Traffic,Bengaluru City,,080-22942094,9480801905,acpwesttrafficbcp@ksp.gov.in,acp traffic west acp traffic west traffic bengaluru city 080-22942094 9480801905 acpwesttrafficbcp@ksp.gov.in
KSP1278,PI TR. CHAMRAJPET PS,PI,TR. CHAMRAJPET PS,Traffic,Bengaluru City,,080-22942664,9480801916,chickpettrafficbcp@ksp.gov.in,pi tr. chamrajpet ps pi tr. chamrajpet ps traffic bengaluru city 080-22942664 9480801916 chickpettrafficbcp@ksp.gov.in
KSP1279,PI TR. UPPARPET PS,PI,TR. UPPARPET PS,Traffic,Bengaluru City,,080-22942665,9480801915,upettrafficbcp@ksp.gov.in,pi tr. upparpet ps pi tr. upparpet ps traffic bengaluru city 080-22942665 9480801915 upettrafficbcp@ksp.gov.in
KSP1280,PI TR. CITY MARKET PS,PI,TR. CITY MARKET PS,Traffic,Bengaluru City,,080-22942808,9480801917,citymarkettrafficbcp@ksp.gov.in,pi tr. city market ps pi tr. city market ps traffic bengaluru city 080-22942808 9480801917 citymarkettrafficbcp@ksp.gov.in
KSP1281,PI TR. BYATARAYANAPURA PS,PI,TR. BYATARAYANAPURA PS,Traffic,Bengaluru City,,080-22943011,9480801919,bypuratrafficpsbcp@ksp.gov.in,pi tr. byatarayanapura ps pi tr. byatarayanapura ps traffic bengaluru city 080-22943011 9480801919 bypuratrafficpsbcp@ksp.gov.in
KSP1282,PI TR. KENGERI PS,PI,TR. KENGERI PS,Traffic,Bengaluru City,,080-22943013,9480806021,kengeritrfbcp@ksp.gov.in,pi tr. kengeri ps pi tr. kengeri ps traffic bengaluru city 080-22943013 9480806021 kengeritrfbcp@ksp.gov.in
KSP1283,ACP Traffic Central,ACP,Traffic Central,Traffic,Bengaluru City,,080-22942096,9480801807,acpcentraltrafficbcp@gmail.com,acp traffic central acp traffic central traffic bengaluru city 080-22942096 9480801807 acpcentraltrafficbcp@gmail.com
KSP1284,PI TR. CUBBON PARK PS,PI,TR. CUBBON PARK PS,Traffic,Bengaluru City,,080-22942675,9480801828,cparktrafficbcp@ksp.gov.in,pi tr. cubbon park ps pi tr. cubbon park ps traffic bengaluru city 080-22942675 9480801828 cparktrafficbcp@ksp.gov.in
KSP1285,PI TR. HALSOOR GATE PS,PI,TR. HALSOOR GATE PS,Traffic,Bengaluru City,,080-22943124,9480801829,hgatetrafficbcp@ksp.gov.in,pi tr. halsoor gate ps pi tr. halsoor gate ps traffic bengaluru city 080-22943124 9480801829 hgatetrafficbcp@ksp.gov.in
KSP1286,PI TR. HIGH GROUND PS,PI,TR. HIGH GROUND PS,Traffic,Bengaluru City,,080-22942916,9480801827,hgroundtrafficbcp@ksp.gov.in,pi tr. high ground ps pi tr. high ground ps traffic bengaluru city 080-22942916 9480801827 hgroundtrafficbcp@ksp.gov.in
KSP1287,PI TR. ASHOKNAGAR PS,PI,TR. ASHOKNAGAR PS,Traffic,Bengaluru City,,080-22943122,9480801823,angartrafficbcp@ksp.gov.in,pi tr. ashoknagar ps pi tr. ashoknagar ps traffic bengaluru city 080-22943122 9480801823 angartrafficbcp@ksp.gov.in
KSP1288,PI TR. WILSON GARDEN PS,PI,TR. WILSON GARDEN PS,Traffic,Bengaluru City,,080-22943120,9480801826,wgardentrafficbcp@ksp.gov.in,pi tr. wilson garden ps pi tr. wilson garden ps traffic bengaluru city 080-22943120 9480801826 wgardentrafficbcp@ksp.gov.in
KSP1289,PI TR. SADASHIVANAGAR PS,PI,TR. SADASHIVANAGAR PS,Traffic,Bengaluru City,,080-22942804,9480801830,ssnagrtrafficbcp@ksp.gov.in,pi tr. sadashivanagar ps pi tr. sadashivanagar ps traffic bengaluru city 080-22942804 9480801830 ssnagrtrafficbcp@ksp.gov.in
KSP1290,PI Tr. Sheshadripuram PS,PI,Tr. Sheshadripuram PS,Traffic,Bengaluru City,,080-22943774,9480801138,sspuramtraffic@gmail.com,pi tr. sheshadripuram ps pi tr. sheshadripuram ps traffic bengaluru city 080-22943774 9480801138 sspuramtraffic@gmail.com
KSP1291,ACP Traffic Vijayanagara,ACP,Traffic Vijayanagara,Traffic,Bengaluru City,,080-22942943,9480801611,,acp traffic vijayanagara acp traffic vijayanagara traffic bengaluru city 080-22942943 9480801611
KSP1292,PI TR. VIJAYANAGAR PS,PI,TR. VIJAYANAGAR PS,Traffic,Bengaluru City,,080-22942809,9480801920,vijayanagartrafficbcp@ksp.gov.in,pi tr. vijayanagar ps pi tr. vijayanagar ps traffic bengaluru city 080-22942809 9480801920 vijayanagartrafficbcp@ksp.gov.in
KSP1293,PI TR. MAGADI ROAD PS,PI,TR. MAGADI ROAD PS,Traffic,Bengaluru City,,080-22943010,9480801918,mroadtraffic@gmail.com,pi tr. magadi road ps pi tr. magadi road ps traffic bengaluru city 080-22943010 9480801918 mroadtraffic@gmail.com
KSP1294,PI TR. KAMAKSHIPALYA PS,PI,TR. KAMAKSHIPALYA PS,Traffic,Bengaluru City,,080-22943009,9480801921,kamakshipalyatrps@gmail.com,pi tr. kamakshipalya ps pi tr. kamakshipalya ps traffic bengaluru city 080-22943009 9480801921 kamakshipalyatrps@gmail.com
KSP1295,PI TR. JNANABHARATHI PS,PI,TR. JNANABHARATHI PS,Traffic,Bengaluru City,,080-22942271,9480801137,,pi tr. jnanabharathi ps pi tr. jnanabharathi ps traffic bengaluru city 080-22942271 9480801137
KSP1296,DCP Traffic North,DCP,Traffic North,Traffic,Bengaluru City,,080-22942411,9480801133,dcpnorthtrfbcp@ksp.gov.in,dcp traffic north dcp traffic north traffic bengaluru city 080-22942411 9480801133 dcpnorthtrfbcp@ksp.gov.in
KSP1297,Traffic North C/Room,,Traffic North C/Room,C/Room,Bengaluru City,,080-22943684,9480801096,,traffic north c/room c/room bengaluru city 080-22943684 9480801096
KSP1298,ACP Traffic North,ACP,Traffic North,Traffic,Bengaluru City,,080-22942092,9480801907,acpnorthtrafficbcp@ksp.gov.in,acp traffic north acp traffic north traffic bengaluru city 080-22942092 9480801907 acpnorthtrafficbcp@ksp.gov.in
KSP1299,PI TR. MALLESHWARAM PS,PI,TR. MALLESHWARAM PS,Traffic,Bengaluru City,,080-22942810,9480801922,mvmtrafficbcp@ksp.gov.in,pi tr. malleshwaram ps pi tr. malleshwaram ps traffic bengaluru city 080-22942810 9480801922 mvmtrafficbcp@ksp.gov.in
KSP1300,PI TR. RAJAJINAGAR PS,PI,TR. RAJAJINAGAR PS,Traffic,Bengaluru City,,080-22942807,9480801924,rnagartrafficbcp@ksp.gov.in,pi tr. rajajinagar ps pi tr. rajajinagar ps traffic bengaluru city 080-22942807 9480801924 rnagartrafficbcp@ksp.gov.in
KSP1301,PI TR. YESHWANTHAPURA PS,PI,TR. YESHWANTHAPURA PS,Traffic,Bengaluru City,,080-22942661,9480801925,yspuratrafficbcp@ksp.gov.in,pi tr. yeshwanthapura ps pi tr. yeshwanthapura ps traffic bengaluru city 080-22942661 9480801925 yspuratrafficbcp@ksp.gov.in
KSP1302,PI TR. JALAHALLI PS,PI,TR. JALAHALLI PS,Traffic,Bengaluru City,,080-22943020,9480801558,jalahallitrafficbcp@ksp.gov.in,pi tr. jalahalli ps pi tr. jalahalli ps traffic bengaluru city 080-22943020 9480801558 jalahallitrafficbcp@ksp.gov.in
KSP1303,PI TR. PEENYA PS,PI,TR. PEENYA PS,Traffic,Bengaluru City,,080-22942674,9480801923,peenyatrafficbcp@ksp.gov.in,pi tr. peenya ps pi tr. peenya ps traffic bengaluru city 080-22942674 9480801923 peenyatrafficbcp@ksp.gov.in
KSP1304,PI TR. CHIKKA BANAVARA PS,PI,TR. CHIKKA BANAVARA PS,Traffic,Bengaluru City,,080-22943516,9480801134,,pi tr. chikka banavara ps pi tr. chikka banavara ps traffic bengaluru city 080-22943516 9480801134
KSP1305,ACP Traffic North-East,ACP,Traffic North-East,Traffic,Bengaluru City,,080-22943708,9480801073,ablenortheasttrafficbcp@ksp.gov.in,acp traffic north-east acp traffic north-east traffic bengaluru city 080-22943708 9480801073 ablenortheasttrafficbcp@ksp.gov.in
KSP1306,PI TR. YELAHANKA PS,PI,TR. YELAHANKA PS,Traffic,Bengaluru City,,080-22943024,9480801933,ylktrafficbcp@ksp.gov.in,pi tr. yelahanka ps pi tr. yelahanka ps traffic bengaluru city 080-22943024 9480801933 ylktrafficbcp@ksp.gov.in
KSP1307,PI TR. HEBBALA PS,PI,TR. HEBBALA PS,Traffic,Bengaluru City,,080-22943023,9480801931,hebbaltrafficbcp@ksp.gov.in,pi tr. hebbala ps pi tr. hebbala ps traffic bengaluru city 080-22943023 9480801931 hebbaltrafficbcp@ksp.gov.in
KSP1308,PI TR. CHIKKAJALA PS,PI,TR. CHIKKAJALA PS,Traffic,Bengaluru City,,080-22943186,9480801934,chikkajalatrafficbcp@ksp.gov.in,pi tr. chikkajala ps pi tr. chikkajala ps traffic bengaluru city 080-22943186 9480801934 chikkajalatrafficbcp@ksp.gov.in
KSP1309,PI TR. DEVANAHALLI PS,PI,TR. DEVANAHALLI PS,Traffic,Bengaluru City,,080-27681100,9480801074,bialtrafficbcp@ksp.gov.in,pi tr. devanahalli ps pi tr. devanahalli ps traffic bengaluru city 080-27681100 9480801074 bialtrafficbcp@ksp.gov.in
KSP1310,PI TR. R.T. NAGAR PS,PI,TR. R.T. NAGAR PS,Traffic,Bengaluru City,,080-22943026,9480801932,rtnagartrafficbcp@ksp.gov.in,pi tr. r.t. nagar ps pi tr. r.t. nagar ps traffic bengaluru city 080-22943026 9480801932 rtnagartrafficbcp@ksp.gov.in
KSP1311,PI TR. HENNUR PS,PI,TR. HENNUR PS,Traffic,Bengaluru City,,080-22943732,9449295596,hennurut@gmail.com,pi tr. hennur ps pi tr. hennur ps traffic bengaluru city 080-22943732 9449295596 hennurut@gmail.com
KSP1312,PI Tr. Sanjay Nagar PS,PI,Tr. Sanjay Nagar PS,Traffic,Bengaluru City,,080-22943035,9480801135,sanjayanagaratr@ksp.gov.in,pi tr. sanjay nagar ps pi tr. sanjay nagar ps traffic bengaluru city 080-22943035 9480801135 sanjayanagaratr@ksp.gov.in
KSP1313,ACP Traffic Training & Road Safety Institute,ACP,Traffic Training & Road Safety Institute,Traffic,Bengaluru City,,080-22942117,9480801808,ttitrfnorthbcpbcp@ksp.gov.in,acp traffic training & road safety institute acp traffic training & road safety institute traffic bengaluru city 080-22942117 9480801808 ttitrfnorthbcpbcp@ksp.gov.in
KSP1314,DCP Traffic South,DCP,Traffic South,Traffic,Bengaluru City,,080-22943561,9480800820,dcptrfsouthbcp@ksp.gov.in,dcp traffic south dcp traffic south traffic bengaluru city 080-22943561 9480800820 dcptrfsouthbcp@ksp.gov.in
KSP1315,Traffic South C/Room,,Traffic South C/Room,C/Room,Bengaluru City,,080-22942704,9480801097,,traffic south c/room c/room bengaluru city 080-22942704 9480801097
KSP1316,ACP Traffic South,ACP,Traffic South,Traffic,Bengaluru City,,080-22942090,9480801906,acpsouthtrafficbcp@ksp.gov.in,acp traffic south acp traffic south traffic bengaluru city 080-22942090 9480801906 acpsouthtrafficbcp@ksp.gov.in
KSP1317,PI V V PURAM PS,PI,V V PURAM PS,L&O,Bengaluru City,,080-22942670,9480801926,cmpettraffbcp@ksp.gov.in,pi v v puram ps pi v v puram ps l&o bengaluru city 080-22942670 9480801926 cmpettraffbcp@ksp.gov.in
KSP1318,PI TR. JAYANAGAR PS,PI,TR. JAYANAGAR PS,Traffic,Bengaluru City,,080-22942669,9480801927,jnagartrafficbcp@ksp.gov.in,pi tr. jayanagar ps pi tr. jayanagar ps traffic bengaluru city 080-22942669 9480801927 jnagartrafficbcp@ksp.gov.in
KSP1319,PI TR. BASAVANAGUDI PS,PI,TR. BASAVANAGUDI PS,Traffic,Bengaluru City,,080-22942668,9480801928,bguditrafficbcp@ksp.gov.in,pi tr. basavanagudi ps pi tr. basavanagudi ps traffic bengaluru city 080-22942668 9480801928 bguditrafficbcp@ksp.gov.in
KSP1320,PI TR. BANASHANKARI PS,PI,TR. BANASHANKARI PS,Traffic,Bengaluru City,,080-22943108,9480801929,bsktrafficbcp@ksp.gov.in,pi tr. banashankari ps pi tr. banashankari ps traffic bengaluru city 080-22943108 9480801929 bsktrafficbcp@ksp.gov.in
KSP1321,PI TR. KUMARASWAMY LAYOUT PS,PI,TR. KUMARASWAMY LAYOUT PS,Traffic,Bengaluru City,,080-22943109,9480801930,kslyttrafficbcp@ksp.gov.in,pi tr. kumaraswamy layout ps pi tr. kumaraswamy layout ps traffic bengaluru city 080-22943109 9480801930 kslyttrafficbcp@ksp.gov.in
KSP1322,PI TR. TALAGHATTAPURA PS,PI,TR. TALAGHATTAPURA PS,Traffic,Bengaluru City,,080-22942862,9449296259,tgpuratraffic@gmail.com,pi tr. talaghattapura ps pi tr. talaghattapura ps traffic bengaluru city 080-22942862 9449296259 tgpuratraffic@gmail.com
KSP1323,PI Tr. JP Nagar PS,PI,Tr. JP Nagar PS,Traffic,Bengaluru City,,080-22943192,9480801136,jpnagartraffic@gmail.com,pi tr. jp nagar ps pi tr. jp nagar ps traffic bengaluru city 080-22943192 9480801136 jpnagartraffic@gmail.com
KSP1324,ACP Traffic South-East,ACP,Traffic South-East,Traffic,Bengaluru City,,080-22942115,9480801805,acpsetrf@gmail.com,acp traffic south-east acp traffic south-east traffic bengaluru city 080-22942115 9480801805 acpsetrf@gmail.com
KSP1325,PI TR. ADUGODI PS,PI,TR. ADUGODI PS,Traffic,Bengaluru City,,080-22943125,9480801822,adugoditrafficbcp@ksp.gov.in,pi tr. adugodi ps pi tr. adugodi ps traffic bengaluru city 080-22943125 9480801822 adugoditrafficbcp@ksp.gov.in
KSP1326,PI TR. MADIWALA PS,PI,TR. MADIWALA PS,Traffic,Bengaluru City,,080-22942805,9480801824,madivalatrafficbcp@ksp.gov.in,pi tr. madiwala ps pi tr. madiwala ps traffic bengaluru city 080-22942805 9480801824 madivalatrafficbcp@ksp.gov.in
KSP1327,PI TR. MICO LAYOUT PS,PI,TR. MICO LAYOUT PS,Traffic,Bengaluru City,,080-22943118,9480801825,micolayouttrafficbcp@ksp.gov.in,pi tr. mico layout ps pi tr. mico layout ps traffic bengaluru city 080-22943118 9480801825 micolayouttrafficbcp@ksp.gov.in
KSP1328,PI TR. HULIMAVU PS,PI,TR. HULIMAVU PS,Traffic,Bengaluru City,,080-22942884,9480801553,hulimavutrfebcp@ksp.gov.in,pi tr. hulimavu ps pi tr. hulimavu ps traffic bengaluru city 080-22942884 9480801553 hulimavutrfebcp@ksp.gov.in
KSP1329,ACP Traffic HSR Layout,ACP,Traffic HSR Layout,Traffic,Bengaluru City,,080-22942408,9480801211,acphsrtr@gmail.com,acp traffic hsr layout acp traffic hsr layout traffic bengaluru city 080-22942408 9480801211 acphsrtr@gmail.com
KSP1330,PI Tr. H.S.R Layout PS,PI,Tr. H.S.R Layout PS,Traffic,Bengaluru City,,080-25747574,9480801426,hsrltrafficbcp@gmail.com,pi tr. h.s.r layout ps pi tr. h.s.r layout ps traffic bengaluru city 080-25747574 9480801426 hsrltrafficbcp@gmail.com
KSP1331,PI TR. BELLANDURU PS,PI,TR. BELLANDURU PS,Traffic,Bengaluru City,,080-22943718,9480801832,electroniccitytraffic@gmail.com,pi tr. bellanduru ps pi tr. bellanduru ps traffic bengaluru city 080-22943718 9480801832 electroniccitytraffic@gmail.com
KSP1332,PI CCB,PI,CCB,CCB,Bengaluru City,,0824-2220818,9449296666,ccbmgc@ksp.gov.in,pi ccb pi ccb bengaluru city 0824-2220818 9449296666 ccbmgc@ksp.gov.in
KSP1333,DCP Crime-2,DCP,Crime-2,L&O,Bengaluru City,,080-22942374,9480801016,dcpcrime2bcp@gmail.com,dcp crime-2 dcp crime-2 l&o bengaluru city 080-22942374 9480801016 dcpcrime2bcp@gmail.com
KSP1334,DCP Crime-2,DCP,Crime-2,L&O,Bengaluru City,,080-22942374,9480801021,dcpcrime2bcp@gmail.com,dcp crime-2 dcp crime-2 l&o bengaluru city 080-22942374 9480801021 dcpcrime2bcp@gmail.com
KSP1335,CCB C/Room,,CCB C/Room,C/Room,Bengaluru City,,080-22943084,,,ccb c/room c/room bengaluru city 080-22943084
KSP1336,ACP EOW,ACP,EOW,L&O,Bengaluru City,,,9480801029,ccbfms@gmail.com,acp eow acp eow l&o bengaluru city 9480801029 ccbfms@gmail.com
KSP1337,PI EOW,PI,EOW,L&O,Bengaluru City,,,9480801559,,pi eow pi eow l&o bengaluru city 9480801559
KSP1338,PI EOW,PI,EOW,L&O,Bengaluru City,,,9480801562,,pi eow pi eow l&o bengaluru city 9480801562
KSP1339,PI EOW,PI,EOW,L&O,Bengaluru City,,,9113201453,,pi eow pi eow l&o bengaluru city 9113201453
KSP1340,PI EOW,PI,EOW,L&O,Bengaluru City,,,9480801560,,pi eow pi eow l&o bengaluru city 9480801560
KSP1341,ACP ANW,ACP,ANW,L&O,Bengaluru City,,,9480801028,ccbanwbcp@ksp.gov.in,acp anw acp anw l&o bengaluru city 9480801028 ccbanwbcp@ksp.gov.in
KSP1342,PI ANW,PI,ANW,L&O,Bengaluru City,,,9480801561,,pi anw pi anw l&o bengaluru city 9480801561
KSP1343,PI ANW,PI,ANW,L&O,Bengaluru City,,,9480801548,,pi anw pi anw l&o bengaluru city 9480801548
KSP1344,PI ANW,PI,ANW,L&O,Bengaluru City,,,9480801542,,pi anw pi anw l&o bengaluru city 9480801542
KSP1345,PI ANW,PI,ANW,L&O,Bengaluru City,,,9480801549,,pi anw pi anw l&o bengaluru city 9480801549
KSP1346,ACP OCW (West),ACP,OCW (West),L&O,Bengaluru City,,,9480801030,,acp ocw (west) acp ocw (west) l&o bengaluru city 9480801030
KSP1347,PI OCW,PI,OCW,L&O,Bengaluru City,,,9113201474,,pi ocw pi ocw l&o bengaluru city 9113201474
KSP1348,ACP OCW (East),ACP,OCW (East),L&O,Bengaluru City,,,9480801061,,acp ocw (east) acp ocw (east) l&o bengaluru city 9480801061
KSP1349,PI OCW,PI,OCW,L&O,Bengaluru City,,,9113201471,,pi ocw pi ocw l&o bengaluru city 9113201471
KSP1350,PI OCW,PI,OCW,L&O,Bengaluru City,,,9113201461,,pi ocw pi ocw l&o bengaluru city 9113201461
KSP1351,PI OCW,PI,OCW,L&O,Bengaluru City,,,9113201472,,pi ocw pi ocw l&o bengaluru city 9113201472
KSP1352,ACP SEW,ACP,SEW,L&O,Bengaluru City,,,9480801087,,acp sew acp sew l&o bengaluru city 9480801087
KSP1353,PI SEW,PI,SEW,L&O,Bengaluru City,,,9480801034,,pi sew pi sew l&o bengaluru city 9480801034
KSP1354,PI SEW,PI,SEW,L&O,Bengaluru City,,,9480801557,,pi sew pi sew l&o bengaluru city 9480801557
KSP1355,PI SEW,PI,SEW,L&O,Bengaluru City,,,9480801555,,pi sew pi sew l&o bengaluru city 9480801555
KSP1356,ACP WPW,ACP,WPW,L&O,Bengaluru City,,080-22942181,9480801027,,acp wpw acp wpw l&o bengaluru city 080-22942181 9480801027
KSP1357,PI WPW,PI,WPW,L&O,Bengaluru City,,,9480801560,,pi wpw pi wpw l&o bengaluru city 9480801560
KSP1358,PI WPW,PI,WPW,L&O,Bengaluru City,,,9480801551,,pi wpw pi wpw l&o bengaluru city 9480801551
KSP1359,PI WPW,PI,WPW,L&O,Bengaluru City,,,9480801546,,pi wpw pi wpw l&o bengaluru city 9480801546
KSP1360,DCP Intelligence,DCP,"Intelligence, Bengaluru City",L&O,Bengaluru City,,080-22200920,9480801032,dcpintbcp@ksp.gov.in,"dcp intelligence dcp intelligence, bengaluru city l&o bengaluru city 080-22200920 9480801032 dcpintbcp@ksp.gov.in"
KSP1361,City SB,,City SB,L&O,Bengaluru City,,080-22943245,,,city sb l&o bengaluru city 080-22943245
KSP1362,ACP Admin,ACP,Admin,L&O,Bengaluru City,,080-22942186,9480801033,ableadminbcp@ksp.gov.in,acp admin acp admin l&o bengaluru city 080-22942186 9480801033 ableadminbcp@ksp.gov.in
KSP1363,City SB Admin,,City SB Admin,L&O,Bengaluru City,,080-22207055,,,city sb admin l&o bengaluru city 080-22207055
KSP1364,PI City SB,PI,City SB,L&O,Bengaluru City,,,,,pi city sb pi city sb l&o bengaluru city
KSP1365,ACP City SB Field,ACP,City SB Field,L&O,Bengaluru City,,080-22942186,9480801031,ableadminbcp@ksp.gov.in,acp city sb field acp city sb field l&o bengaluru city 080-22942186 9480801031 ableadminbcp@ksp.gov.in
KSP1366,ACP PRO,ACP,PRO,L&O,Bengaluru City,,,9480801089,atcbcp@ksp.gov.in,acp pro acp pro l&o bengaluru city 9480801089 atcbcp@ksp.gov.in
KSP1367,PI City SB,PI,City SB,L&O,Bengaluru City,,,9480801086,,pi city sb pi city sb l&o bengaluru city 9480801086
KSP1368,PI City SB,PI,City SB,L&O,Bengaluru City,,,9480801085,,pi city sb pi city sb l&o bengaluru city 9480801085
KSP1369,PI City SB,PI,City SB,L&O,Bengaluru City,,,9480801088,,pi city sb pi city sb l&o bengaluru city 9480801088
KSP1370,DCP VVIP Security,DCP,VVIP Security,VVIP,Bengaluru City,,080-22942941,9480801022,dcpvvipsec@ksp.gov.in,dcp vvip security dcp vvip security vvip bengaluru city 080-22942941 9480801022 dcpvvipsec@ksp.gov.in
KSP1371,ACP VVIP Security Admin,ACP,VVIP Security Admin,L&O,Bengaluru City,,080-22282065,9113202103,acpvvipsec@gmail.com,acp vvip security admin acp vvip security admin l&o bengaluru city 080-22282065 9113202103 acpvvipsec@gmail.com
KSP1372,ACP VVIP Security (Field),ACP,VVIP Security (Field),L&O,Bengaluru City,,080-22943662,9480801080,,acp vvip security (field) acp vvip security (field) l&o bengaluru city 080-22943662 9480801080
KSP1373,ACP DCP Traffic East,ACP,DCP Traffic East,Traffic,Bengaluru City,,080-22942196,9480801081,acpexpmsecurity@ksp.gov.in,acp dcp traffic east acp dcp traffic east traffic bengaluru city 080-22942196 9480801081 acpexpmsecurity@ksp.gov.in
KSP1374,PI RPI MTO,PI,RPI MTO,CAR,Bengaluru City,,080-22942194,9480801072,,pi rpi mto pi rpi mto car bengaluru city 080-22942194 9480801072
KSP1375,PI BDDS,PI,BDDS,BDDS,Bengaluru City,,,9113201950,,pi bdds pi bdds bengaluru city 9113201950
KSP1376,PI Admin,PI,Admin,Admin,Bengaluru City,,,9480801092,,pi admin pi admin bengaluru city 9480801092
KSP1377,PI Field-1,PI,Field-1,L&O,Bengaluru City,,,9480801062,,pi field-1 pi field-1 l&o bengaluru city 9480801062
KSP1378,PI Field-2,PI,Field-2,L&O,Bengaluru City,,080-22942192,9113202098,,pi field-2 pi field-2 l&o bengaluru city 080-22942192 9113202098
KSP1379,PI Field-3,PI,Field-3,L&O,Bengaluru City,,,9480801083,,pi field-3 pi field-3 l&o bengaluru city 9480801083
KSP1380,VVIP Security Section,,VVIP Security Section,VVIP,Bengaluru City,,080-22942192,,,vvip security section vvip bengaluru city 080-22942192
KSP1381,DCP CAR HQ,DCP,CAR HQ,CAR,Bengaluru City,,080-26701406,9480801017,dcpcarhqbcp@ksp.gov.in,dcp car hq dcp car hq car bengaluru city 080-26701406 9480801017 dcpcarhqbcp@ksp.gov.in
KSP1382,CAR HQ. C/Room,,CAR HQ. C/Room,C/Room,Bengaluru City,,080-22943555,9845333551,,car hq. c/room c/room bengaluru city 080-22943555 9845333551
KSP1383,ACP CAR HQ,ACP,CAR HQ,CAR,Bengaluru City,,,9480801039,acp1carhqbcp@ksp.gov.in,acp car hq acp car hq car bengaluru city 9480801039 acp1carhqbcp@ksp.gov.in
KSP1384,ACP CAR HQ,ACP,CAR HQ,CAR,Bengaluru City,,,9480801038,,acp car hq acp car hq car bengaluru city 9480801038
KSP1385,ACP CAR HQ,ACP,CAR HQ,CAR,Bengaluru City,,,9480801040,,acp car hq acp car hq car bengaluru city 9480801040
KSP1386,ACP CAR HQ,ACP,CAR HQ,CAR,Bengaluru City,,,9480801037,,acp car hq acp car hq car bengaluru city 9480801037
KSP1387,ACP Traffic Management Center,ACP,Traffic Management Center,Traffic,Bengaluru City,,,9480801041,,acp traffic management center acp traffic management center traffic bengaluru city 9480801041
KSP1388,DCP CAR South,DCP,CAR South,CAR,Bengaluru City,,080-22942492,9480801019,dcpcarsouthbcp@ksp.gov.in,dcp car south dcp car south car bengaluru city 080-22942492 9480801019 dcpcarsouthbcp@ksp.gov.in
KSP1389,CAR South C/Room,,CAR South C/Room,C/Room,Bengaluru City,,080-22943333,,,car south c/room c/room bengaluru city 080-22943333
KSP1390,ACP CAR South-I,ACP,CAR South-I,CAR,Bengaluru City,,,9480801054,,acp car south-i acp car south-i car bengaluru city 9480801054
KSP1391,ACP CAR South-II,ACP,CAR South-II,CAR,Bengaluru City,,,9480801055,,acp car south-ii acp car south-ii car bengaluru city 9480801055
KSP1392,ACP CAR South-III,ACP,CAR South-III,CAR,Bengaluru City,,,9480801056,,acp car south-iii acp car south-iii car bengaluru city 9480801056
KSP1393,ACP CAR South-IV,ACP,CAR South-IV,CAR,Bengaluru City,,,9480801053,,acp car south-iv acp car south-iv car bengaluru city 9480801053
KSP1394,Dog Squad,,Dog Squad,Dog Squad,Bengaluru City,,0821-2418563,,,dog squad bengaluru city 0821-2418563
KSP1395,DCP CAR-North,DCP,CAR-North,CAR,Bengaluru City,,080-29736959,9480801018,dcpcarnorthbcp@ksp.gov.in,dcp car-north dcp car-north car bengaluru city 080-29736959 9480801018 dcpcarnorthbcp@ksp.gov.in
KSP1396,CAR North C/Room,,CAR North C/Room,C/Room,Bengaluru City,,080-22943222,9480801046,,car north c/room c/room bengaluru city 080-22943222 9480801046
KSP1397,ACP CAR North,ACP,CAR North,CAR,Bengaluru City,,,9480801047,,acp car north acp car north car bengaluru city 9480801047
KSP1398,ACP CAR North,ACP,CAR North,CAR,Bengaluru City,,,9480801048,,acp car north acp car north car bengaluru city 9480801048
KSP1399,DCP CAR-West,DCP,CAR-West,CAR,Bengaluru City,,080-22942964,9480806022,dcpcarwestbcp@ksp.gov.in,dcp car-west dcp car-west car bengaluru city 080-22942964 9480806022 dcpcarwestbcp@ksp.gov.in
KSP1400,CAR West C/Room,,CAR West C/Room,C/Room,Bengaluru City,,080-22943441,,crcarwestbcp@ksp.gov.in,car west c/room c/room bengaluru city 080-22943441 crcarwestbcp@ksp.gov.in
KSP1401,ACP CAR West-1,ACP,CAR West-1,CAR,Bengaluru City,,,9480801911,,acp car west-1 acp car west-1 car bengaluru city 9480801911
KSP1402,ACP CAR West-2,ACP,CAR West-2,CAR,Bengaluru City,,,9480801111,,acp car west-2 acp car west-2 car bengaluru city 9480801111
KSP1403,DIGP CP,DIGP,CP Belagavi City,L&O,Belagavi City,,0831-2405279,9480800650,copbgc@ksp.gov.in,digp cp digp cp belagavi city l&o belagavi city 0831-2405279 9480800650 copbgc@ksp.gov.in
KSP1404,DCP L&O,DCP,L&O Belagavi City,L&O,Belagavi City,,0831-2405246,9480800651,dcplobgc@ksp.gov.in,dcp l&o dcp l&o belagavi city l&o belagavi city 0831-2405246 9480800651 dcplobgc@ksp.gov.in
KSP1405,DCP Crime & Traffic,DCP,Crime & Traffic,Traffic,Belagavi City,,0821-2418102,9480800652,dcpcrimemyc@ksp.gov.in,dcp crime & traffic dcp crime & traffic traffic belagavi city 0821-2418102 9480800652 dcpcrimemyc@ksp.gov.in
KSP1406,DCP CAR,DCP,CAR,CAR,Belagavi City,,0821-2418103,9480800653,dcpcarmyc@ksp.gov.in,dcp car dcp car belagavi city 0821-2418103 9480800653 dcpcarmyc@ksp.gov.in
KSP1407,City C/Room,,City C/Room,C/Room,Belagavi City,,0821-2418339,9483931100,ccrmys@ksp.gov.in,city c/room c/room belagavi city 0821-2418339 9483931100 ccrmys@ksp.gov.in
KSP1408,PI Wireless,PI,Wireless,Wireless,Belagavi City,,0836-2233421,9108416236,dcbgc@ksp.gov.in,pi wireless pi wireless belagavi city 0836-2233421 9108416236 dcbgc@ksp.gov.in
KSP1409,ACP CEN PS,ACP,CEN PS,CEN,Belagavi City,,,,cenpsbgc@ksp.gov.in,acp cen ps acp cen ps cen belagavi city cenpsbgc@ksp.gov.in
KSP1410,PI CEN PS,PI,CEN PS,CEN,Belagavi City,,,9480804084,cenkbc@ksp.gov.in,pi cen ps pi cen ps cen belagavi city 9480804084 cenkbc@ksp.gov.in
KSP1411,ACP Crime,ACP,Crime,L&O,Belagavi City,,0831-2471577,,acpcrimebgc@ksp.gov.in,acp crime acp crime l&o belagavi city 0831-2471577 acpcrimebgc@ksp.gov.in
KSP1412,DySP ACP Market Sub-Dvn,DySP,ACP Market Sub-Dvn,L&O,Belagavi City,,0831-2405221,9480804021,sdpomarketbgm@ksp.gov.in,dysp acp market sub-dvn dysp acp market sub-dvn l&o belagavi city 0831-2405221 9480804021 sdpomarketbgm@ksp.gov.in
KSP1413,PI MARKET PS,PI,MARKET PS,L&O,Belagavi City,,0831-2405242,9480804045,marketbgm@ksp.gov.in,pi market ps pi market ps l&o belagavi city 0831-2405242 9480804045 marketbgm@ksp.gov.in
KSP1414,PSI MARKET PS,PSI,MARKET PS,L&O,Belagavi City,,0831-2405242,9480804089,,psi market ps psi market ps l&o belagavi city 0831-2405242 9480804089
KSP1415,PI SHAHAPUR PS,PI,SHAHAPUR PS,L&O,Belagavi City,,0831-2405244,9480804046,shshapurbgm@ksp.gov.in,pi shahapur ps pi shahapur ps l&o belagavi city 0831-2405244 9480804046 shshapurbgm@ksp.gov.in
KSP1416,PSI SHAHAPUR PS,PSI,SHAHAPUR PS,L&O,Belagavi City,,0831-2405244,9480804104,,psi shahapur ps psi shahapur ps l&o belagavi city 0831-2405244 9480804104
KSP1417,PI APMC PS,PI,APMC PS,L&O,Belagavi City,,0831-2405250,9480804106,apmcbgm@ksp.gov.in,pi apmc ps pi apmc ps l&o belagavi city 0831-2405250 9480804106 apmcbgm@ksp.gov.in
KSP1418,PSI APMC PS,PSI,APMC PS,L&O,Belagavi City,,0831-2405250,9480804047,,psi apmc ps psi apmc ps l&o belagavi city 0831-2405250 9480804047
KSP1419,PI MALAMARUTHI PS,PI,MALAMARUTHI PS,L&O,Belagavi City,,0831-2405251,9480804107,malmaruthibgm@ksp.gov.in,pi malamaruthi ps pi malamaruthi ps l&o belagavi city 0831-2405251 9480804107 malmaruthibgm@ksp.gov.in
KSP1420,PSI MALAMARUTHI PS,PSI,MALAMARUTHI PS,L&O,Belagavi City,,0831-2405251,9480804048,,psi malamaruthi ps psi malamaruthi ps l&o belagavi city 0831-2405251 9480804048
KSP1421,ACP Khadebazar Sub-Dvn,ACP,Khadebazar Sub-Dvn,L&O,Belagavi City,,0831-2405219,9480804020,sdpokhadebazarbgm@ksp.gov.in,acp khadebazar sub-dvn acp khadebazar sub-dvn l&o belagavi city 0831-2405219 9480804020 sdpokhadebazarbgm@ksp.gov.in
KSP1422,PI KHADEBAZAR PS,PI,KHADEBAZAR PS,L&O,Belagavi City,,0831-2405253,9480804050,khadebazarbgm@ksp.gov.in,pi khadebazar ps pi khadebazar ps l&o belagavi city 0831-2405253 9480804050 khadebazarbgm@ksp.gov.in
KSP1423,PSI MARIHAL PS,PSI,MARIHAL PS,L&O,Belagavi City,,0831-2405239,9480804108,,psi marihal ps psi marihal ps l&o belagavi city 0831-2405239 9480804108
KSP1424,PI UDYAMBAG PS,PI,UDYAMBAG PS,L&O,Belagavi City,,0831-2405234,9480804051,campbgm@ksp.gov.in,pi udyambag ps pi udyambag ps l&o belagavi city 0831-2405234 9480804051 campbgm@ksp.gov.in
KSP1425,PSI UDYAMBAG PS,PSI,UDYAMBAG PS,L&O,Belagavi City,,0831-2405234,9480804110,,psi udyambag ps psi udyambag ps l&o belagavi city 0831-2405234 9480804110
KSP1426,PI TILAKWADI PS,PI,TILAKWADI PS,L&O,Belagavi City,,0831-2452133,9480804052,ccbbgc@ksp.gov.in,pi tilakwadi ps pi tilakwadi ps l&o belagavi city 0831-2452133 9480804052 ccbbgc@ksp.gov.in
KSP1427,PSI TILAKWADI PS,PSI,TILAKWADI PS,L&O,Belagavi City,,0831-2405236,9480804112,,psi tilakwadi ps psi tilakwadi ps l&o belagavi city 0831-2405236 9480804112
KSP1428,PI TILAKWADI PS,PI,TILAKWADI PS,L&O,Belagavi City,,0831-2452133,9480804053,ccbbgc@ksp.gov.in,pi tilakwadi ps pi tilakwadi ps l&o belagavi city 0831-2452133 9480804053 ccbbgc@ksp.gov.in
KSP1429,PSI CAMP PS,PSI,CAMP PS,L&O,Belagavi City,,0831-2405248,9480804114,,psi camp ps psi camp ps l&o belagavi city 0831-2405248 9480804114
KSP1430,PI KHADEBAZAR PS,PI,KHADEBAZAR PS,L&O,Belagavi City,,0831-2405253,9480804049,,pi khadebazar ps pi khadebazar ps l&o belagavi city 0831-2405253 9480804049
KSP1431,ACP Belagavi Rural,ACP,Belagavi Rural,Belagavi City,Belagavi,,,9480804022,sdporuralbgm@ksp.gov.in,acp belagavi rural acp belagavi rural belagavi city belagavi 9480804022 sdporuralbgm@ksp.gov.in
KSP1432,PI Belagavi Rural PS,PI,Belagavi Rural PS,Belagavi City,Belagavi,,,9480804031,ruralbgm@ksp.gov.in,pi belagavi rural ps pi belagavi rural ps belagavi city belagavi 9480804031 ruralbgm@ksp.gov.in
KSP1433,PSI Belagavi Rural PS,PSI,Belagavi Rural PS,Belagavi City,Belagavi,,,9480804082,,psi belagavi rural ps psi belagavi rural ps belagavi city belagavi 9480804082
KSP1434,PI Kakati PS,PI,Kakati PS,Belagavi City,Belagavi,,,9480804115,kakatibgm@ksp.gov.in,pi kakati ps pi kakati ps belagavi city belagavi 9480804115 kakatibgm@ksp.gov.in
KSP1435,PSI Kakati PS,PSI,Kakati PS,Belagavi City,Belagavi,,,9480804083,,psi kakati ps psi kakati ps belagavi city belagavi 9480804083
KSP1436,PI HIREBAGEWADI PS,PI,HIREBAGEWADI PS,L&O,Belagavi City,,,9480804032,ccrbbgc@ksp.gov.in,pi hirebagewadi ps pi hirebagewadi ps l&o belagavi city 9480804032 ccrbbgc@ksp.gov.in
KSP1437,PI MARIHAL PS,PI,MARIHAL PS,L&O,Belagavi City,,0831-2405239,9480804111,marihalbgm@ksp.gov.in,pi marihal ps pi marihal ps l&o belagavi city 0831-2405239 9480804111 marihalbgm@ksp.gov.in
KSP1438,PSI MARIHAL PS,PSI,MARIHAL PS,L&O,Belagavi City,,0831-2405239,9480804085,,psi marihal ps psi marihal ps l&o belagavi city 0831-2405239 9480804085
KSP1439,ACP Traffic,ACP,Traffic,Traffic,Kalaburagi City,,,9480800654,acptraffickbc@ksp.gov.in,acp traffic acp traffic kalaburagi city 9480800654 acptraffickbc@ksp.gov.in
KSP1440,PI CAMP PS,PI,CAMP PS,L&O,Belagavi City,,0831-2405240,9480804103,trafficnorthbgm@ksp.gov.in,pi camp ps pi camp ps l&o belagavi city 0831-2405240 9480804103 trafficnorthbgm@ksp.gov.in
KSP1441,PSI-1 HIREBAGEWADI PS,PSI-1,HIREBAGEWADI PS,L&O,Belagavi City,,0831-2405240,9480804116,,psi-1 hirebagewadi ps psi-1 hirebagewadi ps l&o belagavi city 0831-2405240 9480804116
KSP1442,PSI-2 CAMP PS,PSI-2,CAMP PS,L&O,Belagavi City,,,9480804054,,psi-2 camp ps psi-2 camp ps l&o belagavi city 9480804054
KSP1443,PI TRAFFIC SOUTH PS,PI,TRAFFIC SOUTH PS,Traffic,Hubballi-Dharwad City,,0824-2220850,9480804117,trafficsouthmgc@ksp.gov.in,pi traffic south ps pi traffic south ps traffic hubballi-dharwad city 0824-2220850 9480804117 trafficsouthmgc@ksp.gov.in
KSP1444,PSI CAMP PS,PSI,CAMP PS,L&O,Belagavi City,,0831-2405248,9480804055,,psi camp ps psi camp ps l&o belagavi city 0831-2405248 9480804055
KSP1445,AAO,AAO,,Belagavi City,Belagavi,,,,,aao belagavi city belagavi
KSP1446,PI HIREBAGEWADI PS,PI,HIREBAGEWADI PS,L&O,Belagavi City,,,9480804109,ccrbbgc@ksp.gov.in,pi hirebagewadi ps pi hirebagewadi ps l&o belagavi city 9480804109 ccrbbgc@ksp.gov.in
KSP1447,PI TILAKWADI PS,PI,TILAKWADI PS,L&O,Belagavi City,,0831-2452133,9480804105,ccbbgc@ksp.gov.in,pi tilakwadi ps pi tilakwadi ps l&o belagavi city 0831-2452133 9480804105 ccbbgc@ksp.gov.in
KSP1448,PI ISD,PI,ISD,ISD,Ballari,,,9480800710,piisdrcr@ksp.gov.in,pi isd pi isd ballari 9480800710 piisdrcr@ksp.gov.in
KSP1449,PI CSB,PI,CSB,CSB,Mangaluru City,,,9480804113,csbbgc@ksp.gov.in,pi csb pi csb mangaluru city 9480804113 csbbgc@ksp.gov.in
KSP1450,RPI DCP CAR,RPI,DCP CAR,CAR,Belagavi City,,0831-2405243,9480804090,carbgc@ksp.gov.in,rpi dcp car rpi dcp car car belagavi city 0831-2405243 9480804090 carbgc@ksp.gov.in
KSP1451,RPI MTO CAR,RPI,MTO CAR,CAR,Hubballi-Dharwad City,,0836-2233524,,mtcarbgc@ksp.gov.in,rpi mto car rpi mto car car hubballi-dharwad city 0836-2233524 mtcarbgc@ksp.gov.in
KSP1452,PSI Railway,PSI,Railway,Belagavi City,Belagavi,,,9480802127,belgaumrly@ksp.gov.in,psi railway psi railway belagavi city belagavi 9480802127 belgaumrly@ksp.gov.in
KSP1453,Central Jail,,Central Jail Belagavi,CEN,Belagavi City,,0831-2405275,9480806473,cpbgm.prisons-kar@gov.in,central jail central jail belagavi cen belagavi city 0831-2405275 9480806473 cpbgm.prisons-kar@gov.in
KSP1454,DC,,DC,Belagavi City,Belagavi,,,,deo.belagavi@gmail.com,dc belagavi city belagavi deo.belagavi@gmail.com
KSP1455,AC,AC,,Belagavi City,Belagavi,,,,,ac belagavi city belagavi
KSP1456,Regional Commissioner,,Regional Commissioner,Other,Kalaburagi,,,,rcbgm_kar@nic.in,regional commissioner other kalaburagi rcbgm_kar@nic.in
KSP1457,Tahsildar,,Tahsildar Belagavi,Belagavi City,Belagavi,,,,thashildarbgm@gmail.com,tahsildar tahsildar belagavi belagavi city belagavi thashildarbgm@gmail.com
KSP1458,Dy. Commissioner Labour,,Dy. Commissioner Labour,Other,Belagavi City,,0831-2428066,,,dy. commissioner labour other belagavi city 0831-2428066
KSP1459,Dist. Inform Officer,,Dist. Inform Officer,Belagavi City,Belagavi,,,,,dist. inform officer belagavi city belagavi
KSP1460,D.C. State Excise,,D.C. State Excise,Belagavi City,Belagavi,,,,,d.c. state excise belagavi city belagavi
KSP1461,D.C. Backward & Minority,,D.C. Backward & Minority,Belagavi City,Belagavi,,,,,d.c. backward & minority belagavi city belagavi
KSP1462,A.C.,,A.C. Belagavi,Belagavi City,Belagavi,,,,acbelgaum@gmail.com,a.c. a.c. belagavi belagavi city belagavi acbelgaum@gmail.com
KSP1463,Fire Officer,,Fire Officer Belagavi,Fire,Belagavi City,,0831-2429441,,dfobgv@gmail.com,fire officer fire officer belagavi fire belagavi city 0831-2429441 dfobgv@gmail.com
KSP1464,CEO Z.P.,,CEO Z.P. Belagavi,Belagavi City,Belagavi,,,,,ceo z.p. ceo z.p. belagavi belagavi city belagavi
KSP1465,Forest Officer,,Forest Officer Belagavi,Belagavi City,Belagavi,,,,,forest officer forest officer belagavi belagavi city belagavi
KSP1466,Dist. Surgeon Hospital,,Dist. Surgeon Hospital,Health,Belagavi City,,0831-2420173,,,dist. surgeon hospital health belagavi city 0831-2420173
KSP1467,RTO,,RTO,RTO,Belagavi City,,0821-2330364,,,rto belagavi city 0821-2330364
KSP1468,D.C. KSRTC,,D.C. KSRTC,Belagavi City,Belagavi,,,,,d.c. ksrtc belagavi city belagavi
KSP1469,Dy. Director BIMS,,Dy. Director BIMS,Other,Belagavi City,,0831-2421464,,,dy. director bims other belagavi city 0831-2421464
KSP1470,Police Housing Board,,Police Housing Board,Other,Belagavi City,,0831-2475610,,,police housing board other belagavi city 0831-2475610
KSP1471,Circuit House,,Circuit House,Guest House,Belagavi City,,0831-2420350,,,circuit house guest house belagavi city 0831-2420350
KSP1472,Commissioner Corporation,,Commissioner Corporation,Other,Belagavi City,,0831-2405304,,itstop_ulb_belgaum@yahoo.com,commissioner corporation other belagavi city 0831-2405304 itstop_ulb_belgaum@yahoo.com
KSP1473,Circuit House,,Circuit House,Guest House,Belagavi City,,0831-2420350,,,circuit house guest house belagavi city 0831-2420350
KSP1474,High Way Toll,,High Way Toll,Toll,Belagavi City,,,9885420786,,high way toll toll belagavi city 9885420786
KSP1475,CP Hubballi-Dharwad City,CP,CP Hubballi-Dharwad City,L&O,Hubballi-Dharwad City,,0836-2222620,0836-2233500,compolhdc@ksp.gov.in,cp hubballi-dharwad city cp l&o hubballi-dharwad city 0836-2222620 0836-2233500 compolhdc@ksp.gov.in
KSP1476,DCP L&O,DCP,L&O,L&O,Hubballi-Dharwad City,,,0836-2233501,dcplokbc@ksp.gov.in,dcp l&o dcp l&o hubballi-dharwad city 0836-2233501 dcplokbc@ksp.gov.in
KSP1477,DCP CAR,DCP,CAR,CAR,Mangaluru City,,0821-2418103,9480802004,dcpcarmyc@ksp.gov.in,dcp car dcp car mangaluru city 0821-2418103 9480802004 dcpcarmyc@ksp.gov.in
KSP1478,DCP Crime & Traffic,DCP,Crime & Traffic,Traffic,Hubballi-Dharwad City,,0821-2418102,0836-2233502,dcpcrimemyc@ksp.gov.in,dcp crime & traffic dcp crime & traffic traffic hubballi-dharwad city 0821-2418102 0836-2233502 dcpcrimemyc@ksp.gov.in
KSP1479,ACP (W) Hubballi City,ACP (W),Hubballi City,L&O,Hubballi-Dharwad City,,0836-2233421,9480802016,,acp (w) hubballi city acp (w) hubballi city l&o hubballi-dharwad city 0836-2233421 9480802016
KSP1480,City C/Room,,City C/Room Hubballi-Dharwad,C/Room,Dharwad,,,9480802000,ccrhub@ksp.gov.in,city c/room city c/room hubballi-dharwad c/room dharwad 9480802000 ccrhub@ksp.gov.in
KSP1481,PI Wireless,PI,Wireless,Wireless,Hubballi-Dharwad City,,0836-2233421,9480800928,,pi wireless pi wireless hubballi-dharwad city 0836-2233421 9480800928
KSP1482,ACP South,ACP,South Hubballi,L&O,Hubballi-Dharwad City,,0836-2233507,9480802011,acpsouthhdc@ksp.gov.in,acp south acp south hubballi l&o hubballi-dharwad city 0836-2233507 9480802011 acpsouthhdc@ksp.gov.in
KSP1483,PI TOWN HUBBALLI PS,PI,TOWN HUBBALLI PS,L&O,Hubballi-Dharwad City,,0836-2233540,9480802021,townhdc@ksp.gov.in,pi town hubballi ps pi town hubballi ps l&o hubballi-dharwad city 0836-2233540 9480802021 townhdc@ksp.gov.in
KSP1484,PI GHANTIKERI PS,PI,GHANTIKERI PS,L&O,Hubballi-Dharwad City,,0836-2233527,9480802022,ghantikerihdc@ksp.gov.in,pi ghantikeri ps pi ghantikeri ps l&o hubballi-dharwad city 0836-2233527 9480802022 ghantikerihdc@ksp.gov.in
KSP1485,PI KASABAPETH PS,PI,KASABAPETH PS,L&O,Hubballi-Dharwad City,,0836-2233536,9480802023,kasabapethhdc@ksp.gov.in,pi kasabapeth ps pi kasabapeth ps l&o hubballi-dharwad city 0836-2233536 9480802023 kasabapethhdc@ksp.gov.in
KSP1486,PI OLD HUBBALLI PS,PI,OLD HUBBALLI PS,L&O,Hubballi-Dharwad City,,0836-2233541,9480802024,oldhublihdc@ksp.gov.in,pi old hubballi ps pi old hubballi ps l&o hubballi-dharwad city 0836-2233541 9480802024 oldhublihdc@ksp.gov.in
KSP1487,PI BENDIGERI PS,PI,BENDIGERI PS,L&O,Hubballi-Dharwad City,,0836-2233526,9480802025,bendigerihdc@ksp.gov.in,pi bendigeri ps pi bendigeri ps l&o hubballi-dharwad city 0836-2233526 9480802025 bendigerihdc@ksp.gov.in
KSP1488,ACP North,ACP,North Hubballi,L&O,Hubballi-Dharwad City,,0836-2233505,9480802012,acpnorthhdc@ksp.gov.in,acp north acp north hubballi l&o hubballi-dharwad city 0836-2233505 9480802012 acpnorthhdc@ksp.gov.in
KSP1489,PI KESHWAPUR PS,PI,KESHWAPUR PS,L&O,Hubballi-Dharwad City,,0836-2233518,9480802026,keshwapurhdc@ksp.gov.in,pi keshwapur ps pi keshwapur ps l&o hubballi-dharwad city 0836-2233518 9480802026 keshwapurhdc@ksp.gov.in
KSP1490,PI VIDYANAGAR PS,PI,VIDYANAGAR PS,L&O,Hubballi-Dharwad City,,0836-2233516,9480802027,vidyanagarhdc@ksp.gov.in,pi vidyanagar ps pi vidyanagar ps l&o hubballi-dharwad city 0836-2233516 9480802027 vidyanagarhdc@ksp.gov.in
KSP1491,PI KAMARIPETH PS,PI,KAMARIPETH PS,L&O,Hubballi-Dharwad City,,0836-2233519,9480802028,kamaripethhdc@ksp.gov.in,pi kamaripeth ps pi kamaripeth ps l&o hubballi-dharwad city 0836-2233519 9480802028 kamaripethhdc@ksp.gov.in
KSP1492,PI SUB-URBAN PS,PI,SUB-URBAN PS,L&O,Hubballi-Dharwad City,,0836-2233511,9480802030,dwdsurhdc@ksp.gov.in,pi sub-urban ps pi sub-urban ps l&o hubballi-dharwad city 0836-2233511 9480802030 dwdsurhdc@ksp.gov.in
KSP1493,PI WOMEN PS,PI,WOMEN PS,L&O,Hubballi-Dharwad City,,,9480802031,womenkbc@ksp.gov.in,pi women ps pi women ps l&o hubballi-dharwad city 9480802031 womenkbc@ksp.gov.in
KSP1494,PI ASHOK NAGAR PS,PI,ASHOK NAGAR PS,L&O,Hubballi-Dharwad City,,,9480802038,ashoknagarkbc@ksp.gov.in,pi ashok nagar ps pi ashok nagar ps l&o hubballi-dharwad city 9480802038 ashoknagarkbc@ksp.gov.in
KSP1495,PI APMC NAVANAGAR PS,PI,APMC NAVANAGAR PS,L&O,Hubballi-Dharwad City,,0836-2233492,9480802039,apmcnavanagarhdc@ksp.gov.in,pi apmc navanagar ps pi apmc navanagar ps l&o hubballi-dharwad city 0836-2233492 9480802039 apmcnavanagarhdc@ksp.gov.in
KSP1496,PI GOKUL ROAD PS,PI,GOKUL ROAD PS,L&O,Hubballi-Dharwad City,,0836-2233252,9480802047,gokulroadhdc@ksp.gov.in,pi gokul road ps pi gokul road ps l&o hubballi-dharwad city 0836-2233252 9480802047 gokulroadhdc@ksp.gov.in
KSP1497,ACP Cyber Crime PS,ACP,Cyber Crime PS,Hubballi–Dharwad City,Dharwad,,,,,acp cyber crime ps acp cyber crime ps hubballi–dharwad city dharwad
KSP1498,CEN PS,,CEN PS,CEN,Hubballi-Dharwad City,,0821-2418598,9480802042,cybermyc@ksp.gov.in,cen ps cen hubballi-dharwad city 0821-2418598 9480802042 cybermyc@ksp.gov.in
KSP1499,ACP,ACP,Dharwad,L&O,Hubballi-Dharwad City,,0836-2233506,9480802014,acpdwdhdc@ksp.gov.in,acp dharwad l&o hubballi-dharwad city 0836-2233506 9480802014 acpdwdhdc@ksp.gov.in
KSP1500,PI TOWN PS,PI,TOWN PS,L&O,Hubballi-Dharwad City,,0836-2233512,9480802032,dwdtownhdc@ksp.gov.in,pi town ps pi town ps l&o hubballi-dharwad city 0836-2233512 9480802032 dwdtownhdc@ksp.gov.in
KSP1501,PI SUB-URBAN PS,PI,SUB-URBAN PS,L&O,Hubballi-Dharwad City,,0836-2233511,9480802033,dwdsurhdc@ksp.gov.in,pi sub-urban ps pi sub-urban ps l&o hubballi-dharwad city 0836-2233511 9480802033 dwdsurhdc@ksp.gov.in
KSP1502,PI VIDYAGIRI PS,PI,VIDYAGIRI PS,L&O,Hubballi-Dharwad City,,0836-2233513,9480802034,vidyagirihdc@ksp.gov.in,pi vidyagiri ps pi vidyagiri ps l&o hubballi-dharwad city 0836-2233513 9480802034 vidyagirihdc@ksp.gov.in
KSP1503,ACP Traffic,ACP,Traffic,Traffic,Hubballi-Dharwad City,,,9480802013,acptraffickbc@ksp.gov.in,acp traffic acp traffic hubballi-dharwad city 9480802013 acptraffickbc@ksp.gov.in
KSP1504,PI TRAFFIC NORTH PS,PI,TRAFFIC NORTH PS,Traffic,Hubballi-Dharwad City,,0824-2220833,9480802035,trafficnorthmgc@ksp.gov.in,pi traffic north ps pi traffic north ps traffic hubballi-dharwad city 0824-2220833 9480802035 trafficnorthmgc@ksp.gov.in
KSP1505,PI TRAFFIC SOUTH PS,PI,TRAFFIC SOUTH PS,Traffic,Hubballi-Dharwad City,,0824-2220850,9480802036,trafficsouthmgc@ksp.gov.in,pi traffic south ps pi traffic south ps traffic hubballi-dharwad city 0824-2220850 9480802036 trafficsouthmgc@ksp.gov.in
KSP1506,PI TRAFFIC EAST PS,PI,TRAFFIC EAST PS,Traffic,Hubballi-Dharwad City,,0824-2220523,9480802040,easttraffichdc@ksp.gov.in,pi traffic east ps pi traffic east ps traffic hubballi-dharwad city 0824-2220523 9480802040 easttraffichdc@ksp.gov.in
KSP1507,PI TRAFFIC DHARWAD PS,PI,TRAFFIC DHARWAD PS,Traffic,Hubballi-Dharwad City,,0836-2233542,9480802037,dwdtraffichdc@ksp.gov.in,pi traffic dharwad ps pi traffic dharwad ps traffic hubballi-dharwad city 0836-2233542 9480802037 dwdtraffichdc@ksp.gov.in
KSP1508,RPI CAR,RPI,CAR,CAR,Hubballi-Dharwad City,,0824-2220826,9480802044,carhdc@ksp.gov.in,rpi car rpi car hubballi-dharwad city 0824-2220826 9480802044 carhdc@ksp.gov.in
KSP1509,RPI MTO CAR,RPI,MTO CAR,CAR,Hubballi-Dharwad City,,0836-2233524,9480802045,mtcarhdc@ksp.gov.in,rpi mto car rpi mto car car hubballi-dharwad city 0836-2233524 9480802045 mtcarhdc@ksp.gov.in
KSP1510,AAO DPO Hubballi–Dharwad City,AAO,DPO Hubballi–Dharwad City,DPO,Hubballi-Dharwad City,,0836-2233528,9480802046,,aao dpo hubballi–dharwad city aao dpo hubballi–dharwad city dpo hubballi-dharwad city 0836-2233528 9480802046
KSP1511,ACP FPB,ACP,FPB DHARWAD,FPB,Dharwad,,,9480800484,fpuhdc@ksp.gov.in,acp fpb acp fpb dharwad fpb dharwad 9480800484 fpuhdc@ksp.gov.in
KSP1512,DySP Railway,DySP,Railway Hubli,Railways,Hubballi-Dharwad City,,,9480800462,,dysp railway dysp railway hubli railways hubballi-dharwad city 9480800462
KSP1513,DySP INT,DySP,INT,HQ,Hubballi-Dharwad City,,0836-2371302,9449878526,dspint@ksp.gov.in,dysp int dysp int hq hubballi-dharwad city 0836-2371302 9449878526 dspint@ksp.gov.in
KSP1514,DySP CID,DySP,CID,CID,Dharwad,,,9480800624,,dysp cid dysp cid dharwad 9480800624
KSP1515,DySP CCRB,DySP,CCRB,Hubballi–Dharwad City,Dharwad,,,9480802015,,dysp ccrb dysp ccrb hubballi–dharwad city dharwad 9480802015
KSP1516,PI ISD,PI,ISD,ISD,Hubballi-Dharwad City,,,9480800696,,pi isd pi isd hubballi-dharwad city 9480800696
KSP1517,PI CCB,PI,CCB,CCB,Hubballi-Dharwad City,,0824-2220818,,ccbmgc@ksp.gov.in,pi ccb pi ccb hubballi-dharwad city 0824-2220818 ccbmgc@ksp.gov.in
KSP1518,PI CCB,PI,CCB,CCB,Hubballi-Dharwad City,,0824-2220818,9480802041,ccbmgc@ksp.gov.in,pi ccb pi ccb hubballi-dharwad city 0824-2220818 9480802041 ccbmgc@ksp.gov.in
KSP1519,RPI CAR,RPI,CAR,CAR,Hubballi-Dharwad City,,0824-2220826,9480802044,,rpi car rpi car hubballi-dharwad city 0824-2220826 9480802044
KSP1520,RPI MTO CAR,RPI,MTO CAR,CAR,Hubballi-Dharwad City,,0836-2233524,9480802045,,rpi mto car rpi mto car car hubballi-dharwad city 0836-2233524 9480802045
KSP1521,PI Railway,PI,Railway,Railway,Hubballi-Dharwad City,,0836-2233597,9480800468,,pi railway pi railway hubballi-dharwad city 0836-2233597 9480800468
KSP1522,PI ISD,PI,ISD,ISD,Hubballi-Dharwad City,,,9480800696,,pi isd pi isd hubballi-dharwad city 9480800696
KSP1523,Central Jail,,Central Jail,CEN,Hubballi-Dharwad City,,0836-2447428,,,central jail cen hubballi-dharwad city 0836-2447428
KSP1524,Training School,,Training School,Hubballi–Dharwad City,Dharwad,,,,,training school hubballi–dharwad city dharwad
KSP1525,Technical Cell,,Technical Cell,Tech cell,Hubballi-Dharwad City,,0836-2233485,,,technical cell tech cell hubballi-dharwad city 0836-2233485
KSP1526,WhatsApp Number,,WhatsApp Number,Hubballi–Dharwad City,Dharwad,,,9480802002,,whatsapp number hubballi–dharwad city dharwad 9480802002
KSP1527,Cmdt. Home Guard,,Cmdt. Home Guard,Home Guard,Hubballi-Dharwad City,,0821-2449485,,,cmdt. home guard home guard hubballi-dharwad city 0821-2449485
KSP1528,DC Dharwad,,DC Dharwad,Hubballi–Dharwad City,Dharwad,,,,,dc dharwad hubballi–dharwad city dharwad
KSP1529,AC Dharwad,AC,Dharwad,Hubballi–Dharwad City,Dharwad,,,,,ac dharwad ac dharwad hubballi–dharwad city
KSP1530,CEO ZP,,CEO ZP Dharwad,Hubballi–Dharwad City,Dharwad,,,,,ceo zp ceo zp dharwad hubballi–dharwad city dharwad
KSP1531,MD HESCOM,,MD HESCOM Hubballi,ESCOM,Hubballi-Dharwad City,,0836-2322771,,,md hescom md hescom hubballi escom hubballi-dharwad city 0836-2322771
KSP1532,OP Dharwad,,OP Dharwad,L&O,Hubballi-Dharwad City,,0836-2233553,,,op dharwad l&o hubballi-dharwad city 0836-2233553
KSP1533,SP Excise,SP,Excise,Hubballi–Dharwad City,Dharwad,,,,,sp excise sp excise hubballi–dharwad city dharwad
KSP1534,Womens Helpline,,Womens Helpline,Other,Hubballi-Dharwad City,,0836-2233478,,,womens helpline other hubballi-dharwad city 0836-2233478
KSP1535,KIMS OP,,KIMS OP Hubballi,L&O,Hubballi-Dharwad City,,0836-2373641,,,kims op kims op hubballi l&o hubballi-dharwad city 0836-2373641
KSP1536,Airport Counter,,Airport Counter,Other,Hubballi-Dharwad City,,0836-2237921,,,airport counter other hubballi-dharwad city 0836-2237921
KSP1537,Snake Catcher,,Snake Catcher,Other,Chamarajanagara,,,9448565136,,snake catcher other chamarajanagara 9448565136
KSP1538,Fire Officer,,Fire Officer Dharwad,Fire,Hubballi-Dharwad City,,0836-2794101,,,fire officer fire officer dharwad fire hubballi-dharwad city 0836-2794101
KSP1539,Corporation C/Room,,Corporation C/Room,C/Room,Hubballi-Dharwad City,,0836-2213888,,,corporation c/room c/room hubballi-dharwad city 0836-2213888
KSP1540,High Court,,High Court Dharwad,Court,Hubballi-Dharwad City,,0836-2486281,,,high court high court dharwad court hubballi-dharwad city 0836-2486281
KSP1541,KIMS OP,,KIMS OP Hubballi,L&O,Hubballi-Dharwad City,,0836-2373641,,,kims op kims op hubballi l&o hubballi-dharwad city 0836-2373641
KSP1542,Passport Cell COP Office,,Passport Cell COP Office,Other,Hubballi-Dharwad City,,0836-2233460,,passportcellhdc@ksp.gov.in,passport cell cop office other hubballi-dharwad city 0836-2233460 passportcellhdc@ksp.gov.in
KSP1543,CP,CP,"Commissioner of Police, Mangaluru City",Mangaluru City,Dakshina Kannada,,,9480802301,compolmgc@ksp.gov.in,"cp commissioner of police, mangaluru city mangaluru city dakshina kannada 9480802301 compolmgc@ksp.gov.in"
KSP1544,DCP Law & Order,DCP,Law & Order,Mangaluru City,Dakshina Kannada,,,9480802304,dcplomgc@ksp.gov.in,dcp law & order dcp law & order mangaluru city dakshina kannada 9480802304 dcplomgc@ksp.gov.in
KSP1545,DCP Crime & Traffic,DCP,Crime & Traffic,Traffic,Mangaluru City,,0821-2418102,9480802305,dcpcrimemyc@ksp.gov.in,dcp crime & traffic dcp crime & traffic traffic mangaluru city 0821-2418102 9480802305 dcpcrimemyc@ksp.gov.in
KSP1546,DCP CAR,DCP,CAR,CAR,Mangaluru City,,0821-2418103,9480802306,dcpcarmyc@ksp.gov.in,dcp car dcp car mangaluru city 0821-2418103 9480802306 dcpcarmyc@ksp.gov.in
KSP1547,PI (W),PI (W),,Mangaluru City,Dakshina Kannada,,,9480800929,,pi (w) mangaluru city dakshina kannada 9480800929
KSP1548,City C/Room,,City C/Room Mangaluru,C/Room,Dakshina Kannada,,,9480802321,ccrmgc@ksp.gov.in,city c/room city c/room mangaluru c/room dakshina kannada 9480802321 ccrmgc@ksp.gov.in
KSP1549,DySP Cyber Crime PS,DySP,Cyber Crime PS,Mangaluru City,Dakshina Kannada,,,,,dysp cyber crime ps dysp cyber crime ps mangaluru city dakshina kannada
KSP1550,CYBER CRIME PS,,CYBER CRIME PS,CEN,Bengaluru City,,080-2220844,9480802341,cenmgc@ksp.gov.in,cyber crime ps cen bengaluru city 080-2220844 9480802341 cenmgc@ksp.gov.in
KSP1551,ACP Mangaluru Central,ACP,Mangaluru Central,CEN,Mangaluru City,,0824-2220514,9480805320,sdpocitymgc@ksp.gov.in,acp mangaluru central acp mangaluru central cen mangaluru city 0824-2220514 9480805320 sdpocitymgc@ksp.gov.in
KSP1552,PI MANGALURU NORTH PS,PI,MANGALURU NORTH PS,L&O,Mangaluru City,,0824-2220516,9480805338,,pi mangaluru north ps pi mangaluru north ps l&o mangaluru city 0824-2220516 9480805338
KSP1553,PSI-1 MANGALURU NORTH PS,PSI-1,MANGALURU NORTH PS,L&O,Mangaluru City,,0824-2220516,9480805345,mangalorenorthmgc@ksp.gov.in,psi-1 mangaluru north ps psi-1 mangaluru north ps l&o mangaluru city 0824-2220516 9480805345 mangalorenorthmgc@ksp.gov.in
KSP1554,PSI-2 MANGALURU NORTH PS,PSI-2,MANGALURU NORTH PS,L&O,Mangaluru City,,0824-2220516,9480802338,,psi-2 mangaluru north ps psi-2 mangaluru north ps l&o mangaluru city 0824-2220516 9480802338
KSP1555,PI Mangaluru East PS (Kadri),PI,Mangaluru East PS (Kadri),L&O,Mangaluru City,,0824-2220520,9480805347,,pi mangaluru east ps (kadri) pi mangaluru east ps (kadri) l&o mangaluru city 0824-2220520 9480805347
KSP1556,PSI-1 MANGALURU EAST PS,PSI-1,MANGALURU EAST PS,L&O,Mangaluru City,,0824-2220520,9480802336,mangaloreeastmgc@ksp.gov.in,psi-1 mangaluru east ps psi-1 mangaluru east ps l&o mangaluru city 0824-2220520 9480802336 mangaloreeastmgc@ksp.gov.in
KSP1557,PSI-2 MANGALURU EAST PS,PSI-2,MANGALURU EAST PS,L&O,Mangaluru City,,0824-2220520,9480802337,,psi-2 mangaluru east ps psi-2 mangaluru east ps l&o mangaluru city 0824-2220520 9480802337
KSP1558,PI URVA PS,PI,URVA PS,L&O,Mangaluru City,,0824-2220521,9480802323,urwamgc@ksp.gov.in,pi urva ps pi urva ps l&o mangaluru city 0824-2220521 9480802323 urwamgc@ksp.gov.in
KSP1559,PSI-1 URVA PS,PSI-1,URVA PS,L&O,Mangaluru City,,0824-2220521,9480805349,,psi-1 urva ps psi-1 urva ps l&o mangaluru city 0824-2220521 9480805349
KSP1560,PSI-2 URVA PS,PSI-2,URVA PS,L&O,Mangaluru City,,0824-2220521,,,psi-2 urva ps psi-2 urva ps l&o mangaluru city 0824-2220521
KSP1561,PI SURATHKAL PS,PI,SURATHKAL PS,L&O,Mangaluru City,,,9480805350,surathkalmgc@ksp.gov.in,pi surathkal ps pi surathkal ps l&o mangaluru city 9480805350 surathkalmgc@ksp.gov.in
KSP1562,PSI-1 BARKE PS,PSI-1,BARKE PS,L&O,Mangaluru City,,0824-2220522,9480802340,,psi-1 barke ps psi-1 barke ps l&o mangaluru city 0824-2220522 9480802340
KSP1563,PSI-2 BARKE PS,PSI-2,BARKE PS,L&O,Mangaluru City,,0824-2220522,,,psi-2 barke ps psi-2 barke ps l&o mangaluru city 0824-2220522
KSP1564,PI WOMEN PS,PI,WOMEN PS,L&O,Mangaluru City,,,9480805348,womenkbc@ksp.gov.in,pi women ps pi women ps l&o mangaluru city 9480805348 womenkbc@ksp.gov.in
KSP1565,PSI WOMEN PS,PSI,WOMEN PS,L&O,Tumakuru,,,9480802352,womenydr@ksp.gov.in,psi women ps psi women ps l&o tumakuru 9480802352 womenydr@ksp.gov.in
KSP1566,ACP Mangaluru South,ACP,Mangaluru South,L&O,Mangaluru City,,0824-2460814,9480802310,sdposouthmgc@ksp.gov.in,acp mangaluru south acp mangaluru south l&o mangaluru city 0824-2460814 9480802310 sdposouthmgc@ksp.gov.in
KSP1567,PI MANGALURU RURAL PS,PI,MANGALURU RURAL PS,L&O,Mangaluru City,,0824-2220535,9480805330,mangaloreruralmgc@ksp.gov.in,pi mangaluru rural ps pi mangaluru rural ps l&o mangaluru city 0824-2220535 9480805330 mangaloreruralmgc@ksp.gov.in
KSP1568,PSI-1 MANGALURU RURAL PS,PSI-1,MANGALURU RURAL PS,L&O,Mangaluru City,,,9480802343,,psi-1 mangaluru rural ps psi-1 mangaluru rural ps l&o mangaluru city 9480802343
KSP1569,PSI-2 MULKI PS,PSI-2,MULKI PS,L&O,Mangaluru City,,,9480805352,,psi-2 mulki ps psi-2 mulki ps l&o mangaluru city 9480805352
KSP1570,PSI-3 Rural PS,PSI-3,Rural PS,Mangaluru City,Dakshina Kannada,,,,,psi-3 rural ps psi-3 rural ps mangaluru city dakshina kannada
KSP1571,PI ULLAL PS,PI,ULLAL PS,L&O,Mangaluru City,,0824-2466269,9480802315,ullalmgc@ksp.gov.in,pi ullal ps pi ullal ps l&o mangaluru city 0824-2466269 9480802315 ullalmgc@ksp.gov.in
KSP1572,PSI-1 ULLAL PS,PSI-1,ULLAL PS,L&O,Mangaluru City,,,9480805353,,psi-1 ullal ps psi-1 ullal ps l&o mangaluru city 9480805353
KSP1573,PSI-2 Ullal PS,PSI-2,Ullal PS,Mangaluru City,Dakshina Kannada,,,9480802342,,psi-2 ullal ps psi-2 ullal ps mangaluru city dakshina kannada 9480802342
KSP1574,PI KONAJE PS,PI,KONAJE PS,L&O,Mangaluru City,,0824-2220536,9480802350,konajemgc@ksp.gov.in,pi konaje ps pi konaje ps l&o mangaluru city 0824-2220536 9480802350 konajemgc@ksp.gov.in
KSP1575,PSI-1 KONAJE PS,PSI-1,KONAJE PS,L&O,Mangaluru City,,,9480802351,,psi-1 konaje ps psi-1 konaje ps l&o mangaluru city 9480802351
KSP1576,PI KANKANADI PS,PI,KANKANADI PS,L&O,Mangaluru City,,0824-2220529,9480805354,kankanadymgc@ksp.gov.in,pi kankanadi ps pi kankanadi ps l&o mangaluru city 0824-2220529 9480805354 kankanadymgc@ksp.gov.in
KSP1577,PSI-1 KANKANADI PS,PSI-1,KANKANADI PS,L&O,Mangaluru City,,0824-2220529,9480802348,,psi-1 kankanadi ps psi-1 kankanadi ps l&o mangaluru city 0824-2220529 9480802348
KSP1578,PI MANGALURU SOUTH PS,PI,MANGALURU SOUTH PS,L&O,Mangaluru City,,0824-2220518,9480805339,mangaloresouthmgc@ksp.gov.in,pi mangaluru south ps pi mangaluru south ps l&o mangaluru city 0824-2220518 9480805339 mangaloresouthmgc@ksp.gov.in
KSP1579,PSI-1 MANGALURU SOUTH PS,PSI-1,MANGALURU SOUTH PS,L&O,Mangaluru City,,0824-2220518,9480805346,,psi-1 mangaluru south ps psi-1 mangaluru south ps l&o mangaluru city 0824-2220518 9480805346
KSP1580,PSI-2 MANGALURU SOUTH PS,PSI-2,MANGALURU SOUTH PS,L&O,Mangaluru City,,0824-2220518,9480802339,,psi-2 mangaluru south ps psi-2 mangaluru south ps l&o mangaluru city 0824-2220518 9480802339
KSP1581,ACP Traffic,ACP,Traffic,Traffic,Mangaluru City,,,9480802312,acptraffickbc@ksp.gov.in,acp traffic acp traffic mangaluru city 9480802312 acptraffickbc@ksp.gov.in
KSP1582,PI TRAFFIC EAST PS,PI,TRAFFIC EAST PS,Traffic,Mangaluru City,,0824-2220523,9480805337,,pi traffic east ps pi traffic east ps traffic mangaluru city 0824-2220523 9480805337
KSP1583,PSI Traffic East PS,PSI,Traffic East PS,Mangaluru City,Dakshina Kannada,,,,trafficeastmgc@ksp.gov.in,psi traffic east ps psi traffic east ps mangaluru city dakshina kannada trafficeastmgc@ksp.gov.in
KSP1584,PI TRAFFIC WEST PS,PI,TRAFFIC WEST PS,Traffic,Mangaluru City,,0824-2220524,9480802325,trafficwestmgc@ksp.gov.in,pi traffic west ps pi traffic west ps traffic mangaluru city 0824-2220524 9480802325 trafficwestmgc@ksp.gov.in
KSP1585,PSI TRAFFIC WEST PS,PSI,TRAFFIC WEST PS,Traffic,Mangaluru City,,0824-2220524,9480805351,,psi traffic west ps psi traffic west ps traffic mangaluru city 0824-2220524 9480805351
KSP1586,PI TRAFFIC NORTH PS,PI,TRAFFIC NORTH PS,Traffic,Mangaluru City,,0824-2220833,9480802349,trafficnorthmgc@ksp.gov.in,pi traffic north ps pi traffic north ps traffic mangaluru city 0824-2220833 9480802349 trafficnorthmgc@ksp.gov.in
KSP1587,PI TRAFFIC SOUTH PS,PI,TRAFFIC SOUTH PS,Traffic,Mangaluru City,,0824-2220850,9480805371,trafficsouthmgc@ksp.gov.in,pi traffic south ps pi traffic south ps traffic mangaluru city 0824-2220850 9480805371 trafficsouthmgc@ksp.gov.in
KSP1588,ACP North,ACP,North,L&O,Mangaluru City,,0824-2220526,9480805322,sdponorthmgc@ksp.gov.in,acp north acp north l&o mangaluru city 0824-2220526 9480805322 sdponorthmgc@ksp.gov.in
KSP1589,PI PANAMBUR PS,PI,PANAMBUR PS,L&O,Mangaluru City,,0824-2220530,9480805331,panamburmgc@ksp.gov.in,pi panambur ps pi panambur ps l&o mangaluru city 0824-2220530 9480805331 panamburmgc@ksp.gov.in
KSP1590,PSI-1 PANAMBUR PS,PSI-1,PANAMBUR PS,L&O,Mangaluru City,,,9480805355,,psi-1 panambur ps psi-1 panambur ps l&o mangaluru city 9480805355
KSP1591,PI BAJPE PS,PI,BAJPE PS,L&O,Mangaluru City,,0824-2220531,9480802313,bajpemgc@ksp.gov.in,pi bajpe ps pi bajpe ps l&o mangaluru city 0824-2220531 9480802313 bajpemgc@ksp.gov.in
KSP1592,PSI-1 BAJPE PS,PSI-1,BAJPE PS,L&O,Mangaluru City,,,9480805356,,psi-1 bajpe ps psi-1 bajpe ps l&o mangaluru city 9480805356
KSP1593,PI KAVOOR PS,PI,KAVOOR PS,L&O,Mangaluru City,,0824-2220533,9480802346,kavoormgc@ksp.gov.in,pi kavoor ps pi kavoor ps l&o mangaluru city 0824-2220533 9480802346 kavoormgc@ksp.gov.in
KSP1594,PSI-1 KAVOOR PS,PSI-1,KAVOOR PS,L&O,Mangaluru City,,,9480805358,,psi-1 kavoor ps psi-1 kavoor ps l&o mangaluru city 9480805358
KSP1595,PI MULKI PS,PI,MULKI PS,L&O,Mangaluru City,,0824-2290533,9480805332,mulkimgc@ksp.gov.in,pi mulki ps pi mulki ps l&o mangaluru city 0824-2290533 9480805332 mulkimgc@ksp.gov.in
KSP1596,PSI MULKI PS,PSI,MULKI PS,L&O,Mangaluru City,,,9480805359,,psi mulki ps psi mulki ps l&o mangaluru city 9480805359
KSP1597,PI MOODABIDRI PS,PI,MOODABIDRI PS,L&O,Mangaluru City,,,08258-236333,moodbidremgc@ksp.gov.in,pi moodabidri ps pi moodabidri ps l&o mangaluru city 08258-236333 moodbidremgc@ksp.gov.in
KSP1598,PSI-1 MOODABIDRI PS,PSI-1,MOODABIDRI PS,L&O,Mangaluru City,,,9480805357,,psi-1 moodabidri ps psi-1 moodabidri ps l&o mangaluru city 9480805357
KSP1599,PI SURATHKAL PS,PI,SURATHKAL PS,L&O,Mangaluru City,,,9480805360,surathkalmgc@ksp.gov.in,pi surathkal ps pi surathkal ps l&o mangaluru city 9480805360 surathkalmgc@ksp.gov.in
KSP1600,PSI-1 SURATHKAL PS,PSI-1,SURATHKAL PS,L&O,Mangaluru City,,,9480802345,,psi-1 surathkal ps psi-1 surathkal ps l&o mangaluru city 9480802345
KSP1601,PSI-2 SURATHKAL PS,PSI-2,SURATHKAL PS,L&O,Mangaluru City,,,9480802344,,psi-2 surathkal ps psi-2 surathkal ps l&o mangaluru city 9480802344
KSP1602,AAO DPO,AAO,DPO Kalaburagi City,DPO,Mangaluru City,,0824-2220810,,,aao dpo aao dpo kalaburagi city dpo mangaluru city 0824-2220810
KSP1603,ACP CCB,ACP,CCB,CCB,Mangaluru City,,0821-2418332,9480802347,ccbmgc@ksp.gov.in,acp ccb acp ccb mangaluru city 0821-2418332 9480802347 ccbmgc@ksp.gov.in
KSP1604,ACP CCRB,ACP,CCRB,CCRB,Mangaluru City,,0824-2220809,9480802311,acpccrbmgc@ksp.gov.in,acp ccrb acp ccrb mangaluru city 0824-2220809 9480802311 acpccrbmgc@ksp.gov.in
KSP1605,ACP CAR,ACP,CAR,CAR,Mangaluru City,,0824-2220813,9480802316,,acp car acp car mangaluru city 0824-2220813 9480802316
KSP1606,DySP ISD,DySP,ISD,ISD,Mangaluru City,,,9480800625,,dysp isd dysp isd mangaluru city 9480800625
KSP1607,PI ISD,PI,ISD,ISD,Mangaluru City,,,9480800693,,pi isd pi isd mangaluru city 9480800693
KSP1608,RPI CAR,RPI,CAR,CAR,Mangaluru City,,0824-2220826,9480802324,,rpi car rpi car mangaluru city 0824-2220826 9480802324
KSP1609,PI CSB,PI,CSB,CSB,Mangaluru City,,,9480802329,csbmgc@ksp.gov.in,pi csb pi csb mangaluru city 9480802329 csbmgc@ksp.gov.in
KSP1610,PI CCB,PI,CCB,CCB,Mangaluru City,,0824-2220818,9480802322,ccbmgc@ksp.gov.in,pi ccb pi ccb mangaluru city 0824-2220818 9480802322 ccbmgc@ksp.gov.in
KSP1611,PSI CCB-1,PSI,CCB-1,CCB,Mangaluru City,,0824-2220818,9480802326,,psi ccb-1 psi ccb-1 ccb mangaluru city 0824-2220818 9480802326
KSP1612,PSI CCB-2,PSI,CCB-2,CCB,Mangaluru City,,0824-2220818,9480805340,,psi ccb-2 psi ccb-2 ccb mangaluru city 0824-2220818 9480805340
KSP1613,PI Immigration Airport,PI,Immigration Airport,L&O,Mangaluru City,,0824-2220534,,,pi immigration airport pi immigration airport l&o mangaluru city 0824-2220534
KSP1614,PI CSP,PI,CSP Mangaluru,CSP,Dakshina Kannada,,,9480800574,,pi csp pi csp mangaluru csp dakshina kannada 9480800574
KSP1615,F.S.L,,F.S.L,FSL,Mangaluru City,,0824-2220564,,,f.s.l fsl mangaluru city 0824-2220564
KSP1616,INT,,INT,HQ,Mangaluru City,,,9449878691,,int hq mangaluru city 9449878691
KSP1617,DySP DSP FPB IGP Office,DySP,DSP FPB IGP Office,FPB,Western,,0821-2421200,9480800031,igpsr@ksp.gov.in,dysp dsp fpb igp office dysp dsp fpb igp office fpb western 0821-2421200 9480800031 igpsr@ksp.gov.in
KSP1618,ISD,,ISD,ISD,Mangaluru City,,0824-2559600,9480800625,,isd mangaluru city 0824-2559600 9480800625
KSP1619,Whatsapp No.,,Whatsapp No.,Other,Mangaluru City,,,9480802300,,whatsapp no. other mangaluru city 9480802300
KSP1620,Home Guard,,Home Guard,Home Guard,Mangaluru City,,0824-2220562,,,home guard mangaluru city 0824-2220562
KSP1621,DC,,DC,Mangaluru City,Dakshina Kannada,,,,,dc mangaluru city dakshina kannada
KSP1622,CEO ZP,,CEO ZP,Mangaluru City,Dakshina Kannada,,,,,ceo zp mangaluru city dakshina kannada
KSP1623,MESCOM,,MESCOM,ESCOM,Mangaluru City,,0824-2446732,,,mescom escom mangaluru city 0824-2446732
KSP1624,Fire Officer,,Fire Officer,Fire,Mangaluru City,,0824-2423333,,,fire officer fire mangaluru city 0824-2423333
KSP1625,KSRTC Depot,,KSRTC Depot,Mangaluru City,Dakshina Kannada,,,7760990720,,ksrtc depot mangaluru city dakshina kannada 7760990720
KSP1626,Railway Station,,Railway Station,Railway,Mangaluru City,,0824-2423137,,,railway station railway mangaluru city 0824-2423137
KSP1627,Airport Bajpe,,Airport Bajpe,Other,Mangaluru City,,0824-2220400,,,airport bajpe other mangaluru city 0824-2220400
KSP1628,DHO,,DHO,Mangaluru City,Dakshina Kannada,,,,,dho mangaluru city dakshina kannada
KSP1629,Disaster C/R,,Disaster C/R,C/Room,Mangaluru City,,,0824-2442590,,disaster c/r c/room mangaluru city 0824-2442590
KSP1630,Court,,Court,Mangaluru City,Dakshina Kannada,,,,,court mangaluru city dakshina kannada
KSP1631,Forest Officer,,Forest Officer,Mangaluru City,Dakshina Kannada,,,,,forest officer mangaluru city dakshina kannada
KSP1632,Blood Bank,,Blood Bank,Mangaluru City,Dakshina Kannada,,,,,blood bank mangaluru city dakshina kannada
KSP1633,CP Mysuru City,CP,CP Mysuru City,L&O,Mysuru City,,0821-2418300,9480802201,compolmyc@ksp.gov.in,cp mysuru city cp l&o mysuru city 0821-2418300 9480802201 compolmyc@ksp.gov.in
KSP1634,DCP L&O,DCP,L&O,L&O,Mysuru City,,,9480802205,dcplokbc@ksp.gov.in,dcp l&o dcp l&o mysuru city 9480802205 dcplokbc@ksp.gov.in
KSP1635,DCP Crime & Traffic,DCP,Crime & Traffic,Traffic,Mysuru City,,0821-2418102,9480802203,dcpcrimemyc@ksp.gov.in,dcp crime & traffic dcp crime & traffic traffic mysuru city 0821-2418102 9480802203 dcpcrimemyc@ksp.gov.in
KSP1636,DCP CAR,DCP,CAR,CAR,Mysuru City,,0821-2418103,9480802204,dcpcarmyc@ksp.gov.in,dcp car dcp car mysuru city 0821-2418103 9480802204 dcpcarmyc@ksp.gov.in
KSP1637,SP Commdt. Mounted Company,SP,SP Commdt. Mounted Company,Mounted,Mysuru City,,0821-2418154,9480802206,acpmountedmyp@ksp.gov.in,sp commdt. mounted company sp mounted mysuru city 0821-2418154 9480802206 acpmountedmyp@ksp.gov.in
KSP1638,ACP (W) City C/Room,ACP (W),City C/Room,C/Room,Mysuru City,,0821-2418542,9480802223,,acp (w) city c/room acp (w) city c/room c/room mysuru city 0821-2418542 9480802223
KSP1639,City C/Room,,City C/Room,C/Room,Mysuru City,,0821-2418339,9480802200,ccrmys@ksp.gov.in,city c/room c/room mysuru city 0821-2418339 9480802200 ccrmys@ksp.gov.in
KSP1640,PI Wireless -I,PI,Wireless -I,Wireless,Mysuru City,,0821-2418338,9480800927,,pi wireless -i pi wireless -i wireless mysuru city 0821-2418338 9480800927
KSP1641,PI Wireless -II,PI,Wireless -II,Wireless,Mysuru City,,0821-2418542,,,pi wireless -ii pi wireless -ii wireless mysuru city 0821-2418542
KSP1642,DySP CEN PS,DySP,CEN PS,CEN,Mysuru City,,,9480802251,,dysp cen ps dysp cen ps cen mysuru city 9480802251
KSP1643,PI CEN PS,PI,CEN PS,CEN,Mysuru City,,,9480802263,cenkbc@ksp.gov.in,pi cen ps pi cen ps cen mysuru city 9480802263 cenkbc@ksp.gov.in
KSP1644,ACP N.R,ACP,N.R,L&O,Mysuru City,,0821-2418511,9480802212,acpnrmyc@ksp.gov.in,acp n.r acp n.r l&o mysuru city 0821-2418511 9480802212 acpnrmyc@ksp.gov.in
KSP1645,PI N.R. PS,PI,N.R. PS,L&O,Mysuru City,,0821-2418312,9480802236,narasimharajamyc@ksp.gov.in,pi n.r. ps pi n.r. ps l&o mysuru city 0821-2418312 9480802236 narasimharajamyc@ksp.gov.in
KSP1646,PI MANDI PS,PI,MANDI PS,L&O,Mysuru City,,0821-2418113,9480802237,mandimyc@ksp.gov.in,pi mandi ps pi mandi ps l&o mysuru city 0821-2418113 9480802237 mandimyc@ksp.gov.in
KSP1647,PI V.V. PURAM PS,PI,V.V. PURAM PS,L&O,Mysuru City,,0821-2418314,9480802238,vvpurammyc@ksp.gov.in,pi v.v. puram ps pi v.v. puram ps l&o mysuru city 0821-2418314 9480802238 vvpurammyc@ksp.gov.in
KSP1648,PI JAYALAKSHMIPURAM PS,PI,JAYALAKSHMIPURAM PS,L&O,Mysuru City,,0821-2418316,9480802240,jailaxmipurammyc@ksp.gov.in,pi jayalakshmipuram ps pi jayalakshmipuram ps l&o mysuru city 0821-2418316 9480802240 jailaxmipurammyc@ksp.gov.in
KSP1649,ACP Vijayanagara,ACP,Vijayanagara,L&O,Mysuru City,,0821-2418511,9480802261,,acp vijayanagara acp vijayanagara l&o mysuru city 0821-2418511 9480802261
KSP1650,PI VIJAYANAGARA PS,PI,VIJAYANAGARA PS,L&O,Mysuru City,,0821-2418317,9480802241,vijayanagarmyc@ksp.gov.in,pi vijayanagara ps pi vijayanagara ps l&o mysuru city 0821-2418317 9480802241 vijayanagarmyc@ksp.gov.in
KSP1651,PI METAGALLY PS,PI,METAGALLY PS,L&O,Mysuru City,,0821-2418315,9480802239,metagallymyc@ksp.gov.in,pi metagally ps pi metagally ps l&o mysuru city 0821-2418315 9480802239 metagallymyc@ksp.gov.in
KSP1652,PI HEBBALA PS,PI,HEBBALA PS,L&O,Mysuru City,,0821-2418318,9480802260,hebbalmyc@ksp.gov.in,pi hebbala ps pi hebbala ps l&o mysuru city 0821-2418318 9480802260 hebbalmyc@ksp.gov.in
KSP1653,PI S.S. PURAM PS,PI,S.S. PURAM PS,L&O,Mysuru City,,0821-2418323,9480802246,saraswathipurammyc@ksp.gov.in,pi s.s. puram ps pi s.s. puram ps l&o mysuru city 0821-2418323 9480802246 saraswathipurammyc@ksp.gov.in
KSP1654,ACP Devaraja Dvn,ACP,Devaraja Dvn,L&O,Mysuru City,,,9480802211,acpdevrajamyc@ksp.gov.in,acp devaraja dvn acp devaraja dvn l&o mysuru city 9480802211 acpdevrajamyc@ksp.gov.in
KSP1655,PI DEVARAJA PS,PI,DEVARAJA PS,L&O,Mysuru City,,0821-2418106,9480802231,devarajamyc@ksp.gov.in,pi devaraja ps pi devaraja ps l&o mysuru city 0821-2418106 9480802231 devarajamyc@ksp.gov.in
KSP1656,PI LASHKAR PS,PI,LASHKAR PS,L&O,Mysuru City,,0821-2418107,9480802232,lashkarmyc@ksp.gov.in,pi lashkar ps pi lashkar ps l&o mysuru city 0821-2418107 9480802232 lashkarmyc@ksp.gov.in
KSP1657,PI NAZARBAD PS,PI,NAZARBAD PS,L&O,Mysuru City,,0821-2418308,9480802233,nazarbadmyc@ksp.gov.in,pi nazarbad ps pi nazarbad ps l&o mysuru city 0821-2418308 9480802233 nazarbadmyc@ksp.gov.in
KSP1658,PI UDAYAGIRI PS,PI,UDAYAGIRI PS,L&O,Mysuru City,,0821-2418309,9480802234,udayagirimyc@ksp.gov.in,pi udayagiri ps pi udayagiri ps l&o mysuru city 0821-2418309 9480802234 udayagirimyc@ksp.gov.in
KSP1659,PI ALLANAHALLI PS,PI,ALLANAHALLI PS,L&O,Mysuru City,,0821-2418311,9480802257,alanahallimyc@ksp.gov.in,pi allanahalli ps pi allanahalli ps l&o mysuru city 0821-2418311 9480802257 alanahallimyc@ksp.gov.in
KSP1660,PI CEN PS,PI,CEN PS,CEN,Mysuru City,,,9480802263,cenkbc@ksp.gov.in,pi cen ps pi cen ps cen mysuru city 9480802263 cenkbc@ksp.gov.in
KSP1661,PI WOMEN PS,PI,WOMEN PS,L&O,Mysuru City,,,9480802235,womenkbc@ksp.gov.in,pi women ps pi women ps l&o mysuru city 9480802235 womenkbc@ksp.gov.in
KSP1662,ACP Traffic Dvn,ACP,Traffic Dvn,Traffic,Mysuru City,,0821-2418125,9480802214,acptrafficmyc@ksp.gov.in,acp traffic dvn acp traffic dvn traffic mysuru city 0821-2418125 9480802214 acptrafficmyc@ksp.gov.in
KSP1663,PI N.R. TRAFFIC PS,PI,N.R. TRAFFIC PS,Traffic,Mysuru City,,0821-2418328,9480802250,nrtrafficmyc@ksp.gov.in,pi n.r. traffic ps pi n.r. traffic ps traffic mysuru city 0821-2418328 9480802250 nrtrafficmyc@ksp.gov.in
KSP1664,PI V.V. PURAM TRAFFIC PS,PI,V.V. PURAM TRAFFIC PS,Traffic,Mysuru City,,0821-2418529,9480802262,vvpuramtrafficmyc@ksp.gov.in,pi v.v. puram traffic ps pi v.v. puram traffic ps traffic mysuru city 0821-2418529 9480802262 vvpuramtrafficmyc@ksp.gov.in
KSP1665,PI DEVARAJA TRAFFIC PS,PI,DEVARAJA TRAFFIC PS,Traffic,Mysuru City,,0821-2418326,9480802248,devarajatrafficmyc@ksp.gov.in,pi devaraja traffic ps pi devaraja traffic ps traffic mysuru city 0821-2418326 9480802248 devarajatrafficmyc@ksp.gov.in
KSP1666,PI SIDDARTHANAGARA TRAFFIC PS,PI,SIDDARTHANAGARA TRAFFIC PS,DAR,Mysuru City,,0821-2418527,9480802265,siddarthatrafficmyc@ksp.gov.in,pi siddarthanagara traffic ps pi siddarthanagara traffic ps dar mysuru city 0821-2418527 9480802265 siddarthatrafficmyc@ksp.gov.in
KSP1667,PI K.R. TRAFFIC PS,PI,K.R. TRAFFIC PS,Traffic,Mysuru City,,0821-2418130,9480802249,,pi k.r. traffic ps pi k.r. traffic ps traffic mysuru city 0821-2418130 9480802249
KSP1668,AAO DPO,AAO,DPO Mangaluru City,DPO,Mysuru City,,0821-2418304,,,aao dpo aao dpo mangaluru city dpo mysuru city 0821-2418304
KSP1669,ACP CCB,ACP,CCB,CCB,Mysuru City,,0821-2418332,9480802207,,acp ccb acp ccb mysuru city 0821-2418332 9480802207
KSP1670,PI CCB-1,PI,CCB-1,CCB,Mysuru City,,0821-2418334,9480802266,ccbmyc@ksp.gov.in,pi ccb-1 pi ccb-1 ccb mysuru city 0821-2418334 9480802266 ccbmyc@ksp.gov.in
KSP1671,PI CCB-2,PI,CCB-2,CCB,Mysuru City,,0821-2418334,9480802264,,pi ccb-2 pi ccb-2 ccb mysuru city 0821-2418334 9480802264
KSP1672,PI ISD,PI,ISD,ISD,Mysuru,,,9480800691,piisdrcr@ksp.gov.in,pi isd pi isd mysuru 9480800691 piisdrcr@ksp.gov.in
KSP1673,PI CCRB,PI,CCRB,CCRB,Mysuru City,,,9480802253,ccrbmyc@ksp.gov.in,pi ccrb pi ccrb mysuru city 9480802253 ccrbmyc@ksp.gov.in
KSP1674,ACP FPB,ACP,FPB MYSURU CITY,FPB,Mysuru,,,9480800487,,acp fpb acp fpb mysuru city fpb mysuru 9480800487
KSP1675,PI CSB,PI,CSB,CSB,Mysuru City,,,9480802254,piscbmyc@ksp.gov.in,pi csb pi csb mysuru city 9480802254 piscbmyc@ksp.gov.in
KSP1676,"DySP DYSP, AIRPORT PS",DySP,"DYSP, AIRPORT PS",L&O,Mysuru City,,,9480800772,airportsecuritymyc@ksp.gov.in,"dysp dysp, airport ps dysp dysp, airport ps l&o mysuru city 9480800772 airportsecuritymyc@ksp.gov.in"
KSP1677,RSI ASC Team,RSI,ASC Team,ASC Team,Mysuru City,,0821-2418537,,,rsi asc team rsi asc team mysuru city 0821-2418537
KSP1678,Dog Squad,,Dog Squad,Dog Squad,Mysuru City,,0821-2418563,,,dog squad mysuru city 0821-2418563
KSP1679,Cmdt. Home Guard,,Cmdt. Home Guard,Home Guard,Mysuru City,,0821-2449485,,,cmdt. home guard home guard mysuru city 0821-2449485
KSP1680,CEN PS,,CEN PS,CEN,Mysuru City,,0821-2418598,9480802263,cybermyc@ksp.gov.in,cen ps cen mysuru city 0821-2418598 9480802263 cybermyc@ksp.gov.in
KSP1681,ACP CAR-1,ACP,CAR-1,CAR,Mysuru City,,,9480802208,,acp car-1 acp car-1 car mysuru city 9480802208
KSP1682,ACP CAR-2,ACP,CAR-2,CAR,Mysuru City,,0821-2418345,9480802209,,acp car-2 acp car-2 car mysuru city 0821-2418345 9480802209
KSP1683,ACP CAR-3,ACP,CAR-3,CAR,Mysuru City,,0821-2418346,9480802210,,acp car-3 acp car-3 car mysuru city 0821-2418346 9480802210
KSP1684,ACP Palace-Security,ACP,Palace-Security,L&O,Mysuru City,,0821-2418152,9480802215,,acp palace-security acp palace-security l&o mysuru city 0821-2418152 9480802215
KSP1685,RPI-1 RPI,RPI-1,RPI,CAR,Mysuru City,,0821-2418551,9480802256,,rpi-1 rpi rpi-1 rpi car mysuru city 0821-2418551 9480802256
KSP1686,RPI-2 ALLANAHALLI PS,RPI-2,ALLANAHALLI PS,L&O,Mysuru City,,0821-2418551,9480802257,,rpi-2 allanahalli ps rpi-2 allanahalli ps l&o mysuru city 0821-2418551 9480802257
KSP1687,RPI-3 RPI,RPI-3,RPI,CAR,Mysuru City,,0821-2418551,9480802258,,rpi-3 rpi rpi-3 rpi car mysuru city 0821-2418551 9480802258
KSP1688,RPI MTO,RPI,MTO,CAR,Mysuru City,,0821-2418348,9480802255,carmtmyc@ksp.gov.in,rpi mto rpi mto car mysuru city 0821-2418348 9480802255 carmtmyc@ksp.gov.in
KSP1689,RPI Palace-Security,RPI,Palace-Security,CAR,Mysuru City,,0821-2418552,9480802259,,rpi palace-security rpi palace-security car mysuru city 0821-2418552 9480802259
KSP1690,ACP RPI Mounted Company,ACP,RPI Mounted Company,CAR,Mysuru City,,0821-2418556,,acpmountedmyc@ksp.gov.in,acp rpi mounted company acp rpi mounted company car mysuru city 0821-2418556 acpmountedmyc@ksp.gov.in
KSP1691,RPI Mounted Company,RPI,Mounted Company,CAR,Mysuru City,,0821-2418556,,,rpi mounted company rpi mounted company car mysuru city 0821-2418556
KSP1692,RPI Band Office,RPI,Band Office,CAR,Mysuru City,,0821-2418741,,,rpi band office rpi band office car mysuru city 0821-2418741
KSP1693,DC,,DC,Mysuru City,Mysuru,,,,,dc mysuru city mysuru
KSP1694,AC,AC,,Mysuru City,Mysuru,,,,,ac mysuru city mysuru
KSP1695,Administrative Trg. Institute,,Administrative Trg. Institute,Mysuru City,Mysuru,,,,,administrative trg. institute mysuru city mysuru
KSP1696,DHO,,DHO,Mysuru City,Mysuru,,,,,dho mysuru city mysuru
KSP1697,ZP CEO,,ZP CEO,Mysuru City,Mysuru,,,,,zp ceo mysuru city mysuru
KSP1698,DFO,,DFO,Mysuru City,Mysuru,,,,,dfo mysuru city mysuru
KSP1699,RFSL,,RFSL,Mysuru City,Mysuru,,,,,rfsl mysuru city mysuru
KSP1700,IB Guest House,,IB Guest House,Guest House,Mysuru City,,0821-2542217,,,ib guest house guest house mysuru city 0821-2542217
KSP1701,Regional Fire Officer,,Regional Fire Officer,Fire,Mysuru City,,0821-2540116,,,regional fire officer fire mysuru city 0821-2540116
KSP1702,Administrative Training,,Administrative Training,Other,Mysuru City,,0821-2520906,,,administrative training other mysuru city 0821-2520906
KSP1703,RTO,,RTO,RTO,Mysuru City,,0821-2330364,,,rto mysuru city 0821-2330364
KSP1704,Police Complaint Authority,,Police Complaint Authority,Other,Mysuru City,,0821-2418340,,,police complaint authority other mysuru city 0821-2418340
KSP1705,Bapuji Oldage Home,,Bapuji Oldage Home,Mysuru City,Mysuru,,,,,bapuji oldage home mysuru city mysuru
KSP1706,CP Kalaburagi City,CP,CP Kalaburagi City,L&O,Kalaburagi City,,,9480805501,copkbc@ksp.gov.in,cp kalaburagi city cp l&o kalaburagi city 9480805501 copkbc@ksp.gov.in
KSP1707,DCP L&O,DCP,L&O,L&O,Kalaburagi City,,,9480805502,dcplokbc@ksp.gov.in,dcp l&o dcp l&o kalaburagi city 9480805502 dcplokbc@ksp.gov.in
KSP1708,DCP PI Wireless,DCP,PI Wireless,Wireless,Kalaburagi City,,,9480805503,dcpctkbc@ksp.gov.in,dcp pi wireless dcp pi wireless wireless kalaburagi city 9480805503 dcpctkbc@ksp.gov.in
KSP1709,PI (W) City C/Room,PI (W),City C/Room,C/Room,Kalaburagi,,,9480805533,citycontrol0053@gmail.com,pi (w) city c/room pi (w) city c/room c/room kalaburagi 9480805533 citycontrol0053@gmail.com
KSP1710,PI Wireless,PI,PI Wireless,Wireless,Kalaburagi City,,,9480805500,citycontrolkbc@ksp.gov.in,pi wireless pi wireless kalaburagi city 9480805500 citycontrolkbc@ksp.gov.in
KSP1711,AAO ACP Traffic,AAO,ACP Traffic,Traffic,Kalaburagi City,,,9480805540,aaokbc@ksp.gov.in,aao acp traffic aao acp traffic traffic kalaburagi city 9480805540 aaokbc@ksp.gov.in
KSP1712,ACP CEN PS,ACP,CEN PS,CEN,Kalaburagi City,,,9480805532,,acp cen ps acp cen ps cen kalaburagi city 9480805532
KSP1713,PI CEN PS,PI,CEN PS,CEN,Kalaburagi City,,,9449077100,cenkbc@ksp.gov.in,pi cen ps pi cen ps cen kalaburagi city 9449077100 cenkbc@ksp.gov.in
KSP1714,ASP ACP South Sub-Div,ASP,ACP South Sub-Div,L&O,Kalaburagi City,,,9480805511,acpakbc@ksp.gov.in,asp acp south sub-div asp acp south sub-div l&o kalaburagi city 9480805511 acpakbc@ksp.gov.in
KSP1715,PI STATION BAZAR PS,PI,STATION BAZAR PS,L&O,Kalaburagi City,,,9480805521,stationbazarkbc@ksp.gov.in,pi station bazar ps pi station bazar ps l&o kalaburagi city 9480805521 stationbazarkbc@ksp.gov.in
KSP1716,PI ASHOK NAGAR PS,PI,ASHOK NAGAR PS,L&O,Kalaburagi City,,,9480805520,ashoknagarkbc@ksp.gov.in,pi ashok nagar ps pi ashok nagar ps l&o kalaburagi city 9480805520 ashoknagarkbc@ksp.gov.in
KSP1717,PI BRAHMPUR PS,PI,BRAHMPUR PS,L&O,Kalaburagi City,,,9480805522,brahmpurkbc@ksp.gov.in,pi brahmpur ps pi brahmpur ps l&o kalaburagi city 9480805522 brahmpurkbc@ksp.gov.in
KSP1718,PI R.G. NAGAR PS,PI,R.G. NAGAR PS,L&O,Kalaburagi City,,,9480805523,rgnagarkcp@ksp.gov.in,pi r.g. nagar ps pi r.g. nagar ps l&o kalaburagi city 9480805523 rgnagarkcp@ksp.gov.in
KSP1719,ACP North Sub-Div,ACP,North Sub-Div,L&O,Kalaburagi City,,,9480805512,acpbkbc@ksp.gov.in,acp north sub-div acp north sub-div l&o kalaburagi city 9480805512 acpbkbc@ksp.gov.in
KSP1720,PI CHOWK PS,PI,CHOWK PS,L&O,Kalaburagi City,,,9480805524,chowkkbc@ksp.gov.in,pi chowk ps pi chowk ps l&o kalaburagi city 9480805524 chowkkbc@ksp.gov.in
KSP1721,PI ROZA PS,PI,ROZA PS,L&O,Kalaburagi City,,,9480805525,rozakbc@ksp.gov.in,pi roza ps pi roza ps l&o kalaburagi city 9480805525 rozakbc@ksp.gov.in
KSP1722,PI M.B. NAGAR PS,PI,M.B. NAGAR PS,L&O,Kalaburagi City,,,9480805526,mbnagarkcp@ksp.gov.in,pi m.b. nagar ps pi m.b. nagar ps l&o kalaburagi city 9480805526 mbnagarkcp@ksp.gov.in
KSP1723,PI WOMEN PS,PI,WOMEN PS,L&O,Kalaburagi City,,,8277972446,womenkbc@ksp.gov.in,pi women ps pi women ps l&o kalaburagi city 8277972446 womenkbc@ksp.gov.in
KSP1724,ACP Sub-Urban Sub-Div,ACP,Sub-Urban Sub-Div,L&O,Kalaburagi City,,,9480805513,acpckbc@ksp.gov.in,acp sub-urban sub-div acp sub-urban sub-div l&o kalaburagi city 9480805513 acpckbc@ksp.gov.in
KSP1725,PI SUB URBAN PS,PI,SUB URBAN PS,L&O,Kalaburagi City,,,9480805528,graminkcp@ksp.gov.in,pi sub urban ps pi sub urban ps l&o kalaburagi city 9480805528 graminkcp@ksp.gov.in
KSP1726,PI UNIVERSITY PS,PI,UNIVERSITY PS,L&O,Kalaburagi City,,,9480805527,universitykcp@ksp.gov.in,pi university ps pi university ps l&o kalaburagi city 9480805527 universitykcp@ksp.gov.in
KSP1727,PI FARAHATABAD PS,PI,FARAHATABAD PS,L&O,Kalaburagi City,,,9480805529,farthabadkbc@ksp.gov.in,pi farahatabad ps pi farahatabad ps l&o kalaburagi city 9480805529 farthabadkbc@ksp.gov.in
KSP1728,ACP Traffic,ACP,Traffic,Traffic,Kalaburagi City,,,9480805514,acptraffickbc@ksp.gov.in,acp traffic acp traffic kalaburagi city 9480805514 acptraffickbc@ksp.gov.in
KSP1729,PI TRAFFIC-1 PS,PI,TRAFFIC-1 PS,Traffic,Kalaburagi City,,,9480805530,addltraffc-1kcp@ksp.gov.in,pi traffic-1 ps pi traffic-1 ps traffic kalaburagi city 9480805530 addltraffc-1kcp@ksp.gov.in
KSP1730,PI TRAFFIC-2 PS,PI,TRAFFIC-2 PS,Traffic,Kalaburagi City,,,9480805531,ccbkbc@ksp.gov.in,pi traffic-2 ps pi traffic-2 ps traffic kalaburagi city 9480805531 ccbkbc@ksp.gov.in
KSP1731,ACP DPO,ACP,DPO Kalaburagi City,DPO,Kalaburagi City,,,,carkbc@ksp.gov.in,acp dpo acp dpo kalaburagi city dpo kalaburagi city carkbc@ksp.gov.in
KSP1732,ACP TRAFFIC-1 PS,ACP,TRAFFIC-1 PS,Traffic,Kalaburagi City,,,9480805542,,acp traffic-1 ps acp traffic-1 ps traffic kalaburagi city 9480805542
KSP1733,ACP PI CCRB,ACP,PI CCRB,CCRB,Kalaburagi City,,,,ccrbkbc@ksp.gov.in,acp pi ccrb acp pi ccrb ccrb kalaburagi city ccrbkbc@ksp.gov.in
KSP1734,PI CCRB,PI,CCRB,CCRB,Kalaburagi City,,,9480805534,,pi ccrb pi ccrb kalaburagi city 9480805534
KSP1735,ACP CSB,ACP,CSB,Kalaburagi City,Kalaburagi,,,,csbkbc@ksp.gov.in,acp csb acp csb kalaburagi city kalaburagi csbkbc@ksp.gov.in
KSP1736,PI CSB,PI,CSB,CSB,Mangaluru City,,,9480805543,,pi csb pi csb mangaluru city 9480805543
KSP1737,PI TRAFFIC-2 PS,PI,TRAFFIC-2 PS,Traffic,Kalaburagi City,,,9480805536,ccbkbc@ksp.gov.in,pi traffic-2 ps pi traffic-2 ps traffic kalaburagi city 9480805536 ccbkbc@ksp.gov.in
KSP1738,PI FPB,PI,FPB,FPB,Tumakuru,,,,fpukbc@ksp.gov.in,pi fpb pi fpb tumakuru fpukbc@ksp.gov.in
KSP1739,PI CCRB,PI,PI CCRB,CCRB,Kalaburagi City,,,9480805535,smcellkbc@ksp.gov.in,pi ccrb pi ccrb kalaburagi city 9480805535 smcellkbc@ksp.gov.in
KSP1740,IGP Central Range,IGP,Central Range,Range HQ,,,080-22264412,9480800027,igpcr@ksp.gov.in,igp central range igp central range range hq 080-22264412 9480800027 igpcr@ksp.gov.in
KSP1741,AAO IGP Office,AAO,IGP Office,IGP Off,Bengaluru City,,,,,aao igp office aao igp office igp off bengaluru city
KSP1742,DySP DE IGP Office,DySP,DE IGP Office,Range HQ,,,080-22942630,9480802418,,dysp de igp office dysp de igp office range hq 080-22942630 9480802418
KSP1743,DySP FPB IGP Office,DySP,FPB IGP Office,FPB,,,080-22942619,9480800481,,dysp fpb igp office dysp fpb igp office fpb 080-22942619 9480800481
KSP1744,Central Range C/Room,,Central Range C/Room,C/Room,Bengaluru City,,080-22942250,,crigcontrol@ksp.gov.in,central range c/room c/room bengaluru city 080-22942250 crigcontrol@ksp.gov.in
KSP1745,SP Bengaluru,SP,Bengaluru,L&O,Bengaluru City,,080-22264350,9480802401,spbng@ksp.gov.in,sp bengaluru sp bengaluru l&o bengaluru city 080-22264350 9480802401 spbng@ksp.gov.in
KSP1746,Addl. SP,Addl. SP,Bengaluru,L&O,Bengaluru City,,080-22260603,9480802402,addlspbng@ksp.gov.in,addl. sp bengaluru l&o bengaluru city 080-22260603 9480802402 addlspbng@ksp.gov.in
KSP1747,Addl. SP,Addl. SP,Bengaluru,L&O,Bengaluru City,,080-22942632,9480802409,addlspbng2@ksp.gov.in,addl. sp bengaluru l&o bengaluru city 080-22942632 9480802409 addlspbng2@ksp.gov.in
KSP1748,C/Room,,C/Room,C/Room,Bengaluru City,,,9480802400,dckpl@ksp.gov.in,c/room bengaluru city 9480802400 dckpl@ksp.gov.in
KSP1749,PI Wireless,PI,Wireless,Wireless,Bengaluru City,,,9480800930,dcbkpl@ksp.gov.in,pi wireless pi wireless bengaluru city 9480800930 dcbkpl@ksp.gov.in
KSP1750,DySP CEN,DySP,CEN PS,CEN,Bengaluru City,,,9480802408,cybercrimeblr@ksp.gov.in,dysp cen dysp cen ps cen bengaluru city 9480802408 cybercrimeblr@ksp.gov.in
KSP1751,CEN,,CEN PS,CEN,Bengaluru City,,,,cenpsbdr@ksp.gov.in,cen cen ps bengaluru city cenpsbdr@ksp.gov.in
KSP1752,DySP Hosakote Sub-Division,DySP,Hosakote Sub-Division,L&O,Bengaluru City,DySP Hosakote,080-27932111,8277960586,hosakotesdpobng@ksp.gov.in,dysp hosakote sub-division dysp hosakote sub-division l&o bengaluru city dysp hosakote 080-27932111 8277960586 hosakotesdpobng@ksp.gov.in
KSP1753,PI HOSAKOTE,PI,HOSAKOTE PS,L&O,Bengaluru City,,080-27931570,9480802432,hosakotebng@ksp.gov.in,pi hosakote pi hosakote ps l&o bengaluru city 080-27931570 9480802432 hosakotebng@ksp.gov.in
KSP1754,PI NANDAGUDI,PI,NANDAGUDI PS,L&O,Bengaluru City,,080-27961250,9480802433,nandagudibng@ksp.gov.in,pi nandagudi pi nandagudi ps l&o bengaluru city 080-27961250 9480802433 nandagudibng@ksp.gov.in
KSP1755,PI SULIBELE,PI,SULIBELE PS,L&O,Bengaluru City,,080-27952415,9480802446,sulibelebng@ksp.gov.in,pi sulibele pi sulibele ps l&o bengaluru city 080-27952415 9480802446 sulibelebng@ksp.gov.in
KSP1756,PI TIRUMASHETTIHALLI,PI,TIRUMASHETTIHALLI PS,L&O,Bengaluru City,,080-28549100,9480802434,tshallibng@ksp.gov.in,pi tirumashettihalli pi tirumashettihalli ps l&o bengaluru city 080-28549100 9480802434 tshallibng@ksp.gov.in
KSP1757,PI ANUGONDANAHALLI,PI,ANUGONDANAHALLI PS,L&O,Bengaluru City,,080-27945777,9480802464,anugondanhallibng@ksp.gov.in,pi anugondanahalli pi anugondanahalli ps l&o bengaluru city 080-27945777 9480802464 anugondanhallibng@ksp.gov.in
KSP1758,PI HOSAKOTE TRAFFIC,PI,HOSAKOTE TRAFFIC PS,Traffic,Bengaluru City,,080-27931199,9480802445,hosakotetrfbng@ksp.gov.in,pi hosakote traffic pi hosakote traffic ps traffic bengaluru city 080-27931199 9480802445 hosakotetrfbng@ksp.gov.in
KSP1759,DySP Anekal Sub-Division,DySP,Anekal Sub-Division,L&O,Bengaluru City,DySP Anekal,080-22942612,9480802420,anekalsdpobng@ksp.gov.in,dysp anekal sub-division dysp anekal sub-division l&o bengaluru city dysp anekal 080-22942612 9480802420 anekalsdpobng@ksp.gov.in
KSP1760,PI ANEKAL,PI,ANEKAL PS,L&O,Bengaluru City,,080-27859235,9480802435,anekalbng@ksp.gov.in,pi anekal pi anekal ps l&o bengaluru city 080-27859235 9480802435 anekalbng@ksp.gov.in
KSP1761,PI BANNERGHATTA,PI,BANNERGHATTA PS,L&O,Bengaluru City,,080-27828595,9480802449,bannerghattabng@ksp.gov.in,pi bannerghatta pi bannerghatta ps l&o bengaluru city 080-27828595 9480802449 bannerghattabng@ksp.gov.in
KSP1762,PI,PI,,L&O,Bengaluru City,,080-29765300,8277960614,suryanagarabng@ksp.gov.in,pi l&o bengaluru city 080-29765300 8277960614 suryanagarabng@ksp.gov.in
KSP1763,PI ATTIBELE,PI,ATTIBELE PS,L&O,Bengaluru City,,080-27821360,9480802436,attibelebng@ksp.gov.in,pi attibele pi attibele ps l&o bengaluru city 080-27821360 9480802436 attibelebng@ksp.gov.in
KSP1764,PI SARJAPURA,PI,SARJAPURA PS,L&O,Bengaluru City,,080-27823032,9480802452,sarjapurabng@ksp.gov.in,pi sarjapura pi sarjapura ps l&o bengaluru city 080-27823032 9480802452 sarjapurabng@ksp.gov.in
KSP1765,PI JIGANI,PI,JIGANI PS,L&O,Bengaluru City,,080-27825108,9480802476,jiganibng@ksp.gov.in,pi jigani pi jigani ps l&o bengaluru city 080-27825108 9480802476 jiganibng@ksp.gov.in
KSP1766,DySP D.B. Pura Sub-Division,DySP,D.B. Pura Sub-Division,L&O,Bengaluru City,DySP D.B. Pura,080-27622052,9480802421,sdpodbpurabng@ksp.gov.in,dysp d.b. pura sub-division dysp d.b. pura sub-division l&o bengaluru city dysp d.b. pura 080-27622052 9480802421 sdpodbpurabng@ksp.gov.in
KSP1767,PI D.B. PURA TOWN,PI,D.B. PURA TOWN PS,L&O,Bengaluru City,,080-27625601,9480802454,dbpuratownbng@ksp.gov.in,pi d.b. pura town pi d.b. pura town ps l&o bengaluru city 080-27625601 9480802454 dbpuratownbng@ksp.gov.in
KSP1768,PI WOMEN,PI,WOMEN PS,L&O,Bengaluru City,,,8277960670,womenpsrcr@ksp.gov.in,pi women pi women ps l&o bengaluru city 8277960670 womenpsrcr@ksp.gov.in
KSP1769,PI DODDA BELAVANGALA,PI,DODDA BELAVANGALA PS,L&O,Bengaluru City,,080-27655241,9480802455,dbvangalabng@ksp.gov.in,pi dodda belavangala pi dodda belavangala ps l&o bengaluru city 080-27655241 9480802455 dbvangalabng@ksp.gov.in
KSP1770,PI HOSAHALLI,PI,HOSAHALLI PS,L&O,Bengaluru City,,080-27656008,9480802456,hosahallybng@ksp.gov.in,pi hosahalli pi hosahalli ps l&o bengaluru city 080-27656008 9480802456 hosahallybng@ksp.gov.in
KSP1771,PI DODDABALLAPUR (R),PI,DODDABALLAPUR (R) PS,L&O,Bengaluru City,,080-27622025,9480802453,bdpuraruralbng@ksp.gov.in,pi doddaballapur (r) pi doddaballapur (r) ps l&o bengaluru city 080-27622025 9480802453 bdpuraruralbng@ksp.gov.in
KSP1772,PI VIJAYAPURA,PI,VIJAYAPURA PS,L&O,Vijayapura,,080-27668444,9480802458,vijayapurabng@ksp.gov.in,pi vijayapura pi vijayapura ps l&o vijayapura 080-27668444 9480802458 vijayapurabng@ksp.gov.in
KSP1773,PI CHENNRAYPATNA,PI,CHENNRAYPATNA PS,L&O,Bengaluru City,,080-29562444,9480802459,crpatnabng@ksp.gov.in,pi chennraypatna pi chennraypatna ps l&o bengaluru city 080-29562444 9480802459 crpatnabng@ksp.gov.in
KSP1774,PI VISHWANATHAPURA,PI,VISHWANATHAPURA PS,L&O,Bengaluru City,,080-2522244,9480802460,vnpurabng@ksp.gov.in,pi vishwanathapura pi vishwanathapura ps l&o bengaluru city 080-2522244 9480802460 vnpurabng@ksp.gov.in
KSP1775,DySP Nelamangala,DySP,Nelamangala,L&O,Bengaluru City,,080-27722688,9480802422,sdponmlbng@ksp.gov.in,dysp nelamangala dysp nelamangala l&o bengaluru city 080-27722688 9480802422 sdponmlbng@ksp.gov.in
KSP1776,PI NELAMANGALA (R),PI,NELAMANGALA (R) PS,L&O,Bengaluru City,,080-27728223,9480802430,nmlruralbng@ksp.gov.in,pi nelamangala (r) pi nelamangala (r) ps l&o bengaluru city 080-27728223 9480802430 nmlruralbng@ksp.gov.in
KSP1777,PI DOBBOSPET,PI,DOBBOSPET PS,L&O,Bengaluru City,,080-27734231,9480802462,dobbaspethbng@ksp.gov.in,pi dobbospet pi dobbospet ps l&o bengaluru city 080-27734231 9480802462 dobbaspethbng@ksp.gov.in
KSP1778,PI THYAMAGONDLU,PI,THYAMAGONDLU PS,L&O,Bengaluru City,,080-27732033,9480802463,tgondalubng@ksp.gov.in,pi thyamagondlu pi thyamagondlu ps l&o bengaluru city 080-27732033 9480802463 tgondalubng@ksp.gov.in
KSP1779,PI NELAMANGALA (T),PI,NELAMANGALA (T) PS,L&O,Bengaluru City,,080-27722133,9480802461,nmltownbng@ksp.gov.in,pi nelamangala (t) pi nelamangala (t) ps l&o bengaluru city 080-27722133 9480802461 nmltownbng@ksp.gov.in
KSP1780,PI NELAMANGALA TRAFFIC,PI,NELAMANGALA TRAFFIC PS,Traffic,Bengaluru City,,080-27722134,9480802474,nmltrafficbng@ksp.gov.in,pi nelamangala traffic pi nelamangala traffic ps traffic bengaluru city 080-27722134 9480802474 nmltrafficbng@ksp.gov.in
KSP1781,AAO Dog Squad,AAO,Dog Squad,Dog Squad,Bengaluru City,,080-22256111,8277960645,aaobng@ksp.gov.in,aao dog squad aao dog squad bengaluru city 080-22256111 8277960645 aaobng@ksp.gov.in
KSP1782,DySP DAR,DySP,DAR,DAR,Bengaluru City,,,9480802406,dspdarblr@ksp.gov.in,dysp dar dysp dar bengaluru city 9480802406 dspdarblr@ksp.gov.in
KSP1783,DySP DCRB,DySP,DCRB,DCRB,Shivamogga,,,,dcrbgba@ksp.gov.in,dysp dcrb dysp dcrb shivamogga dcrbgba@ksp.gov.in
KSP1784,PI DSP DCRB,PI,DSP DCRB,DCRB,Bengaluru City,,080-22352466,9480802407,dsbbng@ksp.gov.in,pi dsp dcrb pi dsp dcrb dcrb bengaluru city 080-22352466 9480802407 dsbbng@ksp.gov.in
KSP1785,PI FPB BENGALURU DIST,PI,FPB BENGALURU DIST,FPB,Bengaluru City,,080-22942498,9480802410,fpbbng@ksp.gov.in,pi fpb bengaluru dist pi fpb bengaluru dist fpb bengaluru city 080-22942498 9480802410 fpbbng@ksp.gov.in
KSP1786,PI FPB,PI,PI FPB,FPB,Bengaluru City,,080-22942198,,,pi fpb pi fpb bengaluru city 080-22942198
KSP1787,Computer Section,,Computer Section,Computer Wing,Bengaluru City,,,,ccydr@ksp.gov.in,computer section computer wing bengaluru city ccydr@ksp.gov.in
KSP1788,RPI PI FPB,RPI,PI FPB,FPB,Bengaluru City,,,9480802438,darbng@ksp.gov.in,rpi pi fpb rpi pi fpb fpb bengaluru city 9480802438 darbng@ksp.gov.in
KSP1789,DC,,DC,L&O,Bengaluru City,,080-2278312,9483546898,,dc l&o bengaluru city 080-2278312 9483546898
KSP1790,PWD,,PWD,L&O,Bengaluru City,,080-22872801,,,pwd l&o bengaluru city 080-22872801
KSP1791,Public Prosecutor,,Public Prosecutor,Court,Bengaluru City,,,,,public prosecutor court bengaluru city
KSP1792,Blood Bank,,Blood Bank,L&O,Bengaluru City,,080-28060200,,,blood bank l&o bengaluru city 080-28060200
KSP1793,Highway Toll,,Highway Toll,Toll,Bengaluru City,,,7760990864,,highway toll toll bengaluru city 7760990864
KSP1794,NELAMANGALA TRAFFIC,,NELAMANGALA TRAFFIC PS,Traffic,Bengaluru City,,080-27722134,,,nelamangala traffic nelamangala traffic ps traffic bengaluru city 080-27722134
KSP1795,SP Chikkaballapura,SP,Chikkaballapura,L&O,Chikkaballapura,,,9480802501,spcbpura@ksp.gov.in,sp chikkaballapura sp chikkaballapura l&o 9480802501 spcbpura@ksp.gov.in
KSP1796,Addl. SP Chikkaballapura,Addl. SP,Chikkaballapura,L&O,Chikkaballapura,,,9480802502,addlspcbpura@ksp.gov.in,addl. sp chikkaballapura addl. sp chikkaballapura l&o 9480802502 addlspcbpura@ksp.gov.in
KSP1797,District C/Room,,District C/Room,C/Room,Bengaluru City,,,9480802500,dccbpura@ksp.gov.in,district c/room c/room bengaluru city 9480802500 dccbpura@ksp.gov.in
KSP1798,PI (W) C/Room,PI (W),C/Room,C/Room,Bengaluru City,,,9480800934,,pi (w) c/room pi (w) c/room bengaluru city 9480800934
KSP1799,DySP Chikkaballapura,DySP,Chikkaballapura,L&O,Chikkaballapura,,,9480802520,sdpocbpura@ksp.gov.in,dysp chikkaballapura dysp chikkaballapura l&o 9480802520 sdpocbpura@ksp.gov.in
KSP1800,PI WOMEN,PI,WOMEN PS,L&O,Chikkaballapura,,,9480802507,womenpsrcr@ksp.gov.in,pi women pi women ps l&o chikkaballapura 9480802507 womenpsrcr@ksp.gov.in
KSP1801,PI CEN,PI,CEN PS,CEN,Chikkaballapura,,,9480802510,cenpsrcr@ksp.gov.in,pi cen pi cen ps cen chikkaballapura 9480802510 cenpsrcr@ksp.gov.in
KSP1802,CPI CHIKKABALLAPURA (R),CPI,CHIKKABALLAPURA (R) PS,L&O,Chikkaballapura,,,9480802530,cpicbpura@ksp.gov.in,cpi chikkaballapura (r) cpi chikkaballapura (r) ps l&o chikkaballapura 9480802530 cpicbpura@ksp.gov.in
KSP1803,PSI-1 CHIKKABALLAPURA (T),PSI-1,CHIKKABALLAPURA (T) PS,L&O,Chikkaballapura,,,9480802545,townpscbpura@ksp.gov.in,psi-1 chikkaballapura (t) psi-1 chikkaballapura (t) ps l&o chikkaballapura 9480802545 townpscbpura@ksp.gov.in
KSP1804,PSI-2 CHIKKABALLAPURA (T),PSI-2,CHIKKABALLAPURA (T) PS,L&O,Chikkaballapura,,,9480802574,,psi-2 chikkaballapura (t) psi-2 chikkaballapura (t) ps l&o chikkaballapura 9480802574
KSP1805,PSI-1 CHIKKABALLAPURA (R),PSI-1,CHIKKABALLAPURA (R) PS,L&O,Chikkaballapura,,,9480802546,ruralpscbpura@ksp.gov.in,psi-1 chikkaballapura (r) psi-1 chikkaballapura (r) ps l&o chikkaballapura 9480802546 ruralpscbpura@ksp.gov.in
KSP1806,PSI-2 CHIKKABALLAPURA (R),PSI-2,CHIKKABALLAPURA (R) PS,L&O,Chikkaballapura,,,9480802538,,psi-2 chikkaballapura (r) psi-2 chikkaballapura (r) ps l&o chikkaballapura 9480802538
KSP1807,PSI Nandigiridhama,PSI,Nandigiridhama PS,L&O,Bengaluru City,,,9480802562,nandigiridhamapscbpura@ksp.gov.in,psi nandigiridhama psi nandigiridhama ps l&o bengaluru city 9480802562 nandigiridhamapscbpura@ksp.gov.in
KSP1808,PSI Chikkaballapura Traffic,PSI,Chikkaballapura Traffic PS,L&O,Chikkaballapura,,,9480802566,cbpuratraffic@ksp.gov.in,psi chikkaballapura traffic psi chikkaballapura traffic ps l&o chikkaballapura 9480802566 cbpuratraffic@ksp.gov.in
KSP1809,CPI Gouribidnur Circle,CPI,Gouribidnur Circle,L&O,Bengaluru City,,,9480802531,cpigbnurcbpura@ksp.gov.in,cpi gouribidnur circle cpi gouribidnur circle l&o bengaluru city 9480802531 cpigbnurcbpura@ksp.gov.in
KSP1810,PSI-1 Gouribidnur (T),PSI-1,Gouribidnur (T) PS,L&O,Bengaluru City,,,9480802547,gbnurtowncbpura@ksp.gov.in,psi-1 gouribidnur (t) psi-1 gouribidnur (t) ps l&o bengaluru city 9480802547 gbnurtowncbpura@ksp.gov.in
KSP1811,PSI-2 Gouribidnur (T),PSI-2,Gouribidnur (T) PS,L&O,Bengaluru City,,,,,psi-2 gouribidnur (t) psi-2 gouribidnur (t) ps l&o bengaluru city
KSP1812,PSI-1 Gouribidnur (R),PSI-1,Gouribidnur (R) PS,L&O,Bengaluru City,,,9480802548,gbnurruralcbpura@ksp.gov.in,psi-1 gouribidnur (r) psi-1 gouribidnur (r) ps l&o bengaluru city 9480802548 gbnurruralcbpura@ksp.gov.in
KSP1813,PSI-2 Gouribidnur (R),PSI-2,Gouribidnur (R) PS,L&O,Bengaluru City,,,9480802575,,psi-2 gouribidnur (r) psi-2 gouribidnur (r) ps l&o bengaluru city 9480802575
KSP1814,PSI Manchenahalli,PSI,Manchenahalli PS,L&O,Bengaluru City,,,9480802549,mhallicbpura@ksp.gov.in,psi manchenahalli psi manchenahalli ps l&o bengaluru city 9480802549 mhallicbpura@ksp.gov.in
KSP1815,CPI GUDIBANDE,CPI,GUDIBANDE PS,L&O,Chikkaballapura,,,9480802560,cpigbandecbpura@ksp.gov.in,cpi gudibande cpi gudibande ps l&o chikkaballapura 9480802560 cpigbandecbpura@ksp.gov.in
KSP1816,PSI GUDIBANDE,PSI,GUDIBANDE PS,L&O,Chikkaballapura,,,9480802561,gbandecbpura@ksp.gov.in,psi gudibande psi gudibande ps l&o chikkaballapura 9480802561 gbandecbpura@ksp.gov.in
KSP1817,PSI PERESANDRA,PSI,PERESANDRA PS,L&O,Chikkaballapura,,,9480802508,psandrapscbpura@ksp.gov.in,psi peresandra psi peresandra ps l&o chikkaballapura 9480802508 psandrapscbpura@ksp.gov.in
KSP1818,CPI Chelur Circle,CPI,Chelur Circle,L&O,Chikkaballapura,,,9480802532,cpichelurcbpura@ksp.gov.in,cpi chelur circle cpi chelur circle l&o chikkaballapura 9480802532 cpichelurcbpura@ksp.gov.in
KSP1819,PSI CHELUR,PSI,CHELUR PS,L&O,Chikkaballapura,,,9480802551,chelurpscbpura@ksp.gov.in,psi chelur psi chelur ps l&o chikkaballapura 9480802551 chelurpscbpura@ksp.gov.in
KSP1820,PSI PATHAPALYA,PSI,PATHAPALYA PS,L&O,Chikkaballapura,,,9480802552,ppalyacbpura@ksp.gov.in,psi pathapalya psi pathapalya ps l&o chikkaballapura 9480802552 ppalyacbpura@ksp.gov.in
KSP1821,PI BAGEPALLI,PI,BAGEPALLI PS,L&O,Chikkaballapura,,,9480802550,bpallipscbpura@ksp.gov.in,pi bagepalli pi bagepalli ps l&o chikkaballapura 9480802550 bpallipscbpura@ksp.gov.in
KSP1822,PSI-1 Bagepalli,PSI-1,Bagepalli PS,L&O,Chikkaballapura,,,9480802565,,psi-1 bagepalli psi-1 bagepalli ps l&o chikkaballapura 9480802565
KSP1823,PSI-2 Bagepalli,PSI-2,Bagepalli PS,L&O,Chikkaballapura,,,,,psi-2 bagepalli psi-2 bagepalli ps l&o chikkaballapura
KSP1824,DySP Chintamani,DySP,Chintamani,L&O,Chikkaballapura,,,9480802521,sdpocmanicbpura@ksp.gov.in,dysp chintamani dysp chintamani l&o chikkaballapura 9480802521 sdpocmanicbpura@ksp.gov.in
KSP1825,CPI Kencharlahalli Circle,CPI,Kencharlahalli Circle,L&O,Chikkaballapura,,,9480802533,cpikhallicbpura@ksp.gov.in,cpi kencharlahalli circle cpi kencharlahalli circle l&o chikkaballapura 9480802533 cpikhallicbpura@ksp.gov.in
KSP1826,PSI KENCHARLAHALLI,PSI,KENCHARLAHALLI PS,L&O,Chikkaballapura,,,9480802555,khallicbpura@ksp.gov.in,psi kencharlahalli psi kencharlahalli ps l&o chikkaballapura 9480802555 khallicbpura@ksp.gov.in
KSP1827,PSI BATLAHALLI,PSI,BATLAHALLI PS,L&O,Chikkaballapura,,,9480802556,bhallipscbpura@ksp.gov.in,psi batlahalli psi batlahalli ps l&o chikkaballapura 9480802556 bhallipscbpura@ksp.gov.in
KSP1828,PI CHINTAMANI (R),PI,CHINTAMANI (R) PS,L&O,Chikkaballapura,,,9480802554,cmaniruralcbpura@ksp.gov.in,pi chintamani (r) pi chintamani (r) ps l&o chikkaballapura 9480802554 cmaniruralcbpura@ksp.gov.in
KSP1829,PI CHINTAMANI (T),PI,CHINTAMANI (T) PS,L&O,Chikkaballapura,,,9480802553,cmanitowncbpura@ksp.gov.in,pi chintamani (t) pi chintamani (t) ps l&o chikkaballapura 9480802553 cmanitowncbpura@ksp.gov.in
KSP1830,PSI-1 Chintamani (T),PSI-1,Chintamani (T) PS,L&O,Chikkaballapura,,,9480802563,,psi-1 chintamani (t) psi-1 chintamani (t) ps l&o chikkaballapura 9480802563
KSP1831,CPI Sidlaghatta Circle,CPI,Sidlaghatta Circle,L&O,Chikkaballapura,,,9480802534,cpisghattacbpura@ksp.gov.in,cpi sidlaghatta circle cpi sidlaghatta circle l&o chikkaballapura 9480802534 cpisghattacbpura@ksp.gov.in
KSP1832,PSI SIDLAGHATTA (T),PSI,SIDLAGHATTA (T) PS,L&O,Chikkaballapura,,,9480802557,sgattatowncbpura@ksp.gov.in,psi sidlaghatta (t) psi sidlaghatta (t) ps l&o chikkaballapura 9480802557 sgattatowncbpura@ksp.gov.in
KSP1833,PSI SIDLAGHATTA (R),PSI,SIDLAGHATTA (R) PS,L&O,Chikkaballapura,,,9480802558,sgattaruralcbpura@ksp.gov.in,psi sidlaghatta (r) psi sidlaghatta (r) ps l&o chikkaballapura 9480802558 sgattaruralcbpura@ksp.gov.in
KSP1834,PSI DIBBURHALLI,PSI,DIBBURHALLI PS,L&O,Chikkaballapura,,,9480802559,dbhallicbpura@ksp.gov.in,psi dibburhalli psi dibburhalli ps l&o chikkaballapura 9480802559 dbhallicbpura@ksp.gov.in
KSP1835,AAO,AAO,,Range HQ,Bengaluru City,,,,aaocbpura@ksp.gov.in,aao range hq bengaluru city aaocbpura@ksp.gov.in
KSP1836,PI WOMEN,PI,WOMEN PS,L&O,Chikkaballapura,,,9480802507,womenpsrcr@ksp.gov.in,pi women pi women ps l&o chikkaballapura 9480802507 womenpsrcr@ksp.gov.in
KSP1837,PI DCRB,PI,DCRB,DCRB,Ramanagara,,,9480802509,dcrbrcr@ksp.gov.in,pi dcrb pi dcrb ramanagara 9480802509 dcrbrcr@ksp.gov.in
KSP1838,PI DCIB,PI,DCIB,DCIB,Chitradurga,,,9480802508,dcibgba@ksp.gov.in,pi dcib pi dcib chitradurga 9480802508 dcibgba@ksp.gov.in
KSP1839,DySP DAR,DySP,DAR,DAR,Dharwad,,,9480802506,dspdarblr@ksp.gov.in,dysp dar dysp dar dharwad 9480802506 dspdarblr@ksp.gov.in
KSP1840,RPI DAR,RPI,DAR,DAR,Vijayanagara,,,9480802537,darvjn@ksp.gov.in,rpi dar rpi dar vijayanagara 9480802537 darvjn@ksp.gov.in
KSP1841,Homeguard,,Homeguard,Home Guard,Ramanagara,,,,,homeguard home guard ramanagara
KSP1842,DC,,DC,L&O,Bengaluru City,,080-2278312,,,dc l&o bengaluru city 080-2278312
KSP1843,District Session Judge,,District Session Judge,Court,Davanagere,,,,,district session judge court davanagere
KSP1844,District Health Officer,,District Health Officer,Health,Uttara Kannada,,,,,district health officer health uttara kannada
KSP1845,KSRTC,,KSRTC,L&O,Bengaluru City,,,,,ksrtc l&o bengaluru city
KSP1846,Toll,,Toll,Other,Chikkaballapura,,08156-28394383,,,toll other chikkaballapura 08156-28394383
KSP1847,SP Kolar,SP,Kolar,L&O,Kolar,,,9480802601,spklr@ksp.gov.in,sp kolar sp kolar l&o 9480802601 spklr@ksp.gov.in
KSP1848,Addl. SP Kolar,Addl. SP,Kolar,L&O,Kolar,,,9480802602,addlspklr@ksp.gov.in,addl. sp kolar addl. sp kolar l&o 9480802602 addlspklr@ksp.gov.in
KSP1849,Addl. SP PI Wireless,Addl. SP,PI Wireless,Wireless,Kolar,,,9480802603,,addl. sp pi wireless addl. sp pi wireless wireless kolar 9480802603
KSP1850,C/Room,,C/Room,C/Room,Kolar,,,9480802600,dckpl@ksp.gov.in,c/room kolar 9480802600 dckpl@ksp.gov.in
KSP1851,PI (W) C/Room,PI (W),C/Room,C/Room,Bengaluru City,,,9480800933,,pi (w) c/room pi (w) c/room bengaluru city 9480800933
KSP1852,DySP Kolar Sub,DySP,Kolar Sub,L&O,Kolar,,,9480802620,sdpoklr@ksp.gov.in,dysp kolar sub dysp kolar sub l&o kolar 9480802620 sdpoklr@ksp.gov.in
KSP1853,PI WOMEN,PI,WOMEN PS,L&O,Kolar,,,,womenpsrcr@ksp.gov.in,pi women pi women ps l&o kolar womenpsrcr@ksp.gov.in
KSP1854,PI CEN,PI,CEN PS,CEN,Kolar,,,9480802610,cenpsrcr@ksp.gov.in,pi cen pi cen ps cen kolar 9480802610 cenpsrcr@ksp.gov.in
KSP1855,PI VEMAGAL,PI,VEMAGAL PS,L&O,Kolar,,,9480802645,townklr@ksp.gov.in,pi vemagal pi vemagal ps l&o kolar 9480802645 townklr@ksp.gov.in
KSP1856,PI Kolar (R),PI,Kolar (R) PS,L&O,Kolar,,,9480802631,cpiruralklr@ksp.gov.in,pi kolar (r) pi kolar (r) ps l&o kolar 9480802631 cpiruralklr@ksp.gov.in
KSP1857,PSI-1 KOLAR (R),PSI-1,KOLAR (R) PS,L&O,Kolar,,,9480802648,ruralklr@ksp.gov.in,psi-1 kolar (r) psi-1 kolar (r) ps l&o kolar 9480802648 ruralklr@ksp.gov.in
KSP1858,CPI Gulpet Circle,CPI,Gulpet Circle,L&O,Bengaluru City,,,9480802630,,cpi gulpet circle cpi gulpet circle l&o bengaluru city 9480802630
KSP1859,PSI NARASAPURA,PSI,NARASAPURA PS,L&O,Kolar,,,9480802646,trafficklr@ksp.gov.in,psi narasapura psi narasapura ps l&o kolar 9480802646 trafficklr@ksp.gov.in
KSP1860,PSI NARASAPURA,PSI,NARASAPURA PS,L&O,Kolar,,,9480802647,trafficklr@ksp.gov.in,psi narasapura psi narasapura ps l&o kolar 9480802647 trafficklr@ksp.gov.in
KSP1861,PI Vemagal,PI,Vemagal PS,L&O,Bengaluru City,,,9480802649,vemagalklr@ksp.gov.in,pi vemagal pi vemagal ps l&o bengaluru city 9480802649 vemagalklr@ksp.gov.in
KSP1862,PI Malur,PI,Malur PS,L&O,Kolar,,,9480802632,malurklr@ksp.gov.in,pi malur pi malur ps l&o kolar 9480802632 malurklr@ksp.gov.in
KSP1863,PSI-1 Malur,PSI-1,Malur PS,L&O,Kolar,,,9480802650,,psi-1 malur psi-1 malur ps l&o kolar 9480802650
KSP1864,PI MASTHI,PI,MASTHI PS,L&O,Kolar,,,9480802651,mastiklr@ksp.gov.in,pi masthi pi masthi ps l&o kolar 9480802651 mastiklr@ksp.gov.in
KSP1865,ASP DSP Mulbagal,ASP,DSP Mulbagal,L&O,Kolar,,,9480802621,sdpomulbagalklr@ksp.gov.in,asp dsp mulbagal asp dsp mulbagal l&o kolar 9480802621 sdpomulbagalklr@ksp.gov.in
KSP1866,CPI Mulbagal (R) Circle,CPI,Mulbagal (R) Circle,L&O,Kolar,,,9480802633,cpimulbagalklr@ksp.gov.in,cpi mulbagal (r) circle cpi mulbagal (r) circle l&o kolar 9480802633 cpimulbagalklr@ksp.gov.in
KSP1867,PSI NANGALI,PSI,NANGALI PS,L&O,Kolar,,,9480802653,nangliklr@ksp.gov.in,psi nangali psi nangali ps l&o kolar 9480802653 nangliklr@ksp.gov.in
KSP1868,PSI MULABAGAL (R),PSI,MULABAGAL (R) PS,L&O,Kolar,,,9480802607,mblruralklr@ksp.gov.in,psi mulabagal (r) psi mulabagal (r) ps l&o kolar 9480802607 mblruralklr@ksp.gov.in
KSP1869,PI MULBAGAL (T),PI,MULBAGAL (T) PS,L&O,Kolar,,,9480802652,mulbagalklr@ksp.gov.in,pi mulbagal (t) pi mulbagal (t) ps l&o kolar 9480802652 mulbagalklr@ksp.gov.in
KSP1870,PSI-1 MULBAGAL (T),PSI-1,MULBAGAL (T) PS,L&O,Kolar,,,9480802652,mulbagalklr@ksp.gov.in,psi-1 mulbagal (t) psi-1 mulbagal (t) ps l&o kolar 9480802652 mulbagalklr@ksp.gov.in
KSP1871,PI SRINIVASAPURA,PI,SRINIVASAPURA PS,L&O,Kolar,,,9480802654,srinivaspuraklr@ksp.gov.in,pi srinivasapura pi srinivasapura ps l&o kolar 9480802654 srinivaspuraklr@ksp.gov.in
KSP1872,CPI Gownipalli Circle,CPI,Gownipalli Circle,L&O,Kolar,,,9480802634,,cpi gownipalli circle cpi gownipalli circle l&o kolar 9480802634
KSP1873,PSI RAYAPAD,PSI,RAYAPAD PS,L&O,Kolar,,,9480802655,ralaypadklr@ksp.gov.in,psi rayapad psi rayapad ps l&o kolar 9480802655 ralaypadklr@ksp.gov.in
KSP1874,PSI GOWNIPALLI,PSI,GOWNIPALLI PS,L&O,Kolar,,,9480802656,gownipalliklr@ksp.gov.in,psi gownipalli psi gownipalli ps l&o kolar 9480802656 gownipalliklr@ksp.gov.in
KSP1875,AAO DPO Kolar,AAO,DPO Kolar,DPO,Kolar,,,,aaocbpura@ksp.gov.in,aao dpo kolar aao dpo kolar dpo kolar aaocbpura@ksp.gov.in
KSP1876,PI DSB,PI,DSB,DSB,Kolar,,,9480802608,dsbrrcr@ksp.gov.in,pi dsb pi dsb kolar 9480802608 dsbrrcr@ksp.gov.in
KSP1877,PI DCRB,PI,DCRB,DCRB,Kolar,,,9480802609,dcrbrcr@ksp.gov.in,pi dcrb pi dcrb kolar 9480802609 dcrbrcr@ksp.gov.in
KSP1878,DySP DAR,DySP,DAR,DAR,Kolar,,,9480802606,dspdarblr@ksp.gov.in,dysp dar dysp dar kolar 9480802606 dspdarblr@ksp.gov.in
KSP1879,PI ISD,PI,ISD,ISD,Kolar,,,9480800699,piisdrcr@ksp.gov.in,pi isd pi isd kolar 9480800699 piisdrcr@ksp.gov.in
KSP1880,PI FPB,PI,FPB,FPB,Kolar,,,9480802637,,pi fpb pi fpb kolar 9480802637
KSP1881,Home Guard,,Home Guard,Home Guard,Kolar,,,,,home guard kolar
KSP1882,DC,,DC,L&O,Bengaluru City,,080-2278312,,,dc l&o bengaluru city 080-2278312
KSP1883,Fire Force Officer,,Fire Force Officer,Fire,Kolar,,,,,fire force officer fire kolar
KSP1884,DHO,,DHO,L&O,Bengaluru City,,,,,dho l&o bengaluru city
KSP1885,Excise,,Excise,Excise,Kolar,,,,,excise kolar
KSP1886,RTO Kolar,,RTO Kolar,RTO,Kolar,,,9480059392,,rto kolar rto kolar 9480059392
KSP1887,Dist Sessions Judge,,Dist Sessions Judge,Court,Kolar,,,,,dist sessions judge court kolar
KSP1888,KSRTC DC,,KSRTC DC,L&O,Bengaluru City,,,,,ksrtc dc l&o bengaluru city
KSP1889,DFO,,DFO,L&O,Bengaluru City,,,,,dfo l&o bengaluru city
KSP1890,SP KGF,SP,KGF,L&O,KGF,,,9480802701,spkgf@ksp.gov.in,sp kgf sp kgf l&o 9480802701 spkgf@ksp.gov.in
KSP1891,PI Wireless,PI,PI Wireless,Wireless,KGF,,,9480802700,dckgf@ksp.gov.in,pi wireless pi wireless kgf 9480802700 dckgf@ksp.gov.in
KSP1892,PI (W) PI Wireless,PI (W),PI Wireless,Wireless,KGF,,,9480800935,dcrkgf@ksp.gov.in,pi (w) pi wireless pi (w) pi wireless wireless kgf 9480800935 dcrkgf@ksp.gov.in
KSP1893,DySP KGF,DySP,KGF,HQ,KGF,,,08153-275284,sdpokgf@ksp.gov.in,dysp kgf dysp kgf hq 08153-275284 sdpokgf@ksp.gov.in
KSP1894,PI DCIB,PI,DCIB,DCIB,KGF,,,9480802708,dcibgba@ksp.gov.in,pi dcib pi dcib kgf 9480802708 dcibgba@ksp.gov.in
KSP1895,CPI Robertsonpet Circle,CPI,Robertsonpet Circle,L&O,KGF,,,9480802732,cpirobertsonpetkgf@ksp.gov.in,cpi robertsonpet circle cpi robertsonpet circle l&o kgf 9480802732 cpirobertsonpetkgf@ksp.gov.in
KSP1896,PSI ROBERTSONPET,PSI,ROBERTSONPET PS,L&O,KGF,,,9480802749,robertsonpetkgf@ksp.gov.in,psi robertsonpet psi robertsonpet ps l&o kgf 9480802749 robertsonpetkgf@ksp.gov.in
KSP1897,PSI ANDERSONPET,PSI,ANDERSONPET PS,L&O,KGF,,,9480802750,andersonpetkgf@ksp.gov.in,psi andersonpet psi andersonpet ps l&o kgf 9480802750 andersonpetkgf@ksp.gov.in
KSP1898,CPI Oorgaum Circle,CPI,Oorgaum Circle,L&O,KGF,,,9480802731,cpioorgaumkgf@ksp.gov.in,cpi oorgaum circle cpi oorgaum circle l&o kgf 9480802731 cpioorgaumkgf@ksp.gov.in
KSP1899,PSI OORGAUM,PSI,OORGAUM PS,L&O,KGF,,,9480802747,oorgaumkgf@ksp.gov.in,psi oorgaum psi oorgaum ps l&o kgf 9480802747 oorgaumkgf@ksp.gov.in
KSP1900,PSI BEML,PSI,BEML PS,L&O,KGF,,,9480802748,bemlnagarkgf@ksp.gov.in,psi beml psi beml ps l&o kgf 9480802748 bemlnagarkgf@ksp.gov.in
KSP1901,CPI Bethamangala Circle,CPI,Bethamangala Circle,L&O,KGF,,,9480802730,cpibethamangalakgf@ksp.gov.in,cpi bethamangala circle cpi bethamangala circle l&o kgf 9480802730 cpibethamangalakgf@ksp.gov.in
KSP1902,PSI BETHAMANGALA,PSI,BETHAMANGALA PS,L&O,KGF,,,9480802752,bethamangalakgf@ksp.gov.in,psi bethamangala psi bethamangala ps l&o kgf 9480802752 bethamangalakgf@ksp.gov.in
KSP1903,PSI KYASAMBALLI,PSI,KYASAMBALLI PS,L&O,KGF,,,9480802745,kyasamballikgf@ksp.gov.in,psi kyasamballi psi kyasamballi ps l&o kgf 9480802745 kyasamballikgf@ksp.gov.in
KSP1904,CPI Kamasamudram Circle,CPI,Kamasamudram Circle,L&O,KGF,,,9480802733,cpikamasamudramkgf@ksp.gov.in,cpi kamasamudram circle cpi kamasamudram circle l&o kgf 9480802733 cpikamasamudramkgf@ksp.gov.in
KSP1905,PSI KAMASAMUDRAM,PSI,KAMASAMUDRAM PS,L&O,KGF,,,9480802753,kamasamudramkgf@ksp.gov.in,psi kamasamudram psi kamasamudram ps l&o kgf 9480802753 kamasamudramkgf@ksp.gov.in
KSP1906,PSI BUDIKOTE,PSI,BUDIKOTE PS,L&O,KGF,,,9480802746,budikotekgf@ksp.gov.in,psi budikote psi budikote ps l&o kgf 9480802746 budikotekgf@ksp.gov.in
KSP1907,PI BANGARPET,PI,BANGARPET PS,L&O,KGF,,,9480802751,bangarpetkgf@ksp.gov.in,pi bangarpet pi bangarpet ps l&o kgf 9480802751 bangarpetkgf@ksp.gov.in
KSP1908,PSI BANGARPET,PSI,BANGARPET PS,L&O,KGF,,,9480109383,,psi bangarpet psi bangarpet ps l&o kgf 9480109383
KSP1909,PI DSB,PI,DSB,DSB,KGF,,,9480802707,dsbrrcr@ksp.gov.in,pi dsb pi dsb kgf 9480802707 dsbrrcr@ksp.gov.in
KSP1910,PI DCIB,PI,DCIB,DCIB,KGF,,,9480802708,dcibgba@ksp.gov.in,pi dcib pi dcib kgf 9480802708 dcibgba@ksp.gov.in
KSP1911,PI DCRB,PI,DCRB,DCRB,KGF,,,9480802709,dcrbrcr@ksp.gov.in,pi dcrb pi dcrb kgf 9480802709 dcrbrcr@ksp.gov.in
KSP1912,AAO DPO KGF,AAO,DPO KGF,DPO,KGF,,,,aaokgf@ksp.gov.in,aao dpo kgf aao dpo kgf dpo kgf aaokgf@ksp.gov.in
KSP1913,Fire Station KGF,,Fire Station KGF,Fire,KGF,,,9480823713,,fire station kgf fire kgf 9480823713
KSP1914,Fire Station Bangarpet,,Fire Station Bangarpet,Fire,KGF,,,,,fire station bangarpet fire kgf
KSP1915,Tahsildar Taluk Office Bangarpet,,Tahsildar Taluk Office Bangarpet,L&O,Bengaluru City,,,,,tahsildar taluk office bangarpet l&o bengaluru city
KSP1916,Tahsildar Taluk Office KGF,,Tahsildar Taluk Office KGF,L&O,Bengaluru City,,,,,tahsildar taluk office kgf l&o bengaluru city
KSP1917,Jailer Sub Jail K.G.F,,Jailer Sub Jail K.G.F,Prison,KGF,,,9480806419,,jailer sub jail k.g.f prison kgf 9480806419
KSP1918,SP Ramanagar,SP,Ramanagar,L&O,Ramanagara,,080-27278800,9480802801,sprmn@ksp.gov.in,sp ramanagar sp ramanagar l&o ramanagara 080-27278800 9480802801 sprmn@ksp.gov.in
KSP1919,Addl. SP Ramanagar,Addl. SP,Ramanagar,L&O,Ramanagara,,080-27275070,9480802802,addlsprmn@ksp.gov.in,addl. sp ramanagar addl. sp ramanagar l&o ramanagara 080-27275070 9480802802 addlsprmn@ksp.gov.in
KSP1920,Addl. SP Ramanagar,Addl. SP,Ramanagar,L&O,Ramanagara,,080-27271003,9480802810,addlsprmn2@ksp.gov.in,addl. sp ramanagar addl. sp ramanagar l&o ramanagara 080-27271003 9480802810 addlsprmn2@ksp.gov.in
KSP1921,C/Room,,C/Room,C/Room,Ramanagara,,,9480802800,dckpl@ksp.gov.in,c/room ramanagara 9480802800 dckpl@ksp.gov.in
KSP1922,PI (W) C/Room,PI (W),C/Room,C/Room,Ramanagara,,,9480800931,,pi (w) c/room pi (w) c/room ramanagara 9480800931
KSP1923,WOMEN,,WOMEN PS,Women,Ramanagara,,,9480802871,womenpskpl@ksp.gov.in,women women ps ramanagara 9480802871 womenpskpl@ksp.gov.in
KSP1924,ACP CEN,ACP,CEN PS,CEN,Ramanagara,,080-27271824,9480802870,dcbpsrmn@ksp.gov.in,acp cen acp cen ps cen ramanagara 080-27271824 9480802870 dcbpsrmn@ksp.gov.in
KSP1925,DySP Ramanagara,DySP,Ramanagara,L&O,Ramanagara,,080-27271878,9480802820,sdporamnagararmn2@ksp.gov.in,dysp ramanagara dysp ramanagara l&o 080-27271878 9480802820 sdporamnagararmn2@ksp.gov.in
KSP1926,CPI RAMANAGARA (T),CPI,RAMANAGARA (T) PS,L&O,Ramanagara,,080-27271422,9480802830,cpirnagartownrmn@ksp.gov.in,cpi ramanagara (t) cpi ramanagara (t) ps l&o ramanagara 080-27271422 9480802830 cpirnagartownrmn@ksp.gov.in
KSP1927,PSI-1 RAMANAGARA (T),PSI-1,RAMANAGARA (T) PS,L&O,Ramanagara,,080-27271230,9480802845,rnagartownrmn@ksp.gov.in,psi-1 ramanagara (t) psi-1 ramanagara (t) ps l&o ramanagara 080-27271230 9480802845 rnagartownrmn@ksp.gov.in
KSP1928,PSI-2 IJOOR,PSI-2,IJOOR PS,L&O,Ramanagara,,080-27271230,,,psi-2 ijoor psi-2 ijoor ps l&o ramanagara 080-27271230
KSP1929,PSI IJOOR,PSI,IJOOR PS,L&O,Ramanagara,,080-27271786,9480802847,ijoorrmn@ksp.gov.in,psi ijoor psi ijoor ps l&o ramanagara 080-27271786 9480802847 ijoorrmn@ksp.gov.in
KSP1930,PSI RAMANAGARA TRAFFIC,PSI,RAMANAGARA TRAFFIC PS,Traffic,Ramanagara,,080-27273904,9480802846,tfcrmn@ksp.gov.in,psi ramanagara traffic psi ramanagara traffic ps traffic ramanagara 080-27273904 9480802846 tfcrmn@ksp.gov.in
KSP1931,PI RAMANAGARA (R),PI,RAMANAGARA (R) PS,L&O,Ramanagara,,080-27271321,9480802831,cpirnagarrmn2@ksp.gov.in,pi ramanagara (r) pi ramanagara (r) ps l&o ramanagara 080-27271321 9480802831 cpirnagarrmn2@ksp.gov.in
KSP1932,PSI RAMANAGARA (R),PSI,RAMANAGARA (R) PS,L&O,Ramanagara,,080-27271321,9480802848,rnagarruralrmn@ksp.gov.in,psi ramanagara (r) psi ramanagara (r) ps l&o ramanagara 080-27271321 9480802848 rnagarruralrmn@ksp.gov.in
KSP1933,PI BIDADI,PI,BIDADI PS,L&O,Ramanagara,,080-27282237,9480802849,bidadirmn@ksp.gov.in,pi bidadi pi bidadi ps l&o ramanagara 080-27282237 9480802849 bidadirmn@ksp.gov.in
KSP1934,PSI BIDADI,PSI,BIDADI PS,L&O,Ramanagara,,080-27282237,,,psi bidadi psi bidadi ps l&o ramanagara 080-27282237
KSP1935,PI HAROHALLY,PI,HAROHALLY PS,L&O,Ramanagara,,080-27562240,9480802832,cpihhallirmn@ksp.gov.in,pi harohally pi harohally ps l&o ramanagara 080-27562240 9480802832 cpihhallirmn@ksp.gov.in
KSP1936,PSI HAROHALLY,PSI,HAROHALLY PS,L&O,Ramanagara,,080-27562240,9480802850,hhallirmn@ksp.gov.in,psi harohally psi harohally ps l&o ramanagara 080-27562240 9480802850 hhallirmn@ksp.gov.in
KSP1937,PI KAGGALIPURA,PI,KAGGALIPURA PS,L&O,Ramanagara,,080-28435250,9480802851,kaggalipurps@ksp.gov.in,pi kaggalipura pi kaggalipura ps l&o ramanagara 080-28435250 9480802851 kaggalipurps@ksp.gov.in
KSP1938,PSI KAGGALIPURA,PSI,KAGGALIPURA PS,L&O,Ramanagara,,080-28435250,,,psi kaggalipura psi kaggalipura ps l&o ramanagara 080-28435250
KSP1939,DySP Magadi,DySP,Magadi,L&O,Ramanagara,,080-28434100,9480802866,sdpomagadirmn2@ksp.gov.in,dysp magadi dysp magadi l&o ramanagara 080-28434100 9480802866 sdpomagadirmn2@ksp.gov.in
KSP1940,PI MAGADI,PI,MAGADI PS,L&O,Ramanagara,,080-27745224,9480802852,cpimagadirmn@ksp.gov.in,pi magadi pi magadi ps l&o ramanagara 080-27745224 9480802852 cpimagadirmn@ksp.gov.in
KSP1941,PSI MAGADI,PSI,MAGADI PS,L&O,Ramanagara,,080-27745224,,magadirmn@ksp.gov.in,psi magadi psi magadi ps l&o ramanagara 080-27745224 magadirmn@ksp.gov.in
KSP1942,PI KUDUR,PI,KUDUR PS,L&O,Ramanagara,,080-27762241,9480802853,kudurrmn@ksp.gov.in,pi kudur pi kudur ps l&o ramanagara 080-27762241 9480802853 kudurrmn@ksp.gov.in
KSP1943,PSI KUDUR,PSI,KUDUR PS,L&O,Ramanagara,,080-27762241,,,psi kudur psi kudur ps l&o ramanagara 080-27762241
KSP1944,PI TAVAREKERE,PI,TAVAREKERE PS,L&O,Ramanagara,,080-28434365,9480802854,tkerermn2@ksp.gov.in,pi tavarekere pi tavarekere ps l&o ramanagara 080-28434365 9480802854 tkerermn2@ksp.gov.in
KSP1945,PSI TAVAREKERE,PSI,TAVAREKERE PS,L&O,Ramanagara,,080-28434365,,,psi tavarekere psi tavarekere ps l&o ramanagara 080-28434365
KSP1946,DySP Channapatna,DySP,Channapatna,L&O,Ramanagara,,080-27251415,9480802821,sdpocpatnarmn@ksp.gov.in,dysp channapatna dysp channapatna l&o ramanagara 080-27251415 9480802821 sdpocpatnarmn@ksp.gov.in
KSP1947,CPI Channapatna (T) Circle,CPI,Channapatna (T) Circle,L&O,Ramanagara,,080-27251621,9480802834,cpipatnatownrmn@ksp.gov.in,cpi channapatna (t) circle cpi channapatna (t) circle l&o ramanagara 080-27251621 9480802834 cpipatnatownrmn@ksp.gov.in
KSP1948,PSI CHANNAPATNA (T),PSI,CHANNAPATNA (T) PS,L&O,Ramanagara,,080-27251749,9480802855,cpatnatownrmn@ksp.gov.in,psi channapatna (t) psi channapatna (t) ps l&o ramanagara 080-27251749 9480802855 cpatnatownrmn@ksp.gov.in
KSP1949,PSI-1 CHANNAPATNA EAST,PSI-1,CHANNAPATNA EAST PS,L&O,Ramanagara,,080-27251229,9480802856,cpatnaeastrmn@ksp.gov.in,psi-1 channapatna east psi-1 channapatna east ps l&o ramanagara 080-27251229 9480802856 cpatnaeastrmn@ksp.gov.in
KSP1950,PSI-2 CHANNAPATNA EAST,PSI-2,CHANNAPATNA EAST PS,L&O,Ramanagara,,080-27251229,,,psi-2 channapatna east psi-2 channapatna east ps l&o ramanagara 080-27251229
KSP1951,PSI CHANNAPATNA TRAFFIC,PSI,CHANNAPATNA TRAFFIC PS,Traffic,Ramanagara,,080-27271010,,cpatnatfcrmn2@ksp.gov.in,psi channapatna traffic psi channapatna traffic ps traffic ramanagara 080-27271010 cpatnatfcrmn2@ksp.gov.in
KSP1952,CPI Channapatna Rural Circle,CPI,Channapatna Rural Circle,L&O,Ramanagara,,080-27251416,9480802835,cpicpatnatownrmn@ksp.gov.in,cpi channapatna rural circle cpi channapatna rural circle l&o ramanagara 080-27251416 9480802835 cpicpatnatownrmn@ksp.gov.in
KSP1953,PSI CHANNAPATNA RURAL,PSI,CHANNAPATNA RURAL PS,L&O,Ramanagara,,080-27251256,9480802857,cpatnaruralrmn@ksp.gov.in,psi channapatna rural psi channapatna rural ps l&o ramanagara 080-27251256 9480802857 cpatnaruralrmn@ksp.gov.in
KSP1954,PSI AKKUR,PSI,AKKUR PS,L&O,Ramanagara,,080-27263253,9480802858,akkurrmn@ksp.gov.in,psi akkur psi akkur ps l&o ramanagara 080-27263253 9480802858 akkurrmn@ksp.gov.in
KSP1955,PSI M.K. DODDI,PSI,M.K. DODDI PS,L&O,Ramanagara,,,9480802859,mkdoddirmn@ksp.gov.in,psi m.k. doddi psi m.k. doddi ps l&o ramanagara 9480802859 mkdoddirmn@ksp.gov.in
KSP1956,PI KANAKAPURA (T),PI,KANAKAPURA (T) PS,L&O,Ramanagara,,080-27522441,9480802860,kpuratownrmn@ksp.gov.in,pi kanakapura (t) pi kanakapura (t) ps l&o ramanagara 080-27522441 9480802860 kpuratownrmn@ksp.gov.in
KSP1957,PSI KANAKAPURA (T),PSI,KANAKAPURA (T) PS,L&O,Ramanagara,,080-27522441,9480802868,,psi kanakapura (t) psi kanakapura (t) ps l&o ramanagara 080-27522441 9480802868
KSP1958,PSI Kanakapura Traffic,PSI,Kanakapura Traffic,Traffic,Ramanagara,,080-27562270,9480802869,kpuratfcrmn@ksp.gov.in,psi kanakapura traffic psi kanakapura traffic traffic ramanagara 080-27562270 9480802869 kpuratfcrmn@ksp.gov.in
KSP1959,CPI Kanakapura (R) Circle,CPI,Kanakapura (R) Circle,L&O,Ramanagara,,080-27522044,9480802836,kpuraruralrmn@ksp.gov.in,cpi kanakapura (r) circle cpi kanakapura (r) circle l&o ramanagara 080-27522044 9480802836 kpuraruralrmn@ksp.gov.in
KSP1960,PSI KANAKAPURA (R),PSI,KANAKAPURA (R) PS,L&O,Ramanagara,,080-27523616,9480802861,kpuraruralrmn@ksp.gov.in,psi kanakapura (r) psi kanakapura (r) ps l&o ramanagara 080-27523616 9480802861 kpuraruralrmn@ksp.gov.in
KSP1961,PSI KODIHALLI,PSI,KODIHALLI PS,L&O,Ramanagara,,080-27541240,9480802862,khallirmn@ksp.gov.in,psi kodihalli psi kodihalli ps l&o ramanagara 080-27541240 9480802862 khallirmn@ksp.gov.in
KSP1962,PSI SATHANUR,PSI,SATHANUR PS,L&O,Ramanagara,,080-27551233,9480802863,sathnoorrmn2@ksp.gov.in,psi sathanur psi sathanur ps l&o ramanagara 080-27551233 9480802863 sathnoorrmn2@ksp.gov.in
KSP1963,AAO DPO Ramanagara,AAO,DPO Ramanagara,DPO,Ramanagara,,080-27271101,,aaormn@ksp.gov.in,aao dpo ramanagara aao dpo ramanagara dpo ramanagara 080-27271101 aaormn@ksp.gov.in
KSP1964,PI DSB,PI,DSB,DSB,Ramanagara,,,9480802807,dsbrrcr@ksp.gov.in,pi dsb pi dsb ramanagara 9480802807 dsbrrcr@ksp.gov.in
KSP1965,PI DCRB,PI,DCRB,DCRB,Ramanagara,,,9480802809,dcrbrcr@ksp.gov.in,pi dcrb pi dcrb ramanagara 9480802809 dcrbrcr@ksp.gov.in
KSP1966,PI DCIB,PI,DCIB,DCIB,Chitradurga,,,,dcibgba@ksp.gov.in,pi dcib pi dcib chitradurga dcibgba@ksp.gov.in
KSP1967,DySP DAR,DySP,DAR,DAR,Ramanagara,,,9480802806,dspdarblr@ksp.gov.in,dysp dar dysp dar ramanagara 9480802806 dspdarblr@ksp.gov.in
KSP1968,RPI MTO,RPI,MTO,CAR,Ramanagara,,,9480802837,mtodargba@ksp.gov.in,rpi mto rpi mto car ramanagara 9480802837 mtodargba@ksp.gov.in
KSP1969,PI ACB,PI,ACB,L&O,Bengaluru City,,080-27272705,9480806272,,pi acb pi acb l&o bengaluru city 080-27272705 9480806272
KSP1970,PI INT,PI,INT,HQ,Ramanagara,,,9449878600,piintblr@ksp.gov.in,pi int pi int hq ramanagara 9449878600 piintblr@ksp.gov.in
KSP1971,PI BESCOM,PI,BESCOM,ESCOM,Ramanagara,,,9448094808,,pi bescom pi bescom escom ramanagara 9448094808
KSP1972,Dist. Jail,,Dist. Jail,Prison,Ramanagara,,,9480806415,,dist. jail prison ramanagara 9480806415
KSP1973,Homeguard,,Homeguard,Home Guard,Ramanagara,,,,,homeguard home guard ramanagara
KSP1974,DC,,DC,L&O,Bengaluru City,,080-2278312,,,dc l&o bengaluru city 080-2278312
KSP1975,CEO ZP Office,,CEO ZP Office,L&O,Bengaluru City,,080-27276720,,,ceo zp office l&o bengaluru city 080-27276720
KSP1976,Govt. Hospital Ramanagara,,Govt. Hospital Ramanagara,L&O,Ramanagara,,080-27272248,,,govt. hospital ramanagara l&o ramanagara 080-27272248
KSP1977,RTO,,RTO,RTO,Ramanagara,,,,,rto ramanagara
KSP1978,Excise,,Excise,Excise,Ramanagara,,,,,excise ramanagara
KSP1979,District Fire Officer,,District Fire Officer,Fire,Chamarajanagara,,08226-2283101,,,district fire officer fire chamarajanagara 08226-2283101
KSP1980,Fire Station,,Fire Station,Fire,Ramanagara,,08372-2794555,,,fire station fire ramanagara 08372-2794555
KSP1981,SP Tumkur,SP,Tumkur,L&O,Tumakuru,,0816-2272451,9480802901,sptkr@ksp.gov.in,sp tumkur sp tumkur l&o tumakuru 0816-2272451 9480802901 sptkr@ksp.gov.in
KSP1982,Addl. SP,Addl. SP,Tumkur,L&O,Tumakuru,,0816-2274130,9480802902,addlsptkr@ksp.gov.in,addl. sp tumkur l&o tumakuru 0816-2274130 9480802902 addlsptkr@ksp.gov.in
KSP1983,Addl. SP,Addl. SP,Tumkur,DAR,Tumakuru,,,9480802905,addlsp2tkr@ksp.gov.in,addl. sp tumkur dar tumakuru 9480802905 addlsp2tkr@ksp.gov.in
KSP1984,C/Room,,C/Room,C/Room,Tumakuru,,,9480802900,dckpl@ksp.gov.in,c/room tumakuru 9480802900 dckpl@ksp.gov.in
KSP1985,PI (W) PI Wireless,PI (W),PI Wireless,Wireless,Tumakuru,,,9480800932,,pi (w) pi wireless pi (w) pi wireless wireless tumakuru 9480800932
KSP1986,DySP Tumkur Sub Division,DySP,Tumkur Sub Division,L&O,Tumakuru,DySP Tumkur,0816-2272340,9480802920,sdpotkr@ksp.gov.in,dysp tumkur sub division dysp tumkur sub division l&o tumakuru dysp tumkur 0816-2272340 9480802920 sdpotkr@ksp.gov.in
KSP1987,PI CEN,PI,CEN PS,CEN,Tumakuru,,,9480802985,cenpsrcr@ksp.gov.in,pi cen pi cen ps cen tumakuru 9480802985 cenpsrcr@ksp.gov.in
KSP1988,PSI-1 WOMEN,PSI-1,WOMEN PS,L&O,Tumakuru,,,9364098541,,psi-1 women psi-1 women ps l&o tumakuru 9364098541
KSP1989,PSI-2 WOMEN,PSI-2,WOMEN PS,L&O,Tumakuru,,,9364098542,,psi-2 women psi-2 women ps l&o tumakuru 9364098542
KSP1990,PI CEN,PI,CEN PS,CEN,Tumakuru,,,9480802908,cenpsrcr@ksp.gov.in,pi cen pi cen ps cen tumakuru 9480802908 cenpsrcr@ksp.gov.in
KSP1991,PI TUMKUR TOWN,PI,TUMKUR TOWN PS,L&O,Tumakuru,,0816-2278388,9480802930,towntkr@ksp.gov.in,pi tumkur town pi tumkur town ps l&o tumakuru 0816-2278388 9480802930 towntkr@ksp.gov.in
KSP1992,PSI-1 TUMKUR TOWN,PSI-1,TUMKUR TOWN PS,L&O,Tumakuru,,,9480802945,,psi-1 tumkur town psi-1 tumkur town ps l&o tumakuru 9480802945
KSP1993,PSI-2 TUMKUR TOWN,PSI-2,TUMKUR TOWN PS,L&O,Tumakuru,,,9364098496,,psi-2 tumkur town psi-2 tumkur town ps l&o tumakuru 9364098496
KSP1994,PI TUMKUR TRAFFIC,PI,TUMKUR TRAFFIC PS,Traffic,Tumakuru,,0816-2278207,9480802929,trafficeasttkr@ksp.gov.in,pi tumkur traffic pi tumkur traffic ps traffic tumakuru 0816-2278207 9480802929 trafficeasttkr@ksp.gov.in
KSP1995,PSI-1 TUMKUR TRAFFIC EAST,PSI-1,TUMKUR TRAFFIC EAST PS,Traffic,Tumakuru,,0816-2278207,9480802947,,psi-1 tumkur traffic east psi-1 tumkur traffic east ps traffic tumakuru 0816-2278207 9480802947
KSP1996,PSI-2 TUMKUR TRAFFIC WEST,PSI-2,TUMKUR TRAFFIC WEST PS,Traffic,Tumakuru,,0816-2278207,9480802946,,psi-2 tumkur traffic west psi-2 tumkur traffic west ps traffic tumakuru 0816-2278207 9480802946
KSP1997,CPI Thilak Park Circle,CPI,Thilak Park Circle,L&O,Tumakuru,,0816-2276424,9480802932,cpithilakparktkr@ksp.gov.in,cpi thilak park circle cpi thilak park circle l&o tumakuru 0816-2276424 9480802932 cpithilakparktkr@ksp.gov.in
KSP1998,PSI-1 THILAK PARK,PSI-1,THILAK PARK PS,L&O,Tumakuru,,0816-2278202,9480802981,thilakparktkr@ksp.gov.in,psi-1 thilak park psi-1 thilak park ps l&o tumakuru 0816-2278202 9480802981 thilakparktkr@ksp.gov.in
KSP1999,PSI-2 THILAK PARK,PSI-2,THILAK PARK PS,L&O,Tumakuru,,0816-2278202,9364098499,,psi-2 thilak park psi-2 thilak park ps l&o tumakuru 0816-2278202 9364098499
KSP2000,PSI-1 NEW EXTN,PSI-1,NEW EXTN PS,L&O,Tumakuru,,0816-2278224,9480802951,newextenttkr@ksp.gov.in,psi-1 new extn psi-1 new extn ps l&o tumakuru 0816-2278224 9480802951 newextenttkr@ksp.gov.in
KSP2001,PSI-2 NEW EXTN,PSI-2,NEW EXTN PS,L&O,Tumakuru,,0816-2278224,9364098487,,psi-2 new extn psi-2 new extn ps l&o tumakuru 0816-2278224 9364098487
KSP2002,PSI-1 KORATAGERE,PSI-1,KORATAGERE PS,L&O,Tumakuru,,,9480802986,koratageretkr@ksp.gov.in,psi-1 koratagere psi-1 koratagere ps l&o tumakuru 9480802986 koratageretkr@ksp.gov.in
KSP2003,PSI-2 JAYANAGARA,PSI-2,JAYANAGARA PS,L&O,Tumakuru,,,9364098494,,psi-2 jayanagara psi-2 jayanagara ps l&o tumakuru 9364098494
KSP2004,CPI Kyathasandra Circle,CPI,Kyathasandra Circle,L&O,Tumakuru,,0816-2281120,9480802933,kyathtasandratkr@ksp.gov.in,cpi kyathasandra circle cpi kyathasandra circle l&o tumakuru 0816-2281120 9480802933 kyathtasandratkr@ksp.gov.in
KSP2005,PSI-1 KYATHASANDRA,PSI-1,KYATHASANDRA PS,L&O,Tumakuru,,0816-2281124,9480802952,,psi-1 kyathasandra psi-1 kyathasandra ps l&o tumakuru 0816-2281124 9480802952
KSP2006,PSI-2 KYATHASANDRA,PSI-2,KYATHASANDRA PS,L&O,Tumakuru,,0816-2281124,9364098498,,psi-2 kyathasandra psi-2 kyathasandra ps l&o tumakuru 0816-2281124 9364098498
KSP2007,PSI-1 HEBBUR,PSI-1,HEBBUR PS,L&O,Tumakuru,,0816-2241036,9480802953,hebburtkr@ksp.gov.in,psi-1 hebbur psi-1 hebbur ps l&o tumakuru 0816-2241036 9480802953 hebburtkr@ksp.gov.in
KSP2008,PSI-2 HEBBUR,PSI-2,HEBBUR PS,L&O,Tumakuru,,0816-2241036,9364098497,,psi-2 hebbur psi-2 hebbur ps l&o tumakuru 0816-2241036 9364098497
KSP2009,CPI Tumkur Rural Circle,CPI,Tumkur Rural Circle,L&O,Tumakuru,,0816-2275301,9480802931,cpiruraltkr@ksp.gov.in,cpi tumkur rural circle cpi tumkur rural circle l&o tumakuru 0816-2275301 9480802931 cpiruraltkr@ksp.gov.in
KSP2010,PSI-1 TUMKUR RURAL,PSI-1,TUMKUR RURAL PS,L&O,Tumakuru,,0816-2278381,9480802948,tumkurruraltkr@ksp.gov.in,psi-1 tumkur rural psi-1 tumkur rural ps l&o tumakuru 0816-2278381 9480802948 tumkurruraltkr@ksp.gov.in
KSP2011,PSI-2 TUMKUR RURAL,PSI-2,TUMKUR RURAL PS,L&O,Tumakuru,,0816-2278381,9364098490,,psi-2 tumkur rural psi-2 tumkur rural ps l&o tumakuru 0816-2278381 9364098490
KSP2012,PSI-1 KORA,PSI-1,KORA PS,L&O,Tumakuru,,0816-2242006,9480802949,koratkr@ksp.gov.in,psi-1 kora psi-1 kora ps l&o tumakuru 0816-2242006 9480802949 koratkr@ksp.gov.in
KSP2013,PSI-2 KORA,PSI-2,KORA PS,L&O,Tumakuru,,0816-2242006,9364098489,,psi-2 kora psi-2 kora ps l&o tumakuru 0816-2242006 9364098489
KSP2014,PSI-1 BELLAVI,PSI-1,BELLAVI PS,L&O,Tumakuru,,0816-2240046,9480802950,bellavitkr@ksp.gov.in,psi-1 bellavi psi-1 bellavi ps l&o tumakuru 0816-2240046 9480802950 bellavitkr@ksp.gov.in
KSP2015,PSI-2 BELLAVI,PSI-2,BELLAVI PS,L&O,Tumakuru,,0816-2240046,9364098493,,psi-2 bellavi psi-2 bellavi ps l&o tumakuru 0816-2240046 9364098493
KSP2016,DySP Sira,DySP,Sira,L&O,Tumakuru,,,08135-275184,sdposiratkr@ksp.gov.in,dysp sira dysp sira l&o tumakuru 08135-275184 sdposiratkr@ksp.gov.in
KSP2017,CPI Sira Rural Circle,CPI,Sira Rural Circle,L&O,Tumakuru,,,9480802934,cpisiraruraltkr@ksp.gov.in,cpi sira rural circle cpi sira rural circle l&o tumakuru 9480802934 cpisiraruraltkr@ksp.gov.in
KSP2018,PSI-1 KALLAMBELLA,PSI-1,KALLAMBELLA PS,L&O,Tumakuru,,,9480802955,kallambellatkr@ksp.gov.in,psi-1 kallambella psi-1 kallambella ps l&o tumakuru 9480802955 kallambellatkr@ksp.gov.in
KSP2019,PSI-2 KALLAMBELLA,PSI-2,KALLAMBELLA PS,L&O,Tumakuru,,,9364098518,,psi-2 kallambella psi-2 kallambella ps l&o tumakuru 9364098518
KSP2020,PSI-1 PATTA NAYAKANA HALLY,PSI-1,PATTA NAYAKANA HALLY PS,L&O,Tumakuru,,,9480802956,pnhallitkr@ksp.gov.in,psi-1 patta nayakana hally psi-1 patta nayakana hally ps l&o tumakuru 9480802956 pnhallitkr@ksp.gov.in
KSP2021,PSI-2 PATTA NAYAKANA HALLY,PSI-2,PATTA NAYAKANA HALLY PS,L&O,Tumakuru,,,9364098527,,psi-2 patta nayakana hally psi-2 patta nayakana hally ps l&o tumakuru 9364098527
KSP2022,PSI-1 TAVAREKERE,PSI-1,TAVAREKERE PS,L&O,Tumakuru,,,9480802957,tavarekeretkr@ksp.gov.in,psi-1 tavarekere psi-1 tavarekere ps l&o tumakuru 9480802957 tavarekeretkr@ksp.gov.in
KSP2023,PSI-2 TAVAREKERE,PSI-2,TAVAREKERE PS,L&O,Tumakuru,,,9364098520,,psi-2 tavarekere psi-2 tavarekere ps l&o tumakuru 9364098520
KSP2024,PI Sira Town,PI,Sira Town,L&O,Tumakuru,,,9480802958,siratowntkr@ksp.gov.in,pi sira town pi sira town l&o tumakuru 9480802958 siratowntkr@ksp.gov.in
KSP2025,PSI-1 SIRA,PSI-1,SIRA PS,L&O,Tumakuru,,,9364098521,,psi-1 sira psi-1 sira ps l&o tumakuru 9364098521
KSP2026,PSI-2 SIRA,PSI-2,SIRA PS,L&O,Tumakuru,,,9364098522,,psi-2 sira psi-2 sira ps l&o tumakuru 9364098522
KSP2027,PSI-3 SIRA,PSI-3,SIRA PS,L&O,Tumakuru,,,9364098523,,psi-3 sira psi-3 sira ps l&o tumakuru 9364098523
KSP2028,PSI-4 SIRA,PSI-4,SIRA PS,L&O,Tumakuru,,,9364098524,,psi-4 sira psi-4 sira ps l&o tumakuru 9364098524
KSP2029,Bukkapatna OP,,Bukkapatna OP,L&O,Tumakuru,,,,,bukkapatna op l&o tumakuru
KSP2030,CPI Gubbi Circle,CPI,Gubbi Circle,L&O,Tumakuru,,,9480802935,cpigubbitkr@ksp.gov.in,cpi gubbi circle cpi gubbi circle l&o tumakuru 9480802935 cpigubbitkr@ksp.gov.in
KSP2031,PSI-1 GUBBI,PSI-1,GUBBI PS,L&O,Tumakuru,,,9480802959,gubbitkr@ksp.gov.in,psi-1 gubbi psi-1 gubbi ps l&o tumakuru 9480802959 gubbitkr@ksp.gov.in
KSP2032,PSI-2 GUBBI,PSI-2,GUBBI PS,L&O,Tumakuru,,,9364098519,,psi-2 gubbi psi-2 gubbi ps l&o tumakuru 9364098519
KSP2033,PSI-1 C.S PURA,PSI-1,C.S PURA PS,L&O,Tumakuru,,,9480802960,cspuratkr@ksp.gov.in,psi-1 c.s pura psi-1 c.s pura ps l&o tumakuru 9480802960 cspuratkr@ksp.gov.in
KSP2034,PSI-2 C.S PURA,PSI-2,C.S PURA PS,L&O,Tumakuru,,,9364098526,,psi-2 c.s pura psi-2 c.s pura ps l&o tumakuru 9364098526
KSP2035,PSI-1 CHELUR,PSI-1,CHELUR PS,L&O,Tumakuru,,,9480802961,chelurtkr@ksp.gov.in,psi-1 chelur psi-1 chelur ps l&o tumakuru 9480802961 chelurtkr@ksp.gov.in
KSP2036,PSI-2 CHELUR,PSI-2,CHELUR PS,L&O,Tumakuru,,,9364098525,,psi-2 chelur psi-2 chelur ps l&o tumakuru 9364098525
KSP2037,DySP Kunigal,DySP,Kunigal,L&O,Tumakuru,,0816-2202294,9480802922,sdpokunigaltkr@ksp.gov.in,dysp kunigal dysp kunigal l&o tumakuru 0816-2202294 9480802922 sdpokunigaltkr@ksp.gov.in
KSP2038,PI KUNIGAL,PI,KUNIGAL PS,L&O,Tumakuru,,,9480802962,kunigaltkr@ksp.gov.in,pi kunigal pi kunigal ps l&o tumakuru 9480802962 kunigaltkr@ksp.gov.in
KSP2039,PSI-1 KUNIGAL,PSI-1,KUNIGAL PS,L&O,Tumakuru,,,9364098511,,psi-1 kunigal psi-1 kunigal ps l&o tumakuru 9364098511
KSP2040,PSI-2 KUNIGAL,PSI-2,KUNIGAL PS,L&O,Tumakuru,,,9364098512,,psi-2 kunigal psi-2 kunigal ps l&o tumakuru 9364098512
KSP2041,PSI-3 KUNIGAL,PSI-3,KUNIGAL PS,L&O,Tumakuru,,,9364098513,,psi-3 kunigal psi-3 kunigal ps l&o tumakuru 9364098513
KSP2042,PSI-4 KUNIGAL,PSI-4,KUNIGAL PS,L&O,Tumakuru,,,9364098514,,psi-4 kunigal psi-4 kunigal ps l&o tumakuru 9364098514
KSP2043,CPI Amruthur Circle,CPI,Amruthur Circle,L&O,Tumakuru,,,9480802936,cpiamrutgurtkr@ksp.gov.in,cpi amruthur circle cpi amruthur circle l&o tumakuru 9480802936 cpiamrutgurtkr@ksp.gov.in
KSP2044,PSI-1 AMRUTHUR,PSI-1,AMRUTHUR PS,L&O,Tumakuru,,,9480802963,amrutgurtkr@ksp.gov.in,psi-1 amruthur psi-1 amruthur ps l&o tumakuru 9480802963 amrutgurtkr@ksp.gov.in
KSP2045,PSI-2 AMRUTHUR,PSI-2,AMRUTHUR PS,L&O,Tumakuru,,,9364098510,,psi-2 amruthur psi-2 amruthur ps l&o tumakuru 9364098510
KSP2046,PSI-1 HULIYURDURGA,PSI-1,HULIYURDURGA PS,L&O,Tumakuru,,,9480802964,huliyurdurgatkr@ksp.gov.in,psi-1 huliyurdurga psi-1 huliyurdurga ps l&o tumakuru 9480802964 huliyurdurgatkr@ksp.gov.in
KSP2047,PSI-2 HULIYURDURGA,PSI-2,HULIYURDURGA PS,L&O,Tumakuru,,,9364098517,,psi-2 huliyurdurga psi-2 huliyurdurga ps l&o tumakuru 9364098517
KSP2048,CPI Turuvekere Circle,CPI,Turuvekere Circle,L&O,Tumakuru,,,9480802937,cpitvkeretkr@ksp.gov.in,cpi turuvekere circle cpi turuvekere circle l&o tumakuru 9480802937 cpitvkeretkr@ksp.gov.in
KSP2049,PSI-1 TURUVEKERE,PSI-1,TURUVEKERE PS,L&O,Tumakuru,,,9480802965,turuvekeretkr@ksp.gov.in,psi-1 turuvekere psi-1 turuvekere ps l&o tumakuru 9480802965 turuvekeretkr@ksp.gov.in
KSP2050,PSI-2 TURUVEKERE,PSI-2,TURUVEKERE PS,L&O,Tumakuru,,,9364098515,,psi-2 turuvekere psi-2 turuvekere ps l&o tumakuru 9364098515
KSP2051,PSI-1 DANDINASHIVARA,PSI-1,DANDINASHIVARA PS,L&O,Tumakuru,,,9480802966,dshivaratkr@ksp.gov.in,psi-1 dandinashivara psi-1 dandinashivara ps l&o tumakuru 9480802966 dshivaratkr@ksp.gov.in
KSP2052,PSI-2 DANDINASHIVARA,PSI-2,DANDINASHIVARA PS,L&O,Tumakuru,,,9364098516,,psi-2 dandinashivara psi-2 dandinashivara ps l&o tumakuru 9364098516
KSP2053,DySP Tiptur,DySP,Tiptur,L&O,Tumakuru,,,08134-251084,sdpotipturtkr@ksp.gov.in,dysp tiptur dysp tiptur l&o tumakuru 08134-251084 sdpotipturtkr@ksp.gov.in
KSP2054,PI TIPTUR TOWN,PI,TIPTUR TOWN PS,L&O,Tumakuru,,,9480802970,tipturtowntkr@ksp.gov.in,pi tiptur town pi tiptur town ps l&o tumakuru 9480802970 tipturtowntkr@ksp.gov.in
KSP2055,PSI-1 TIPTUR TOWN,PSI-1,TIPTUR TOWN PS,L&O,Tumakuru,,,9364098501,,psi-1 tiptur town psi-1 tiptur town ps l&o tumakuru 9364098501
KSP2056,PSI-2 TIPTUR TOWN,PSI-2,TIPTUR TOWN PS,L&O,Tumakuru,,,9364098502,,psi-2 tiptur town psi-2 tiptur town ps l&o tumakuru 9364098502
KSP2057,PI TIPTUR RURAL,PI,TIPTUR RURAL PS,L&O,Tumakuru,,,9480802967,tipturruraltkr@ksp.gov.in,pi tiptur rural pi tiptur rural ps l&o tumakuru 9480802967 tipturruraltkr@ksp.gov.in
KSP2058,PSI-1 TIPTUR RURAL,PSI-1,TIPTUR RURAL PS,L&O,Tumakuru,,,9364098470,,psi-1 tiptur rural psi-1 tiptur rural ps l&o tumakuru 9364098470
KSP2059,PSI-2 TIPTUR RURAL,PSI-2,TIPTUR RURAL PS,L&O,Tumakuru,,,9364098471,,psi-2 tiptur rural psi-2 tiptur rural ps l&o tumakuru 9364098471
KSP2060,CPI Tiptur Rural Circle,CPI,Tiptur Rural Circle,L&O,Tumakuru,,0816-2513827,9480802938,cpitipturruraltkr@ksp.gov.in,cpi tiptur rural circle cpi tiptur rural circle l&o tumakuru 0816-2513827 9480802938 cpitipturruraltkr@ksp.gov.in
KSP2061,PSI-1 HONNAVALLI,PSI-1,HONNAVALLI PS,L&O,Tumakuru,,,9480802968,honnavallitkr@ksp.gov.in,psi-1 honnavalli psi-1 honnavalli ps l&o tumakuru 9480802968 honnavallitkr@ksp.gov.in
KSP2062,PSI-2 HONNAVALLI,PSI-2,HONNAVALLI PS,L&O,Tumakuru,,,9364098503,,psi-2 honnavalli psi-2 honnavalli ps l&o tumakuru 9364098503
KSP2063,PSI-1 NONAVINAKERE,PSI-1,NONAVINAKERE PS,L&O,Tumakuru,,,9480802969,nvkeretke@ksp.gov.in,psi-1 nonavinakere psi-1 nonavinakere ps l&o tumakuru 9480802969 nvkeretke@ksp.gov.in
KSP2064,PSI-2 NONAVINAKERE,PSI-2,NONAVINAKERE PS,L&O,Tumakuru,,,9364098508,,psi-2 nonavinakere psi-2 nonavinakere ps l&o tumakuru 9364098508
KSP2065,PSI-1 K.B. CROSS,PSI-1,K.B. CROSS PS,L&O,Tumakuru,,,9480802989,kbcrosstkr@ksp.gov.in,psi-1 k.b. cross psi-1 k.b. cross ps l&o tumakuru 9480802989 kbcrosstkr@ksp.gov.in
KSP2066,PSI-2 K.B. CROSS,PSI-2,K.B. CROSS PS,L&O,Tumakuru,,,9364098505,,psi-2 k.b. cross psi-2 k.b. cross ps l&o tumakuru 9364098505
KSP2067,CPI Chikkanaayakanahalli,CPI,Chikkanaayakanahalli,L&O,Tumakuru,,,9480802939,cpicnhallitkr@ksp.gov.in,cpi chikkanaayakanahalli cpi chikkanaayakanahalli l&o tumakuru 9480802939 cpicnhallitkr@ksp.gov.in
KSP2068,PSI-1 C.N. HALLI,PSI-1,C.N. HALLI PS,L&O,Tumakuru,,,9480802971,,psi-1 c.n. halli psi-1 c.n. halli ps l&o tumakuru 9480802971
KSP2069,PSI-2 C.N. HALLI,PSI-2,C.N. HALLI PS,L&O,Tumakuru,,,9364098506,,psi-2 c.n. halli psi-2 c.n. halli ps l&o tumakuru 9364098506
KSP2070,PSI-1 HULIYAR,PSI-1,HULIYAR PS,L&O,Tumakuru,,,9480802972,huliyartkr@ksp.gov.in,psi-1 huliyar psi-1 huliyar ps l&o tumakuru 9480802972 huliyartkr@ksp.gov.in
KSP2071,PSI-2 HULIYAR,PSI-2,HULIYAR PS,L&O,Tumakuru,,,9364098509,,psi-2 huliyar psi-2 huliyar ps l&o tumakuru 9364098509
KSP2072,PSI-1 HANDANAKERE,PSI-1,HANDANAKERE PS,L&O,Tumakuru,,,9480802973,handanakeretkr@ksp.gov.in,psi-1 handanakere psi-1 handanakere ps l&o tumakuru 9480802973 handanakeretkr@ksp.gov.in
KSP2073,PSI-2 HANDANAKERE,PSI-2,HANDANAKERE PS,L&O,Tumakuru,,,9364098507,,psi-2 handanakere psi-2 handanakere ps l&o tumakuru 9364098507
KSP2074,DySP Madhugiri,DySP,Madhugiri,L&O,Tumakuru,,,9480802924,sdpomadhugiritkr@ksp.gov.in,dysp madhugiri dysp madhugiri l&o tumakuru 9480802924 sdpomadhugiritkr@ksp.gov.in
KSP2075,CPI Madhugiri Circle,CPI,Madhugiri Circle,L&O,Tumakuru,,,9480802940,cpimadhugiritkr@ksp.gov.in,cpi madhugiri circle cpi madhugiri circle l&o tumakuru 9480802940 cpimadhugiritkr@ksp.gov.in
KSP2076,PSI-1 MADHUGIRI,PSI-1,MADHUGIRI PS,L&O,Tumakuru,,,9480802974,,psi-1 madhugiri psi-1 madhugiri ps l&o tumakuru 9480802974
KSP2077,PSI-2 MADHUGIRI,PSI-2,MADHUGIRI PS,L&O,Tumakuru,,,9364098528,,psi-2 madhugiri psi-2 madhugiri ps l&o tumakuru 9364098528
KSP2078,PSI-1 KODIGENAHALLI,PSI-1,KODIGENAHALLI PS,L&O,Tumakuru,,,9480802975,kodigenahallitkr@ksp.gov.in,psi-1 kodigenahalli psi-1 kodigenahalli ps l&o tumakuru 9480802975 kodigenahallitkr@ksp.gov.in
KSP2079,PSI-2 KODIGENAHALLI,PSI-2,KODIGENAHALLI PS,L&O,Tumakuru,,,9364098534,,psi-2 kodigenahalli psi-2 kodigenahalli ps l&o tumakuru 9364098534
KSP2080,PSI-1 MIDIGESHI,PSI-1,MIDIGESHI PS,L&O,Tumakuru,,,9480802976,midigeshitkr@ksp.gov.in,psi-1 midigeshi psi-1 midigeshi ps l&o tumakuru 9480802976 midigeshitkr@ksp.gov.in
KSP2081,PSI-2 MIDIGESHI,PSI-2,MIDIGESHI PS,L&O,Tumakuru,,,9364098535,,psi-2 midigeshi psi-2 midigeshi ps l&o tumakuru 9364098535
KSP2082,PI BADAVANAHALLI,PI,BADAVANAHALLI PS,L&O,Tumakuru,,,9480802982,badavanahallitkr@ksp.gov.in,pi badavanahalli pi badavanahalli ps l&o tumakuru 9480802982 badavanahallitkr@ksp.gov.in
KSP2083,PSI-1 B.D. Halli,PSI-1,B.D. Halli,L&O,Tumakuru,,,9364098529,,psi-1 b.d. halli psi-1 b.d. halli l&o tumakuru 9364098529
KSP2084,PSI-2 B.D. Halli,PSI-2,B.D. Halli,L&O,Tumakuru,,,9364098530,,psi-2 b.d. halli psi-2 b.d. halli l&o tumakuru 9364098530
KSP2085,PI PAVAGADA (T),PI,PAVAGADA (T) PS,L&O,Tumakuru,,,9480802941,pavagadatkr@ksp.gov.in,pi pavagada (t) pi pavagada (t) ps l&o tumakuru 9480802941 pavagadatkr@ksp.gov.in
KSP2086,PSI-1 PAVAGADA (T),PSI-1,PAVAGADA (T) PS,L&O,Tumakuru,,,9480802977,,psi-1 pavagada (t) psi-1 pavagada (t) ps l&o tumakuru 9480802977
KSP2087,PSI-2 PAVAGADA (T),PSI-2,PAVAGADA (T) PS,L&O,Tumakuru,,,9364098531,,psi-2 pavagada (t) psi-2 pavagada (t) ps l&o tumakuru 9364098531
KSP2088,PSI-3 Pavagada (T),PSI-3,Pavagada (T) PS,L&O,Tumakuru,,,9364098532,,psi-3 pavagada (t) psi-3 pavagada (t) ps l&o tumakuru 9364098532
KSP2089,PSI-4 Pavagada (T),PSI-4,Pavagada (T) PS,L&O,Tumakuru,,,9364098533,,psi-4 pavagada (t) psi-4 pavagada (t) ps l&o tumakuru 9364098533
KSP2090,CPI Pavagada Rural Circle,CPI,Pavagada Rural Circle,L&O,Tumakuru,,,9480802942,cpipavagadaruraltkr@ksp.gov.in,cpi pavagada rural circle cpi pavagada rural circle l&o tumakuru 9480802942 cpipavagadaruraltkr@ksp.gov.in
KSP2091,PSI-1 ARASIKERE,PSI-1,ARASIKERE PS,L&O,Tumakuru,,,9480802978,arasikerevjn@ksp.gov.in,psi-1 arasikere psi-1 arasikere ps l&o tumakuru 9480802978 arasikerevjn@ksp.gov.in
KSP2092,PSI-2 ARASIKERE,PSI-2,ARASIKERE PS,L&O,Tumakuru,,,9364098536,,psi-2 arasikere psi-2 arasikere ps l&o tumakuru 9364098536
KSP2093,PSI-1 THIRUMANI,PSI-1,THIRUMANI PS,L&O,Tumakuru,,,9480802980,thirumanitkr@ksp.gov.in,psi-1 thirumani psi-1 thirumani ps l&o tumakuru 9480802980 thirumanitkr@ksp.gov.in
KSP2094,PSI-2 THIRUMANI,PSI-2,THIRUMANI PS,L&O,Tumakuru,,,9364098537,,psi-2 thirumani psi-2 thirumani ps l&o tumakuru 9364098537
KSP2095,PSI-1 Y.N. HOSAKOTE,PSI-1,Y.N. HOSAKOTE PS,L&O,Tumakuru,,,9480802979,ynhosakotetkr@ksp.gov.in,psi-1 y.n. hosakote psi-1 y.n. hosakote ps l&o tumakuru 9480802979 ynhosakotetkr@ksp.gov.in
KSP2096,PSI-2 Y.N. HOSAKOTE,PSI-2,Y.N. HOSAKOTE PS,L&O,Tumakuru,,,9364098540,,psi-2 y.n. hosakote psi-2 y.n. hosakote ps l&o tumakuru 9364098540
KSP2097,CPI Koratagere Circle,CPI,Koratagere Circle,L&O,Tumakuru,,,9480802954,cpikoratageretkr@ksp.gov.in,cpi koratagere circle cpi koratagere circle l&o tumakuru 9480802954 cpikoratageretkr@ksp.gov.in
KSP2098,PSI-1 KORATAGERE,PSI-1,KORATAGERE PS,L&O,Tumakuru,,,9480802988,koratageretkr@ksp.gov.in,psi-1 koratagere psi-1 koratagere ps l&o tumakuru 9480802988 koratageretkr@ksp.gov.in
KSP2099,PSI-2 KORATAGERE,PSI-2,KORATAGERE PS,L&O,Tumakuru,,,9364098538,,psi-2 koratagere psi-2 koratagere ps l&o tumakuru 9364098538
KSP2100,PSI-1 KOLALA,PSI-1,KOLALA PS,L&O,Tumakuru,,,9480802987,kolalapstkr@ksp.gov.in,psi-1 kolala psi-1 kolala ps l&o tumakuru 9480802987 kolalapstkr@ksp.gov.in
KSP2101,PSI-2 KOLALA,PSI-2,KOLALA PS,L&O,Tumakuru,,,9364098539,,psi-2 kolala psi-2 kolala ps l&o tumakuru 9364098539
KSP2102,AAO DPO,AAO,DPO Tumkur,DPO,Tumakuru,,0816-2271580,,,aao dpo aao dpo tumkur dpo tumakuru 0816-2271580
KSP2103,DySP MTO,DySP,MTO,DCRE,HQ,,,0816-2260824,,dysp mto dysp mto dcre hq 0816-2260824
KSP2104,DySP DAR,DySP,DAR,DAR,Tumakuru,,,9480802906,dspdarblr@ksp.gov.in,dysp dar dysp dar tumakuru 9480802906 dspdarblr@ksp.gov.in
KSP2105,PI DSP DAR,PI,DSP DAR,DAR,Tumakuru,,0816-2278140,9480802907,dsbtkr@ksp.gov.in,pi dsp dar pi dsp dar dar tumakuru 0816-2278140 9480802907 dsbtkr@ksp.gov.in
KSP2106,PSI DSB,PSI,DSB,DSB,Bengaluru City,,,9364098480,,psi dsb psi dsb bengaluru city 9364098480
KSP2107,PI DSB,PI,DSB,DSB,Tumakuru,,,9480802909,dsbrrcr@ksp.gov.in,pi dsb pi dsb tumakuru 9480802909 dsbrrcr@ksp.gov.in
KSP2108,PSI-1 DCRB,PSI-1,DCRB,DCRB,Bengaluru City,,,9364098466,,psi-1 dcrb psi-1 dcrb bengaluru city 9364098466
KSP2109,PSI-2 DCRB,PSI-2,DCRB,DCRB,Bengaluru City,,,9364098467,,psi-2 dcrb psi-2 dcrb bengaluru city 9364098467
KSP2110,DySP INT,DySP,INT,HQ,Vijayapura,,,9449878627,piinttkr@ksp.gov.in,dysp int dysp int hq vijayapura 9449878627 piinttkr@ksp.gov.in
KSP2111,PI FPB,PI,FPB TUMKUR,FPB,Tumakuru,,,9480802910,,pi fpb pi fpb tumkur fpb tumakuru 9480802910
KSP2112,PSI FPB,PSI,FPB,FPB,Bengaluru City,,,9364098488,,psi fpb psi fpb bengaluru city 9364098488
KSP2113,DySP ACB,DySP,ACB,ACB,Hassan,,,9480806221,,dysp acb dysp acb hassan 9480806221
KSP2114,PI ISD,PI,ISD,ISD,Ballari,,,9480800703,piisdrcr@ksp.gov.in,pi isd pi isd ballari 9480800703 piisdrcr@ksp.gov.in
KSP2115,PI CEN,PI,CEN PS,CEN,Tumakuru,,,9480802908,cenpsrcr@ksp.gov.in,pi cen pi cen ps cen tumakuru 9480802908 cenpsrcr@ksp.gov.in
KSP2116,PSI-1 Cyber Crime,PSI-1,Cyber Crime PS,L&O,Bengaluru City,,,9364098491,pidcbtkr@ksp.gov.in,psi-1 cyber crime psi-1 cyber crime ps l&o bengaluru city 9364098491 pidcbtkr@ksp.gov.in
KSP2117,PSI-2 Cyber Crime,PSI-2,Cyber Crime PS,L&O,Bengaluru City,,,9364098492,,psi-2 cyber crime psi-2 cyber crime ps l&o bengaluru city 9364098492
KSP2118,PI BESCOM Vigilance,PI,BESCOM Vigilance,ESCOM,Tumakuru,,,,,pi bescom vigilance pi bescom vigilance escom tumakuru
KSP2119,RPI PI FPB,RPI,PI FPB,FPB,Tumakuru,,,9480802983,,rpi pi fpb rpi pi fpb fpb tumakuru 9480802983
KSP2120,RPI PI ISD,RPI,PI ISD,ISD,Tumakuru,,,9480802984,,rpi pi isd rpi pi isd isd tumakuru 9480802984
KSP2121,RSI DAR (multiple entries),RSI,DAR (multiple entries),L&O,Bengaluru City,,,9364098481,,rsi dar (multiple entries) rsi dar (multiple entries) l&o bengaluru city 9364098481
KSP2122,PI BESCOM Vigilance,PI,BESCOM Vigilance,ESCOM,Tumakuru,,,9448094812,,pi bescom vigilance pi bescom vigilance escom tumakuru 9448094812
KSP2123,DC,,DC,L&O,Bengaluru City,,080-2278312,0816-2272480,,dc l&o bengaluru city 080-2278312 0816-2272480
KSP2124,CEO ZP,,CEO ZP,L&O,Bengaluru City,,,0816-2272898,,ceo zp l&o bengaluru city 0816-2272898
KSP2125,RTO,,RTO Tumkur,RTO,Tumakuru,,,0816-2278473,,rto rto tumkur tumakuru 0816-2278473
KSP2126,Homeguard,,Homeguard,Home Guard,Ramanagara,,,0816-2278460,,homeguard home guard ramanagara 0816-2278460
KSP2127,Public Prosecutor,,Public Prosecutor,Court,Tumakuru,,,0816-2278273,,public prosecutor court tumakuru 0816-2278273
KSP2128,Public Prosecutor,,Public Prosecutor,Court,Gadag,,,0816-2272885,,public prosecutor court gadag 0816-2272885
KSP2129,DHO,,DHO,L&O,Bengaluru City,,,0816-2278387,,dho l&o bengaluru city 0816-2278387
KSP2130,Fire Office,,Fire Office,Fire,Davanagere,,,0816-2283101,,fire office fire davanagere 0816-2283101
KSP2131,DySP Excise,DySP,Excise,Excise,Tumakuru,,0816-2272927,,,dysp excise dysp excise tumakuru 0816-2272927
KSP2132,District Fire Officer,,District Fire Officer,Fire,Chamarajanagara,,08226-2283101,,,district fire officer fire chamarajanagara 08226-2283101
KSP2133,Forest Officer,,Forest Officer,L&O,Bengaluru City,,080-2201196,,,forest officer l&o bengaluru city 080-2201196
KSP2134,DC KSRTC,,DC KSRTC,L&O,Bengaluru City,,080-2257149,7760990900,,dc ksrtc l&o bengaluru city 080-2257149 7760990900
KSP2135,"D.D, Women & Child Welfare Department",,"D.D, Women & Child Welfare Department",L&O,Bengaluru City,,080-2272590,,,"d.d, women & child welfare department l&o bengaluru city 080-2272590"
KSP2136,Tahsildar Koratagere,,Tahsildar Koratagere,L&O,Tumakuru,,,08138-232153,,tahsildar koratagere l&o tumakuru 08138-232153
KSP2137,Tahsildar Madhugiri,,Tahsildar Madhugiri,L&O,Tumakuru,,,08137-295533,,tahsildar madhugiri l&o tumakuru 08137-295533
KSP2138,IGP Eastern Range,IGP,Eastern Range,L&O,Davanagere,,,08192-237830,igper@ksp.gov.in,igp eastern range igp eastern range l&o davanagere 08192-237830 igper@ksp.gov.in
KSP2139,DySP DE IGP Office,DySP,DE IGP Office,Admin,Davanagere,,,9480803218,dyspdewr@ksp.gov.in,dysp de igp office dysp de igp office admin davanagere 9480803218 dyspdewr@ksp.gov.in
KSP2140,DySP HQ IGP Office,DySP,HQ IGP Office,Admin,Davanagere,,,9480803219,dsphqigpblr@ksp.gov.in,dysp hq igp office dysp hq igp office admin davanagere 9480803219 dsphqigpblr@ksp.gov.in
KSP2141,DySP FPB EASTERN RANGE,DySP,FPB EASTERN RANGE DAVANAGERE,FPB,Davanagere,,,9480800482,,dysp fpb eastern range dysp fpb eastern range davanagere fpb davanagere 9480800482
KSP2142,AAO IGP Office,AAO,IGP Office,Range HQ,Davanagere,,,,,aao igp office aao igp office range hq davanagere
KSP2143,SP Davanagere,SP,Davanagere,L&O,Davanagere,,,9480803201,spdvg@ksp.gov.in,sp davanagere sp davanagere l&o 9480803201 spdvg@ksp.gov.in
KSP2144,Addl. SP,Addl. SP,Davanagere,L&O,Davanagere,,,9480803202,addlspdvg@ksp.gov.in,addl. sp davanagere l&o 9480803202 addlspdvg@ksp.gov.in
KSP2145,Addl. SP,Addl. SP,Davanagere,L&O,Davanagere,,,9480803221,,addl. sp davanagere l&o 9480803221
KSP2146,District C/Room,,District C/Room,C/Room,Davanagere,,,9480803200,dccta@ksp.gov.in,district c/room c/room davanagere 9480803200 dccta@ksp.gov.in
KSP2147,PI (W) C/Room,PI (W),C/Room,C/Room,Davanagere,,,08192-253100,,pi (w) c/room pi (w) c/room davanagere 08192-253100
KSP2148,CYBER CRIME,,CYBER CRIME PS,CEN,Bengaluru City,,,08192-233660,,cyber crime cyber crime ps cen bengaluru city 08192-233660
KSP2149,DySP Davanagere City,DySP,Davanagere City,L&O,Davanagere,,,9480803220,sdpocitydvg@ksp.gov.in,dysp davanagere city dysp davanagere city l&o davanagere 9480803220 sdpocitydvg@ksp.gov.in
KSP2150,PI VIDYANAGAR,PI,VIDYANAGAR PS,L&O,Davanagere,,,9480803251,vidyanagardvg@ksp.gov.in,pi vidyanagar pi vidyanagar ps l&o davanagere 9480803251 vidyanagardvg@ksp.gov.in
KSP2151,PI K.T.J NAGAR,PI,K.T.J NAGAR PS,L&O,Davanagere,,,9480803250,ktjnagardvg@ksp.gov.in,pi k.t.j nagar pi k.t.j nagar ps l&o davanagere 9480803250 ktjnagardvg@ksp.gov.in
KSP2152,PI DAVANAGERE EXTENSION,PI,DAVANAGERE EXTENSION PS,L&O,Davanagere,,,9480803249,extnddvg@ksp.gov.in,pi davanagere extension pi davanagere extension ps l&o davanagere 9480803249 extnddvg@ksp.gov.in
KSP2153,CPI Davanagere Traffic Circle,CPI,Davanagere Traffic Circle,Traffic,Davanagere,,,9480803237,cpitrafficdvg@ksp.gov.in,cpi davanagere traffic circle cpi davanagere traffic circle traffic davanagere 9480803237 cpitrafficdvg@ksp.gov.in
KSP2154,PSI SOUTH TRAFFIC,PSI,SOUTH TRAFFIC PS,Traffic,Davanagere,,,9480803253,trafficdvg@ksp.gov.in,psi south traffic psi south traffic ps traffic davanagere 9480803253 trafficdvg@ksp.gov.in
KSP2155,PSI NORTH TRAFFIC,PSI,NORTH TRAFFIC PS,Traffic,Davanagere,,,9480803271,trafficnorthdvg@ksp.gov.in,psi north traffic psi north traffic ps traffic davanagere 9480803271 trafficnorthdvg@ksp.gov.in
KSP2156,PI WOMEN,PI,WOMEN PS,L&O,Davanagere,,,9480803252,womenpsrcr@ksp.gov.in,pi women pi women ps l&o davanagere 9480803252 womenpsrcr@ksp.gov.in
KSP2157,PSI DSP CEN  Vidyanagara,PSI,DSP CEN PS Vidyanagara,CEN,Davanagere,,,9480803209,cenpsdvg@ksp.gov.in,psi dsp cen  vidyanagara psi dsp cen ps vidyanagara cen davanagere 9480803209 cenpsdvg@ksp.gov.in
KSP2158,PI AZADNAGAR,PI,AZADNAGAR PS,L&O,Davanagere,,,9480803245,azadnagardvg@ksp.gov.in,pi azadnagar pi azadnagar ps l&o davanagere 9480803245 azadnagardvg@ksp.gov.in
KSP2159,PI BASAVANAGAR,PI,BASAVANAGAR PS,L&O,Davanagere,,,9480803246,basavanagadvg@ksp.gov.in,pi basavanagar pi basavanagar ps l&o davanagere 9480803246 basavanagadvg@ksp.gov.in
KSP2160,CPI Gandhinagar Circle,CPI,Gandhinagar Circle,L&O,Davanagere,,,9480803233,cpicitydvg@ksp.gov.in,cpi gandhinagar circle cpi gandhinagar circle l&o davanagere 9480803233 cpicitydvg@ksp.gov.in
KSP2161,PSI-1 GANDHINAGAR,PSI-1,GANDHINAGAR PS,L&O,Davanagere,,,9480803247,ghandinagardvg@ksp.gov.in,psi-1 gandhinagar psi-1 gandhinagar ps l&o davanagere 9480803247 ghandinagardvg@ksp.gov.in
KSP2162,PSI-1 RMC YARD,PSI-1,RMC YARD PS,L&O,Davanagere,,,9480803248,rmcyarddvg@ksp.gov.in,psi-1 rmc yard psi-1 rmc yard ps l&o davanagere 9480803248 rmcyarddvg@ksp.gov.in
KSP2163,DySP Davanagere Rural,DySP,Davanagere Rural,L&O,Davanagere,,,9480803222,sdporuraldvg@ksp.gov.in,dysp davanagere rural dysp davanagere rural l&o davanagere 9480803222 sdporuraldvg@ksp.gov.in
KSP2164,CPI Mayakonda Circle,CPI,Mayakonda Circle,L&O,Davanagere,,,9480803232,cpiruraldvg@ksp.gov.in,cpi mayakonda circle cpi mayakonda circle l&o davanagere 9480803232 cpiruraldvg@ksp.gov.in
KSP2165,PSI MAYAKONDA,PSI,MAYAKONDA PS,L&O,Davanagere,,,9480803255,mayakondadvg@ksp.gov.in,psi mayakonda psi mayakonda ps l&o davanagere 9480803255 mayakondadvg@ksp.gov.in
KSP2166,PSI HADADI,PSI,HADADI PS,L&O,Davanagere,,,9483739556,hadadidvg@ksp.gov.in,psi hadadi psi hadadi ps l&o davanagere 9483739556 hadadidvg@ksp.gov.in
KSP2167,PI DAVANAGERE RURAL,PI,DAVANAGERE RURAL PS,L&O,Davanagere,,,9480803256,ruraldvg@ksp.gov.in,pi davanagere rural pi davanagere rural ps l&o davanagere 9480803256 ruraldvg@ksp.gov.in
KSP2168,CPI Harihara Circle,CPI,Harihara Circle,L&O,Davanagere,,,9480803234,cpihariharadvg@ksp.gov.in,cpi harihara circle cpi harihara circle l&o davanagere 9480803234 cpihariharadvg@ksp.gov.in
KSP2169,PSI HARIHARA RURAL,PSI,HARIHARA RURAL PS,L&O,Davanagere,,,9480803258,harihararuraldvg@ksp.gov.in,psi harihara rural psi harihara rural ps l&o davanagere 9480803258 harihararuraldvg@ksp.gov.in
KSP2170,PSI MALEBENNURU,PSI,MALEBENNURU PS,L&O,Davanagere,,,9480803259,malebennurdvg@ksp.gov.in,psi malebennuru psi malebennuru ps l&o davanagere 9480803259 malebennurdvg@ksp.gov.in
KSP2171,PI HARIHARA TOWN,PI,HARIHARA TOWN PS,L&O,Davanagere,,,9480803257,hariharatowndvg@ksp.gov.in,pi harihara town pi harihara town ps l&o davanagere 9480803257 hariharatowndvg@ksp.gov.in
KSP2172,PI KLA,PI,KLA,KLA,Davanagere,,,9480803270,jlrdvg@ksp.gov.in,pi kla pi kla davanagere 9480803270 jlrdvg@ksp.gov.in
KSP2173,PI BILICHODU,PI,BILICHODU PS,L&O,Davanagere,,,9480803269,bilichodudvg@ksp.gov.in,pi bilichodu pi bilichodu ps l&o davanagere 9480803269 bilichodudvg@ksp.gov.in
KSP2174,ASP DSP Chennagiri,ASP,DSP Chennagiri,L&O,Davanagere,,,9480803223,,asp dsp chennagiri asp dsp chennagiri l&o davanagere 9480803223
KSP2175,CPI Santhebennuru Circle,CPI,Santhebennuru Circle,L&O,Davanagere,,,9480803230,cpichannagiridvg@ksp.gov.in,cpi santhebennuru circle cpi santhebennuru circle l&o davanagere 9480803230 cpichannagiridvg@ksp.gov.in
KSP2176,PSI SANTHEBENNURU,PSI,SANTHEBENNURU PS,L&O,Davanagere,,,08180-256437,santhebennurdvg@ksp.gov.in,psi santhebennuru psi santhebennuru ps l&o davanagere 08180-256437 santhebennurdvg@ksp.gov.in
KSP2177,PSI BASAVAPATANNA,PSI,BASAVAPATANNA PS,L&O,Davanagere,,,9480803260,basavapatnadvg@ksp.gov.in,psi basavapatanna psi basavapatanna ps l&o davanagere 9480803260 basavapatnadvg@ksp.gov.in
KSP2178,PI HONNALLI,PI,HONNALLI PS,L&O,Davanagere,,,9480803261,channagiridvg@ksp.gov.in,pi honnalli pi honnalli ps l&o davanagere 9480803261 channagiridvg@ksp.gov.in
KSP2179,PI Honnali,PI,Honnali PS,L&O,Davanagere,,,9480803235,honnallidvg@ksp.gov.in,pi honnali pi honnali ps l&o davanagere 9480803235 honnallidvg@ksp.gov.in
KSP2180,PSI NYAMATHI,PSI,NYAMATHI PS,L&O,Davanagere,,,9480803263,,psi nyamathi psi nyamathi ps l&o davanagere 9480803263
KSP2181,PI NYAMATHI,PI,NYAMATHI PS,L&O,Davanagere,,,9480803264,nyamathidvg@ksp.gov.in,pi nyamathi pi nyamathi ps l&o davanagere 9480803264 nyamathidvg@ksp.gov.in
KSP2182,PSI Nyamathi,PSI,Nyamathi PS,L&O,Davanagere,,,,,psi nyamathi psi nyamathi ps l&o davanagere
KSP2183,AAO,AAO,,Range HQ,Davanagere,,,,,aao range hq davanagere
KSP2184,DySP Chennagiri,DySP,Chennagiri,L&O,Davanagere,,,9480803223,dcrbdvg@ksp.gov.in,dysp chennagiri dysp chennagiri l&o davanagere 9480803223 dcrbdvg@ksp.gov.in
KSP2185,DySP INT,DySP,INT,HQ,Vijayapura,,,9449878525,,dysp int dysp int hq vijayapura 9449878525
KSP2186,DySP ISD,DySP,ISD,ISD,Davanagere,,0821-2474450,9480800622,,dysp isd dysp isd davanagere 0821-2474450 9480800622
KSP2187,PI DSB,PI,DSB,DSB,Dharwad,,,9480803207,dsbrrcr@ksp.gov.in,pi dsb pi dsb dharwad 9480803207 dsbrrcr@ksp.gov.in
KSP2188,DySP FPB EASTERN RANGE,DySP,FPB EASTERN RANGE DAVANAGERE,FPB,Davanagere,,,9480800482,,dysp fpb eastern range dysp fpb eastern range davanagere fpb davanagere 9480800482
KSP2189,PI FPB,PI,FPB DAVANAGERE,FPB,Davanagere,,,9480803210,,pi fpb pi fpb davanagere fpb davanagere 9480803210
KSP2190,PI INT,PI,INT,HQ,Yadgiri,,,,piintblr@ksp.gov.in,pi int pi int hq yadgiri piintblr@ksp.gov.in
KSP2191,PI KLA,PI,KLA,KLA,Bagalkote,,,,,pi kla pi kla bagalkote
KSP2192,DySP DAR,DySP,DAR,DAR,Dharwad,,,9480803206,dspdarblr@ksp.gov.in,dysp dar dysp dar dharwad 9480803206 dspdarblr@ksp.gov.in
KSP2193,RPI PI Railway,RPI,PI Railway,Railway,Davanagere,,,9480803231,mtdardvg@ksp.gov.in,rpi pi railway rpi pi railway railway davanagere 9480803231 mtdardvg@ksp.gov.in
KSP2194,PI KPTCL,PI,KPTCL,ESCOM,Vijayapura,,,,,pi kptcl pi kptcl escom vijayapura
KSP2195,PI BESCOM,PI,BESCOM,ESCOM,Davanagere,,,9480800469,,pi bescom pi bescom escom davanagere 9480800469
KSP2196,PI BESCOM,PI,BESCOM,ESCOM,Davanagere,,,,,pi bescom pi bescom escom davanagere
KSP2197,PI ISD,PI,ISD,ISD,Davanagere,,,9480800662,piisdrcr@ksp.gov.in,pi isd pi isd davanagere 9480800662 piisdrcr@ksp.gov.in
KSP2198,DC,,DC,L&O,Davanagere,,,,,dc l&o davanagere
KSP2199,CEO ZP,,CEO ZP,L&O,Davanagere,,,,,ceo zp l&o davanagere
KSP2200,DFO,,DFO,L&O,Davanagere,,,,,dfo l&o davanagere
KSP2201,Comdt Home Guard,,Comdt Home Guard,Home Guard,Davanagere,,,,,comdt home guard home guard davanagere
KSP2202,District Session Judge,,District Session Judge,Court,Davanagere,,,,,district session judge court davanagere
KSP2203,Fire Office,,Fire Office,Fire,Davanagere,,,,,fire office fire davanagere
KSP2204,Forest Office,,Forest Office,L&O,Davanagere,,,,,forest office l&o davanagere
KSP2205,Guest House,,Guest House,L&O,Davanagere,,,,,guest house l&o davanagere
KSP2206,SP Shivamogga,SP,Shivamogga,L&O,Shivamogga,,,08182-261400,spshi@ksp.gov.in,sp shivamogga sp shivamogga l&o 08182-261400 spshi@ksp.gov.in
KSP2207,Addl. SP,Addl. SP,Shivamogga,L&O,Shivamogga,,,08182-261402,addlspshi@ksp.gov.in,addl. sp shivamogga l&o 08182-261402 addlspshi@ksp.gov.in
KSP2208,Addl. SP,Addl. SP,Shivamogga,L&O,Shivamogga,,,08182-255277,addlsp2shi@ksp.gov.in,addl. sp shivamogga l&o 08182-255277 addlsp2shi@ksp.gov.in
KSP2209,District C/Room,,District C/Room,C/Room,Davanagere,,,08182-270521,dccta@ksp.gov.in,district c/room c/room davanagere 08182-270521 dccta@ksp.gov.in
KSP2210,PI (W),PI (W),,L&O,Davanagere,,,9480800947,,pi (w) l&o davanagere 9480800947
KSP2211,DySP CEN,DySP,CEN PS,CEN,Shivamogga,,,9480803321,cybercrimeblr@ksp.gov.in,dysp cen dysp cen ps cen shivamogga 9480803321 cybercrimeblr@ksp.gov.in
KSP2212,PI Bhadravathi Town Circle,PI,Bhadravathi Town Circle,L&O,Shivamogga,,,9480803331,koteshi@ksp.gov.in,pi bhadravathi town circle pi bhadravathi town circle l&o shivamogga 9480803331 koteshi@ksp.gov.in
KSP2213,PSI-1 KOTE,PSI-1,KOTE PS,L&O,Shivamogga,,,9480803347,,psi-1 kote psi-1 kote ps l&o shivamogga 9480803347
KSP2214,PSI-2 KOTE,PSI-2,KOTE PS,L&O,Shivamogga,,,9480803374,,psi-2 kote psi-2 kote ps l&o shivamogga 9480803374
KSP2215,PI WOMEN,PI,WOMEN PS,L&O,Shivamogga,,,9480803330,womenpsrcr@ksp.gov.in,pi women pi women ps l&o shivamogga 9480803330 womenpsrcr@ksp.gov.in
KSP2216,PSI DODDAPETE,PSI,DODDAPETE PS,L&O,Shivamogga,,,9480803345,,psi doddapete psi doddapete ps l&o shivamogga 9480803345
KSP2217,PI DODDAPETE,PI,DODDAPETE PS,L&O,Shivamogga,,,9480803349,shimogawomenshi@ksp.gov.in,pi doddapete pi doddapete ps l&o shivamogga 9480803349 shimogawomenshi@ksp.gov.in
KSP2218,PSI WOMEN,PSI,WOMEN PS,L&O,Tumakuru,,,,womenydr@ksp.gov.in,psi women psi women ps l&o tumakuru womenydr@ksp.gov.in
KSP2219,PI KOTE,PI,KOTE PS,L&O,Shivamogga,,,9480803370,tunganagarshi@ksp.gov.in,pi kote pi kote ps l&o shivamogga 9480803370 tunganagarshi@ksp.gov.in
KSP2220,PSI-1 TUNGANAGARA,PSI-1,TUNGANAGARA PS,L&O,Shivamogga,,,9480803377,,psi-1 tunganagara psi-1 tunganagara ps l&o shivamogga 9480803377
KSP2221,DySP,DySP,PS Shivamogga,DCRE,Eastern,,,9480803315,,dysp ps shivamogga dcre eastern 9480803315
KSP2222,CYBER CRIME,,CYBER CRIME PS,CEN,Bengaluru City,,,9480803383,cenpsshi@ksp.gov.in,cyber crime cyber crime ps cen bengaluru city 9480803383 cenpsshi@ksp.gov.in
KSP2223,PI VINOBANAGARA,PI,VINOBANAGARA PS,L&O,Shivamogga,,,9480803308,vinobanagarashi@ksp.gov.in,pi vinobanagara pi vinobanagara ps l&o shivamogga 9480803308 vinobanagarashi@ksp.gov.in
KSP2224,PSI-1 VINOBANAGARA,PSI-1,VINOBANAGARA PS,L&O,Shivamogga,,,9480803373,,psi-1 vinobanagara psi-1 vinobanagara ps l&o shivamogga 9480803373
KSP2225,PI JAYANAGARA,PI,JAYANAGARA PS,L&O,Shivamogga,,,9480803348,jayanagarashi@ksp.gov.in,pi jayanagara pi jayanagara ps l&o shivamogga 9480803348 jayanagarashi@ksp.gov.in
KSP2226,PSI-1 JAYANAGARA,PSI-1,JAYANAGARA PS,L&O,Shivamogga,,,8277982644,,psi-1 jayanagara psi-1 jayanagara ps l&o shivamogga 8277982644
KSP2227,PSI-2 JAYANAGARA,PSI-2,JAYANAGARA PS,L&O,Shivamogga,,,9480803375,,psi-2 jayanagara psi-2 jayanagara ps l&o shivamogga 9480803375
KSP2228,PI SHIVAMOGGA RURAL,PI,SHIVAMOGGA RURAL PS,L&O,Shivamogga,,,9480803332,cpishimogaruralshi@ksp.gov.in,pi shivamogga rural pi shivamogga rural ps l&o shivamogga 9480803332 cpishimogaruralshi@ksp.gov.in
KSP2229,PSI-1 SHIVAMOGGA RURAL,PSI-1,SHIVAMOGGA RURAL PS,L&O,Shivamogga,,,9480803350,shimogaruralshi@ksp.gov.in,psi-1 shivamogga rural psi-1 shivamogga rural ps l&o shivamogga 9480803350 shimogaruralshi@ksp.gov.in
KSP2230,PSI-2 SHIVAMOGGA RURAL,PSI-2,SHIVAMOGGA RURAL PS,L&O,Shivamogga,,,9480803376,,psi-2 shivamogga rural psi-2 shivamogga rural ps l&o shivamogga 9480803376
KSP2231,PI BHADRAVATHI TRAFFIC,PI,BHADRAVATHI TRAFFIC PS,Traffic,Shivamogga,,,9480803351,kumsishi@ksp.gov.in,pi bhadravathi traffic pi bhadravathi traffic ps traffic shivamogga 9480803351 kumsishi@ksp.gov.in
KSP2232,CPI PI DCRB,CPI,PI DCRB,DCRB,Shivamogga,,,9480803309,cpismgtrafficshi@ksp.gov.in,cpi pi dcrb cpi pi dcrb dcrb shivamogga 9480803309 cpismgtrafficshi@ksp.gov.in
KSP2233,PSI-1 SHIVAMOGGA TRAFFIC EAST,PSI-1,SHIVAMOGGA TRAFFIC EAST PS,Traffic,Shivamogga,,,9480803335,trafficeastshi@ksp.gov.in,psi-1 shivamogga traffic east psi-1 shivamogga traffic east ps traffic shivamogga 9480803335 trafficeastshi@ksp.gov.in
KSP2234,PSI-1 SHIVAMOGGA TRAFFIC WEST,PSI-1,SHIVAMOGGA TRAFFIC WEST PS,Traffic,Shivamogga,,,9480803346,,psi-1 shivamogga traffic west psi-1 shivamogga traffic west ps traffic shivamogga 9480803346
KSP2235,ASP,ASP,,L&O,Shivamogga,,,9480803320,sdpobdvtshi@ksp.gov.in,asp l&o shivamogga 9480803320 sdpobdvtshi@ksp.gov.in
KSP2236,CPI Bhadravathi Town,CPI,Bhadravathi Town,L&O,Davanagere,,,9480803334,cpibdvttownshi@ksp.gov.in,cpi bhadravathi town cpi bhadravathi town l&o davanagere 9480803334 cpibdvttownshi@ksp.gov.in
KSP2237,PSI-1 BHADRAVATHI OLD TOWN,PSI-1,BHADRAVATHI OLD TOWN PS,L&O,Shivamogga,,,9480803354,oldtownbdvtshi@ksp.gov.in,psi-1 bhadravathi old town psi-1 bhadravathi old town ps l&o shivamogga 9480803354 oldtownbdvtshi@ksp.gov.in
KSP2238,PSI-2 Old Town Bhadravathi,PSI-2,Old Town Bhadravathi,L&O,Davanagere,,,9480803380,,psi-2 old town bhadravathi psi-2 old town bhadravathi l&o davanagere 9480803380
KSP2239,PSI-1 New Town Bhadravathi,PSI-1,New Town Bhadravathi,L&O,Davanagere,,,9480803355,newtownbdvtshi@ksp.gov.in,psi-1 new town bhadravathi psi-1 new town bhadravathi l&o davanagere 9480803355 newtownbdvtshi@ksp.gov.in
KSP2240,PSI-2 New Town Bhadravathi,PSI-2,New Town Bhadravathi,L&O,Davanagere,,,9480803381,,psi-2 new town bhadravathi psi-2 new town bhadravathi l&o davanagere 9480803381
KSP2241,PSI-1 BHADRAVATHI NEW TOWN,PSI-1,BHADRAVATHI NEW TOWN PS,L&O,Shivamogga,,,9480803356,bdvttrafficshi@ksp.gov.in,psi-1 bhadravathi new town psi-1 bhadravathi new town ps l&o shivamogga 9480803356 bdvttrafficshi@ksp.gov.in
KSP2242,PSI-2 Bhadravathi Traf.,PSI-2,Bhadravathi Traf. PS,L&O,Davanagere,,,,,psi-2 bhadravathi traf. psi-2 bhadravathi traf. ps l&o davanagere
KSP2243,PSI HOSAMANE,PSI,HOSAMANE PS,L&O,Shivamogga,,,9480803312,hosamaneshi@ksp.gov.in,psi hosamane psi hosamane ps l&o shivamogga 9480803312 hosamaneshi@ksp.gov.in
KSP2244,PI HOLEHONNUR,PI,HOLEHONNUR PS,L&O,Shivamogga,,,9480803359,holehonnurshi@ksp.gov.in,pi holehonnur pi holehonnur ps l&o shivamogga 9480803359 holehonnurshi@ksp.gov.in
KSP2245,PSI Holehonnur,PSI,Holehonnur PS,L&O,Davanagere,,,,,psi holehonnur psi holehonnur ps l&o davanagere
KSP2246,PI PAPER TOWN,PI,PAPER TOWN PS,L&O,Shivamogga,,,9480803358,papertoenbdvtshi@ksp.gov.in,pi paper town pi paper town ps l&o shivamogga 9480803358 papertoenbdvtshi@ksp.gov.in
KSP2247,PSI Paper Town,PSI,Paper Town PS,L&O,Davanagere,,,,,psi paper town psi paper town ps l&o davanagere
KSP2248,PI HIALUR,PI,HIALUR PS,L&O,Shivamogga,,,9480803357,cpibdvtruralshi@ksp.gov.in,pi hialur pi hialur ps l&o shivamogga 9480803357 cpibdvtruralshi@ksp.gov.in
KSP2249,DySP Thirthahalli,DySP,Thirthahalli,L&O,Davanagere,,,9480803340,sdpothallishi@ksp.gov.in,dysp thirthahalli dysp thirthahalli l&o davanagere 9480803340 sdpothallishi@ksp.gov.in
KSP2250,CPI Malur Circle,CPI,Malur Circle,L&O,Davanagere,,,9480803333,cpithirthahalllishi@ksp.gov.in,cpi malur circle cpi malur circle l&o davanagere 9480803333 cpithirthahalllishi@ksp.gov.in
KSP2251,PSI AGUMBE,PSI,AGUMBE PS,L&O,Shivamogga,,,9480803353,malurshi@ksp.gov.in,psi agumbe psi agumbe ps l&o shivamogga 9480803353 malurshi@ksp.gov.in
KSP2252,PSI-1 AGUMBE,PSI-1,AGUMBE PS,L&O,Shivamogga,,,9480803314,agumbeshi@ksp.gov.in,psi-1 agumbe psi-1 agumbe ps l&o shivamogga 9480803314 agumbeshi@ksp.gov.in
KSP2253,PSI-2 AGUMBE,PSI-2,AGUMBE PS,L&O,Shivamogga,,,9480803379,,psi-2 agumbe psi-2 agumbe ps l&o shivamogga 9480803379
KSP2254,PI THIRTHAHALLI,PI,THIRTHAHALLI PS,L&O,Shivamogga,,,9480803352,thirthahallishi@ksp.gov.in,pi thirthahalli pi thirthahalli ps l&o shivamogga 9480803352 thirthahallishi@ksp.gov.in
KSP2255,PSI-1 Thirthahalli,PSI-1,Thirthahalli PS,L&O,Davanagere,,,,,psi-1 thirthahalli psi-1 thirthahalli ps l&o davanagere
KSP2256,PSI-2 Thirthahalli,PSI-2,Thirthahalli PS,L&O,Davanagere,,,9480803378,,psi-2 thirthahalli psi-2 thirthahalli ps l&o davanagere 9480803378
KSP2257,CPI Hosanagara Circle,CPI,Hosanagara Circle,L&O,Davanagere,,,9480803337,cpihosanagarashi@ksp.gov.in,cpi hosanagara circle cpi hosanagara circle l&o davanagere 9480803337 cpihosanagarashi@ksp.gov.in
KSP2258,PSI THIRTHAHALLI,PSI,THIRTHAHALLI PS,L&O,Shivamogga,,,9480803364,hosanagarashi@ksp.gov.in,psi thirthahalli psi thirthahalli ps l&o shivamogga 9480803364 hosanagarashi@ksp.gov.in
KSP2259,PSI Ripponpete,PSI,Ripponpete PS,L&O,Davanagere,,,9480803365,ripponpeteshi@ksp.gov.in,psi ripponpete psi ripponpete ps l&o davanagere 9480803365 ripponpeteshi@ksp.gov.in
KSP2260,PSI-1 Nagara,PSI-1,Nagara PS,L&O,Davanagere,,,9480803313,nagarashi@ksp.gov.in,psi-1 nagara psi-1 nagara ps l&o davanagere 9480803313 nagarashi@ksp.gov.in
KSP2261,PSI-2 Nagara,PSI-2,Nagara PS,L&O,Davanagere,,,,,psi-2 nagara psi-2 nagara ps l&o davanagere
KSP2262,ASP Sagar,ASP,Sagar,L&O,Davanagere,,,9480803322,sdposagarashi@ksp.gov.in,asp sagar asp sagar l&o davanagere 9480803322 sdposagarashi@ksp.gov.in
KSP2263,PI SAGARA TOWN,PI,SAGARA TOWN PS,L&O,Shivamogga,,,9480803360,sagaratownshi@ksp.gov.in,pi sagara town pi sagara town ps l&o shivamogga 9480803360 sagaratownshi@ksp.gov.in
KSP2264,PSI SAGARA TOWN,PSI,SAGARA TOWN PS,L&O,Shivamogga,,,9480803384,,psi sagara town psi sagara town ps l&o shivamogga 9480803384
KSP2265,PI SAGARA RURAL,PI,SAGARA RURAL PS,L&O,Shivamogga,,,9480803361,sagararuralshi@ksp.gov.in,pi sagara rural pi sagara rural ps l&o shivamogga 9480803361 sagararuralshi@ksp.gov.in
KSP2266,PSI-1 Sagara Rural,PSI-1,Sagara Rural PS,L&O,Davanagere,,,,,psi-1 sagara rural psi-1 sagara rural ps l&o davanagere
KSP2267,PSI-2 SAGARA RURAL,PSI-2,SAGARA RURAL PS,L&O,Shivamogga,,,9480803385,,psi-2 sagara rural psi-2 sagara rural ps l&o shivamogga 9480803385
KSP2268,CPI Kargal Circle,CPI,Kargal Circle,L&O,Shivamogga,,,9480803336,kargalshi@ksp.gov.in,cpi kargal circle cpi kargal circle l&o shivamogga 9480803336 kargalshi@ksp.gov.in
KSP2269,PSI KARGAL,PSI,KARGAL PS,L&O,Shivamogga,,,9480803362,kargalshi@ksp.gov.in,psi kargal psi kargal ps l&o shivamogga 9480803362 kargalshi@ksp.gov.in
KSP2270,PSI ANANDAPURA,PSI,ANANDAPURA PS,L&O,Shivamogga,,,9480803363,anandapurashi@ksp.gov.in,psi anandapura psi anandapura ps l&o shivamogga 9480803363 anandapurashi@ksp.gov.in
KSP2271,DySP Shikaripura,DySP,Shikaripura,L&O,Shivamogga,,,08187-222442,sdposhikaripurashi@ksp.gov.in,dysp shikaripura dysp shikaripura l&o shivamogga 08187-222442 sdposhikaripurashi@ksp.gov.in
KSP2272,CPI Shikaripura Circle,CPI,Shikaripura Circle,L&O,Shivamogga,,,9480803338,cpishikaripurashi@ksp.gov.in,cpi shikaripura circle cpi shikaripura circle l&o shivamogga 9480803338 cpishikaripurashi@ksp.gov.in
KSP2273,PSI-1 SHIKARIPURA TOWN,PSI-1,SHIKARIPURA TOWN PS,L&O,Shivamogga,,,9480803371,shikaripurashi@ksp.gov.in,psi-1 shikaripura town psi-1 shikaripura town ps l&o shivamogga 9480803371 shikaripurashi@ksp.gov.in
KSP2274,PSI-2 SHIKARIPURA TOWN,PSI-2,SHIKARIPURA TOWN PS,L&O,Shivamogga,,,9480803386,,psi-2 shikaripura town psi-2 shikaripura town ps l&o shivamogga 9480803386
KSP2275,PSI SHIRALAKOPPA,PSI,SHIRALAKOPPA PS,L&O,Shivamogga,,,9480803367,shiralakoppashi@ksp.gov.in,psi shiralakoppa psi shiralakoppa ps l&o shivamogga 9480803367 shiralakoppashi@ksp.gov.in
KSP2276,PI SHIKARIPURA (R),PI,SHIKARIPURA (R) PS,L&O,Shivamogga,,,9480803366,shikaripuraruralshi@ksp.gov.in,pi shikaripura (r) pi shikaripura (r) ps l&o shivamogga 9480803366 shikaripuraruralshi@ksp.gov.in
KSP2277,CPI Soraba Circle,CPI,Soraba Circle,L&O,Shivamogga,,,9480803339,cpisorabashi@ksp.gov.in,cpi soraba circle cpi soraba circle l&o shivamogga 9480803339 cpisorabashi@ksp.gov.in
KSP2278,PSI-1 SORABA,PSI-1,SORABA PS,L&O,Shivamogga,,,9480803368,,psi-1 soraba psi-1 soraba ps l&o shivamogga 9480803368
KSP2279,PSI-1 SORABA,PSI-1,SORABA PS,L&O,Shivamogga,,,9480803387,,psi-1 soraba psi-1 soraba ps l&o shivamogga 9480803387
KSP2280,PSI ANAVATTI,PSI,ANAVATTI PS,L&O,Shivamogga,,,9480803369,anavattishi@ksp.gov.in,psi anavatti psi anavatti ps l&o shivamogga 9480803369 anavattishi@ksp.gov.in
KSP2281,AAO,AAO,,Range HQ,Davanagere,,,,,aao range hq davanagere
KSP2282,DySP DAR,DySP,DAR,DAR,Shivamogga,,,9480803306,dspdarblr@ksp.gov.in,dysp dar dysp dar shivamogga 9480803306 dspdarblr@ksp.gov.in
KSP2283,DySP INT,DySP,INT,HQ,Vijayapura,,,,,dysp int dysp int hq vijayapura
KSP2284,PI DSB,PI,DSB,DSB,Shivamogga,,,9480803307,dsbrrcr@ksp.gov.in,pi dsb pi dsb shivamogga 9480803307 dsbrrcr@ksp.gov.in
KSP2285,DySP DCRB,DySP,DCRB,DCRB,Shivamogga,,,,dcrbgba@ksp.gov.in,dysp dcrb dysp dcrb shivamogga dcrbgba@ksp.gov.in
KSP2286,PI DCRB,PI,DCRB,DCRB,Shivamogga,,,9480803309,dcrbrcr@ksp.gov.in,pi dcrb pi dcrb shivamogga 9480803309 dcrbrcr@ksp.gov.in
KSP2287,PI FPB,PI,FPB SHIVAMOGGA,FPB,Shivamogga,,,9480803310,,pi fpb pi fpb shivamogga fpb shivamogga 9480803310
KSP2288,RPI DAR Bhadravathi,RPI,DAR Bhadravathi,DAR,Shivamogga,,,9480803389,darbdvtshi@ksp.gov.in,rpi dar bhadravathi rpi dar bhadravathi dar shivamogga 9480803389 darbdvtshi@ksp.gov.in
KSP2289,DySP/PI KLA,DySP,DSP/PI KLA,KLA,Shivamogga,,,,,dysp/pi kla dysp dsp/pi kla kla shivamogga
KSP2290,PSI DCRB,PSI,DCRB Shivamogga,DCRB,Shivamogga,,,9480803392,,psi dcrb psi dcrb shivamogga dcrb shivamogga 9480803392
KSP2291,PI INT,PI,INT,HQ,Shivamogga,,,9449878626,piintblr@ksp.gov.in,pi int pi int hq shivamogga 9449878626 piintblr@ksp.gov.in
KSP2292,PI MESCOM,PI,MESCOM,ESCOM,Shivamogga,,,,,pi mescom pi mescom escom shivamogga
KSP2293,PSI Railway,PSI,Railway Shivamogga,Railways,Shivamogga,,,9480802124,,psi railway psi railway shivamogga railways shivamogga 9480802124
KSP2294,DC Shivamogga,,DC Shivamogga,L&O,Shivamogga,,,,deo.shimoga@gmail.com,dc shivamogga l&o shivamogga deo.shimoga@gmail.com
KSP2295,Forest Office,,Forest Office,L&O,Davanagere,,,,,forest office l&o davanagere
KSP2296,Old Age Helpline,,Old Age Helpline Shivamogga,Other,Shivamogga,,,,,old age helpline old age helpline shivamogga other shivamogga
KSP2297,Fire Office,,Fire Office,Fire,Davanagere,,,,,fire office fire davanagere
KSP2298,Women Help Line,,Women Help Line,L&O,Davanagere,,,,,women help line l&o davanagere
KSP2299,Remand Room,,Remand Room,Other,Shivamogga,,,,,remand room other shivamogga
KSP2300,SP Haveri,SP,Haveri,L&O,Haveri,,,9480804501,sphvr@ksp.gov.in,sp haveri sp haveri l&o 9480804501 sphvr@ksp.gov.in
KSP2301,Addl. SP Haveri,Addl. SP,Haveri,L&O,Haveri,,,9480804502,addlsphvr@ksp.gov.in,addl. sp haveri addl. sp haveri l&o 9480804502 addlsphvr@ksp.gov.in
KSP2302,C/Room,,C/Room,C/Room,Haveri,,,9480804500,dckpl@ksp.gov.in,c/room haveri 9480804500 dckpl@ksp.gov.in
KSP2303,PI (W) C/Room,PI (W),C/Room,C/Room,Davanagere,,,9480800953,,pi (w) c/room pi (w) c/room davanagere 9480800953
KSP2304,ERSS,,ERSS,ERSS,Haveri,,,,,erss haveri
KSP2305,DySP Haveri,DySP,Haveri,L&O,Haveri,,,9480804520,sdpohaverihvr@ksp.gov.in,dysp haveri dysp haveri l&o 9480804520 sdpohaverihvr@ksp.gov.in
KSP2306,DySP DAR,DySP,DAR,DAR,Haveri,,,9480804506,dspdarblr@ksp.gov.in,dysp dar dysp dar haveri 9480804506 dspdarblr@ksp.gov.in
KSP2307,PI HAVERI TOWN,PI,HAVERI TOWN PS,L&O,Haveri,,,9480804545,haveritownhvr@ksp.gov.in,pi haveri town pi haveri town ps l&o haveri 9480804545 haveritownhvr@ksp.gov.in
KSP2308,PSI-1 HAVERI TOWN,PSI-1,HAVERI TOWN PS,L&O,Haveri,,,8277984039,,psi-1 haveri town psi-1 haveri town ps l&o haveri 8277984039
KSP2309,PSI-2 Haveri Town,PSI-2,Haveri Town PS,L&O,Haveri,,,8277984024,,psi-2 haveri town psi-2 haveri town ps l&o haveri 8277984024
KSP2310,PSI-3 Haveri Town,PSI-3,Haveri Town PS,L&O,Haveri,,,8277984077,,psi-3 haveri town psi-3 haveri town ps l&o haveri 8277984077
KSP2311,PSI-4 Haveri Town,PSI-4,Haveri Town PS,L&O,Haveri,,,8277984091,,psi-4 haveri town psi-4 haveri town ps l&o haveri 8277984091
KSP2312,PSI-1 HAVERI TRAFFIC,PSI-1,HAVERI TRAFFIC PS,Traffic,Haveri,,,8277984025,haveritraffic@ksp.gov.in,psi-1 haveri traffic psi-1 haveri traffic ps traffic haveri 8277984025 haveritraffic@ksp.gov.in
KSP2313,PSI-2 HAVERI TRAFFIC,PSI-2,HAVERI TRAFFIC PS,Traffic,Haveri,,,8277984096,,psi-2 haveri traffic psi-2 haveri traffic ps traffic haveri 8277984096
KSP2314,PI WOMEN,PI,WOMEN PS,L&O,Haveri,,,8277984068,womenpsrcr@ksp.gov.in,pi women pi women ps l&o haveri 8277984068 womenpsrcr@ksp.gov.in
KSP2315,PSI-1 WOMEN,PSI-1,WOMEN PS,L&O,Haveri,,,8277984029,,psi-1 women psi-1 women ps l&o haveri 8277984029
KSP2316,PSI-2 WOMEN,PSI-2,WOMEN PS,L&O,Haveri,,,8277984120,,psi-2 women psi-2 women ps l&o haveri 8277984120
KSP2317,DySP Cyber Crime,DySP,Cyber Crime,L&O,Davanagere,,,,,dysp cyber crime dysp cyber crime l&o davanagere
KSP2318,PI CEN,PI,CEN PS,CEN,Haveri,,,8277984221,cenpsrcr@ksp.gov.in,pi cen pi cen ps cen haveri 8277984221 cenpsrcr@ksp.gov.in
KSP2319,PSI-1 CEN,PSI-1,CEN PS,CEN,Haveri,,,8277984088,,psi-1 cen psi-1 cen ps cen haveri 8277984088
KSP2320,PSI-2 CEN,PSI-2,CEN PS,CEN,Haveri,,,8277984158,,psi-2 cen psi-2 cen ps cen haveri 8277984158
KSP2321,CPI Haveri Rural Circle,CPI,Haveri Rural Circle,L&O,Haveri,,,9480804530,cpihaveriruralhvr@ksp.gov.in,cpi haveri rural circle cpi haveri rural circle l&o haveri 9480804530 cpihaveriruralhvr@ksp.gov.in
KSP2322,PSI-1 HAVERI RURAL,PSI-1,HAVERI RURAL PS,L&O,Haveri,,,9480804546,haveriruralhvr@ksp.gov.in,psi-1 haveri rural psi-1 haveri rural ps l&o haveri 9480804546 haveriruralhvr@ksp.gov.in
KSP2323,PSI-2 HAVERI RURAL,PSI-2,HAVERI RURAL PS,L&O,Haveri,,,8277984116,,psi-2 haveri rural psi-2 haveri rural ps l&o haveri 8277984116
KSP2324,PSI-1 GUTTAL,PSI-1,GUTTAL PS,L&O,Haveri,,,9480804547,guttalhvr@ksp.gov.in,psi-1 guttal psi-1 guttal ps l&o haveri 9480804547 guttalhvr@ksp.gov.in
KSP2325,PSI-2 GUTTAL,PSI-2,GUTTAL PS,L&O,Haveri,,,8277984146,,psi-2 guttal psi-2 guttal ps l&o haveri 8277984146
KSP2326,CPI Byadagi Circle,CPI,Byadagi Circle,L&O,Haveri,,,9480804531,cpibyadagihvr@ksp.gov.in,cpi byadagi circle cpi byadagi circle l&o haveri 9480804531 cpibyadagihvr@ksp.gov.in
KSP2327,PSI-1 BYADAGI,PSI-1,BYADAGI PS,L&O,Haveri,,,9480804548,byadagihvr@ksp.gov.in,psi-1 byadagi psi-1 byadagi ps l&o haveri 9480804548 byadagihvr@ksp.gov.in
KSP2328,PSI-2 BYADAGI,PSI-2,BYADAGI PS,L&O,Haveri,,,8277984194,,psi-2 byadagi psi-2 byadagi ps l&o haveri 8277984194
KSP2329,PSI-1 KAGINELE,PSI-1,KAGINELE PS,L&O,Haveri,,,9480804549,kaginelehvr@ksp.gov.in,psi-1 kaginele psi-1 kaginele ps l&o haveri 9480804549 kaginelehvr@ksp.gov.in
KSP2330,PSI-2 KAGINELE,PSI-2,KAGINELE PS,L&O,Haveri,,,8277984224,,psi-2 kaginele psi-2 kaginele ps l&o haveri 8277984224
KSP2331,DySP Ranebennur,DySP,Ranebennur,L&O,Haveri,,,9480804521,sdporbhvr@ksp.gov.in,dysp ranebennur dysp ranebennur l&o haveri 9480804521 sdporbhvr@ksp.gov.in
KSP2332,CPI Ranebennur (T) Circle,CPI,Ranebennur (T) Circle,L&O,Haveri,,,9480804532,cpiranebennurtownhvr@ksp.gov.in,cpi ranebennur (t) circle cpi ranebennur (t) circle l&o haveri 9480804532 cpiranebennurtownhvr@ksp.gov.in
KSP2333,PSI-1 RANEBENNUR (T),PSI-1,RANEBENNUR (T) PS,L&O,Haveri,,,9480804550,rbtownhvr@ksp.gov.in,psi-1 ranebennur (t) psi-1 ranebennur (t) ps l&o haveri 9480804550 rbtownhvr@ksp.gov.in
KSP2334,PSI-2 RANEBENNUR (T),PSI-2,RANEBENNUR (T) PS,L&O,Haveri,,,8277984293,,psi-2 ranebennur (t) psi-2 ranebennur (t) ps l&o haveri 8277984293
KSP2335,PSI-1 RANEBENNUR TRAFFIC,PSI-1,RANEBENNUR TRAFFIC PS,Traffic,Haveri,,,9480804551,rbtraffichvr@ksp.gov.in,psi-1 ranebennur traffic psi-1 ranebennur traffic ps traffic haveri 9480804551 rbtraffichvr@ksp.gov.in
KSP2336,PSI-2 RANEBENNUR TRAFFIC,PSI-2,RANEBENNUR TRAFFIC PS,Traffic,Haveri,,,8277984275,,psi-2 ranebennur traffic psi-2 ranebennur traffic ps traffic haveri 8277984275
KSP2337,PI RANEBENNUR (R),PI,RANEBENNUR (R) PS,L&O,Haveri,,,9480804552,rbruralhvr@ksp.gov.in,pi ranebennur (r) pi ranebennur (r) ps l&o haveri 9480804552 rbruralhvr@ksp.gov.in
KSP2338,PSI-1 RANEBENNUR (R),PSI-1,RANEBENNUR (R) PS,L&O,Haveri,,,8277984332,,psi-1 ranebennur (r) psi-1 ranebennur (r) ps l&o haveri 8277984332
KSP2339,CPI Kumarapattanam Circle,CPI,Kumarapattanam Circle,L&O,Haveri,,,9480804536,cpikpmhvr@ksp.gov.in,cpi kumarapattanam circle cpi kumarapattanam circle l&o haveri 9480804536 cpikpmhvr@ksp.gov.in
KSP2340,PSI-1 KUMARAPATTANAM,PSI-1,KUMARAPATTANAM PS,L&O,Haveri,,,9480804553,kpattanamhvr@ksp.gov.in,psi-1 kumarapattanam psi-1 kumarapattanam ps l&o haveri 9480804553 kpattanamhvr@ksp.gov.in
KSP2341,PSI-2 Kumarapattanam,PSI-2,Kumarapattanam PS,L&O,Davanagere,,,8277984370,,psi-2 kumarapattanam psi-2 kumarapattanam ps l&o davanagere 8277984370
KSP2342,PSI-1 HALAGERI,PSI-1,HALAGERI PS,L&O,Haveri,,,9480804554,halagerihvr@ksp.gov.in,psi-1 halageri psi-1 halageri ps l&o haveri 9480804554 halagerihvr@ksp.gov.in
KSP2343,PSI-2 Halageri,PSI-2,Halageri PS,L&O,Davanagere,,,8277984335,,psi-2 halageri psi-2 halageri ps l&o davanagere 8277984335
KSP2344,CPI Hirekerur Circle,CPI,Hirekerur Circle,L&O,Haveri,,,9480804533,cpihirekerurhvr@ksp.gov.in,cpi hirekerur circle cpi hirekerur circle l&o haveri 9480804533 cpihirekerurhvr@ksp.gov.in
KSP2345,PSI-1 HIREKERUR,PSI-1,HIREKERUR PS,L&O,Haveri,,,9480804555,hirekerurhvr@ksp.gov.in,psi-1 hirekerur psi-1 hirekerur ps l&o haveri 9480804555 hirekerurhvr@ksp.gov.in
KSP2346,PSI-2 HIREKERUR,PSI-2,HIREKERUR PS,L&O,Haveri,,,8277984407,,psi-2 hirekerur psi-2 hirekerur ps l&o haveri 8277984407
KSP2347,PSI-1 RATTIHALLI,PSI-1,RATTIHALLI PS,L&O,Haveri,,,9480804556,rattihallihvr@ksp.gov.in,psi-1 rattihalli psi-1 rattihalli ps l&o haveri 9480804556 rattihallihvr@ksp.gov.in
KSP2348,PSI-2 RATTIHALLI,PSI-2,RATTIHALLI PS,L&O,Haveri,,,8277984432,,psi-2 rattihalli psi-2 rattihalli ps l&o haveri 8277984432
KSP2349,PSI-1 HAMSABHAVI,PSI-1,HAMSABHAVI PS,L&O,Haveri,,,9480804557,hansabhavihvr@ksp.gov.in,psi-1 hamsabhavi psi-1 hamsabhavi ps l&o haveri 9480804557 hansabhavihvr@ksp.gov.in
KSP2350,PSI-2 HAMSABHAVI,PSI-2,HAMSABHAVI PS,L&O,Haveri,,,8277984487,,psi-2 hamsabhavi psi-2 hamsabhavi ps l&o haveri 8277984487
KSP2351,DySP Shiggoan,DySP,Shiggoan,L&O,Haveri,,,9480804522,sdposhiggoaonhvr@ksp.gov.in,dysp shiggoan dysp shiggoan l&o haveri 9480804522 sdposhiggoaonhvr@ksp.gov.in
KSP2352,PI SHIGGOAN,PI,SHIGGOAN PS,L&O,Haveri,,,9480804558,shiggoanhvr@ksp.gov.in,pi shiggoan pi shiggoan ps l&o haveri 9480804558 shiggoanhvr@ksp.gov.in
KSP2353,PSI-1 SHIGGOAN,PSI-1,SHIGGOAN PS,L&O,Haveri,,,8277984488,,psi-1 shiggoan psi-1 shiggoan ps l&o haveri 8277984488
KSP2354,PSI-2 SHIGGOAN,PSI-2,SHIGGOAN PS,L&O,Haveri,,,8277984510,,psi-2 shiggoan psi-2 shiggoan ps l&o haveri 8277984510
KSP2355,CPI Shiggoan Circle,CPI,Shiggoan Circle,L&O,Haveri,,,9480804534,cpishiggoanhvr@ksp.gov.in,cpi shiggoan circle cpi shiggoan circle l&o haveri 9480804534 cpishiggoanhvr@ksp.gov.in
KSP2356,PSI-1 TADASA,PSI-1,TADASA PS,L&O,Haveri,,,9480804559,tadashvr@ksp.gov.in,psi-1 tadasa psi-1 tadasa ps l&o haveri 9480804559 tadashvr@ksp.gov.in
KSP2357,PSI-2 TADASA,PSI-2,TADASA PS,L&O,Haveri,,,8277984565,,psi-2 tadasa psi-2 tadasa ps l&o haveri 8277984565
KSP2358,PSI-1 BANKAPUR,PSI-1,BANKAPUR PS,L&O,Haveri,,,9480804508,bankapurahvr@ksp.gov.in,psi-1 bankapur psi-1 bankapur ps l&o haveri 9480804508 bankapurahvr@ksp.gov.in
KSP2359,PSI-2 BANKAPUR,PSI-2,BANKAPUR PS,L&O,Haveri,,,8277984535,,psi-2 bankapur psi-2 bankapur ps l&o haveri 8277984535
KSP2360,PSI-1 HULAGUR,PSI-1,HULAGUR PS,L&O,Haveri,,,8277984577,hulagurhvr@ksp.gov.in,psi-1 hulagur psi-1 hulagur ps l&o haveri 8277984577 hulagurhvr@ksp.gov.in
KSP2361,PSI-2 HULAGUR,PSI-2,HULAGUR PS,L&O,Haveri,,,6361512694,,psi-2 hulagur psi-2 hulagur ps l&o haveri 6361512694
KSP2362,PI SAVANUR,PI,SAVANUR PS,L&O,Haveri,,,9480804560,savanurhvr@ksp.gov.in,pi savanur pi savanur ps l&o haveri 9480804560 savanurhvr@ksp.gov.in
KSP2363,PSI-1 SAVANUR,PSI-1,SAVANUR PS,L&O,Haveri,,,8277984629,,psi-1 savanur psi-1 savanur ps l&o haveri 8277984629
KSP2364,PSI-2 SAVANUR,PSI-2,SAVANUR PS,L&O,Haveri,,,8277984601,,psi-2 savanur psi-2 savanur ps l&o haveri 8277984601
KSP2365,CPI Hanagal Circle,CPI,Hanagal Circle,L&O,Haveri,,,9480804535,cpihanagalhvr@ksp.gov.in,cpi hanagal circle cpi hanagal circle l&o haveri 9480804535 cpihanagalhvr@ksp.gov.in
KSP2366,PSI-1 HANAGAL,PSI-1,HANAGAL PS,L&O,Haveri,,,9480804561,hanagalhvr@ksp.gov.in,psi-1 hanagal psi-1 hanagal ps l&o haveri 9480804561 hanagalhvr@ksp.gov.in
KSP2367,PSI-2 HANGAL,PSI-2,HANGAL PS,L&O,Haveri,,,8277984645,,psi-2 hangal psi-2 hangal ps l&o haveri 8277984645
KSP2368,PSI-1 ADUR,PSI-1,ADUR PS,L&O,Haveri,,,9480804562,adurhvr@ksp.gov.in,psi-1 adur psi-1 adur ps l&o haveri 9480804562 adurhvr@ksp.gov.in
KSP2369,PSI-2 ADUR,PSI-2,ADUR PS,L&O,Haveri,,,8277984703,,psi-2 adur psi-2 adur ps l&o haveri 8277984703
KSP2370,AAO,AAO,,Range HQ,Davanagere,,,,,aao range hq davanagere
KSP2371,PI DSB,PI,DSB,DSB,Haveri,,,9480804507,dsbrrcr@ksp.gov.in,pi dsb pi dsb haveri 9480804507 dsbrrcr@ksp.gov.in
KSP2372,PSI CEN,PSI,CEN PS,CEN,Haveri,,,9480804509,womenpscta@ksp.gov.in,psi cen psi cen ps cen haveri 9480804509 womenpscta@ksp.gov.in
KSP2373,RPI DAR,RPI,DAR,DAR,Haveri,,,8277984155,darvjn@ksp.gov.in,rpi dar rpi dar haveri 8277984155 darvjn@ksp.gov.in
KSP2374,Computer Section,,Computer Section,Computer Wing,Haveri,,,9480806040,ccydr@ksp.gov.in,computer section computer wing haveri 9480806040 ccydr@ksp.gov.in
KSP2375,DySP KLA,DySP,KLA,KLA,Haveri,,,9364062563,,dysp kla dysp kla haveri 9364062563
KSP2376,PSI PI FPB HAVERI,PSI,PI FPB HAVERI,FPB,Haveri,,,9480804510,,psi pi fpb haveri psi pi fpb haveri fpb haveri 9480804510
KSP2377,Cmdt. Home Guard,,Cmdt. Home Guard,Home Guard,Hubballi-Dharwad City,,0836-2533650,,cmdthg@gmail.com,cmdt. home guard home guard hubballi-dharwad city 0836-2533650 cmdthg@gmail.com
KSP2378,ISD,,ISD,ISD,Haveri,,,9480800671,piisdhsn@ksp.gov.in,isd haveri 9480800671 piisdhsn@ksp.gov.in
KSP2379,CDR Section,,CDR Section,CDR,Haveri,,,8277984724,,cdr section cdr haveri 8277984724
KSP2380,DC Haveri,,DC Haveri,L&O,Haveri,,,9448484413,,dc haveri l&o haveri 9448484413
KSP2381,RTO Haveri,,RTO Haveri,RTO,Haveri,,,,,rto haveri rto haveri
KSP2382,CEO ZP,,CEO ZP,L&O,Davanagere,,,,,ceo zp l&o davanagere
KSP2383,Fire Station Haveri,,Fire Station Haveri,Fire,Haveri,,,,,fire station haveri fire haveri
KSP2384,SP Chitradurga,SP,Chitradurga,DAR,Chitradurga,,,08194-222781,spcta@ksp.gov.in,sp chitradurga sp chitradurga dar 08194-222781 spcta@ksp.gov.in
KSP2385,Addl. SP Chitradurga,Addl. SP,Chitradurga,L&O,Chitradurga,,,08194-224053,addlspcta@ksp.gov.in,addl. sp chitradurga addl. sp chitradurga l&o 08194-224053 addlspcta@ksp.gov.in
KSP2386,Addl. SP Chitradurga,Addl. SP,Chitradurga,L&O,Chitradurga,,,9480803109,,addl. sp chitradurga addl. sp chitradurga l&o 9480803109
KSP2387,District C/Room,,District C/Room,C/Room,Davanagere,,,9480803100,dccta@ksp.gov.in,district c/room c/room davanagere 9480803100 dccta@ksp.gov.in
KSP2388,PI (W),PI (W),,L&O,Davanagere,,,9480800945,,pi (w) l&o davanagere 9480800945
KSP2389,DySP Chitradurga,DySP,Chitradurga,L&O,Chitradurga,,,9480803120,sdpocta@ksp.gov.in,dysp chitradurga dysp chitradurga l&o 9480803120 sdpocta@ksp.gov.in
KSP2390,CEN,,CEN PS,CEN,Chitradurga,,,9480803173,cenpsbdr@ksp.gov.in,cen cen ps chitradurga 9480803173 cenpsbdr@ksp.gov.in
KSP2391,PSI CEN,PSI,CEN PS,CEN,Chitradurga,,,9480803172,womenpscta@ksp.gov.in,psi cen psi cen ps cen chitradurga 9480803172 womenpscta@ksp.gov.in
KSP2392,PI CHITRADURGA (T),PI,CHITRADURGA (T) PS,L&O,Chitradurga,,,9480803146,towncta@ksp.gov.in,pi chitradurga (t) pi chitradurga (t) ps l&o chitradurga 9480803146 towncta@ksp.gov.in
KSP2393,PSI-1 CHITRADURGA (T),PSI-1,CHITRADURGA (T) PS,L&O,Chitradurga,,,9480803180,extentioncta@ksp.gov.in,psi-1 chitradurga (t) psi-1 chitradurga (t) ps l&o chitradurga 9480803180 extentioncta@ksp.gov.in
KSP2394,PSI-2 CHITRADURGA (T),PSI-2,CHITRADURGA (T) PS,L&O,Chitradurga,,,9480803164,,psi-2 chitradurga (t) psi-2 chitradurga (t) ps l&o chitradurga 9480803164
KSP2395,PSI-3 CHITRADURGA (T),PSI-3,CHITRADURGA (T) PS,L&O,Chitradurga,,,9480803170,,psi-3 chitradurga (t) psi-3 chitradurga (t) ps l&o chitradurga 9480803170
KSP2396,PSI-4 CHITRADURGA (T),PSI-4,CHITRADURGA (T) PS,L&O,Chitradurga,,,9480803165,,psi-4 chitradurga (t) psi-4 chitradurga (t) ps l&o chitradurga 9480803165
KSP2397,CPI Chitradurga Extension Circle,CPI,Chitradurga Extension Circle,L&O,Chitradurga,,,9480803130,,cpi chitradurga extension circle cpi chitradurga extension circle l&o chitradurga 9480803130
KSP2398,PSI-1 CHITRADURGA (T),PSI-1,CHITRADURGA (T) PS,L&O,Chitradurga,,,9480803164,extentioncta@ksp.gov.in,psi-1 chitradurga (t) psi-1 chitradurga (t) ps l&o chitradurga 9480803164 extentioncta@ksp.gov.in
KSP2399,PSI-2 CHITRADURGA EXTENSION,PSI-2,CHITRADURGA EXTENSION PS,L&O,Chitradurga,,,9480803171,,psi-2 chitradurga extension psi-2 chitradurga extension ps l&o chitradurga 9480803171
KSP2400,PSI-1 CHITRADURGA KOTE,PSI-1,CHITRADURGA KOTE PS,L&O,Chitradurga,,,9480803147,trafficcta@ksp.gov.in,psi-1 chitradurga kote psi-1 chitradurga kote ps l&o chitradurga 9480803147 trafficcta@ksp.gov.in
KSP2401,PSI-2 Chitradurga Traffic,PSI-2,Chitradurga Traffic PS,L&O,Chitradurga,,,9480803168,,psi-2 chitradurga traffic psi-2 chitradurga traffic ps l&o chitradurga 9480803168
KSP2402,PI CHITRADURGA KOTE,PI,CHITRADURGA KOTE PS,L&O,Chitradurga,,,9480803145,kotecta@ksp.gov.in,pi chitradurga kote pi chitradurga kote ps l&o chitradurga 9480803145 kotecta@ksp.gov.in
KSP2403,PSI-1 CHITRADURGA TRAFFIC,PSI-1,CHITRADURGA TRAFFIC PS,Traffic,Chitradurga,,,9480803166,,psi-1 chitradurga traffic psi-1 chitradurga traffic ps traffic chitradurga 9480803166
KSP2404,PSI-2 CHITRADURGA KOTE,PSI-2,CHITRADURGA KOTE PS,L&O,Chitradurga,,,9480803167,,psi-2 chitradurga kote psi-2 chitradurga kote ps l&o chitradurga 9480803167
KSP2405,PI CHITRADURGA (R),PI,CHITRADURGA (R) PS,L&O,Chitradurga,,,9480803131,cpiruralcta@ksp.gov.in,pi chitradurga (r) pi chitradurga (r) ps l&o chitradurga 9480803131 cpiruralcta@ksp.gov.in
KSP2406,PSI-1 CHITRADURGA (R),PSI-1,CHITRADURGA (R) PS,L&O,Chitradurga,,,9480803148,ruralcta@ksp.gov.in,psi-1 chitradurga (r) psi-1 chitradurga (r) ps l&o chitradurga 9480803148 ruralcta@ksp.gov.in
KSP2407,PSI-2 CHITRADURGA (R),PSI-2,CHITRADURGA (R) PS,L&O,Chitradurga,,,9480803169,,psi-2 chitradurga (r) psi-2 chitradurga (r) ps l&o chitradurga 9480803169
KSP2408,PI TURUVANUR (JOGI),PI,TURUVANUR (JOGI) PS,L&O,Chitradurga,,,9480803149,turuvanurcta@ksp.gov.in,pi turuvanur (jogi) pi turuvanur (jogi) ps l&o chitradurga 9480803149 turuvanurcta@ksp.gov.in
KSP2409,PSI Turuvanur (Jogi),PSI,Turuvanur (Jogi) PS,L&O,Davanagere,,,,,psi turuvanur (jogi) psi turuvanur (jogi) ps l&o davanagere
KSP2410,PI BHARAMASAGARA,PI,BHARAMASAGARA PS,L&O,Chitradurga,,,9480803163,bharamasagaracta@ksp.gov.in,pi bharamasagara pi bharamasagara ps l&o chitradurga 9480803163 bharamasagaracta@ksp.gov.in
KSP2411,PSI Bharamasagara,PSI,Bharamasagara PS,L&O,Davanagere,,,,,psi bharamasagara psi bharamasagara ps l&o davanagere
KSP2412,CPI Holalkere Circle,CPI,Holalkere Circle,L&O,Chitradurga,,,9480803135,cpihlkcta@ksp.gov.in,cpi holalkere circle cpi holalkere circle l&o chitradurga 9480803135 cpihlkcta@ksp.gov.in
KSP2413,PSI-1 HOLALKERE,PSI-1,HOLALKERE PS,L&O,Chitradurga,,,9480803151,holakerecta@ksp.gov.in,psi-1 holalkere psi-1 holalkere ps l&o chitradurga 9480803151 holakerecta@ksp.gov.in
KSP2414,PSI-2 Holalkere,PSI-2,Holalkere PS,L&O,Davanagere,,,,,psi-2 holalkere psi-2 holalkere ps l&o davanagere
KSP2415,PSI CHIKKAJAJUR,PSI,CHIKKAJAJUR PS,L&O,Chitradurga,,,9480803150,chikkajarurcta@ksp.gov.in,psi chikkajajur psi chikkajajur ps l&o chitradurga 9480803150 chikkajarurcta@ksp.gov.in
KSP2416,PSI Chitrahalli,PSI,Chitrahalli PS,L&O,Davanagere,,,,,psi chitrahalli psi chitrahalli ps l&o davanagere
KSP2417,DySP Hiriyur,DySP,Hiriyur,L&O,Chitradurga,,,9480803122,spdohyrcta@ksp.gov.in,dysp hiriyur dysp hiriyur l&o chitradurga 9480803122 spdohyrcta@ksp.gov.in
KSP2418,CPI Aimangala Circle,CPI,Aimangala Circle,L&O,Chitradurga,,,9480803133,cpihiriyurcta@ksp.gov.in,cpi aimangala circle cpi aimangala circle l&o chitradurga 9480803133 cpihiriyurcta@ksp.gov.in
KSP2419,PSI AIMANGALA,PSI,AIMANGALA PS,L&O,Chitradurga,,,9480803154,aimangalacta@ksp.gov.in,psi aimangala psi aimangala ps l&o chitradurga 9480803154 aimangalacta@ksp.gov.in
KSP2420,PSI ABBINAHOLE,PSI,ABBINAHOLE PS,L&O,Chitradurga,,,9480803152,abbinholecta@ksp.gov.in,psi abbinahole psi abbinahole ps l&o chitradurga 9480803152 abbinholecta@ksp.gov.in
KSP2421,PI HIRIYUR RURAL,PI,HIRIYUR RURAL PS,L&O,Chitradurga,,,9480803115,hiriyurruralcta@ksp.gov.in,pi hiriyur rural pi hiriyur rural ps l&o chitradurga 9480803115 hiriyurruralcta@ksp.gov.in
KSP2422,PSI HIRIYUR RURAL,PSI,HIRIYUR RURAL PS,L&O,Chitradurga,,,9480803116,,psi hiriyur rural psi hiriyur rural ps l&o chitradurga 9480803116
KSP2423,PI HIRIYUR (T),PI,HIRIYUR (T) PS,L&O,Chitradurga,,,9480803153,hiriyurcta@ksp.gov.in,pi hiriyur (t) pi hiriyur (t) ps l&o chitradurga 9480803153 hiriyurcta@ksp.gov.in
KSP2424,PSI-1 Hiriyur (T),PSI-1,Hiriyur (T) PS,L&O,Davanagere,,,9480803111,,psi-1 hiriyur (t) psi-1 hiriyur (t) ps l&o davanagere 9480803111
KSP2425,PSI-2 Hiriyur (T),PSI-2,Hiriyur (T) PS,L&O,Davanagere,,,,,psi-2 hiriyur (t) psi-2 hiriyur (t) ps l&o davanagere
KSP2426,PI HOSADURGA,PI,HOSADURGA PS,L&O,Chitradurga,,,9480803134,cpihsdcta@ksp.gov.in,pi hosadurga pi hosadurga ps l&o chitradurga 9480803134 cpihsdcta@ksp.gov.in
KSP2427,PSI-1 HOSADURGA,PSI-1,HOSADURGA PS,L&O,Chitradurga,,,9480803155,hosadurgacta@ksp.gov.in,psi-1 hosadurga psi-1 hosadurga ps l&o chitradurga 9480803155 hosadurgacta@ksp.gov.in
KSP2428,PSI-2 Hosadurga,PSI-2,Hosadurga PS,L&O,Davanagere,,,,,psi-2 hosadurga psi-2 hosadurga ps l&o davanagere
KSP2429,PI SRIRAMPURA,PI,SRIRAMPURA PS,L&O,Chitradurga,,,9480803156,srirampuracta@ksp.gov.in,pi srirampura pi srirampura ps l&o chitradurga 9480803156 srirampuracta@ksp.gov.in
KSP2430,PSI Srirampura,PSI,Srirampura PS,L&O,Davanagere,,,,,psi srirampura psi srirampura ps l&o davanagere
KSP2431,DySP Challakere,DySP,Challakere,L&O,Chitradurga,,,9480803121,sdpoclkcta@ksp.gov.in,dysp challakere dysp challakere l&o chitradurga 9480803121 sdpoclkcta@ksp.gov.in
KSP2432,CPI Thalak Circle,CPI,Thalak Circle,L&O,Chitradurga,,,9480803132,cpiclkcta@ksp.gov.in,cpi thalak circle cpi thalak circle l&o chitradurga 9480803132 cpiclkcta@ksp.gov.in
KSP2433,PSI THALAK,PSI,THALAK PS,L&O,Chitradurga,,,9480803160,thalakcta@ksp.gov.in,psi thalak psi thalak ps l&o chitradurga 9480803160 thalakcta@ksp.gov.in
KSP2434,PSI PARASURAMPURA,PSI,PARASURAMPURA PS,L&O,Chitradurga,,,9480803159,parashurampuracta@ksp.gov.in,psi parasurampura psi parasurampura ps l&o chitradurga 9480803159 parashurampuracta@ksp.gov.in
KSP2435,PSI NAYAKANAHATTI,PSI,NAYAKANAHATTI PS,L&O,Chitradurga,,,9480803158,nayakanahatticta@ksp.gov.in,psi nayakanahatti psi nayakanahatti ps l&o chitradurga 9480803158 nayakanahatticta@ksp.gov.in
KSP2436,PI CHALLAKERE,PI,CHALLAKERE PS,L&O,Chitradurga,,,9480803157,chllakerecta@ksp.gov.in,pi challakere pi challakere ps l&o chitradurga 9480803157 chllakerecta@ksp.gov.in
KSP2437,PSI-1 CHALLAKERE,PSI-1,CHALLAKERE PS,L&O,Chitradurga,,,9480803112,,psi-1 challakere psi-1 challakere ps l&o chitradurga 9480803112
KSP2438,PSI-2 CHALLAKERE,PSI-2,CHALLAKERE PS,L&O,Chitradurga,,,9480803113,,psi-2 challakere psi-2 challakere ps l&o chitradurga 9480803113
KSP2439,CPI Molkalmuru Circle,CPI,Molkalmuru Circle,L&O,Chitradurga,,,9480803136,cpimlkcta@ksp.gov.in,cpi molkalmuru circle cpi molkalmuru circle l&o chitradurga 9480803136 cpimlkcta@ksp.gov.in
KSP2440,PSI-1 MOLKALMURU,PSI-1,MOLKALMURU PS,L&O,Chitradurga,,,9480803161,malakalmuructa@ksp.gov.in,psi-1 molkalmuru psi-1 molkalmuru ps l&o chitradurga 9480803161 malakalmuructa@ksp.gov.in
KSP2441,PSI-2 MOLKALMURU,PSI-2,MOLKALMURU PS,L&O,Chitradurga,,,9480803114,,psi-2 molkalmuru psi-2 molkalmuru ps l&o chitradurga 9480803114
KSP2442,PSI RAMPURA,PSI,RAMPURA PS,L&O,Chitradurga,,,9480803162,rampuracta@ksp.gov.in,psi rampura psi rampura ps l&o chitradurga 9480803162 rampuracta@ksp.gov.in
KSP2443,AAO,AAO,,Range HQ,Davanagere,,,,,aao range hq davanagere
KSP2444,DySP DAR,DySP,DAR,DAR,Chitradurga,,,9480803106,dspdarblr@ksp.gov.in,dysp dar dysp dar chitradurga 9480803106 dspdarblr@ksp.gov.in
KSP2445,DySP DCRB,DySP,DCRB,DCRB,Shivamogga,,,,dcrbgba@ksp.gov.in,dysp dcrb dysp dcrb shivamogga dcrbgba@ksp.gov.in
KSP2446,RPI DAR,RPI,DAR,DAR,Chitradurga,,,9480803137,darvjn@ksp.gov.in,rpi dar rpi dar chitradurga 9480803137 darvjn@ksp.gov.in
KSP2447,PI DSB,PI,DSB,DSB,Chitradurga,,,9480803107,dsbrrcr@ksp.gov.in,pi dsb pi dsb chitradurga 9480803107 dsbrrcr@ksp.gov.in
KSP2448,PI DCIB,PI,DCIB,DCIB,Chitradurga,,,9480803108,dcibgba@ksp.gov.in,pi dcib pi dcib chitradurga 9480803108 dcibgba@ksp.gov.in
KSP2449,PI FPB CHITRADURGA,PI,FPB CHITRADURGA,FPB,Chitradurga,,,9480803178,,pi fpb chitradurga pi fpb chitradurga fpb chitradurga 9480803178
KSP2450,INT,,INT,HQ,Kodagu,,,,mcr.int@ksp.gov.in,int hq kodagu mcr.int@ksp.gov.in
KSP2451,Cmdt. Home Guard,,Cmdt. Home Guard,Home Guard,Hubballi-Dharwad City,,0836-2533650,,cmdthg@gmail.com,cmdt. home guard home guard hubballi-dharwad city 0836-2533650 cmdthg@gmail.com
KSP2452,DySP DAR,DySP,DAR,DAR,Chitradurga,,,9480803106,dspdarblr@ksp.gov.in,dysp dar dysp dar chitradurga 9480803106 dspdarblr@ksp.gov.in
KSP2453,RPI DSP DAR,RPI,DSP DAR,DAR,Chitradurga,,,9480803138,pmtchn@ksp.gov.in,rpi dsp dar rpi dsp dar dar chitradurga 9480803138 pmtchn@ksp.gov.in
KSP2454,IGP Northern Range,IGP,Northern Range,L&O,Belagavi,,0831-2405202,0831-2405200,igpnr@ksp.gov.in,igp northern range igp northern range l&o belagavi 0831-2405202 0831-2405200 igpnr@ksp.gov.in
KSP2455,DySP Crime IGP Office,DySP,Crime IGP Office,L&O,Belagavi,,,9480804019,,dysp crime igp office dysp crime igp office l&o belagavi 9480804019
KSP2456,SP Belagavi,SP,Belagavi,L&O,Belagavi,,0831-2405204,9480804001,spbgm@ksp.gov.in,sp belagavi sp belagavi l&o 0831-2405204 9480804001 spbgm@ksp.gov.in
KSP2457,Addl. SP,Addl. SP,Belagavi,L&O,Belagavi,,0831-2405207,9480804002,addlspbgm@ksp.gov.in,addl. sp belagavi l&o 0831-2405207 9480804002 addlspbgm@ksp.gov.in
KSP2458,Addl. SP,Addl. SP,Belagavi,L&O,Belagavi,,0831-2405217,9480804009,dcrbbgm@ksp.gov.in,addl. sp belagavi l&o 0831-2405217 9480804009 dcrbbgm@ksp.gov.in
KSP2459,SP DAR,SP,DAR  Belagavi,DAR,Belagavi,,0831-2405209,9480804003,spdarbgm@ksp.gov.in,sp dar sp dar  belagavi dar belagavi 0831-2405209 9480804003 spdarbgm@ksp.gov.in
KSP2460,District C/Room,,District C/Room,C/Room,Belagavi,,,9480804000,dcgdg@ksp.gov.in,district c/room c/room belagavi 9480804000 dcgdg@ksp.gov.in
KSP2461,PI Wireless,PI,Wireless,Wireless,Chikkaballapura,,,9480800949,dcbkpl@ksp.gov.in,pi wireless pi wireless chikkaballapura 9480800949 dcbkpl@ksp.gov.in
KSP2462,PI WOMEN,PI,WOMEN PS,L&O,Belagavi,,,9480804123,womenpsrcr@ksp.gov.in,pi women pi women ps l&o belagavi 9480804123 womenpsrcr@ksp.gov.in
KSP2463,PI CEN,PI,CEN PS,CEN,Belagavi,,,9480804008,cenpsrcr@ksp.gov.in,pi cen pi cen ps cen belagavi 9480804008 cenpsrcr@ksp.gov.in
KSP2464,DySP Chikkodi,DySP,Chikkodi,L&O,Belagavi,,,9480804024,sdpochikkodibgm@ksp.gov.in,dysp chikkodi dysp chikkodi l&o belagavi 9480804024 sdpochikkodibgm@ksp.gov.in
KSP2465,CPI Chikkodi Circle,CPI,Chikkodi Circle,L&O,Belagavi,,,9480804041,cpichikkodibgm@ksp.gov.in,cpi chikkodi circle cpi chikkodi circle l&o belagavi 9480804041 cpichikkodibgm@ksp.gov.in
KSP2466,PSI-1 CHIKKODI,PSI-1,CHIKKODI PS,L&O,Belagavi,,,9480804056,chikkodibgm@ksp.gov.in,psi-1 chikkodi psi-1 chikkodi ps l&o belagavi 9480804056 chikkodibgm@ksp.gov.in
KSP2467,PSI-2 CHIKKODI,PSI-2,CHIKKODI PS,L&O,Belagavi,,,9480804118,,psi-2 chikkodi psi-2 chikkodi ps l&o belagavi 9480804118
KSP2468,PSI CHIKKODI TRAFFIC,PSI,CHIKKODI TRAFFIC PS,Traffic,Belagavi,,,9480804131,chikkoditowntrafficbgm@ksp.gov.in,psi chikkodi traffic psi chikkodi traffic ps traffic belagavi 9480804131 chikkoditowntrafficbgm@ksp.gov.in
KSP2469,PSI MARIHAL,PSI,MARIHAL PS,L&O,Belagavi City,,,9480804057,sadalgabgm@ksp.gov.in,psi marihal psi marihal ps l&o belagavi city 9480804057 sadalgabgm@ksp.gov.in
KSP2470,PI KODEKAL,PI,KODEKAL PS,L&O,Yadgiri,,,9480804134,anklibgm@ksp.gov.in,pi kodekal pi kodekal ps l&o yadgiri 9480804134 anklibgm@ksp.gov.in
KSP2471,CPI Nippani Circle,CPI,Nippani Circle,L&O,Belagavi,,,9480804042,cpinippanibgm@ksp.gov.in,cpi nippani circle cpi nippani circle l&o belagavi 9480804042 cpinippanibgm@ksp.gov.in
KSP2472,PSI-1 NIPPANI (T),PSI-1,NIPPANI (T) PS,L&O,Belagavi,,,9480804058,nippanitownbgm@ksp.gov.in,psi-1 nippani (t) psi-1 nippani (t) ps l&o belagavi 9480804058 nippanitownbgm@ksp.gov.in
KSP2473,PSI-2 Nippani (T),PSI-2,Nippani (T) PS,L&O,Belagavi,,,,,psi-2 nippani (t) psi-2 nippani (t) ps l&o belagavi
KSP2474,PSI NIPPANI (R),PSI,NIPPANI (R) PS,L&O,Belagavi,,,9480804088,nippaniruralbgm@ksp.gov.in,psi nippani (r) psi nippani (r) ps l&o belagavi 9480804088 nippaniruralbgm@ksp.gov.in
KSP2475,PSI-1 HIREBAGEWADI,PSI-1,HIREBAGEWADI PS,L&O,Belagavi City,,,9480804059,,psi-1 hirebagewadi psi-1 hirebagewadi ps l&o belagavi city 9480804059
KSP2476,PSI-2 BCPS NIPPANI,PSI-2,BCPS NIPPANI PS,L&O,Belagavi,,,9480804119,,psi-2 bcps nippani psi-2 bcps nippani ps l&o belagavi 9480804119
KSP2477,PSI KADAKALATA,PSI,KADAKALATA PS,L&O,Belagavi,,,9480804120,kadakalatabgm@ksp.gov.in,psi kadakalata psi kadakalata ps l&o belagavi 9480804120 kadakalatabgm@ksp.gov.in
KSP2478,DySP Athani,DySP,Athani,L&O,Belagavi,,,9480804122,sdpoathanibgm@ksp.gov.in,dysp athani dysp athani l&o belagavi 9480804122 sdpoathanibgm@ksp.gov.in
KSP2479,CPI Athani Circle,CPI,Athani Circle,L&O,Belagavi,,,9480804044,cpiathanibgm@ksp.gov.in,cpi athani circle cpi athani circle l&o belagavi 9480804044 cpiathanibgm@ksp.gov.in
KSP2480,PSI-1 ATHANI,PSI-1,ATHANI PS,L&O,Belagavi,,,9480804062,athanibgm@ksp.gov.in,psi-1 athani psi-1 athani ps l&o belagavi 9480804062 athanibgm@ksp.gov.in
KSP2481,PSI-2 Athani,PSI-2,Athani PS,L&O,Belagavi,,,,,psi-2 athani psi-2 athani ps l&o belagavi
KSP2482,PSI KAGAWAD,PSI,KAGAWAD PS,L&O,Belagavi,,,08339-264633,kagawadbgm@ksp.gov.in,psi kagawad psi kagawad ps l&o belagavi 08339-264633 kagawadbgm@ksp.gov.in
KSP2483,PSI AIGALI,PSI,AIGALI PS,L&O,Belagavi,,,9480804064,aigalibgm@ksp.gov.in,psi aigali psi aigali ps l&o belagavi 9480804064 aigalibgm@ksp.gov.in
KSP2484,CPI Harugeri Circle,CPI,Harugeri Circle,L&O,Belagavi,,,9480804043,cpiharugeribgm@ksp.gov.in,cpi harugeri circle cpi harugeri circle l&o belagavi 9480804043 cpiharugeribgm@ksp.gov.in
KSP2485,PSI HARUGERI,PSI,HARUGERI PS,L&O,Belagavi,,,9480804121,haroogeribgm@ksp.gov.in,psi harugeri psi harugeri ps l&o belagavi 9480804121 haroogeribgm@ksp.gov.in
KSP2486,PSI-1 KUDACHI,PSI-1,KUDACHI PS,L&O,Belagavi,,,9480804061,kudachibgm@ksp.gov.in,psi-1 kudachi psi-1 kudachi ps l&o belagavi 9480804061 kudachibgm@ksp.gov.in
KSP2487,PSI-2 Kudachi,PSI-2,Kudachi PS,L&O,Belagavi,,,,,psi-2 kudachi psi-2 kudachi ps l&o belagavi
KSP2488,PI RAIBAG,PI,RAIBAG PS,L&O,Belagavi,,,9480804060,raibagbgm@ksp.gov.in,pi raibag pi raibag ps l&o belagavi 9480804060 raibagbgm@ksp.gov.in
KSP2489,PSI Raibag,PSI,Raibag PS,L&O,Belagavi,,,,,psi raibag psi raibag ps l&o belagavi
KSP2490,DySP Gokak Sub-Division,DySP,Gokak Sub-Division,L&O,Belagavi,DySP Gokak,,9480804023,sdpogokakbgm@ksp.gov.in,dysp gokak sub-division dysp gokak sub-division l&o belagavi dysp gokak 9480804023 sdpogokakbgm@ksp.gov.in
KSP2491,CPI Gokak Circle,CPI,Gokak Circle,L&O,Belagavi,,,9480804034,cpigokakbgm@ksp.gov.in,cpi gokak circle cpi gokak circle l&o belagavi 9480804034 cpigokakbgm@ksp.gov.in
KSP2492,PSI GOKAK RURAL,PSI,GOKAK RURAL PS,L&O,Belagavi,,,9480804066,gokakruralbgm@ksp.gov.in,psi gokak rural psi gokak rural ps l&o belagavi 9480804066 gokakruralbgm@ksp.gov.in
KSP2493,PSI ANKALGI,PSI,ANKALGI PS,L&O,Belagavi,,,9480804067,ankalgibgm@ksp.gov.in,psi ankalgi psi ankalgi ps l&o belagavi 9480804067 ankalgibgm@ksp.gov.in
KSP2494,PSI-1 GOKAK TOWN,PSI-1,GOKAK TOWN PS,L&O,Belagavi,,,9480804065,gokaktownbgm@ksp.gov.in,psi-1 gokak town psi-1 gokak town ps l&o belagavi 9480804065 gokaktownbgm@ksp.gov.in
KSP2495,PSI-2 Gokak Town,PSI-2,Gokak Town PS,L&O,Belagavi,,,,,psi-2 gokak town psi-2 gokak town ps l&o belagavi
KSP2496,CPI Mudalgi Circle,CPI,Mudalgi Circle,L&O,Belagavi,,,9480804035,cpimudalgibgm@ksp.gov.in,cpi mudalgi circle cpi mudalgi circle l&o belagavi 9480804035 cpimudalgibgm@ksp.gov.in
KSP2497,PSI MUDALGI,PSI,MUDALGI PS,L&O,Belagavi,,,9480804068,mudalgibgm@ksp.gov.in,psi mudalgi psi mudalgi ps l&o belagavi 9480804068 mudalgibgm@ksp.gov.in
KSP2498,PSI KULGOD,PSI,KULGOD PS,L&O,Belagavi,,,9480804069,kulgodbgm@ksp.gov.in,psi kulgod psi kulgod ps l&o belagavi 9480804069 kulgodbgm@ksp.gov.in
KSP2499,Konnur OP,,Konnur OP,L&O,Belagavi,,,,,konnur op l&o belagavi
KSP2500,PI GHATAPRABHA,PI,GHATAPRABHA PS,L&O,Belagavi,,,9480804070,ghataprabhabgm@ksp.gov.in,pi ghataprabha pi ghataprabha ps l&o belagavi 9480804070 ghataprabhabgm@ksp.gov.in
KSP2501,PSI Ghataprabha,PSI,Ghataprabha PS,L&O,Belagavi,,,,,psi ghataprabha psi ghataprabha ps l&o belagavi
KSP2502,PI HUKKERI,PI,HUKKERI PS,L&O,Belagavi,,,9480804036,cpihukkeribgm@ksp.gov.in,pi hukkeri pi hukkeri ps l&o belagavi 9480804036 cpihukkeribgm@ksp.gov.in
KSP2503,PSI-1 HUKKERI,PSI-1,HUKKERI PS,L&O,Belagavi,,,9480804071,hukkerribgm@ksp.gov.in,psi-1 hukkeri psi-1 hukkeri ps l&o belagavi 9480804071 hukkerribgm@ksp.gov.in
KSP2504,PSI-2 Hukkeri,PSI-2,Hukkeri PS,L&O,Belagavi,,,,,psi-2 hukkeri psi-2 hukkeri ps l&o belagavi
KSP2505,PSI-3 Hukkeri,PSI-3,Hukkeri PS,L&O,Belagavi,,,,,psi-3 hukkeri psi-3 hukkeri ps l&o belagavi
KSP2506,PI YAMAKANAMARDI,PI,YAMAKANAMARDI PS,L&O,Belagavi,,,9480804073,yamakanamardibgm@ksp.gov.in,pi yamakanamardi pi yamakanamardi ps l&o belagavi 9480804073 yamakanamardibgm@ksp.gov.in
KSP2507,PSI YAMAKANAMARDI,PSI,YAMAKANAMARDI PS,L&O,Belagavi,,,8277967405,,psi yamakanamardi psi yamakanamardi ps l&o belagavi 8277967405
KSP2508,Pachapur OP,,Pachapur OP,L&O,Belagavi,,,,,pachapur op l&o belagavi
KSP2509,Hidkaldam OP,,Hidkaldam OP,L&O,Belagavi,,,,,hidkaldam op l&o belagavi
KSP2510,PI SANKESHWAR,PI,SANKESHWAR PS,L&O,Belagavi,,,,sankeshwarbgm@ksp.gov.in,pi sankeshwar pi sankeshwar ps l&o belagavi sankeshwarbgm@ksp.gov.in
KSP2511,PSI SANKESHWAR,PSI,SANKESHWAR PS,L&O,Belagavi,,,9480804072,,psi sankeshwar psi sankeshwar ps l&o belagavi 9480804072
KSP2512,DySP Bailahongal,DySP,Bailahongal,L&O,Belagavi,,,9480804025,sdpobailahongalbgm@ksp.gov.in,dysp bailahongal dysp bailahongal l&o belagavi 9480804025 sdpobailahongalbgm@ksp.gov.in
KSP2513,PI BAILAHONGAL,PI,BAILAHONGAL PS,L&O,Belagavi,,,9480804037,bailahongalbgm@ksp.gov.in,pi bailahongal pi bailahongal ps l&o belagavi 9480804037 bailahongalbgm@ksp.gov.in
KSP2514,PSI-1 BAILHONGALA,PSI-1,BAILHONGALA PS,L&O,Belagavi,,,9480804074,,psi-1 bailhongala psi-1 bailhongala ps l&o belagavi 9480804074
KSP2515,PSI-2 BAILHONGALA,PSI-2,BAILHONGALA PS,L&O,Belagavi,,,9480804125,,psi-2 bailhongala psi-2 bailhongala ps l&o belagavi 9480804125
KSP2516,PI NESARGI,PI,NESARGI PS,L&O,Belagavi,,,7259392428,nesargibgm@ksp.gov.in,pi nesargi pi nesargi ps l&o belagavi 7259392428 nesargibgm@ksp.gov.in
KSP2517,CPI Kittur Circle,CPI,Kittur Circle,L&O,Belagavi,,,9480804038,cpikitturbgm@ksp.gov.in,cpi kittur circle cpi kittur circle l&o belagavi 9480804038 cpikitturbgm@ksp.gov.in
KSP2518,PSI KITTUR,PSI,KITTUR PS,L&O,Belagavi,,,9480804076,kitturbgm@ksp.gov.in,psi kittur psi kittur ps l&o belagavi 9480804076 kitturbgm@ksp.gov.in
KSP2519,PSI DODDAWAD,PSI,DODDAWAD PS,L&O,Belagavi,,,9481415545,doddawadbgm@ksp.gov.in,psi doddawad psi doddawad ps l&o belagavi 9481415545 doddawadbgm@ksp.gov.in
KSP2520,PI KHANAPUR,PI,KHANAPUR PS,L&O,Belagavi,,,9480804033,khanapurbgm@ksp.gov.in,pi khanapur pi khanapur ps l&o belagavi 9480804033 khanapurbgm@ksp.gov.in
KSP2521,PSI-1 KHANAPUR,PSI-1,KHANAPUR PS,L&O,Belagavi,,,9480804086,,psi-1 khanapur psi-1 khanapur ps l&o belagavi 9480804086
KSP2522,PSI-2 KHANAPUR,PSI-2,KHANAPUR PS,L&O,Belagavi,,,9480804129,,psi-2 khanapur psi-2 khanapur ps l&o belagavi 9480804129
KSP2523,PI NANDGAD,PI,NANDGAD PS,L&O,Belagavi,,,9480804087,nandgadbgm@ksp.gov.in,pi nandgad pi nandgad ps l&o belagavi 9480804087 nandgadbgm@ksp.gov.in
KSP2524,DySP Ramadurga,DySP,Ramadurga,L&O,Belagavi,,,9480804127,sdporamadurgabgm@ksp.gov.in,dysp ramadurga dysp ramadurga l&o belagavi 9480804127 sdporamadurgabgm@ksp.gov.in
KSP2525,CPI Ramadurga Circle,CPI,Ramadurga Circle,L&O,Belagavi,,,9480804040,cpiramadurgabgm@ksp.gov.in,cpi ramadurga circle cpi ramadurga circle l&o belagavi 9480804040 cpiramadurgabgm@ksp.gov.in
KSP2526,PSI-1 RAMADURGA,PSI-1,RAMADURGA PS,L&O,Belagavi,,,9480804080,ramadurgabgm@ksp.gov.in,psi-1 ramadurga psi-1 ramadurga ps l&o belagavi 9480804080 ramadurgabgm@ksp.gov.in
KSP2527,PSI-2 DSP Ramadurga,PSI-2,DSP Ramadurga,L&O,Belagavi,,,9480804127,,psi-2 dsp ramadurga psi-2 dsp ramadurga l&o belagavi 9480804127
KSP2528,PSI RAMADURGA,PSI,RAMADURGA PS,L&O,Belagavi,,,9480804081,katakolbgm@ksp.gov.in,psi ramadurga psi ramadurga ps l&o belagavi 9480804081 katakolbgm@ksp.gov.in
KSP2529,PSI SUREBAN,PSI,SUREBAN PS,L&O,Belagavi,,,9902748691,surebanbgm@ksp.gov.in,psi sureban psi sureban ps l&o belagavi 9902748691 surebanbgm@ksp.gov.in
KSP2530,PI SAVADATTI,PI,SAVADATTI PS,L&O,Belagavi,,,9480804039,savadattibgm@ksp.gov.in,pi savadatti pi savadatti ps l&o belagavi 9480804039 savadattibgm@ksp.gov.in
KSP2531,PSI-1 SAVADATTI,PSI-1,SAVADATTI PS,L&O,Belagavi,,,9480804078,,psi-1 savadatti psi-1 savadatti ps l&o belagavi 9480804078
KSP2532,PSI-2 SAVADATTI,PSI-2,SAVADATTI PS,L&O,Belagavi,,,9480804126,,psi-2 savadatti psi-2 savadatti ps l&o belagavi 9480804126
KSP2533,PI MURGOD,PI,MURGOD PS,L&O,Belagavi,,,08337-265533,murgodbgm@ksp.gov.in,pi murgod pi murgod ps l&o belagavi 08337-265533 murgodbgm@ksp.gov.in
KSP2534,PSI MURGOD,PSI,MURGOD PS,L&O,Belagavi,,,08337-265533,,psi murgod psi murgod ps l&o belagavi 08337-265533
KSP2535,M K Hubballi OP,,M K Hubballi OP,L&O,Dharwad,,,,,m k hubballi op l&o dharwad
KSP2536,Munnoli OP,,Munnoli OP,L&O,Belagavi,,,,,munnoli op l&o belagavi
KSP2537,Yaragatti OP,,Yaragatti OP,L&O,Belagavi,,,,,yaragatti op l&o belagavi
KSP2538,Pachapur OP,,Pachapur OP,L&O,Belagavi,,,,,pachapur op l&o belagavi
KSP2539,Hidkaldam OP,,Hidkaldam OP,L&O,Belagavi,,,,,hidkaldam op l&o belagavi
KSP2540,Mugalkhod OP,,Mugalkhod OP,L&O,Belagavi,,,,,mugalkhod op l&o belagavi
KSP2541,Londa OP,,Londa OP,L&O,Belagavi,,,,,londa op l&o belagavi
KSP2542,Konnur OP,,Konnur OP,L&O,Belagavi,,,,,konnur op l&o belagavi
KSP2543,AAO DPO,AAO,DPO Belagavi,DPO,Belagavi,,,8277967403,aaobjp@ksp.gov.in,aao dpo aao dpo belagavi dpo belagavi 8277967403 aaobjp@ksp.gov.in
KSP2544,DySP INT,DySP,INT,HQ,Vijayapura,,,,,dysp int dysp int hq vijayapura
KSP2545,DCRB Section,,DCRB Section,DCRB,Belagavi,,0831-2405217,,,dcrb section dcrb belagavi 0831-2405217
KSP2546,PI FPB,PI,FPB,FPB,Belagavi,,,9480804010,,pi fpb pi fpb belagavi 9480804010
KSP2547,PI DSB,PI,DSB,DSB,Belagavi,,,9480804130,dsbrrcr@ksp.gov.in,pi dsb pi dsb belagavi 9480804130 dsbrrcr@ksp.gov.in
KSP2548,RPI MTO,RPI,MTO,CAR,Belagavi,,,9480804006,mtodargba@ksp.gov.in,rpi mto rpi mto car belagavi 9480804006 mtodargba@ksp.gov.in
KSP2549,RPI Company,RPI,Company,CAR,Belagavi,,0831-2405229,9480804102,,rpi company rpi company car belagavi 0831-2405229 9480804102
KSP2550,Technical Cell,,Technical Cell,Tech cell,Belagavi,,,9480804007,,technical cell tech cell belagavi 9480804007
KSP2551,DC Belagavi,,DC Belagavi,L&O,Belagavi,,0831-2407200,,,dc belagavi l&o belagavi 0831-2407200
KSP2552,Fire Officer,,Fire Officer Belagavi,Fire,Belagavi City,,0831-2429441,,,fire officer fire officer belagavi fire belagavi city 0831-2429441
KSP2553,DC KSRTC,,DC KSRTC,L&O,Belagavi,,0831-2468130,7760991600,,dc ksrtc l&o belagavi 0831-2468130 7760991600
KSP2554,SP Vijayapura,SP,Vijayapura,L&O,Vijayapura,,,9480804201,spbjp@ksp.gov.in,sp vijayapura sp vijayapura l&o 9480804201 spbjp@ksp.gov.in
KSP2555,Addl. SP,,Addl. SP-1 Vijayapura,L&O,Vijayapura,,,9480804202,addlspbjp@ksp.gov.in,addl. sp addl. sp-1 vijayapura l&o vijayapura 9480804202 addlspbjp@ksp.gov.in
KSP2556,Addl. SP,,Addl. SP-2 Vijayapura,L&O,Vijayapura,,,9480804209,,addl. sp addl. sp-2 vijayapura l&o vijayapura 9480804209
KSP2557,District C/Room,,District C/Room,C/Room,Belagavi,,,9480804200,dcgdg@ksp.gov.in,district c/room c/room belagavi 9480804200 dcgdg@ksp.gov.in
KSP2558,PI (W) C/Room,PI (W),C/Room,C/Room,Belagavi,,,9480800950,,pi (w) c/room pi (w) c/room belagavi 9480800950
KSP2559,DySP,DySP,Vijayapura,L&O,Vijayapura,,,9480804220,spdobijapurbjp@ksp.gov.in,dysp vijayapura l&o 9480804220 spdobijapurbjp@ksp.gov.in
KSP2560,PI WOMEN,PI,WOMEN PS,L&O,Uttara Kannada,,,9480804270,womenpsrcr@ksp.gov.in,pi women pi women ps l&o uttara kannada 9480804270 womenpsrcr@ksp.gov.in
KSP2561,DySP Cyber Crime,DySP,Cyber Crime,L&O,Belagavi,,,9480804207,cenpsbjp@ksp.gov.in,dysp cyber crime dysp cyber crime l&o belagavi 9480804207 cenpsbjp@ksp.gov.in
KSP2562,PI Cyber Crime,PI,Cyber Crime PS,L&O,Belagavi,,0831-2444969,9480804268,cenpsdwd@ksp.gov.in,pi cyber crime pi cyber crime ps l&o belagavi 0831-2444969 9480804268 cenpsdwd@ksp.gov.in
KSP2563,PI GANDHI CHOWK,PI,GANDHI CHOWK PS,L&O,Vijayapura,,,9480804230,cpibijapurtownbjp@ksp.gov.in,pi gandhi chowk pi gandhi chowk ps l&o vijayapura 9480804230 cpibijapurtownbjp@ksp.gov.in
KSP2564,PSI-1 Gandhi Chowk,PSI-1,Gandhi Chowk PS,L&O,Belagavi,,,,gandhichowkbjp@ksp.gov.in,psi-1 gandhi chowk psi-1 gandhi chowk ps l&o belagavi gandhichowkbjp@ksp.gov.in
KSP2565,PI VIJAYAPURA TRAFFIC,PI,VIJAYAPURA TRAFFIC PS,Traffic,Vijayapura,,,9480804246,trafficbjp@ksp.gov.in,pi vijayapura traffic pi vijayapura traffic ps traffic vijayapura 9480804246 trafficbjp@ksp.gov.in
KSP2566,CPI Golgumbaz Circle,CPI,Golgumbaz Circle,L&O,Vijayapura,,,9480804232,cpigolgumbazbjp@ksp.gov.in,cpi golgumbaz circle cpi golgumbaz circle l&o vijayapura 9480804232 cpigolgumbazbjp@ksp.gov.in
KSP2567,PSI GOLGUMBAZ,PSI,GOLGUMBAZ PS,L&O,Vijayapura,,,9480804251,golgumbazbjp@ksp.gov.in,psi golgumbaz psi golgumbaz ps l&o vijayapura 9480804251 golgumbazbjp@ksp.gov.in
KSP2568,PSI-1 Adarsha Nagar,PSI-1,Adarsha Nagar PS,L&O,Belagavi,,,9480804250,adarshanagarbjp@ksp.gov.in,psi-1 adarsha nagar psi-1 adarsha nagar ps l&o belagavi 9480804250 adarshanagarbjp@ksp.gov.in
KSP2569,PSI-1 APMC,PSI-1,APMC PS,L&O,Belagavi,,,9480804252,apmcbjp@ksp.gov.in,psi-1 apmc psi-1 apmc ps l&o belagavi 9480804252 apmcbjp@ksp.gov.in
KSP2570,PSI JALANAGARA,PSI,JALANAGARA PS,L&O,Vijayapura,,,9480804269,jalanagarbjp@ksp.gov.in,psi jalanagara psi jalanagara ps l&o vijayapura 9480804269 jalanagarbjp@ksp.gov.in
KSP2571,DySP Vijayapura Rural,DySP,Vijayapura Rural,L&O,Vijayapura,,,9480804223,sdporuralbjp@ksp.gov.in,dysp vijayapura rural dysp vijayapura rural l&o vijayapura 9480804223 sdporuralbjp@ksp.gov.in
KSP2572,PI VIJAYAPURA (R),PI,VIJAYAPURA (R) PS,L&O,Vijayapura,,,9480804208,bijapurruralbjp@ksp.gov.in,pi vijayapura (r) pi vijayapura (r) ps l&o vijayapura 9480804208 bijapurruralbjp@ksp.gov.in
KSP2573,PSI VIJAYAPURA (R),PSI,VIJAYAPURA (R) PS,L&O,Vijayapura,,,9480804247,bijapurruralbjp@ksp.gov.in,psi vijayapura (r) psi vijayapura (r) ps l&o vijayapura 9480804247 bijapurruralbjp@ksp.gov.in
KSP2574,CPI Vijayapura Rural Circle,CPI,Vijayapura Rural Circle,L&O,Vijayapura,,,9480804231,cpibijapurruralbjp@ksp.gov.in,cpi vijayapura rural circle cpi vijayapura rural circle l&o vijayapura 9480804231 cpibijapurruralbjp@ksp.gov.in
KSP2575,PSI TIKOTA,PSI,TIKOTA PS,L&O,Vijayapura,,,9480804248,tikotabjp@ksp.gov.in,psi tikota psi tikota ps l&o vijayapura 9480804248 tikotabjp@ksp.gov.in
KSP2576,PSI BABALESHWAR,PSI,BABALESHWAR PS,L&O,Vijayapura,,,08355-283033,babalesjwarbjp@ksp.gov.in,psi babaleshwar psi babaleshwar ps l&o vijayapura 08355-283033 babalesjwarbjp@ksp.gov.in
KSP2577,PSI DEVARHIPPARAGI,PSI,DEVARHIPPARAGI PS,L&O,Vijayapura,,,08424-283033,devarahipparagibjp@ksp.gov.in,psi devarhipparagi psi devarhipparagi ps l&o vijayapura 08424-283033 devarahipparagibjp@ksp.gov.in
KSP2578,PSI MANAGULI,PSI,MANAGULI PS,L&O,Vijayapura,,,08358-240833,managulibjp@ksp.gov.in,psi managuli psi managuli ps l&o vijayapura 08358-240833 managulibjp@ksp.gov.in
KSP2579,DySP Indi,DySP,Indi,L&O,Vijayapura,,,9480804222,sdpoindibjp@ksp.gov.in,dysp indi dysp indi l&o vijayapura 9480804222 sdpoindibjp@ksp.gov.in
KSP2580,CPI Indi Rural Circle,CPI,Indi Rural Circle,L&O,Vijayapura,,,9480804233,cpiindiabjp@ksp.gov.in,cpi indi rural circle cpi indi rural circle l&o vijayapura 9480804233 cpiindiabjp@ksp.gov.in
KSP2581,PSI-1 INDI RURAL,PSI-1,INDI RURAL PS,L&O,Vijayapura,,,9480804273,indiruralbjp@ksp.gov.in,psi-1 indi rural psi-1 indi rural ps l&o vijayapura 9480804273 indiruralbjp@ksp.gov.in
KSP2582,PSI HORTI,PSI,HORTI PS,L&O,Vijayapura,,,08422-283733,hortibjp@ksp.gov.in,psi horti psi horti ps l&o vijayapura 08422-283733 hortibjp@ksp.gov.in
KSP2583,PI INDI (T),PI,INDI (T) PS,L&O,Vijayapura,,,9480804253,indibjp@ksp.gov.in,pi indi (t) pi indi (t) ps l&o vijayapura 9480804253 indibjp@ksp.gov.in
KSP2584,PSI Indi (T),PSI,Indi (T) PS,L&O,Belagavi,,,,,psi indi (t) psi indi (t) ps l&o belagavi
KSP2585,CPI Chadachan Circle,CPI,Chadachan Circle,L&O,Vijayapura,,,9480804234,cpichadachanbjp@ksp.gov.in,cpi chadachan circle cpi chadachan circle l&o vijayapura 9480804234 cpichadachanbjp@ksp.gov.in
KSP2586,PSI CHADACHAN,PSI,CHADACHAN PS,L&O,Vijayapura,,,9480804255,chadachanbjp@ksp.gov.in,psi chadachan psi chadachan ps l&o vijayapura 9480804255 chadachanbjp@ksp.gov.in
KSP2587,PSI ZALAKI,PSI,ZALAKI PS,L&O,Vijayapura,,,9480804256,zalakibjp@ksp.gov.in,psi zalaki psi zalaki ps l&o vijayapura 9480804256 zalakibjp@ksp.gov.in
KSP2588,CPI Sindagi Circle,CPI,Sindagi Circle,L&O,Vijayapura,,,9480804235,cpisindagibjp@ksp.gov.in,cpi sindagi circle cpi sindagi circle l&o vijayapura 9480804235 cpisindagibjp@ksp.gov.in
KSP2589,PSI SINDAGI,PSI,SINDAGI PS,L&O,Vijayapura,,,9480804257,sindagibjp@ksp.gov.in,psi sindagi psi sindagi ps l&o vijayapura 9480804257 sindagibjp@ksp.gov.in
KSP2590,PSI ALMEL,PSI,ALMEL PS,L&O,Vijayapura,,,08488-232033,almelbjp@ksp.gov.in,psi almel psi almel ps l&o vijayapura 08488-232033 almelbjp@ksp.gov.in
KSP2591,PSI KALAKERI,PSI,KALAKERI PS,L&O,Vijayapura,,,08424-273233,kalkeribjp@ksp.gov.in,psi kalakeri psi kalakeri ps l&o vijayapura 08424-273233 kalkeribjp@ksp.gov.in
KSP2592,DySP B. Bagewadi,DySP,B. Bagewadi,L&O,Vijayapura,,,9480804221,sdpobagewadibjp@ksp.gov.in,dysp b. bagewadi dysp b. bagewadi l&o vijayapura 9480804221 sdpobagewadibjp@ksp.gov.in
KSP2593,CPI Nidagundi Circle,CPI,Nidagundi Circle,L&O,Vijayapura,,,9480804236,cpinidagundibjp@ksp.gov.in,cpi nidagundi circle cpi nidagundi circle l&o vijayapura 9480804236 cpinidagundibjp@ksp.gov.in
KSP2594,PSI-1 NIDAGUNDI,PSI-1,NIDAGUNDI PS,L&O,Vijayapura,,,9480804263,nidagundibjp@ksp.gov.in,psi-1 nidagundi psi-1 nidagundi ps l&o vijayapura 9480804263 nidagundibjp@ksp.gov.in
KSP2595,PSI KOLHAR,PSI,KOLHAR PS,L&O,Vijayapura,,,9480804267,kolharbjp@ksp.gov.in,psi kolhar psi kolhar ps l&o vijayapura 9480804267 kolharbjp@ksp.gov.in
KSP2596,PSI ALAMATTI,PSI,ALAMATTI PS,L&O,Vijayapura,,,9480804272,alamattibjp@ksp.gov.in,psi alamatti psi alamatti ps l&o vijayapura 9480804272 alamattibjp@ksp.gov.in
KSP2597,PSI KUDAGI,PSI,KUDAGI PS,L&O,Vijayapura,,,9480804271,kudagintpbjp@ksp.gov.in,psi kudagi psi kudagi ps l&o vijayapura 9480804271 kudagintpbjp@ksp.gov.in
KSP2598,PI BASAVANABAGEWADI,PI,BASAVANABAGEWADI PS,L&O,Vijayapura,,,08358-245333,bagewadibjp@ksp.gov.in,pi basavanabagewadi pi basavanabagewadi ps l&o vijayapura 08358-245333 bagewadibjp@ksp.gov.in
KSP2599,PSI Basavan Bagewadi,PSI,Basavan Bagewadi PS,L&O,Belagavi,,,,,psi basavan bagewadi psi basavan bagewadi ps l&o belagavi
KSP2600,CPI Muddebihal Circle,CPI,Muddebihal Circle,L&O,Vijayapura,,,9480804237,cpimuddebihalbjp@ksp.gov.in,cpi muddebihal circle cpi muddebihal circle l&o vijayapura 9480804237 cpimuddebihalbjp@ksp.gov.in
KSP2601,PSI-1 MUDDEBIHAL,PSI-1,MUDDEBIHAL PS,L&O,Vijayapura,,,9480804264,muddebihalbjp@ksp.gov.in,psi-1 muddebihal psi-1 muddebihal ps l&o vijayapura 9480804264 muddebihalbjp@ksp.gov.in
KSP2602,PSI-1 TALIKOT,PSI-1,TALIKOT PS,L&O,Vijayapura,,,9480804265,talokotbjp@ksp.gov.in,psi-1 talikot psi-1 talikot ps l&o vijayapura 9480804265 talokotbjp@ksp.gov.in
KSP2603,AAO DPO,AAO,DPO Belagavi,DPO,Belagavi,,,8277967403,aaobjp@ksp.gov.in,aao dpo aao dpo belagavi dpo belagavi 8277967403 aaobjp@ksp.gov.in
KSP2604,Supdt of Central Prisons,,Supdt of Central Prisons,CEN,Vijayapura,,,9480806487,cpvpr.prosons-kar@gov.in,supdt of central prisons cen vijayapura 9480806487 cpvpr.prosons-kar@gov.in
KSP2605,DySP WIRELESS,DySP,WIRELESS,DCRE,HQ,,,9480806118,dspdcrebjp@ksp.gov.in,dysp wireless dysp wireless dcre hq 9480806118 dspdcrebjp@ksp.gov.in
KSP2606,DySP INT,DySP,INT,HQ,Vijayapura,,,9449878606,,dysp int dysp int hq vijayapura 9449878606
KSP2607,DySP DAR,DySP,DAR,DAR,Vijayapura,,,9480804206,dspdarblr@ksp.gov.in,dysp dar dysp dar vijayapura 9480804206 dspdarblr@ksp.gov.in
KSP2608,DySP ISD,DySP,ISD,ISD,Vijayapura,,0821-2474450,9480800629,,dysp isd dysp isd vijayapura 0821-2474450 9480800629
KSP2609,PI DSB,PI,DSB,DSB,Dharwad,,,9480804224,dsbrrcr@ksp.gov.in,pi dsb pi dsb dharwad 9480804224 dsbrrcr@ksp.gov.in
KSP2610,PI FPB,PI,FPB VIJAYAPURA,FPB,Vijayapura,,,9480804210,fpubjp@ksp.gov.in,pi fpb pi fpb vijayapura fpb vijayapura 9480804210 fpubjp@ksp.gov.in
KSP2611,RPI MTO,RPI,MTO,DAR,Vijayapura,,,9480804262,darbjp@ksp.gov.in,rpi mto rpi mto dar vijayapura 9480804262 darbjp@ksp.gov.in
KSP2612,PI KPTCL,PI,KPTCL,ESCOM,Vijayapura,,,9448070799,,pi kptcl pi kptcl escom vijayapura 9448070799
KSP2613,Homeguard,,Homeguard,Home Guard,Ramanagara,,,,,homeguard home guard ramanagara
KSP2614,District Prison,,District Prison,Prison,Uttara Kannada,,,,,district prison prison uttara kannada
KSP2615,RAILWAY,,RAILWAY PS,Railway,Vijayapura,,,,,railway railway ps vijayapura
KSP2616,SP Bagalkote,SP,Bagalkote,L&O,Bagalkote,,,08354-235077,spbgk@ksp.gov.in,sp bagalkote sp bagalkote l&o 08354-235077 spbgk@ksp.gov.in
KSP2617,Addl. SP Adl. SP-1 Bagalkote,Addl. SP,Adl. SP-1 Bagalkote,L&O,Bagalkote,,,9480803902,addlspbgk@ksp.gov.in,addl. sp adl. sp-1 bagalkote addl. sp adl. sp-1 bagalkote l&o bagalkote 9480803902 addlspbgk@ksp.gov.in
KSP2618,Addl. SP Bagalakote,Addl. SP,Bagalakote,L&O,Belagavi,,,9480803909,,addl. sp bagalakote addl. sp bagalakote l&o belagavi 9480803909
KSP2619,District C/Room,,District C/Room,C/Room,Belagavi,,,9480803900,dcgdg@ksp.gov.in,district c/room c/room belagavi 9480803900 dcgdg@ksp.gov.in
KSP2620,PI (W),PI (W),,L&O,Belagavi,,0831-2233206,9480800951,,pi (w) l&o belagavi 0831-2233206 9480800951
KSP2621,DySP Bagalkote,DySP,Bagalkote,L&O,Bagalkote,,,9480803920,sdpobgk@ksp.gov.in,dysp bagalkote dysp bagalkote l&o 9480803920 sdpobgk@ksp.gov.in
KSP2622,PI WOMEN,PI,WOMEN PS,L&O,Uttara Kannada,,,,womenpsrcr@ksp.gov.in,pi women pi women ps l&o uttara kannada womenpsrcr@ksp.gov.in
KSP2623,PI Cyber Crime,PI,Cyber Crime PS,L&O,Belagavi,,0831-2444969,9480803908,cenpsdwd@ksp.gov.in,pi cyber crime pi cyber crime ps l&o belagavi 0831-2444969 9480803908 cenpsdwd@ksp.gov.in
KSP2624,PI BAGALKOTE TOWN,PI,BAGALKOTE TOWN PS,L&O,Bagalkote,,,9480803945,bgktownbgk@ksp.gov.in,pi bagalkote town pi bagalkote town ps l&o bagalkote 9480803945 bgktownbgk@ksp.gov.in
KSP2625,PSI-1 Bagalkot Town,PSI-1,Bagalkot Town PS,L&O,Bagalkote,,,,,psi-1 bagalkot town psi-1 bagalkot town ps l&o bagalkote
KSP2626,PSI-2 Bagalkot Town,PSI-2,Bagalkot Town PS,L&O,Bagalkote,,,,,psi-2 bagalkot town psi-2 bagalkot town ps l&o bagalkote
KSP2627,PI BILAGI,PI,BILAGI PS,L&O,Bagalkote,,,08425-275233,bilagibgk@ksp.gov.in,pi bilagi pi bilagi ps l&o bagalkote 08425-275233 bilagibgk@ksp.gov.in
KSP2628,PSI BILAGI,PSI,BILAGI PS,L&O,Bagalkote,,,08425-275233,,psi bilagi psi bilagi ps l&o bagalkote 08425-275233
KSP2629,CPI Navanagara Circle,CPI,Navanagara Circle,L&O,Bagalkote,,,9480803930,cpibgktownbgk@ksp.gov.in,cpi navanagara circle cpi navanagara circle l&o bagalkote 9480803930 cpibgktownbgk@ksp.gov.in
KSP2630,PSI-1 BAGALKOTE TRAFFIC,PSI-1,BAGALKOTE TRAFFIC PS,Traffic,Bagalkote,,,9480803946,bgktrafficbgk@ksp.gov.in,psi-1 bagalkote traffic psi-1 bagalkote traffic ps traffic bagalkote 9480803946 bgktrafficbgk@ksp.gov.in
KSP2631,PSI-2 Bagalkot Traffic,PSI-2,Bagalkot Traffic PS,L&O,Bagalkote,,,,,psi-2 bagalkot traffic psi-2 bagalkot traffic ps l&o bagalkote
KSP2632,PSI-1 NAVANAGAR,PSI-1,NAVANAGAR PS,L&O,Bagalkote,,,9480803964,navnagarbgk@ksp.gov.in,psi-1 navanagar psi-1 navanagar ps l&o bagalkote 9480803964 navnagarbgk@ksp.gov.in
KSP2633,PSI-2 Navanagar,PSI-2,Navanagar PS,L&O,Belagavi,,,,,psi-2 navanagar psi-2 navanagar ps l&o belagavi
KSP2634,CPI Bagalkote Rural Circle,CPI,Bagalkote Rural Circle,L&O,Bagalkote,,,9480803931,cpibgkruralbgk@ksp.gov.in,cpi bagalkote rural circle cpi bagalkote rural circle l&o bagalkote 9480803931 cpibgkruralbgk@ksp.gov.in
KSP2635,PSI BAGALKOT RURAL,PSI,BAGALKOT RURAL PS,L&O,Bagalkote,,,9480803947,bgkruralbgkbgk@ksp.gov.in,psi bagalkot rural psi bagalkot rural ps l&o bagalkote 9480803947 bgkruralbgkbgk@ksp.gov.in
KSP2636,PSI KALADAGI,PSI,KALADAGI PS,L&O,Bagalkote,,,9480803948,kalagdibgk@ksp.gov.in,psi kaladagi psi kaladagi ps l&o bagalkote 9480803948 kalagdibgk@ksp.gov.in
KSP2637,DySP PI FPB BAGALKOT,DySP,PI FPB BAGALKOT,FPB,Bagalkote,,,9480803910,sdpohungundbgk@ksp.gov.in,dysp pi fpb bagalkot dysp pi fpb bagalkot fpb bagalkote 9480803910 sdpohungundbgk@ksp.gov.in
KSP2638,CPI Badami Circle,CPI,Badami Circle,L&O,Bagalkote,,,9480803933,cpihinagundbgk@ksp.gov.in,cpi badami circle cpi badami circle l&o bagalkote 9480803933 cpihinagundbgk@ksp.gov.in
KSP2639,PSI AMINGAD,PSI,AMINGAD PS,L&O,Bagalkote,,,9480803952,hunagundbgk@ksp.gov.in,psi amingad psi amingad ps l&o bagalkote 9480803952 hunagundbgk@ksp.gov.in
KSP2640,PSI JAMAKHANDI (T),PSI,JAMAKHANDI (T) PS,L&O,Bagalkote,,,9480803953,aminagadbgk@ksp.gov.in,psi jamakhandi (t) psi jamakhandi (t) ps l&o bagalkote 9480803953 aminagadbgk@ksp.gov.in
KSP2641,PSI-1 BADAMI,PSI-1,BADAMI PS,L&O,Bagalkote,,,9480803954,ilkalbgk@ksp.gov.in,psi-1 badami psi-1 badami ps l&o bagalkote 9480803954 ilkalbgk@ksp.gov.in
KSP2642,PSI-2 Ilkal [T],PSI-2,Ilkal [T] PS,L&O,Belagavi,,,,,psi-2 ilkal [t] psi-2 ilkal [t] ps l&o belagavi
KSP2643,PSI ILKAL RURAL,PSI,ILKAL RURAL PS,L&O,Bagalkote,,,,ilkalruralbgk@ksp.gov.in,psi ilkal rural psi ilkal rural ps l&o bagalkote ilkalruralbgk@ksp.gov.in
KSP2644,CPI Hunagund Circle,CPI,Hunagund Circle,L&O,Bagalkote,,,9480803932,cpibadamibgk@ksp.gov.in,cpi hunagund circle cpi hunagund circle l&o bagalkote 9480803932 cpibadamibgk@ksp.gov.in
KSP2645,PSI-1 Badami,PSI-1,Badami PS,L&O,Belagavi,,,9480803949,badamibgk@ksp.gov.in,psi-1 badami psi-1 badami ps l&o belagavi 9480803949 badamibgk@ksp.gov.in
KSP2646,PSI-2 Badami,PSI-2,Badami PS,L&O,Belagavi,,,,,psi-2 badami psi-2 badami ps l&o belagavi
KSP2647,PSI HUNAGUND,PSI,HUNAGUND PS,L&O,Bagalkote,,,9480803950,kerurbgk@ksp.gov.in,psi hunagund psi hunagund ps l&o bagalkote 9480803950 kerurbgk@ksp.gov.in
KSP2648,PSI-1 Guledgudda,PSI-1,Guledgudda PS,L&O,Belagavi,,,9480803951,guledgudbgk@ksp.gov.in,psi-1 guledgudda psi-1 guledgudda ps l&o belagavi 9480803951 guledgudbgk@ksp.gov.in
KSP2649,PSI-2 Guledgudda,PSI-2,Guledgudda PS,L&O,Belagavi,,,,,psi-2 guledgudda psi-2 guledgudda ps l&o belagavi
KSP2650,DySP Hunagund,DySP,Hunagund,L&O,Bagalkote,,,9480803921,sdpojkbgk@ksp.gov.in,dysp hunagund dysp hunagund l&o bagalkote 9480803921 sdpojkbgk@ksp.gov.in
KSP2651,CPI Jamakhandi Circle,CPI,Jamakhandi Circle,L&O,Bagalkote,,,9480803934,cpijamakhandibgk@ksp.gov.in,cpi jamakhandi circle cpi jamakhandi circle l&o bagalkote 9480803934 cpijamakhandibgk@ksp.gov.in
KSP2652,PSI-1 KERUR,PSI-1,KERUR PS,L&O,Bagalkote,,,9480803955,jktownbgk@ksp.gov.in,psi-1 kerur psi-1 kerur ps l&o bagalkote 9480803955 jktownbgk@ksp.gov.in
KSP2653,PSI-2 Jamakhandi [T],PSI-2,Jamakhandi [T] PS,L&O,Belagavi,,,,,psi-2 jamakhandi [t] psi-2 jamakhandi [t] ps l&o belagavi
KSP2654,PSI GULEDAGUDDA,PSI,GULEDAGUDDA PS,L&O,Bagalkote,,,9480803956,jkruralbgk@ksp.gov.in,psi guledagudda psi guledagudda ps l&o bagalkote 9480803956 jkruralbgk@ksp.gov.in
KSP2655,PSI BANAHATTI,PSI,BANAHATTI PS,L&O,Bagalkote,,,9480803957,savalagibgk@ksp.gov.in,psi banahatti psi banahatti ps l&o bagalkote 9480803957 savalagibgk@ksp.gov.in
KSP2656,CPI Banahatti Circle,CPI,Banahatti Circle PS,L&O,Bagalkote,,,9480803935,cpibanahattibgk@ksp.gov.in,cpi banahatti circle cpi banahatti circle ps l&o bagalkote 9480803935 cpibanahattibgk@ksp.gov.in
KSP2657,PSI-1 TERADAL,PSI-1,TERADAL PS,L&O,Bagalkote,,,9480803958,banahattibgk@ksp.gov.in,psi-1 teradal psi-1 teradal ps l&o bagalkote 9480803958 banahattibgk@ksp.gov.in
KSP2658,PSI-2 Banahatti,PSI-2,Banahatti PS,L&O,Belagavi,,,,,psi-2 banahatti psi-2 banahatti ps l&o belagavi
KSP2659,PSI MAHALINGAPUR,PSI,MAHALINGAPUR PS,L&O,Bagalkote,,,9480803959,terdalbgk@ksp.gov.in,psi mahalingapur psi mahalingapur ps l&o bagalkote 9480803959 terdalbgk@ksp.gov.in
KSP2660,PSI-1 Mahalingapur,PSI-1,Mahalingapur PS,L&O,Belagavi,,,08350-270033,mahalingpurbgk@ksp.gov.in,psi-1 mahalingapur psi-1 mahalingapur ps l&o belagavi 08350-270033 mahalingpurbgk@ksp.gov.in
KSP2661,PSI-2 Mahalingapur,PSI-2,Mahalingapur PS,L&O,Belagavi,,,08350-270033,,psi-2 mahalingapur psi-2 mahalingapur ps l&o belagavi 08350-270033
KSP2662,CPI Mudhol Circle,CPI,Mudhol Circle,L&O,Bagalkote,,,9480803936,cpimudholbgk@ksp.gov.in,cpi mudhol circle cpi mudhol circle l&o bagalkote 9480803936 cpimudholbgk@ksp.gov.in
KSP2663,PSI-1 MUDHOL,PSI-1,MUDHOL PS,L&O,Bagalkote,,,9480803960,mudholbgk@ksp.gov.in,psi-1 mudhol psi-1 mudhol ps l&o bagalkote 9480803960 mudholbgk@ksp.gov.in
KSP2664,PSI-2 Mudhol,PSI-2,Mudhol PS,L&O,Belagavi,,,,,psi-2 mudhol psi-2 mudhol ps l&o belagavi
KSP2665,PSI LOKAPUR,PSI,LOKAPUR PS,L&O,Bagalkote,,,9480803962,lokapurbgk@ksp.gov.in,psi lokapur psi lokapur ps l&o bagalkote 9480803962 lokapurbgk@ksp.gov.in
KSP2666,AAO,AAO,,Range HQ,Belagavi,,,,,aao range hq belagavi
KSP2667,DySP DCRB,DySP,DCRB,DCRB,Shivamogga,,,,dcrbgba@ksp.gov.in,dysp dcrb dysp dcrb shivamogga dcrbgba@ksp.gov.in
KSP2668,DySP DGP Office,DySP,DGP Office,DCRE,HQ,,,9480806119,,dysp dgp office dysp dgp office dcre hq 9480806119
KSP2669,DySP INT,DySP,INT,HQ,Bagalkote,,,9449878601,,dysp int dysp int hq bagalkote 9449878601
KSP2670,PI Chamarajanagar,PI,PS Chamarajanagar,DCRE,Southern,,,9480806144,,pi chamarajanagar pi ps chamarajanagar dcre southern 9480806144
KSP2671,PI KLA,PI,KLA,KLA,Bagalkote,,,,,pi kla pi kla bagalkote
KSP2672,PI KPTCL,PI,KPTCL,ESCOM,Vijayapura,,,,,pi kptcl pi kptcl escom vijayapura
KSP2673,PI DSB,PI,DSB,DSB,Bagalkote,,,9480803907,dsbrrcr@ksp.gov.in,pi dsb pi dsb bagalkote 9480803907 dsbrrcr@ksp.gov.in
KSP2674,PI FPB,PI,FPB,FPB,Tumakuru,,,,fpubgk@ksp.gov.in,pi fpb pi fpb tumakuru fpubgk@ksp.gov.in
KSP2675,DySP DAR,DySP,DAR,DAR,Bagalkote,,,9480803906,dspdarblr@ksp.gov.in,dysp dar dysp dar bagalkote 9480803906 dspdarblr@ksp.gov.in
KSP2676,RPI DAR,RPI,DAR,DAR,Bagalkote,,,9480803937,darvjn@ksp.gov.in,rpi dar rpi dar bagalkote 9480803937 darvjn@ksp.gov.in
KSP2677,HESCOM,,HESCOM,ESCOM,Bagalkote,,,,,hescom escom bagalkote
KSP2678,Jail,,Jail,Prison,Mandya,,,,,jail prison mandya
KSP2679,Homeguard,,Homeguard,Home Guard,Ramanagara,,,,,homeguard home guard ramanagara
KSP2680,DC,,DC,L&O,Belagavi,,,,deo.gadag@gmail.com,dc l&o belagavi deo.gadag@gmail.com
KSP2681,CEO ZP,,CEO ZP,L&O,Belagavi,,,,,ceo zp l&o belagavi
KSP2682,RTO,,RTO,RTO,Ramanagara,,,,,rto ramanagara
KSP2683,KPTCL,,KPTCL,L&O,Belagavi,,0831-2467001,,,kptcl l&o belagavi 0831-2467001
KSP2684,Forest Office,,Forest Office,L&O,Belagavi,,,,,forest office l&o belagavi
KSP2685,Fire Office,,Fire Office,Fire,Davanagere,,,,,fire office fire davanagere
KSP2686,Women & Child Helpline,,Women & Child Helpline,Other,Bagalkote,,,,,women & child helpline other bagalkote
KSP2687,Elder Helpline,,Elder Helpline,L&O,Belagavi,,,,,elder helpline l&o belagavi
KSP2688,KSRTC,,KSRTC,L&O,Belagavi,,,,,ksrtc l&o belagavi
KSP2689,Govt. Hospital,,Govt. Hospital,L&O,Belagavi,,0831-2448111,,,govt. hospital l&o belagavi 0831-2448111
KSP2690,DHO,,DHO,L&O,Belagavi,,0831-2745063,,,dho l&o belagavi 0831-2745063
KSP2691,Social Welfare Officer,,Social Welfare Officer,Other,Bagalkote,,,,,social welfare officer other bagalkote
KSP2692,Almatti Dam,,Almatti Dam,Other,Bagalkote,,,08426-281063,,almatti dam other bagalkote 08426-281063
KSP2693,Railway Station,,Railway Station,Railway,Dharwad,,,,,railway station railway dharwad
KSP2694,KSRTC Depo,,KSRTC Depo,L&O,Belagavi,,,,,ksrtc depo l&o belagavi
KSP2695,SP Dharwad,SP,Dharwad,L&O,Dharwad,,0836-2233300,0836-2233200,spdwd@ksp.gov.in,sp dharwad sp dharwad l&o 0836-2233300 0836-2233200 spdwd@ksp.gov.in
KSP2696,Addl. SP,Addl. SP,Dharwad,L&O,Dharwad,,0836-2233303,0836-2233203,,addl. sp dharwad l&o 0836-2233303 0836-2233203
KSP2697,District C/Room,,District C/Room,C/Room,Belagavi,,,9480804300,dcgdg@ksp.gov.in,district c/room c/room belagavi 9480804300 dcgdg@ksp.gov.in
KSP2698,PI (W),PI (W),,L&O,Belagavi,,0831-2233206,9480800952,,pi (w) l&o belagavi 0831-2233206 9480800952
KSP2699,DySP Dharwad Rural,DySP,Dharwad Rural,L&O,Dharwad,,0836-2233202,9480804320,sdpodwd@ksp.gov.in,dysp dharwad rural dysp dharwad rural l&o dharwad 0836-2233202 9480804320 sdpodwd@ksp.gov.in
KSP2700,PI WOMEN,PI,WOMEN PS,L&O,Uttara Kannada,,,8277968301,womenpsrcr@ksp.gov.in,pi women pi women ps l&o uttara kannada 8277968301 womenpsrcr@ksp.gov.in
KSP2701,PI Cyber Crime,PI,Cyber Crime PS,L&O,Belagavi,,0831-2444969,9480804308,cenpsdwd@ksp.gov.in,pi cyber crime pi cyber crime ps l&o belagavi 0831-2444969 9480804308 cenpsdwd@ksp.gov.in
KSP2702,PI DHARWAD RURAL,PI,DHARWAD RURAL PS,L&O,Dharwad,,0836-2233215,9480804345,dharwadruraldwd@ksp.gov.in,pi dharwad rural pi dharwad rural ps l&o dharwad 0836-2233215 9480804345 dharwadruraldwd@ksp.gov.in
KSP2703,PSI-1 Dharwad Rural,PSI-1,Dharwad Rural PS,L&O,Dharwad,,0836-2233215,,,psi-1 dharwad rural psi-1 dharwad rural ps l&o dharwad 0836-2233215
KSP2704,PSI-2 Dharwad Rural,PSI-2,Dharwad Rural PS,L&O,Dharwad,,0836-2233215,,,psi-2 dharwad rural psi-2 dharwad rural ps l&o dharwad 0836-2233215
KSP2705,CPI Navalagund Circle,CPI,Navalagund Circle,L&O,Dharwad,,,9480804330,cpinavalgunddwd@ksp.gov.in,cpi navalagund circle cpi navalagund circle l&o dharwad 9480804330 cpinavalgunddwd@ksp.gov.in
KSP2706,PSI GARAG,PSI,GARAG PS,L&O,Dharwad,,0836-2233217,9480804347,garagdwd@ksp.gov.in,psi garag psi garag ps l&o dharwad 0836-2233217 9480804347 garagdwd@ksp.gov.in
KSP2707,PSI ALNAVAR,PSI,ALNAVAR PS,L&O,Dharwad,,0836-2233216,9480804346,alnavardwd@ksp.gov.in,psi alnavar psi alnavar ps l&o dharwad 0836-2233216 9480804346 alnavardwd@ksp.gov.in
KSP2708,CPI Navalagund Circle,CPI,Navalagund Circle,L&O,Dharwad,,,9480804331,cpinavalgunddwd@ksp.gov.in,cpi navalagund circle cpi navalagund circle l&o dharwad 9480804331 cpinavalgunddwd@ksp.gov.in
KSP2709,PSI NAVALAGUND,PSI,NAVALAGUND PS,L&O,Dharwad,,,9480804348,navalagunddwd@ksp.gov.in,psi navalagund psi navalagund ps l&o dharwad 9480804348 navalagunddwd@ksp.gov.in
KSP2710,PSI-1 NAVALAGUND,PSI-1,NAVALAGUND PS,L&O,Dharwad,,,9480804349,annigeridwd@ksp.gov.in,psi-1 navalagund psi-1 navalagund ps l&o dharwad 9480804349 annigeridwd@ksp.gov.in
KSP2711,PSI-2 Annigeri,PSI-2,Annigeri PS,L&O,Belagavi,,,,,psi-2 annigeri psi-2 annigeri ps l&o belagavi
KSP2712,PI HUBBALLI RURAL,PI,HUBBALLI RURAL PS,L&O,Dharwad,,0836-2233214,9480804350,hubliruraldwd@ksp.gov.in,pi hubballi rural pi hubballi rural ps l&o dharwad 0836-2233214 9480804350 hubliruraldwd@ksp.gov.in
KSP2713,PSI Hubballi Rural,PSI,Hubballi Rural PS,L&O,Dharwad,,0836-2233214,,,psi hubballi rural psi hubballi rural ps l&o dharwad 0836-2233214
KSP2714,CPI KUNDAGOLA,CPI,KUNDAGOLA PS,L&O,Dharwad,,,9480804352,kundagoldwd@ksp.gov.in,cpi kundagola cpi kundagola ps l&o dharwad 9480804352 kundagoldwd@ksp.gov.in
KSP2715,PSI Kundagol,PSI,Kundagol PS,L&O,Belagavi,,,,kundagoldwd@ksp.gov.in,psi kundagol psi kundagol ps l&o belagavi kundagoldwd@ksp.gov.in
KSP2716,PSI GUDAGERI,PSI,GUDAGERI PS,L&O,Dharwad,,,,gudageridwd@ksp.gov.in,psi gudageri psi gudageri ps l&o dharwad gudageridwd@ksp.gov.in
KSP2717,PI KALAGATAGI,PI,KALAGATAGI PS,L&O,Dharwad,,,9480804351,kalaghatagidwd@ksp.gov.in,pi kalagatagi pi kalagatagi ps l&o dharwad 9480804351 kalaghatagidwd@ksp.gov.in
KSP2718,PSI Kalagatagi,PSI,Kalagatagi,L&O,Belagavi,,,,,psi kalagatagi psi kalagatagi l&o belagavi
KSP2719,OP Mishrikoti,,OP Mishrikoti,L&O,Dharwad,,,,,op mishrikoti l&o dharwad
KSP2720,AAO,AAO,Dharwad,Range HQ,Dharwad,,0836-2233205,,,aao dharwad range hq 0836-2233205
KSP2721,DySP KLA,DySP,KLA,KLA,Raichur,,,,,dysp kla dysp kla raichur
KSP2722,DySP WOMEN,DySP,WOMEN PS,L&O,Dharwad,,0836-2233203,9480804309,dcrbdwd@ksp.gov.in,dysp women dysp women ps l&o dharwad 0836-2233203 9480804309 dcrbdwd@ksp.gov.in
KSP2723,DySP DAR,DySP,DAR,DAR,Dharwad,,,9480804306,dspdarblr@ksp.gov.in,dysp dar dysp dar dharwad 9480804306 dspdarblr@ksp.gov.in
KSP2724,DySP CID,DySP,CID,CID,Dharwad,,,0836-2778334,,dysp cid dysp cid dharwad 0836-2778334
KSP2725,DySP ISD,DySP,ISD,ISD,Dharwad,,0821-2474450,0836-2774934,,dysp isd dysp isd dharwad 0821-2474450 0836-2774934
KSP2726,RPI DAR,RPI,DAR,DAR,Vijayanagara,,,,darvjn@ksp.gov.in,rpi dar rpi dar vijayanagara darvjn@ksp.gov.in
KSP2727,RPI MTO,RPI,MTO,CAR,Kalaburagi,,,,mtodargba@ksp.gov.in,rpi mto rpi mto car kalaburagi mtodargba@ksp.gov.in
KSP2728,PI DSB,PI,DSB,DSB,Dharwad,,,9480804307,dsbrrcr@ksp.gov.in,pi dsb pi dsb dharwad 9480804307 dsbrrcr@ksp.gov.in
KSP2729,PI DCIB,PI,DCIB,DCIB,Chitradurga,,,,dcibgba@ksp.gov.in,pi dcib pi dcib chitradurga dcibgba@ksp.gov.in
KSP2730,PI FPB,PI,FPB DHARWAD,FPB,Dharwad,,,9480804310,,pi fpb pi fpb dharwad fpb dharwad 9480804310
KSP2731,PI INT DWD,PI,INT DWD,HQ,Dharwad,,0836-2271302,9449878612,,pi int dwd pi int dwd hq dharwad 0836-2271302 9449878612
KSP2732,Cmdt. Home Guard,,Cmdt. Home Guard,Home Guard,Hubballi-Dharwad City,,0836-2533650,,cmdthg@gmail.com,cmdt. home guard home guard hubballi-dharwad city 0836-2533650 cmdthg@gmail.com
KSP2733,DC,,DC,L&O,Belagavi,,,,deo.gadag@gmail.com,dc l&o belagavi deo.gadag@gmail.com
KSP2734,AC,AC,,L&O,Belagavi,,,,acgadag@gmail.com,ac l&o belagavi acgadag@gmail.com
KSP2735,CEO Z/P,,CEO Z/P Dharwad,L&O,Dharwad,,0836-2447542,,,ceo z/p ceo z/p dharwad l&o dharwad 0836-2447542
KSP2736,SP Central Prison,SP,Central Prison,Prison,Dharwad,,0836-2447428,,,sp central prison sp central prison prison dharwad 0836-2447428
KSP2737,Police Guest House,,Police Guest House,Guest House,Dharwad,,0836-2233209,,,police guest house guest house dharwad 0836-2233209
KSP2738,High Court,,High Court,Court,Kalaburagi,,08472-2485265,,,high court court kalaburagi 08472-2485265
KSP2739,Social Welfare,,Social Welfare,Other,Dharwad,,0836-2447201,,,social welfare other dharwad 0836-2447201
KSP2740,KPTCL,,KPTCL,L&O,Belagavi,,0831-2467001,,,kptcl l&o belagavi 0831-2467001
KSP2741,Govt. Hospital,,Govt. Hospital,L&O,Belagavi,,0831-2448111,,,govt. hospital l&o belagavi 0831-2448111
KSP2742,Excise,,Excise,Excise,Mandya,,,,,excise mandya
KSP2743,RTO,,RTO,RTO,Ramanagara,,,,,rto ramanagara
KSP2744,Fire Station,,Fire Station,Fire,Gadag,,08372-2794555,,,fire station fire gadag 08372-2794555
KSP2745,Railway Station Hubli-,,Railway Station Hubli-Dharwad,Railway,Hubballi-Dharwad City,,0836-2326859,,,railway station hubli- railway station hubli-dharwad railway hubballi-dharwad city 0836-2326859
KSP2746,District Treasury,,District Treasury,L&O,Belagavi,,0831-2447483,,,district treasury l&o belagavi 0831-2447483
KSP2747,DHO,,DHO,L&O,Belagavi,,0831-2745063,,,dho l&o belagavi 0831-2745063
KSP2748,Guest House,,Guest House,L&O,Belagavi,,0831-2447735,,,guest house l&o belagavi 0831-2447735
KSP2749,SP Gadag,SP,Gadag,L&O,Gadag,,,08372-236260,spgdg@ksp.gov.in,sp gadag sp gadag l&o 08372-236260 spgdg@ksp.gov.in
KSP2750,Addl. SP Gadag,Addl. SP,Gadag,L&O,Gadag,,,9480804409,addlspgdg@ksp.gov.in,addl. sp gadag addl. sp gadag l&o 9480804409 addlspgdg@ksp.gov.in
KSP2751,District C/Room,,District C/Room,C/Room,Belagavi,,,9480804400,dcgdg@ksp.gov.in,district c/room c/room belagavi 9480804400 dcgdg@ksp.gov.in
KSP2752,PI (W) PI Wireless,PI (W),PI Wireless,Wireless,Gadag,,,9480800954,,pi (w) pi wireless pi (w) pi wireless wireless gadag 9480800954
KSP2753,DySP Gadag,DySP,Gadag,L&O,Gadag,,,9480804420,sdpogadaggdg@ksp.gov.in,dysp gadag dysp gadag l&o 9480804420 sdpogadaggdg@ksp.gov.in
KSP2754,PI WOMEN,PI,WOMEN PS,L&O,Gadag,,,9480804447,womenpsrcr@ksp.gov.in,pi women pi women ps l&o gadag 9480804447 womenpsrcr@ksp.gov.in
KSP2755,PI CEN,PI,CEN PS,CEN,Gadag,,,9480804445,cenpsrcr@ksp.gov.in,pi cen pi cen ps cen gadag 9480804445 cenpsrcr@ksp.gov.in
KSP2756,PI GADAG TOWN,PI,GADAG TOWN PS,L&O,Gadag,,,9480804430,towngdg@ksp.gov.in,pi gadag town pi gadag town ps l&o gadag 9480804430 towngdg@ksp.gov.in
KSP2757,PSI Gadag Town,PSI,Gadag Town PS,L&O,Gadag,,,,,psi gadag town psi gadag town ps l&o gadag
KSP2758,PI GADAG RURAL,PI,GADAG RURAL PS,L&O,Gadag,,,9480804431,cpiruralgdg@ksp.gov.in,pi gadag rural pi gadag rural ps l&o gadag 9480804431 cpiruralgdg@ksp.gov.in
KSP2759,PSI-1 Gadag Rural,PSI-1,Gadag Rural PS,L&O,Gadag,,,,ruralgdg@ksp.gov.in,psi-1 gadag rural psi-1 gadag rural ps l&o gadag ruralgdg@ksp.gov.in
KSP2760,PSI-2 Gadag Rural,PSI-2,Gadag Rural PS,L&O,Gadag,,,,,psi-2 gadag rural psi-2 gadag rural ps l&o gadag
KSP2761,PI MULAGUND,PI,MULAGUND PS,L&O,Gadag,,,9480804448,mulagundgdg@ksp.gov.in,pi mulagund pi mulagund ps l&o gadag 9480804448 mulagundgdg@ksp.gov.in
KSP2762,CPI Betageri Circle,CPI,Betageri Circle,L&O,Gadag,,,9480804432,cpibetagerigdg@ksp.gov.in,cpi betageri circle cpi betageri circle l&o gadag 9480804432 cpibetagerigdg@ksp.gov.in
KSP2763,PSI-1 BETAGERI,PSI-1,BETAGERI PS,L&O,Gadag,,,9480804449,betagerigdg@ksp.gov.in,psi-1 betageri psi-1 betageri ps l&o gadag 9480804449 betagerigdg@ksp.gov.in
KSP2764,PSI-2 Betageri,PSI-2,Betageri PS,L&O,Belagavi,,,,,psi-2 betageri psi-2 betageri ps l&o belagavi
KSP2765,PSI-1 BETAGERI EXTENSION,PSI-1,BETAGERI EXTENSION PS,L&O,Gadag,,,9480804450,betageriextngdg@ksp.gov.in,psi-1 betageri extension psi-1 betageri extension ps l&o gadag 9480804450 betageriextngdg@ksp.gov.in
KSP2766,PSI-2 Betageri Extension,PSI-2,Betageri Extension PS,L&O,Belagavi,,,,,psi-2 betageri extension psi-2 betageri extension ps l&o belagavi
KSP2767,PSI-1 GADAG BETAGERI TRAFFIC,PSI-1,GADAG BETAGERI TRAFFIC PS,Traffic,Gadag,,,9480804446,trafficgdg@ksp.gov.in,psi-1 gadag betageri traffic psi-1 gadag betageri traffic ps traffic gadag 9480804446 trafficgdg@ksp.gov.in
KSP2768,PSI-2 Gadag Betageri Traffic,PSI-2,Gadag Betageri Traffic PS,L&O,Gadag,,,,,psi-2 gadag betageri traffic psi-2 gadag betageri traffic ps l&o gadag
KSP2769,CPI Shirahatti Circle,CPI,Shirahatti Circle,L&O,Gadag,,,9480804433,cpishirahattigdg@ksp.gov.in,cpi shirahatti circle cpi shirahatti circle l&o gadag 9480804433 cpishirahattigdg@ksp.gov.in
KSP2770,PSI SHIRAHATTI,PSI,SHIRAHATTI PS,L&O,Gadag,,,9480804451,shirahattigdg@ksp.gov.in,psi shirahatti psi shirahatti ps l&o gadag 9480804451 shirahattigdg@ksp.gov.in
KSP2771,PSI-1 LAXMESHWAR,PSI-1,LAXMESHWAR PS,L&O,Gadag,,,9480804452,laxmeshwargdg@ksp.gov.in,psi-1 laxmeshwar psi-1 laxmeshwar ps l&o gadag 9480804452 laxmeshwargdg@ksp.gov.in
KSP2772,PSI-2 Laxmeshwar,PSI-2,Laxmeshwar PS,L&O,Belagavi,,,,,psi-2 laxmeshwar psi-2 laxmeshwar ps l&o belagavi
KSP2773,DySP Naragund,DySP,Naragund,L&O,Gadag,,,08377-245388,sdponaragundgdg@ksp.gov.in,dysp naragund dysp naragund l&o gadag 08377-245388 sdponaragundgdg@ksp.gov.in
KSP2774,PI NARAGUND,PI,NARAGUND PS,L&O,Gadag,,,9480804456,naragundgdg@ksp.gov.in,pi naragund pi naragund ps l&o gadag 9480804456 naragundgdg@ksp.gov.in
KSP2775,PSI-1 Naragund,PSI-1,Naragund PS,L&O,Belagavi,,,,,psi-1 naragund psi-1 naragund ps l&o belagavi
KSP2776,PSI-2 Naragund,PSI-2,Naragund PS,L&O,Belagavi,,,,,psi-2 naragund psi-2 naragund ps l&o belagavi
KSP2777,CPI Ron Circle,CPI,Ron Circle,L&O,Gadag,,,9480804434,cpirongdg@ksp.gov.in,cpi ron circle cpi ron circle l&o gadag 9480804434 cpirongdg@ksp.gov.in
KSP2778,PSI RON,PSI,RON PS,L&O,Gadag,,,9480804457,rongdg@ksp.gov.in,psi ron psi ron ps l&o gadag 9480804457 rongdg@ksp.gov.in
KSP2779,PSI-1 GAJENDRAGAD,PSI-1,GAJENDRAGAD PS,L&O,Gadag,,,9480804453,gajendragadgdg@ksp.gov.in,psi-1 gajendragad psi-1 gajendragad ps l&o gadag 9480804453 gajendragadgdg@ksp.gov.in
KSP2780,PSI-2 Gajendragad,PSI-2,Gajendragad PS,L&O,Belagavi,,,,,psi-2 gajendragad psi-2 gajendragad ps l&o belagavi
KSP2781,PSI NAREGAL,PSI,NAREGAL PS,L&O,Gadag,,,9480804454,naregalgdg@ksp.gov.in,psi naregal psi naregal ps l&o gadag 9480804454 naregalgdg@ksp.gov.in
KSP2782,PI MUNDARGI,PI,MUNDARGI PS,DAR,Gadag,,,9480804455,mundaragigdg@ksp.gov.in,pi mundargi pi mundargi ps dar gadag 9480804455 mundaragigdg@ksp.gov.in
KSP2783,PSI Mundargi,PSI,Mundargi PS,L&O,Belagavi,,,,,psi mundargi psi mundargi ps l&o belagavi
KSP2784,AAO,AAO,,Range HQ,Belagavi,,,,,aao range hq belagavi
KSP2785,DySP DCRB,DySP,DCRB,DCRB,Shivamogga,,,,dcrbgba@ksp.gov.in,dysp dcrb dysp dcrb shivamogga dcrbgba@ksp.gov.in
KSP2786,DySP KLA,DySP,KLA,KLA,Raichur,,,,,dysp kla dysp kla raichur
KSP2787,PI INT,PI,INT,HQ,Gadag,,,9449878613,piintblr@ksp.gov.in,pi int pi int hq gadag 9449878613 piintblr@ksp.gov.in
KSP2788,DCRB,,DCRB,DCRB,Gadag,,,9480806037,mvccgdg@ksp.gov.in,dcrb gadag 9480806037 mvccgdg@ksp.gov.in
KSP2789,PI KLA,PI,KLA,KLA,Bagalkote,,,,,pi kla pi kla bagalkote
KSP2790,PI DSB,PI,DSB,DSB,Gadag,,,9480804407,dsbrrcr@ksp.gov.in,pi dsb pi dsb gadag 9480804407 dsbrrcr@ksp.gov.in
KSP2791,PI DCIB,PI,DCIB,DCIB,Chitradurga,,,,dcibgba@ksp.gov.in,pi dcib pi dcib chitradurga dcibgba@ksp.gov.in
KSP2792,PI ACB,PI,ACB,L&O,Belagavi,,,,,pi acb pi acb l&o belagavi
KSP2793,PI FPB,PI,FPB,FPB,Gadag,,,9480804410,fpugdg@ksp.gov.in,pi fpb pi fpb gadag 9480804410 fpugdg@ksp.gov.in
KSP2794,DySP DAR,DySP,DAR,DAR,Gadag,,,9480804406,dspdarblr@ksp.gov.in,dysp dar dysp dar gadag 9480804406 dspdarblr@ksp.gov.in
KSP2795,RPI DAR-2,RPI,DAR-2,DAR,Gadag,,,08372-297268,,rpi dar-2 rpi dar-2 dar gadag 08372-297268
KSP2796,RPI DAR-2,RPI,DAR-2,DAR,Gadag,,,08372-297268,,rpi dar-2 rpi dar-2 dar gadag 08372-297268
KSP2797,Railway,,Railway,Railway,Gadag,,,08372-278744,gadagrly@ksp.gov.in,railway gadag 08372-278744 gadagrly@ksp.gov.in
KSP2798,Computer Section,,Computer Section,Computer Wing,Gadag,,,08372-234669,ccydr@ksp.gov.in,computer section computer wing gadag 08372-234669 ccydr@ksp.gov.in
KSP2799,Balehosur OP,,Balehosur OP,L&O,Gadag,,,08487-271285,,balehosur op l&o gadag 08487-271285
KSP2800,Sub-Jail,,Sub-Jail,Prison,Hassan,,,9480806486,dpgadag.prisons-kar@ka.gov.in,sub-jail prison hassan 9480806486 dpgadag.prisons-kar@ka.gov.in
KSP2801,Homeguard,,Homeguard,Home Guard,Ramanagara,,,9448355704,hgofficegadag330@gmail.com,homeguard home guard ramanagara 9448355704 hgofficegadag330@gmail.com
KSP2802,Holealur OP,,Holealur OP,L&O,Gadag,,,08381-266133,,holealur op l&o gadag 08381-266133
KSP2803,Konnur OP,,Konnur OP,L&O,Gadag,,,08377-266233,,konnur op l&o gadag 08377-266233
KSP2804,DC,,DC,L&O,Belagavi,,,,deo.gadag@gmail.com,dc l&o belagavi deo.gadag@gmail.com
KSP2805,CEO,,CEO,L&O,Belagavi,,,9480865000,ceo-gadag@gov.in,ceo l&o belagavi 9480865000 ceo-gadag@gov.in
KSP2806,AC,AC,,L&O,Belagavi,,,8147169363,acgadag@gmail.com,ac l&o belagavi 8147169363 acgadag@gmail.com
KSP2807,RTO,,RTO,RTO,Ramanagara,,,9449864026,rtogdg-ka@nic.in,rto ramanagara 9449864026 rtogdg-ka@nic.in
KSP2808,Tahasildar Gadag,,Tahasildar Gadag,L&O,Gadag,,,7829895434,tahgdg@gmail.com,tahasildar gadag l&o gadag 7829895434 tahgdg@gmail.com
KSP2809,IGP DIGP Southern Range,IGP,DIGP Southern Range,L&O,Mysuru,,0821-2445168,0821-2421200,igpsr@ksp.gov.in,igp digp southern range igp digp southern range l&o mysuru 0821-2445168 0821-2421200 igpsr@ksp.gov.in
KSP2810,DySP DSP HQ DIGP Office,DySP,DSP HQ DIGP Office,Admin,Mysuru,,0821-2418602,9480805019,,dysp dsp hq digp office dysp dsp hq digp office admin mysuru 0821-2418602 9480805019
KSP2811,DySP DSP DE DIGP Office,DySP,DSP DE DIGP Office,Admin,Mysuru,,0821-2418702,9480805018,,dysp dsp de digp office dysp dsp de digp office admin mysuru 0821-2418702 9480805018
KSP2812,DySP Asst. Director (Mess & Welfare),DySP,Asst. Director (Mess & Welfare),KPA Mys,UNKNOWN,,080-2444545,9480800488,,dysp asst. director (mess & welfare) dysp asst. director (mess & welfare) kpa mys unknown 080-2444545 9480800488
KSP2813,SP Range Office,SP,Range Office,DCRE,Southern,,,0821-2344970,spblrdcre@ksp.gov.in,sp range office sp range office dcre southern 0821-2344970 spblrdcre@ksp.gov.in
KSP2814,SP Mysuru,SP,Mysuru,L&O,Mysuru,,0821-2520040,9480805001,spmys@ksp.gov.in,sp mysuru sp mysuru l&o 0821-2520040 9480805001 spmys@ksp.gov.in
KSP2815,Addl. SP,Addl. SP,Mysuru,L&O,Mysuru,,0821-2446638,9480805002,addlspmys@ksp.gov.in,addl. sp mysuru l&o 0821-2446638 9480805002 addlspmys@ksp.gov.in
KSP2816,Addl. SP,Addl. SP,Mysuru,L&O,Mysuru,,0821-2446932,9480805009,addlsp2mys@ksp.gov.in,addl. sp mysuru l&o 0821-2446932 9480805009 addlsp2mys@ksp.gov.in
KSP2817,Dist. C/Room,,Dist. C/Room,C/Room,Mysuru,,,9480805000,dcmcr@ksp.gov.in,dist. c/room c/room mysuru 9480805000 dcmcr@ksp.gov.in
KSP2818,DySP(W) DSP Wireless South Zone,DySP (W),DSP Wireless South Zone,Wireless,Mysuru,,0821-2418572,9480800912,dspwszmys@ksp.gov.in,dysp(w) dsp wireless south zone dysp (w) dsp wireless south zone wireless mysuru 0821-2418572 9480800912 dspwszmys@ksp.gov.in
KSP2819,PI(W) PI Wireless,PI (W),PI Wireless,Wireless,Mysuru,,,9480800936,pcrvjn@gmail.com,pi(w) pi wireless pi (w) pi wireless wireless mysuru 9480800936 pcrvjn@gmail.com
KSP2820,DySP Mysuru Rural,DySP,Mysuru Rural,L&O,Mysuru,,0821-2436600,9480805020,sdporuralmys@ksp.gov.in,dysp mysuru rural dysp mysuru rural l&o mysuru 0821-2436600 9480805020 sdporuralmys@ksp.gov.in
KSP2821,PI WOMEN,PI,WOMEN PS,L&O,Mysuru,,,9480805061,womenpsrcr@ksp.gov.in,pi women pi women ps l&o mysuru 9480805061 womenpsrcr@ksp.gov.in
KSP2822,PI CEN,PI,CEN PS,CEN,Mysuru,,,9480805008,cenpsrcr@ksp.gov.in,pi cen pi cen ps cen mysuru 9480805008 cenpsrcr@ksp.gov.in
KSP2823,PI DSP Mysuru Rural,PI,DSP Mysuru Rural,L&O,Mysuru,,0821-2444955,9480805045,southmys@ksp.gov.in,pi dsp mysuru rural pi dsp mysuru rural l&o mysuru 0821-2444955 9480805045 southmys@ksp.gov.in
KSP2824,PI Mysuru South,PI,Mysuru South PS,L&O,Mysuru,,,9480805036,krnagarmys@ksp.gov.in,pi mysuru south pi mysuru south ps l&o mysuru 9480805036 krnagarmys@ksp.gov.in
KSP2825,PSI K.R.Nagar,PSI,K.R.Nagar PS,L&O,Mysuru,,,,,psi k.r.nagar psi k.r.nagar ps l&o mysuru
KSP2826,PI Saligrama,PI,Saligrama PS,L&O,Mysuru,,,9480805062,saligramamys@ksp.gov.in,pi saligrama pi saligrama ps l&o mysuru 9480805062 saligramamys@ksp.gov.in
KSP2827,CPI Mysuru Rural,CPI,Mysuru Rural,L&O,Mysuru,,0821-2520260,9480805031,cpiruralmys@ksp.gov.in,cpi mysuru rural cpi mysuru rural l&o mysuru 0821-2520260 9480805031 cpiruralmys@ksp.gov.in
KSP2828,PSI Jayapura,PSI,Jayapura,L&O,Mysuru,,0821-2595781,9480805047,jayapuramys@ksp.gov.in,psi jayapura psi jayapura l&o mysuru 0821-2595781 9480805047 jayapuramys@ksp.gov.in
KSP2829,PSI Yelawala,PSI,Yelawala,L&O,Mysuru,,0821-2402222,9480805046,yelawalamys@ksp.gov.in,psi yelawala psi yelawala l&o mysuru 0821-2402222 9480805046 yelawalamys@ksp.gov.in
KSP2830,PSI Varuna,PSI,Varuna,L&O,Mysuru,,0821-2594411,9480805052,varunamys@ksp.gov.in,psi varuna psi varuna l&o mysuru 0821-2594411 9480805052 varunamys@ksp.gov.in
KSP2831,DySP Hunsur,DySP,Hunsur,L&O,Mysuru,,,9480805022,sdpohunsurmys@ksp.gov.in,dysp hunsur dysp hunsur l&o mysuru 9480805022 sdpohunsurmys@ksp.gov.in
KSP2832,PI Hunsur Town,PI,Hunsur Town PS,L&O,Mysuru,,,9480805034,hunsurtownmys@ksp.gov.in,pi hunsur town pi hunsur town ps l&o mysuru 9480805034 hunsurtownmys@ksp.gov.in
KSP2833,PI Hunsur Rural,PI,Hunsur Rural PS,L&O,Mysuru,,,9480805056,hunsurruralmys@ksp.gov.in,pi hunsur rural pi hunsur rural ps l&o mysuru 9480805056 hunsurruralmys@ksp.gov.in
KSP2834,PI Bilikere,PI,Bilikere PS,L&O,Mysuru,,,9480805057,bilikeremys@ksp.gov.in,pi bilikere pi bilikere ps l&o mysuru 9480805057 bilikeremys@ksp.gov.in
KSP2835,CPI Bylakuppa Circle,CPI,Bylakuppa Circle,L&O,Mysuru,,,9480805035,cpibyalakuppemys@ksp.gov.in,cpi bylakuppa circle cpi bylakuppa circle l&o mysuru 9480805035 cpibyalakuppemys@ksp.gov.in
KSP2836,PSI BYLAKUPPA,PSI,BYLAKUPPA PS,L&O,Mysuru,,,9480805059,byalakuppemys@ksp.gov.in,psi bylakuppa psi bylakuppa ps l&o mysuru 9480805059 byalakuppemys@ksp.gov.in
KSP2837,PSI BETTADAPURA,PSI,BETTADAPURA PS,L&O,Mysuru,,,9480805060,bettadapuramys@ksp.gov.in,psi bettadapura psi bettadapura ps l&o mysuru 9480805060 bettadapuramys@ksp.gov.in
KSP2838,PI Periyapatna,PI,Periyapatna PS,L&O,Mysuru,,,9480805058,periyapatnamys@ksp.gov.in,pi periyapatna pi periyapatna ps l&o mysuru 9480805058 periyapatnamys@ksp.gov.in
KSP2839,CPI Sargur Circle,CPI,Sargur Circle,L&O,Mysuru,,,9480805037,cpisargurmys@ksp.gov.in,cpi sargur circle cpi sargur circle l&o mysuru 9480805037 cpisargurmys@ksp.gov.in
KSP2840,PSI SARGUR,PSI,SARGUR PS,L&O,Mysuru,,,9480805064,sargurmys@ksp.gov.in,psi sargur psi sargur ps l&o mysuru 9480805064 sargurmys@ksp.gov.in
KSP2841,PSI ANTHARASANTHE,PSI,ANTHARASANTHE PS,L&O,Mysuru,,,9480805065,antharasanthemys@ksp.gov.in,psi antharasanthe psi antharasanthe ps l&o mysuru 9480805065 antharasanthemys@ksp.gov.in
KSP2842,PI H.D. Kote,PI,H.D. Kote PS,L&O,Mysuru,,,9480805063,hdkotemys@ksp.gov.in,pi h.d. kote pi h.d. kote ps l&o mysuru 9480805063 hdkotemys@ksp.gov.in
KSP2843,DySP Nanjangudu,DySP,Nanjangudu,L&O,Mysuru,,,9480805021,sdponanjangudmys@ksp.gov.in,dysp nanjangudu dysp nanjangudu l&o mysuru 9480805021 sdponanjangudmys@ksp.gov.in
KSP2844,PI NANJANGUDU TOWN,PI,NANJANGUDU TOWN PS,L&O,Mysuru,,,9480805048,nanjangudtownmys@ksp.gov.in,pi nanjangudu town pi nanjangudu town ps l&o mysuru 9480805048 nanjangudtownmys@ksp.gov.in
KSP2845,PSI NANJANGUDU TRAFFIC,PSI,NANJANGUDU TRAFFIC PS,Traffic,Mysuru,,,9480805055,nanjangudtrafficps@ksp.gov.in,psi nanjangudu traffic psi nanjangudu traffic ps traffic mysuru 9480805055 nanjangudtrafficps@ksp.gov.in
KSP2846,PI Nanjangudu Rural,PI,Nanjangudu Rural PS,L&O,Mysuru,,,9480805049,nanjangudruralmys@ksp.gov.in,pi nanjangudu rural pi nanjangudu rural ps l&o mysuru 9480805049 nanjangudruralmys@ksp.gov.in
KSP2847,CPI Biligere Circle,CPI,Biligere Circle,L&O,Mysuru,,,9480805032,biligeremys@ksp.gov.in,cpi biligere circle cpi biligere circle l&o mysuru 9480805032 biligeremys@ksp.gov.in
KSP2848,PSI BILIGERE,PSI,BILIGERE PS,L&O,Mysuru,,,9480805051,,psi biligere psi biligere ps l&o mysuru 9480805051
KSP2849,PSI-1 HULLAHALLI,PSI-1,HULLAHALLI PS,L&O,Mysuru,,,9480805066,hullahallimys@ksp.gov.in,psi-1 hullahalli psi-1 hullahalli ps l&o mysuru 9480805066 hullahallimys@ksp.gov.in
KSP2850,PSI KOWLANDE,PSI,KOWLANDE PS,L&O,Mysuru,,,9480805050,kowlandemys@ksp.gov.in,psi kowlande psi kowlande ps l&o mysuru 9480805050 kowlandemys@ksp.gov.in
KSP2851,PI T.N. Pura,PI,T.N. Pura PS,L&O,Mysuru,,,9480805033,,pi t.n. pura pi t.n. pura ps l&o mysuru 9480805033
KSP2852,PSI-1 T.N.Pura,PSI-1,T.N.Pura PS,L&O,Mysuru,,,,tnpuramys@ksp.gov.in,psi-1 t.n.pura psi-1 t.n.pura ps l&o mysuru tnpuramys@ksp.gov.in
KSP2853,PI Bannur,PI,Bannur PS,L&O,Mysuru,,,9480805053,bannurmys@ksp.gov.in,pi bannur pi bannur ps l&o mysuru 9480805053 bannurmys@ksp.gov.in
KSP2854,PSI Bannur,PSI,Bannur PS,L&O,Mysuru,,,,,psi bannur psi bannur ps l&o mysuru
KSP2855,PI Talakadu,PI,Talakadu PS,L&O,Mysuru,,,9480805054,talakadumys@ksp.gov.in,pi talakadu pi talakadu ps l&o mysuru 9480805054 talakadumys@ksp.gov.in
KSP2856,AAO,AAO,,Range HQ,Mysuru,,,,aaomcr@ksp.gov.in,aao range hq mysuru aaomcr@ksp.gov.in
KSP2857,DySP ISD,DySP,ISD,ISD,Mysuru,,0821-2474450,9480800614,,dysp isd dysp isd mysuru 0821-2474450 9480800614
KSP2858,PI ISD,PI,ISD,ISD,Mysuru,,,9480800691,piisdrcr@ksp.gov.in,pi isd pi isd mysuru 9480800691 piisdrcr@ksp.gov.in
KSP2859,PI DSB,PI,DSB,DSB,Mysuru,,,9480805007,dsbrrcr@ksp.gov.in,pi dsb pi dsb mysuru 9480805007 dsbrrcr@ksp.gov.in
KSP2860,RPI DAR,RPI,DAR,DAR,Mysuru,,,9480805006,darvjn@ksp.gov.in,rpi dar rpi dar mysuru 9480805006 darvjn@ksp.gov.in
KSP2861,DySP Asst. Director (Mess & Welfare),DySP,Asst. Director (Mess & Welfare),KPA Mys,UNKNOWN,,080-2444545,9480800488,,dysp asst. director (mess & welfare) dysp asst. director (mess & welfare) kpa mys unknown 080-2444545 9480800488
KSP2862,PI FPB,PI,FPB,FPB,Mysuru,,,9480805010,fpbmyc@ksp.gov.in,pi fpb pi fpb mysuru 9480805010 fpbmyc@ksp.gov.in
KSP2863,FSL,,FSL,FSL,Mysuru,,0821-2522250,,rfslmys@ksp.gov.in,fsl mysuru 0821-2522250 rfslmys@ksp.gov.in
KSP2864,Prison,,Prison,Prison,Mysuru,,0821-2492089,,,prison mysuru 0821-2492089
KSP2865,PTS,,PTS,L&O,Mysuru,,0821-2418732,,ptsmyc@ksp.gov.in,pts l&o mysuru 0821-2418732 ptsmyc@ksp.gov.in
KSP2866,Homeguard,,Homeguard,Home Guard,Ramanagara,,,,,homeguard home guard ramanagara
KSP2867,SP Hassan,SP,Hassan,L&O,Hassan,,,9480804701,sphsn@ksp.gov.in,sp hassan sp hassan l&o 9480804701 sphsn@ksp.gov.in
KSP2868,Addl. SP Addl SP.1 Hassan,Addl. SP,Addl SP.1 Hassan,L&O,Hassan,,,9480804702,addlsphsn@ksp.gov.in,addl. sp addl sp.1 hassan addl. sp addl sp.1 hassan l&o hassan 9480804702 addlsphsn@ksp.gov.in
KSP2869,Addl. SP PI FPB HASSAN,Addl. SP,PI FPB HASSAN,FPB,Hassan,,,9480804710,,addl. sp pi fpb hassan addl. sp pi fpb hassan fpb hassan 9480804710
KSP2870,Dist. C/Room,,Dist. C/Room,C/Room,Mysuru,,,9480804787,dcmcr@ksp.gov.in,dist. c/room c/room mysuru 9480804787 dcmcr@ksp.gov.in
KSP2871,PI(W),PI (W),,L&O,Mysuru,,,9480800940,piwirelesskodagu@gmail.com,pi(w) pi (w) l&o mysuru 9480800940 piwirelesskodagu@gmail.com
KSP2872,ERSS,,ERSS,ERSS,Haveri,,,,,erss haveri
KSP2873,DySP Hassan,DySP,Hassan,L&O,Hassan,,,9480804720,sdpohsn@ksp.gov.in,dysp hassan dysp hassan l&o 9480804720 sdpohsn@ksp.gov.in
KSP2874,PI WOMEN,PI,WOMEN PS,L&O,Hassan,,,9480804772,womenpsrcr@ksp.gov.in,pi women pi women ps l&o hassan 9480804772 womenpsrcr@ksp.gov.in
KSP2875,PI CEN,PI,CEN PS,CEN,Hassan,,,9480804708,cenpsrcr@ksp.gov.in,pi cen pi cen ps cen hassan 9480804708 cenpsrcr@ksp.gov.in
KSP2876,PI HASSAN CITY,PI,HASSAN CITY PS,L&O,Hassan,,,9480804745,townhsn@ksp.gov.in,pi hassan city pi hassan city ps l&o hassan 9480804745 townhsn@ksp.gov.in
KSP2877,PSI-1 HASSAN CITY,PSI-1,HASSAN CITY PS,L&O,Hassan,,,9480804778,,psi-1 hassan city psi-1 hassan city ps l&o hassan 9480804778
KSP2878,PI HASSAN (R),PI,HASSAN (R) PS,L&O,Hassan,,,9480804746,ruralhsn@ksp.gov.in,pi hassan (r) pi hassan (r) ps l&o hassan 9480804746 ruralhsn@ksp.gov.in
KSP2879,PSI Hassan (R),PSI,Hassan (R) PS,L&O,Hassan,,,,,psi hassan (r) psi hassan (r) ps l&o hassan
KSP2880,PI HASSAN EXTENSION,PI,HASSAN EXTENSION PS,L&O,Hassan,,,9480804730,extensionhsn@ksp.gov.in,pi hassan extension pi hassan extension ps l&o hassan 9480804730 extensionhsn@ksp.gov.in
KSP2881,PSI-1 HASSAN EXTENSION,PSI-1,HASSAN EXTENSION PS,L&O,Hassan,,,9480804747,,psi-1 hassan extension psi-1 hassan extension ps l&o hassan 9480804747
KSP2882,PI PENSION MOHALLA,PI,PENSION MOHALLA PS,L&O,Hassan,,,9480804748,pensionmohallahsn@ksp.gov.in,pi pension mohalla pi pension mohalla ps l&o hassan 9480804748 pensionmohallahsn@ksp.gov.in
KSP2883,PSI PENSION MOHALLA,PSI,PENSION MOHALLA PS,L&O,Hassan,,,9480804741,,psi pension mohalla psi pension mohalla ps l&o hassan 9480804741
KSP2884,PI Hassan Traffic,PI,Hassan Traffic PS,Traffic,Hassan,,,9480804749,traffichsn@ksp.gov.in,pi hassan traffic pi hassan traffic ps traffic hassan 9480804749 traffichsn@ksp.gov.in
KSP2885,PSI-1 Hassan Traffic,PSI-1,Hassan Traffic PS,Traffic,Hassan,,,9480804773,,psi-1 hassan traffic psi-1 hassan traffic ps traffic hassan 9480804773
KSP2886,PSI-2 Hassan Traffic,PSI-2,Hassan Traffic PS,Traffic,Hassan,,,9480804774,,psi-2 hassan traffic psi-2 hassan traffic ps traffic hassan 9480804774
KSP2887,CPI Shanthigrama Circle,CPI,Shanthigrama Circle,L&O,Hassan,,,9480804737,cpiruralhsn@ksp.gov.in,cpi shanthigrama circle cpi shanthigrama circle l&o hassan 9480804737 cpiruralhsn@ksp.gov.in
KSP2888,PSI SHANTHIGRAMA,PSI,SHANTHIGRAMA PS,L&O,Hassan,,,9480804783,sgramahsn@ksp.gov.in,psi shanthigrama psi shanthigrama ps l&o hassan 9480804783 sgramahsn@ksp.gov.in
KSP2889,PSI GORUR,PSI,GORUR PS,L&O,Hassan,,,9480804750,gorurhsn@ksp.gov.in,psi gorur psi gorur ps l&o hassan 9480804750 gorurhsn@ksp.gov.in
KSP2890,PSI DUDDA,PSI,DUDDA PS,L&O,Hassan,,,9480804751,duddahsn@ksp.gov.in,psi dudda psi dudda ps l&o hassan 9480804751 duddahsn@ksp.gov.in
KSP2891,DySP Arasikere,DySP,Arasikere,L&O,Hassan,,,9480804721,sdpoarasikerehsn@ksp.gov.in,dysp arasikere dysp arasikere l&o hassan 9480804721 sdpoarasikerehsn@ksp.gov.in
KSP2892,CPI Arasikere Rural Circle,CPI,Arasikere Rural Circle,L&O,Hassan,,,9480804731,cpiarasikereruralhsn@ksp.gov.in,cpi arasikere rural circle cpi arasikere rural circle l&o hassan 9480804731 cpiarasikereruralhsn@ksp.gov.in
KSP2893,PSI GANDPS,PSI,GANDPS,L&O,Hassan,,,9480804755,gandasihsn@ksp.gov.in,psi gandps psi gandps l&o hassan 9480804755 gandasihsn@ksp.gov.in
KSP2894,PSI JAVAGAL,PSI,JAVAGAL PS,L&O,Hassan,,,9480804784,javgalhsn@ksp.gov.in,psi javagal psi javagal ps l&o hassan 9480804784 javgalhsn@ksp.gov.in
KSP2895,PSI BANAVARA,PSI,BANAVARA PS,L&O,Hassan,,,9480804756,banavarahsn@ksp.gov.in,psi banavara psi banavara ps l&o hassan 9480804756 banavarahsn@ksp.gov.in
KSP2896,PI Arasikere Rural,PI,Arasikere Rural PS,L&O,Hassan,,,9480804754,arasikereruralhsn@ksp.gov.in,pi arasikere rural pi arasikere rural ps l&o hassan 9480804754 arasikereruralhsn@ksp.gov.in
KSP2897,PI Arasikere Town,PI,Arasikere Town PS,L&O,Hassan,,,9480804738,arasikeretownhsn@ksp.gov.in,pi arasikere town pi arasikere town ps l&o hassan 9480804738 arasikeretownhsn@ksp.gov.in
KSP2898,PSI-1 Arasikere Town,PSI-1,Arasikere Town PS,L&O,Hassan,,,9480804753,,psi-1 arasikere town psi-1 arasikere town ps l&o hassan 9480804753
KSP2899,CPI Halebeedu Circle,CPI,Halebeedu Circle,L&O,Hassan,,,9480804732,cpibelurhsn@ksp.gov.in,cpi halebeedu circle cpi halebeedu circle l&o hassan 9480804732 cpibelurhsn@ksp.gov.in
KSP2900,PSI HALEBEEDU,PSI,HALEBEEDU PS,L&O,Hassan,,,9480804758,halebeeduhsn@ksp.gov.in,psi halebeedu psi halebeedu ps l&o hassan 9480804758 halebeeduhsn@ksp.gov.in
KSP2901,PSI AREHALLI,PSI,AREHALLI PS,L&O,Hassan,,,9480804759,arehallyhsn@ksp.gov.in,psi arehalli psi arehalli ps l&o hassan 9480804759 arehallyhsn@ksp.gov.in
KSP2902,PI Belur,PI,Belur PS,L&O,Hassan,,,9480804782,belurhsn@ksp.gov.in,pi belur pi belur ps l&o hassan 9480804782 belurhsn@ksp.gov.in
KSP2903,PSI Belur,PSI,Belur PS,L&O,Hassan,,,9480804757,,psi belur psi belur ps l&o hassan 9480804757
KSP2904,ASP Holenarsipura,ASP,Holenarsipura,L&O,Hassan,,,9480804722,sdpohnpurahsn@ksp.gov.in,asp holenarsipura asp holenarsipura l&o hassan 9480804722 sdpohnpurahsn@ksp.gov.in
KSP2905,CPI Holenarsipura Circle,CPI,Holenarsipura Circle,L&O,Hassan,,,9480804735,cpihnpurahsn@ksp.gov.in,cpi holenarsipura circle cpi holenarsipura circle l&o hassan 9480804735 cpihnpurahsn@ksp.gov.in
KSP2906,PSI-1 H.N.PURA (T),PSI-1,H.N.PURA (T) PS,L&O,Hassan,,,9480804765,hnpuratownhsn@ksp.gov.in,psi-1 h.n.pura (t) psi-1 h.n.pura (t) ps l&o hassan 9480804765 hnpuratownhsn@ksp.gov.in
KSP2907,PSI H.N.PURA (R),PSI,H.N.PURA (R) PS,L&O,Hassan,,,9480804766,hnpuraruralhsn@ksp.gov.in,psi h.n.pura (r) psi h.n.pura (r) ps l&o hassan 9480804766 hnpuraruralhsn@ksp.gov.in
KSP2908,PSI HALLI,PSI,HALLI MYSURU PS,L&O,Hassan,,,9480804780,,psi halli psi halli mysuru ps l&o hassan 9480804780
KSP2909,CPI Arakalagudu,CPI,Arakalagudu PS,L&O,Hassan,,,9480804734,cpiarkalgudhsn@ksp.gov.in,cpi arakalagudu cpi arakalagudu ps l&o hassan 9480804734 cpiarkalgudhsn@ksp.gov.in
KSP2910,PSI ARAKALAGUDU,PSI,ARAKALAGUDU PS,L&O,Hassan,,,9480804763,arkalgudhsn@ksp.gov.in,psi arakalagudu psi arakalagudu ps l&o hassan 9480804763 arkalgudhsn@ksp.gov.in
KSP2911,PSI KONANUR,PSI,KONANUR PS,L&O,Hassan,,,9480804764,konanurhsn@ksp.gov.in,psi konanur psi konanur ps l&o hassan 9480804764 konanurhsn@ksp.gov.in
KSP2912,DySP Channarayapatna,DySP,Channarayapatna,L&O,Hassan,,,9480804712,,dysp channarayapatna dysp channarayapatna l&o hassan 9480804712
KSP2913,PI C.R.PATNA (T),PI,C.R.PATNA (T) PS,L&O,Hassan,,,9480804767,crpatnatownhsn@ksp.gov.in,pi c.r.patna (t) pi c.r.patna (t) ps l&o hassan 9480804767 crpatnatownhsn@ksp.gov.in
KSP2914,PSI C.R.PATNA (T),PSI,C.R.PATNA (T) PS,L&O,Hassan,,,9480804779,,psi c.r.patna (t) psi c.r.patna (t) ps l&o hassan 9480804779
KSP2915,PSI C.R.PATNA TRAFFIC,PSI,C.R.PATNA TRAFFIC PS,Traffic,Hassan,,,9480804775,,psi c.r.patna traffic psi c.r.patna traffic ps traffic hassan 9480804775
KSP2916,PI C.R.PATNA (R),PI,C.R.PATNA (R) PS,L&O,Hassan,,,9480804768,crpatnaruralhsn@ksp.gov.in,pi c.r.patna (r) pi c.r.patna (r) ps l&o hassan 9480804768 crpatnaruralhsn@ksp.gov.in
KSP2917,PSI C.R.PATNA (R),PSI,C.R.PATNA (R) PS,L&O,Hassan,,,8277959700,,psi c.r.patna (r) psi c.r.patna (r) ps l&o hassan 8277959700
KSP2918,CPI Hiresave Circle,CPI,Hiresave Circle,L&O,Hassan,,,9480804736,cpihirisavehsn@ksp.gov.in,cpi hiresave circle cpi hiresave circle l&o hassan 9480804736 cpihirisavehsn@ksp.gov.in
KSP2919,PSI HIRESAVE,PSI,HIRESAVE PS,L&O,Hassan,,,9480804770,hirisavehsn@ksp.gov.in,psi hiresave psi hiresave ps l&o hassan 9480804770 hirisavehsn@ksp.gov.in
KSP2920,PSI NUGGEHALLI,PSI,NUGGEHALLI PS,L&O,Hassan,,,9480804769,nuggehallyhsn@ksp.gov.in,psi nuggehalli psi nuggehalli ps l&o hassan 9480804769 nuggehallyhsn@ksp.gov.in
KSP2921,PSI SHRAVANABELAGOLA,PSI,SHRAVANABELAGOLA PS,L&O,Hassan,,,9480804771,shravanabelagolahsn@ksp.gov.in,psi shravanabelagola psi shravanabelagola ps l&o hassan 9480804771 shravanabelagolahsn@ksp.gov.in
KSP2922,DySP Sakaleshapura,DySP,Sakaleshapura,L&O,Hassan,,,9480804723,sdposakaleshapurahsn@ksp.gov.in,dysp sakaleshapura dysp sakaleshapura l&o hassan 9480804723 sdposakaleshapurahsn@ksp.gov.in
KSP2923,PI Sakaleshapura Town,PI,Sakaleshapura Town PS,L&O,Hassan,,,9480804760,sakaleshapuratownhsn@ksp.gov.in,pi sakaleshapura town pi sakaleshapura town ps l&o hassan 9480804760 sakaleshapuratownhsn@ksp.gov.in
KSP2924,PSI Sakaleshapura Town,PSI,Sakaleshapura Town PS,L&O,Hassan,,,9480804781,,psi sakaleshapura town psi sakaleshapura town ps l&o hassan 9480804781
KSP2925,CPI Sakaleshapura Circle,CPI,Sakaleshapura Circle,L&O,Hassan,,,9480804733,cpisakaleshapurahsn@ksp.gov.in,cpi sakaleshapura circle cpi sakaleshapura circle l&o hassan 9480804733 cpisakaleshapurahsn@ksp.gov.in
KSP2926,PSI-1 SAKALESHAPURA (R),PSI-1,SAKALESHAPURA (R) PS,L&O,Hassan,,,9480804761,sakaleshapuraruralhsn@ksp.gov.in,psi-1 sakaleshapura (r) psi-1 sakaleshapura (r) ps l&o hassan 9480804761 sakaleshapuraruralhsn@ksp.gov.in
KSP2927,PSI-2 SAKALESHAPURA (R),PSI-2,SAKALESHAPURA (R) PS,L&O,Hassan,,,8277959538,,psi-2 sakaleshapura (r) psi-2 sakaleshapura (r) ps l&o hassan 8277959538
KSP2928,PSI YESALUR,PSI,YESALUR PS,L&O,Hassan,,,9480804762,yeslurhsn@ksp.gov.in,psi yesalur psi yesalur ps l&o hassan 9480804762 yeslurhsn@ksp.gov.in
KSP2929,PI Alur,PI,Alur PS,L&O,Hassan,,,9480804739,alurhsn@ksp.gov.in,pi alur pi alur ps l&o hassan 9480804739 alurhsn@ksp.gov.in
KSP2930,PSI-1 Alur,PSI-1,Alur PS,L&O,Hassan,,,9480804752,,psi-1 alur psi-1 alur ps l&o hassan 9480804752
KSP2931,AAO,AAO,,Range HQ,Mysuru,,,,aaomcr@ksp.gov.in,aao range hq mysuru aaomcr@ksp.gov.in
KSP2932,DySP DAR Hassan,DySP,DAR Hassan,DAR,Hassan,,,9480804706,darhsn@ksp.gov.in,dysp dar hassan dysp dar hassan dar hassan 9480804706 darhsn@ksp.gov.in
KSP2933,RPI DAR Hassan,RPI,DAR Hassan,DAR,Hassan,,,9480804740,darhassan@ksp.gov.in,rpi dar hassan rpi dar hassan dar hassan 9480804740 darhassan@ksp.gov.in
KSP2934,PI DSB Hassan,PI,DSB Hassan,DSB,Hassan,,,9480804707,dsbhsn@ksp.gov.in,pi dsb hassan pi dsb hassan dsb hassan 9480804707 dsbhsn@ksp.gov.in
KSP2935,PI DCRB Hassan,PI,DCRB Hassan,DCRB,Hassan,,,9480804709,dcbhsn@ksp.gov.in,pi dcrb hassan pi dcrb hassan dcrb hassan 9480804709 dcbhsn@ksp.gov.in
KSP2936,DySP ACB,DySP,ACB,ACB,Hassan,,,9480806223,,dysp acb dysp acb hassan 9480806223
KSP2937,DySP INT,DySP,INT,HQ,Hassan,,,9449878528,,dysp int dysp int hq hassan 9449878528
KSP2938,PI ISD,PI,ISD,ISD,Hassan,,,9480800686,piisdrcr@ksp.gov.in,pi isd pi isd hassan 9480800686 piisdrcr@ksp.gov.in
KSP2939,PSI System Admin,PSI,System Admin,Computer,Hassan,,,9480804777,,psi system admin psi system admin computer hassan 9480804777
KSP2940,System Admin,,System Admin,Computer,Hassan,,,9480806039,,system admin computer hassan 9480806039
KSP2941,Homeguard,,Homeguard,Home Guard,Ramanagara,,,,,homeguard home guard ramanagara
KSP2942,Sub-Jail,,Sub-Jail,Prison,Hassan,,,,,sub-jail prison hassan
KSP2943,Railway OP Hassan,,Railway OP Hassan,Railway,Hassan,,,08172-268617,,railway op hassan railway hassan 08172-268617
KSP2944,PSI Railway Arsikere,PSI,PSI Railway Arsikere,Railways,Hassan,,,08174-232244,,psi railway arsikere psi railways hassan 08174-232244
KSP2945,SP Mandya,SP,Mandya,L&O,Mandya,,,08232-224500,spmdy@ksp.gov.in,sp mandya sp mandya l&o 08232-224500 spmdy@ksp.gov.in
KSP2946,Addl. SP Mandya,Addl. SP,Mandya,L&O,Mandya,,,9480804802,addlspmdy@ksp.gov.in,addl. sp mandya addl. sp mandya l&o 9480804802 addlspmdy@ksp.gov.in
KSP2947,Addl. SP Mandya,Addl. SP,Mandya,L&O,Mandya,,,9480804803,addlsp2mdy@ksp.gov.in,addl. sp mandya addl. sp mandya l&o 9480804803 addlsp2mdy@ksp.gov.in
KSP2948,Dist. C/Room,,Dist. C/Room,C/Room,Mysuru,,,9480804800,dcmcr@ksp.gov.in,dist. c/room c/room mysuru 9480804800 dcmcr@ksp.gov.in
KSP2949,PI(W) PI Wireless,PI (W),PI Wireless,Wireless,Mandya,,,9480800938,pcrvjn@gmail.com,pi(w) pi wireless pi (w) pi wireless wireless mandya 9480800938 pcrvjn@gmail.com
KSP2950,DySP Mandya,DySP,Mandya,L&O,Mandya,,,9480804820,sdpomdy@ksp.gov.in,dysp mandya dysp mandya l&o 9480804820 sdpomdy@ksp.gov.in
KSP2951,PI WOMEN,PI,WOMEN PS,L&O,Uttara Kannada,,,,womenpsrcr@ksp.gov.in,pi women pi women ps l&o uttara kannada womenpsrcr@ksp.gov.in
KSP2952,PI CEN,PI,CEN PS,CEN,Mandya,,,9480804878,cenpsrcr@ksp.gov.in,pi cen pi cen ps cen mandya 9480804878 cenpsrcr@ksp.gov.in
KSP2953,PI Mandya West,PI,Mandya West PS,L&O,Mandya,,,9480804845,westmdy@ksp.gov.in,pi mandya west pi mandya west ps l&o mandya 9480804845 westmdy@ksp.gov.in
KSP2954,CPI Mandya Town Circle,CPI,Mandya Town Circle,L&O,Mandya,,,9480804830,cpitownmdy@ksp.gov.in,cpi mandya town circle cpi mandya town circle l&o mandya 9480804830 cpitownmdy@ksp.gov.in
KSP2955,PSI-1 MANDYA EAST,PSI-1,MANDYA EAST PS,L&O,Mandya,,,9480804846,eastmdy@ksp.gov.in,psi-1 mandya east psi-1 mandya east ps l&o mandya 9480804846 eastmdy@ksp.gov.in
KSP2956,PSI MANDYA CENTRAL,PSI,MANDYA CENTRAL PS,CEN,Mandya,,,9480804873,,psi mandya central psi mandya central ps cen mandya 9480804873
KSP2957,PI Mandya Traffic,PI,Mandya Traffic PS,Traffic,Mandya,,,9480804848,trafficmdy@ksp.gov.in,pi mandya traffic pi mandya traffic ps traffic mandya 9480804848 trafficmdy@ksp.gov.in
KSP2958,CPI Keregodu Circle,CPI,Keregodu Circle,L&O,Mandya,,,9480804831,cpiruralmdy@ksp.gov.in,cpi keregodu circle cpi keregodu circle l&o mandya 9480804831 cpiruralmdy@ksp.gov.in
KSP2959,PSI KEREGODU,PSI,KEREGODU PS,L&O,Mandya,,,9480804851,keragodumdy@ksp.gov.in,psi keregodu psi keregodu ps l&o mandya 9480804851 keragodumdy@ksp.gov.in
KSP2960,PSI SHIVALLI,PSI,SHIVALLI PS,L&O,Mandya,,,9480804849,shivallimdy@ksp.gov.in,psi shivalli psi shivalli ps l&o mandya 9480804849 shivallimdy@ksp.gov.in
KSP2961,PSI BASARALU,PSI,BASARALU PS,L&O,Mandya,,,9480804850,basaralumdy@ksp.gov.in,psi basaralu psi basaralu ps l&o mandya 9480804850 basaralumdy@ksp.gov.in
KSP2962,PI MANDYA (R),PI,MANDYA (R) PS,L&O,Mandya,,,9480804808,,pi mandya (r) pi mandya (r) ps l&o mandya 9480804808
KSP2963,PSI MANDYA (R),PSI,MANDYA (R) PS,L&O,Mandya,,,9480804847,ruralmdy@ksp.gov.in,psi mandya (r) psi mandya (r) ps l&o mandya 9480804847 ruralmdy@ksp.gov.in
KSP2964,DySP Nagamangala,DySP,Nagamangala,L&O,Mandya,,,9480804876,sdponmangalamdy@ksp.gov.in,dysp nagamangala dysp nagamangala l&o mandya 9480804876 sdponmangalamdy@ksp.gov.in
KSP2965,CPI Nagamangala Circle,CPI,Nagamangala Circle,L&O,Mandya,,,9480804837,cpinmangalamdy@ksp.gov.in,cpi nagamangala circle cpi nagamangala circle l&o mandya 9480804837 cpinmangalamdy@ksp.gov.in
KSP2966,PSI NAGAMANGALA (R),PSI,NAGAMANGALA (R) PS,L&O,Mandya,,,9480804877,nmangalaruralmdy@ksp.gov.in,psi nagamangala (r) psi nagamangala (r) ps l&o mandya 9480804877 nmangalaruralmdy@ksp.gov.in
KSP2967,PSI BELLUR,PSI,BELLUR PS,L&O,Mandya,,,9480804853,bellurmdy@ksp.gov.in,psi bellur psi bellur ps l&o mandya 9480804853 bellurmdy@ksp.gov.in
KSP2968,PSI BINDIGANAVILE,PSI,BINDIGANAVILE PS,L&O,Mandya,,,9480804854,bnavilemdy@ksp.gov.in,psi bindiganavile psi bindiganavile ps l&o mandya 9480804854 bnavilemdy@ksp.gov.in
KSP2969,PI Nagamangala Town,PI,Nagamangala Town PS,L&O,Mandya,,,9480804852,nmangalamdy@ksp.gov.in,pi nagamangala town pi nagamangala town ps l&o mandya 9480804852 nmangalamdy@ksp.gov.in
KSP2970,PSI Nagamangala Town,PSI,Nagamangala Town PS,L&O,Mandya,,,,,psi nagamangala town psi nagamangala town ps l&o mandya
KSP2971,PI K.R.PET (T),PI,K.R.PET (T) PS,L&O,Mandya,,,9480804833,cpikrpetmdy@ksp.gov.in,pi k.r.pet (t) pi k.r.pet (t) ps l&o mandya 9480804833 cpikrpetmdy@ksp.gov.in
KSP2972,PSI K.R.PET (T),PSI,K.R.PET (T) PS,L&O,Mandya,,,9480804859,krpettownmdy@ksp.gov.in,psi k.r.pet (t) psi k.r.pet (t) ps l&o mandya 9480804859 krpettownmdy@ksp.gov.in
KSP2973,PI K.R.PET (R),PI,K.R.PET (R) PS,L&O,Mandya,,,9480804860,krpetruralmdy@ksp.gov.in,pi k.r.pet (r) pi k.r.pet (r) ps l&o mandya 9480804860 krpetruralmdy@ksp.gov.in
KSP2974,PSI K.R.PET (R),PSI,K.R.PET (R) PS,L&O,Mandya,,,,,psi k.r.pet (r) psi k.r.pet (r) ps l&o mandya
KSP2975,PI Kikkeri,PI,Kikkeri PS,L&O,Mandya,,,9480804861,kikkerimdy@ksp.gov.in,pi kikkeri pi kikkeri ps l&o mandya 9480804861 kikkerimdy@ksp.gov.in
KSP2976,DySP Malavalli,DySP,Malavalli,L&O,Mandya,,,9480804822,sdpomalavallimdy@ksp.gov.in,dysp malavalli dysp malavalli l&o mandya 9480804822 sdpomalavallimdy@ksp.gov.in
KSP2977,PI Malavalli Town,PI,Malavalli Town PS,L&O,Mandya,,,9480804862,malavallitownmdy@ksp.gov.in,pi malavalli town pi malavalli town ps l&o mandya 9480804862 malavallitownmdy@ksp.gov.in
KSP2978,PSI Malavalli (T),PSI,Malavalli (T) PS,L&O,Mysuru,,,,,psi malavalli (t) psi malavalli (t) ps l&o mysuru
KSP2979,PI MALAVALLI (R),PI,MALAVALLI (R) PS,L&O,Mandya,,,9480804863,malavalliruralmdy@ksp.gov.in,pi malavalli (r) pi malavalli (r) ps l&o mandya 9480804863 malavalliruralmdy@ksp.gov.in
KSP2980,PSI MALAVALLI (R),PSI,MALAVALLI (R) PS,L&O,Mandya,,,,,psi malavalli (r) psi malavalli (r) ps l&o mandya
KSP2981,PI K.M.Doddi,PI,K.M.Doddi PS,L&O,Mandya,,,9480804835,cpikmdoddimdy@ksp.gov.in,pi k.m.doddi pi k.m.doddi ps l&o mandya 9480804835 cpikmdoddimdy@ksp.gov.in
KSP2982,PSI K.M.Doddi,PSI,K.M.Doddi PS,L&O,Mandya,,,9480804867,kmdoddimdy@ksp.gov.in,psi k.m.doddi psi k.m.doddi ps l&o mandya 9480804867 kmdoddimdy@ksp.gov.in
KSP2983,CPI Halagur Circle,CPI,Halagur Circle,L&O,Mandya,,,9480804834,,cpi halagur circle cpi halagur circle l&o mandya 9480804834
KSP2984,PSI KIRUGAVALU,PSI,KIRUGAVALU PS,L&O,Mandya,,,9480804866,kiragavalumdy@ksp.gov.in,psi kirugavalu psi kirugavalu ps l&o mandya 9480804866 kiragavalumdy@ksp.gov.in
KSP2985,PSI KIRUGAVALU,PSI,KIRUGAVALU PS,L&O,Mandya,,,9480804864,kiragavalumdy@ksp.gov.in,psi kirugavalu psi kirugavalu ps l&o mandya 9480804864 kiragavalumdy@ksp.gov.in
KSP2986,PSI BELAKAVADI,PSI,BELAKAVADI PS,L&O,Mandya,,,9480804865,belakavadimdy@ksp.gov.in,psi belakavadi psi belakavadi ps l&o mandya 9480804865 belakavadimdy@ksp.gov.in
KSP2987,CPI Maddur Rural Circle,CPI,Maddur Rural Circle,L&O,Mandya,,,9480804836,cpimaddurmdy@ksp.gov.in,cpi maddur rural circle cpi maddur rural circle l&o mandya 9480804836 cpimaddurmdy@ksp.gov.in
KSP2988,PSI BESAGARAHALLI,PSI,BESAGARAHALLI PS,L&O,Mandya,,,9480804871,besagarahallimdy@ksp.gov.in,psi besagarahalli psi besagarahalli ps l&o mandya 9480804871 besagarahallimdy@ksp.gov.in
KSP2989,PSI KOPPA,PSI,KOPPA PS,L&O,Mandya,,,9480804870,koppackm@ksp.gov.in,psi koppa psi koppa ps l&o mandya 9480804870 koppackm@ksp.gov.in
KSP2990,PSI KESTHUR,PSI,KESTHUR PS,L&O,Mandya,,,9480804868,kesturmdy@ksp.gov.in,psi kesthur psi kesthur ps l&o mandya 9480804868 kesturmdy@ksp.gov.in
KSP2991,PSI MADDUR TRAFFIC,PSI,MADDUR TRAFFIC PS,Traffic,Mandya,,,9480804880,maduurtrafficmdy@ksp.gov.in,psi maddur traffic psi maddur traffic ps traffic mandya 9480804880 maduurtrafficmdy@ksp.gov.in
KSP2992,PI Maddur,PI,Maddur PS,L&O,Mandya,,,9480804869,maddurmdy@ksp.gov.in,pi maddur pi maddur ps l&o mandya 9480804869 maddurmdy@ksp.gov.in
KSP2993,PSI Maddur,PSI,Maddur PS,L&O,Mysuru,,,,,psi maddur psi maddur ps l&o mysuru
KSP2994,DySP S.R.Patna,DySP,S.R.Patna,L&O,Mandya,,,9480804821,sdporpatnamdy@ksp.gov.in,dysp s.r.patna dysp s.r.patna l&o mandya 9480804821 sdporpatnamdy@ksp.gov.in
KSP2995,CPI K.R.Sagar Circle,CPI,K.R.Sagar Circle,L&O,Mandya,,,9480804832,cpisrpatnamdy@ksp.gov.in,cpi k.r.sagar circle cpi k.r.sagar circle l&o mandya 9480804832 cpisrpatnamdy@ksp.gov.in
KSP2996,PSI K.R.SAGAR,PSI,K.R.SAGAR PS,L&O,Mandya,,,9480804856,,psi k.r.sagar psi k.r.sagar ps l&o mandya 9480804856
KSP2997,PSI ARAKERE,PSI,ARAKERE PS,L&O,Mandya,,,9480804857,arakeremdy@ksp.gov.in,psi arakere psi arakere ps l&o mandya 9480804857 arakeremdy@ksp.gov.in
KSP2998,PSI Kyathanahalli,PSI,Kyathanahalli PS,L&O,Mysuru,,,,,psi kyathanahalli psi kyathanahalli ps l&o mysuru
KSP2999,PI S.R.PATNA(T),PI,S.R.PATNA(T) PS,L&O,Mandya,,,9480804855,srpatnamdy@ksp.gov.in,pi s.r.patna(t) pi s.r.patna(t) ps l&o mandya 9480804855 srpatnamdy@ksp.gov.in
KSP3000,PSI S.R.Patna (T),PSI,S.R.Patna (T) PS,L&O,Mysuru,,,,,psi s.r.patna (t) psi s.r.patna (t) ps l&o mysuru
KSP3001,Gangajam OP,,Gangajam OP,L&O,Mysuru,,,,,gangajam op l&o mysuru
KSP3002,PI S.R.PATNA (R),PI,S.R.PATNA (R) PS,L&O,Mandya,,,9480804875,srpatnaruralmdy@ksp.gov.in,pi s.r.patna (r) pi s.r.patna (r) ps l&o mandya 9480804875 srpatnaruralmdy@ksp.gov.in
KSP3003,PSI S.R.Patna (R),PSI,S.R.Patna (R) PS,L&O,Mysuru,,,,,psi s.r.patna (r) psi s.r.patna (r) ps l&o mysuru
KSP3004,PI Pandavapura,PI,Pandavapura PS,L&O,Mandya,,,9480804858,,pi pandavapura pi pandavapura ps l&o mandya 9480804858
KSP3005,PSI Pandavapura,PSI,Pandavapura PS,L&O,Mandya,,,9480804874,ppuramdy@ksp.gov.in,psi pandavapura psi pandavapura ps l&o mandya 9480804874 ppuramdy@ksp.gov.in
KSP3006,PI Melukote,PI,Melukote PS,L&O,Mandya,,,,,pi melukote pi melukote ps l&o mandya
KSP3007,PSI Melukote,PSI,Melukote PS,L&O,Mandya,,,9480804879,melukotemdy@ksp.gov.in,psi melukote psi melukote ps l&o mandya 9480804879 melukotemdy@ksp.gov.in
KSP3008,Melukote,,Melukote PS,L&O,Mandya,,,,,melukote melukote ps l&o mandya
KSP3009,AAO,AAO,,Range HQ,Mysuru,,,,aaomcr@ksp.gov.in,aao range hq mysuru aaomcr@ksp.gov.in
KSP3010,DySP KLA,DySP,KLA,KLA,Raichur,,,,,dysp kla dysp kla raichur
KSP3011,DySP INT,DySP,INT,HQ,Vijayapura,,,,,dysp int dysp int hq vijayapura
KSP3012,RPI DSP DAR,RPI,DSP DAR,DAR,Mandya,,,9480804806,pmtchn@ksp.gov.in,rpi dsp dar rpi dsp dar dar mandya 9480804806 pmtchn@ksp.gov.in
KSP3013,RPI DAR,RPI,DAR,DAR,Mandya,,,9480804872,darvjn@ksp.gov.in,rpi dar rpi dar mandya 9480804872 darvjn@ksp.gov.in
KSP3014,RPI MTO DAR,RPI,MTO DAR,DAR,Chitradurga,,,,,rpi mto dar rpi mto dar dar chitradurga
KSP3015,PI INT,PI,INT,HQ,Yadgiri,,,,piintblr@ksp.gov.in,pi int pi int hq yadgiri piintblr@ksp.gov.in
KSP3016,PI KLA,PI,KLA,KLA,Bagalkote,,,,,pi kla pi kla bagalkote
KSP3017,PI ISD,PI,ISD,ISD,Mandya,,,9480800694,piisdrcr@ksp.gov.in,pi isd pi isd mandya 9480800694 piisdrcr@ksp.gov.in
KSP3018,PI DCRB CDR Section,PI,DCRB CDR Section,DCRB,Mandya,,,9480804809,dcrbmdy@ksp.gov.in,pi dcrb cdr section pi dcrb cdr section dcrb mandya 9480804809 dcrbmdy@ksp.gov.in
KSP3019,PI DSB,PI,DSB,DSB,Mandya,,,9480804807,dsbrrcr@ksp.gov.in,pi dsb pi dsb mandya 9480804807 dsbrrcr@ksp.gov.in
KSP3020,PI FPB,PI,FPB,FPB,Mandya,,,9480804810,,pi fpb pi fpb mandya 9480804810
KSP3021,Police Canteen,,Police Canteen,Canteen,Mandya,,,,,police canteen canteen mandya
KSP3022,Jail,,Jail,Prison,Mandya,,,,,jail prison mandya
KSP3023,Homeguard,,Homeguard,Home Guard,Ramanagara,,,,,homeguard home guard ramanagara
KSP3024,SP Chamarajanagara,SP,Chamarajanagara,L&O,Chamarajanagara,,,9480804601,spchn@ksp.gov.in,sp chamarajanagara sp chamarajanagara l&o 9480804601 spchn@ksp.gov.in
KSP3025,Addl. SP Chamarajanagara,Addl. SP,Chamarajanagara,L&O,Chamarajanagara,,,9480804602,addlspchn@ksp.gov.in,addl. sp chamarajanagara addl. sp chamarajanagara l&o 9480804602 addlspchn@ksp.gov.in
KSP3026,Dist. C/Room,,Dist. C/Room,C/Room,Mysuru,,,9480804600,dcmcr@ksp.gov.in,dist. c/room c/room mysuru 9480804600 dcmcr@ksp.gov.in
KSP3027,PI(W) PI Wireless,PI (W),PI Wireless,Wireless,Chamarajanagara,,,9480800937,pcrvjn@gmail.com,pi(w) pi wireless pi (w) pi wireless wireless chamarajanagara 9480800937 pcrvjn@gmail.com
KSP3028,DySP CH-Nagara,DySP,CH-Nagara,L&O,Chamarajanagara,,,9480804620,sdpochn@ksp.gov.in,dysp ch-nagara dysp ch-nagara l&o chamarajanagara 9480804620 sdpochn@ksp.gov.in
KSP3029,PI WOMEN,PI,WOMEN PS,L&O,Uttara Kannada,,,,womenpsrcr@ksp.gov.in,pi women pi women ps l&o uttara kannada womenpsrcr@ksp.gov.in
KSP3030,PI Cyber Crime,PI,Cyber Crime PS,L&O,Mysuru,,,,dcbchn@ksp.gov.in,pi cyber crime pi cyber crime ps l&o mysuru dcbchn@ksp.gov.in
KSP3031,CPI Santhemaralli Circle,CPI,Santhemaralli Circle,L&O,Chamarajanagara,,,9480804630,cpismhallichn@ksp.gov.in,cpi santhemaralli circle cpi santhemaralli circle l&o chamarajanagara 9480804630 cpismhallichn@ksp.gov.in
KSP3032,PSI SANTHEMARALLI,PSI,SANTHEMARALLI PS,L&O,Chamarajanagara,,,9480804650,smhallichn@ksp.gov.in,psi santhemaralli psi santhemaralli ps l&o chamarajanagara 9480804650 smhallichn@ksp.gov.in
KSP3033,PSI KUDER,PSI,KUDER PS,L&O,Chamarajanagara,,,9480804647,kuderuchn@ksp.gov.in,psi kuder psi kuder ps l&o chamarajanagara 9480804647 kuderuchn@ksp.gov.in
KSP3034,PI CH-NAGARA TOWN,PI,CH-NAGARA TOWN PS,L&O,Chamarajanagara,,,9480804645,townchn@ksp.gov.in,pi ch-nagara town pi ch-nagara town ps l&o chamarajanagara 9480804645 townchn@ksp.gov.in
KSP3035,PI CH-NAGARA RURAL,PI,CH-NAGARA RURAL PS,L&O,Chamarajanagara,,,9480804646,ruralchn@ksp.gov.in,pi ch-nagara rural pi ch-nagara rural ps l&o chamarajanagara 9480804646 ruralchn@ksp.gov.in
KSP3036,PI CH-NAGARA EAST,PI,CH-NAGARA EAST PS,L&O,Chamarajanagara,,,9480804648,,pi ch-nagara east pi ch-nagara east ps l&o chamarajanagara 9480804648
KSP3037,PSI CH-NAGARA EAST,PSI,CH-NAGARA EAST PS,L&O,Chamarajanagara,,,,eastchn@ksp.gov.in,psi ch-nagara east psi ch-nagara east ps l&o chamarajanagara eastchn@ksp.gov.in
KSP3038,PSI Ch-Nagara East Traffic,PSI,Ch-Nagara East Traffic PS,L&O,Mysuru,,,,trafficchn@ksp.gov.in,psi ch-nagara east traffic psi ch-nagara east traffic ps l&o mysuru trafficchn@ksp.gov.in
KSP3039,CPI Begur Circle,CPI,Begur Circle,L&O,Chamarajanagara,,,9480804632,cpibegurchn@ksp.gov.in,cpi begur circle cpi begur circle l&o chamarajanagara 9480804632 cpibegurchn@ksp.gov.in
KSP3040,PSI BEGUR,PSI,BEGUR PS,L&O,Chamarajanagara,,,9480804608,begurchn@ksp.gov.in,psi begur psi begur ps l&o chamarajanagara 9480804608 begurchn@ksp.gov.in
KSP3041,PSI TERAKANAMBI,PSI,TERAKANAMBI PS,L&O,Chamarajanagara,,,9480804652,terakanambichn@ksp.gov.in,psi terakanambi psi terakanambi ps l&o chamarajanagara 9480804652 terakanambichn@ksp.gov.in
KSP3042,PI Gundlupete,PI,Gundlupete PS,L&O,Chamarajanagara,,,9480804651,gundlupetechn@ksp.gov.in,pi gundlupete pi gundlupete ps l&o chamarajanagara 9480804651 gundlupetechn@ksp.gov.in
KSP3043,DySP Kollegala,DySP,Kollegala,L&O,Chamarajanagara,,,9480804621,sdpokollegalchn@ksp.gov.in,dysp kollegala dysp kollegala l&o chamarajanagara 9480804621 sdpokollegalchn@ksp.gov.in
KSP3044,CPI Kollegala Circle,CPI,Kollegala Circle,L&O,Chamarajanagara,,,9480804633,cpikollegalchn@ksp.gov.in,cpi kollegala circle cpi kollegala circle l&o chamarajanagara 9480804633 cpikollegalchn@ksp.gov.in
KSP3045,PSI-1 KOLLEGALA TOWN,PSI-1,KOLLEGALA TOWN PS,L&O,Chamarajanagara,,,9480804653,kollegaltownchn@ksp.gov.in,psi-1 kollegala town psi-1 kollegala town ps l&o chamarajanagara 9480804653 kollegaltownchn@ksp.gov.in
KSP3046,PSI-1 KOLLEGALA RURAL,PSI-1,KOLLEGALA RURAL PS,L&O,Chamarajanagara,,,9480804655,kollegalruralchn@ksp.gov.in,psi-1 kollegala rural psi-1 kollegala rural ps l&o chamarajanagara 9480804655 kollegalruralchn@ksp.gov.in
KSP3047,PI Hanuru,PI,Hanuru PS,L&O,Chamarajanagara,,,9480804656,hanurchn@ksp.gov.in,pi hanuru pi hanuru ps l&o chamarajanagara 9480804656 hanurchn@ksp.gov.in
KSP3048,PI Ramapura,PI,Ramapura PS,L&O,Chamarajanagara,,,9480804657,ramapurachn@ksp.gov.in,pi ramapura pi ramapura ps l&o chamarajanagara 9480804657 ramapurachn@ksp.gov.in
KSP3049,PI M.M. Hills,PI,M.M. Hills PS,L&O,Chamarajanagara,,,9480804658,mmhillschn@ksp.gov.in,pi m.m. hills pi m.m. hills ps l&o chamarajanagara 9480804658 mmhillschn@ksp.gov.in
KSP3050,CPI Yelanduru Circle,CPI,Yelanduru Circle,L&O,Chamarajanagara,,,9480804631,cpiyelandurchn@ksp.gov.in,cpi yelanduru circle cpi yelanduru circle l&o chamarajanagara 9480804631 cpiyelandurchn@ksp.gov.in
KSP3051,PSI-1 YELANDURU,PSI-1,YELANDURU PS,L&O,Chamarajanagara,,,9480804649,yelandurchn@ksp.gov.in,psi-1 yelanduru psi-1 yelanduru ps l&o chamarajanagara 9480804649 yelandurchn@ksp.gov.in
KSP3052,PSI AGAR MAMBALLY,PSI,AGAR MAMBALLY PS,L&O,Chamarajanagara,,,9480804654,mamballichn@ksp.gov.in,psi agar mambally psi agar mambally ps l&o chamarajanagara 9480804654 mamballichn@ksp.gov.in
KSP3053,AAO,AAO,,Range HQ,Mysuru,,,,aaomcr@ksp.gov.in,aao range hq mysuru aaomcr@ksp.gov.in
KSP3054,DySP DCRB,DySP,DCRB,DCRB,Chamarajanagara,,,9480804609,dcrbgba@ksp.gov.in,dysp dcrb dysp dcrb chamarajanagara 9480804609 dcrbgba@ksp.gov.in
KSP3055,DySP INT,DySP,INT,HQ,Chamarajanagara,,,9449878607,,dysp int dysp int hq chamarajanagara 9449878607
KSP3056,Cmdt. Home Guard,,Cmdt. Home Guard,Home Guard,Hubballi-Dharwad City,,0836-2533650,,cmdthg@gmail.com,cmdt. home guard home guard hubballi-dharwad city 0836-2533650 cmdthg@gmail.com
KSP3057,PI ISD,PI,ISD,ISD,Chamarajanagara,,,9480800692,piisdrcr@ksp.gov.in,pi isd pi isd chamarajanagara 9480800692 piisdrcr@ksp.gov.in
KSP3058,PI DCRB,PI,DCRB,DCRB,Ramanagara,,,,dcrbrcr@ksp.gov.in,pi dcrb pi dcrb ramanagara dcrbrcr@ksp.gov.in
KSP3059,PI DSB,PI,DSB,DSB,Chamarajanagara,,,9480804607,dsbrrcr@ksp.gov.in,pi dsb pi dsb chamarajanagara 9480804607 dsbrrcr@ksp.gov.in
KSP3060,RPI DSP DAR,RPI,DSP DAR,DAR,Chamarajanagara,,,9480804606,pmtchn@ksp.gov.in,rpi dsp dar rpi dsp dar dar chamarajanagara 9480804606 pmtchn@ksp.gov.in
KSP3061,PI FPB,PI,FPB,FPB,Chamarajanagara,,,9480804610,,pi fpb pi fpb chamarajanagara 9480804610
KSP3062,PI ACB-I,PI,ACB-I,L&O,Mysuru,,,9480806276,,pi acb-i pi acb-i l&o mysuru 9480806276
KSP3063,SP Kodagu,SP,Kodagu,L&O,Kodagu,,,08272-229000,spmcr@ksp.gov.in,sp kodagu sp kodagu l&o 08272-229000 spmcr@ksp.gov.in
KSP3064,Addl. SP Kodagu,Addl. SP,Kodagu,DAR,Kodagu,,,9480804910,addlspmcr@ksp.gov.in,addl. sp kodagu addl. sp kodagu dar 9480804910 addlspmcr@ksp.gov.in
KSP3065,SP Forest Cell  Kodagu,SP,Forest Cell  Kodagu,Forest,Kodagu,,,9480800220,spcidforestmcr@ksp.gov.in,sp forest cell  kodagu sp forest cell  kodagu forest kodagu 9480800220 spcidforestmcr@ksp.gov.in
KSP3066,Dist. C/Room,,Dist. C/Room,C/Room,Mysuru,,,9480804900,dcmcr@ksp.gov.in,dist. c/room c/room mysuru 9480804900 dcmcr@ksp.gov.in
KSP3067,PI(W),PI (W),,L&O,Mysuru,,,9480800939,piwirelesskodagu@gmail.com,pi(w) pi (w) l&o mysuru 9480800939 piwirelesskodagu@gmail.com
KSP3068,DySP Madikeri,DySP,Madikeri,L&O,Kodagu,,,9480804920,sdpomdkmcr@ksp.gov.in,dysp madikeri dysp madikeri l&o kodagu 9480804920 sdpomdkmcr@ksp.gov.in
KSP3069,PI WOMEN,PI,WOMEN PS,L&O,Kodagu,,,8277958200,womenpsrcr@ksp.gov.in,pi women pi women ps l&o kodagu 8277958200 womenpsrcr@ksp.gov.in
KSP3070,DySP CEN,DySP,CEN PS,CEN,Kodagu,,,9480804908,cybercrimeblr@ksp.gov.in,dysp cen dysp cen ps cen kodagu 9480804908 cybercrimeblr@ksp.gov.in
KSP3071,PI Cyber Crime,PI,Cyber Crime PS,L&O,Mysuru,,,,,pi cyber crime pi cyber crime ps l&o mysuru
KSP3072,CPI Madikeri Town Circle,CPI,Madikeri Town Circle,L&O,Kodagu,,,9480804930,cpitownmcr@ksp.gov.in,cpi madikeri town circle cpi madikeri town circle l&o kodagu 9480804930 cpitownmcr@ksp.gov.in
KSP3073,PSI-1 MADIKERI (T),PSI-1,MADIKERI (T) PS,L&O,Kodagu,,,9480804945,madikeritownmcr@ksp.gov.in,psi-1 madikeri (t) psi-1 madikeri (t) ps l&o kodagu 9480804945 madikeritownmcr@ksp.gov.in
KSP3074,PSI-1 MADIKERI TRAFFIC,PSI-1,MADIKERI TRAFFIC PS,Traffic,Kodagu,,,9480804947,trafficmcr@ksp.gov.in,psi-1 madikeri traffic psi-1 madikeri traffic ps traffic kodagu 9480804947 trafficmcr@ksp.gov.in
KSP3075,PSI SIDDAPURA,PSI,SIDDAPURA PS,L&O,Kodagu,,,9480804950,siddapuramcr@ksp.gov.in,psi siddapura psi siddapura ps l&o kodagu 9480804950 siddapuramcr@ksp.gov.in
KSP3076,CPI Madikeri Rural Circle,CPI,Madikeri Rural Circle,L&O,Kodagu,,,9480804931,cpiruralmcr@ksp.gov.in,cpi madikeri rural circle cpi madikeri rural circle l&o kodagu 9480804931 cpiruralmcr@ksp.gov.in
KSP3077,PSI NAPOKLU,PSI,NAPOKLU PS,L&O,Kodagu,,,9480804948,napoklumcr@ksp.gov.in,psi napoklu psi napoklu ps l&o kodagu 9480804948 napoklumcr@ksp.gov.in
KSP3078,PSI BAGMANDALA,PSI,BAGMANDALA PS,L&O,Kodagu,,,9480804949,bhagamandalamcr@ksp.gov.in,psi bagmandala psi bagmandala ps l&o kodagu 9480804949 bhagamandalamcr@ksp.gov.in
KSP3079,Karike OP,,Karike OP,L&O,Mysuru,,,,,karike op l&o mysuru
KSP3080,PI MADIKERI (R),PI,MADIKERI (R) PS,L&O,Kodagu,,,9480804946,madikeriruralmcr@ksp.gov.in,pi madikeri (r) pi madikeri (r) ps l&o kodagu 9480804946 madikeriruralmcr@ksp.gov.in
KSP3081,Chettihalli OP,,Chettihalli OP,L&O,Mysuru,,,,,chettihalli op l&o mysuru
KSP3082,DySP Virajpet,DySP,Virajpet,L&O,Kodagu,,,9480804922,sdpovpetmcr@ksp.gov.in,dysp virajpet dysp virajpet l&o kodagu 9480804922 sdpovpetmcr@ksp.gov.in
KSP3083,CPI Virajpet Circle,CPI,Virajpet Circle,L&O,Kodagu,,,9480804933,cpivpetmcr@ksp.gov.in,cpi virajpet circle cpi virajpet circle l&o kodagu 9480804933 cpivpetmcr@ksp.gov.in
KSP3084,PSI-1 VIRAJPET (T),PSI-1,VIRAJPET (T) PS,L&O,Kodagu,,,9480804955,virajpettownmcr@ksp.gov.in,psi-1 virajpet (t) psi-1 virajpet (t) ps l&o kodagu 9480804955 virajpettownmcr@ksp.gov.in
KSP3085,PSI VIRAJPET (R),PSI,VIRAJPET (R) PS,L&O,Kodagu,,,9480804956,virajpetruralmcr@ksp.gov.in,psi virajpet (r) psi virajpet (r) ps l&o kodagu 9480804956 virajpetruralmcr@ksp.gov.in
KSP3086,CPI Gonikoppa Circle,CPI,Gonikoppa Circle,L&O,Kodagu,,,9480804935,cpigcoppamcr@ksp.gov.in,cpi gonikoppa circle cpi gonikoppa circle l&o kodagu 9480804935 cpigcoppamcr@ksp.gov.in
KSP3087,PSI-1 GONIKOPPA,PSI-1,GONIKOPPA PS,L&O,Kodagu,,,9480804957,gonicoppamcr@ksp.gov.in,psi-1 gonikoppa psi-1 gonikoppa ps l&o kodagu 9480804957 gonicoppamcr@ksp.gov.in
KSP3088,PSI PONNAMPET,PSI,PONNAMPET PS,L&O,Kodagu,,,9480804959,ponnampetmcr@ksp.gov.in,psi ponnampet psi ponnampet ps l&o kodagu 9480804959 ponnampetmcr@ksp.gov.in
KSP3089,CPI Kutta Circle,CPI,Kutta Circle,L&O,Kodagu,,,9480804934,cpikuttamcr@ksp.gov.in,cpi kutta circle cpi kutta circle l&o kodagu 9480804934 cpikuttamcr@ksp.gov.in
KSP3090,PSI KUTTA,PSI,KUTTA PS,L&O,Kodagu,,,9480804958,kuttamcr@ksp.gov.in,psi kutta psi kutta ps l&o kodagu 9480804958 kuttamcr@ksp.gov.in
KSP3091,PSI-1 SRIMANGALA,PSI-1,SRIMANGALA PS,L&O,Kodagu,,,9480804960,srimangalamcr@ksp.gov.in,psi-1 srimangala psi-1 srimangala ps l&o kodagu 9480804960 srimangalamcr@ksp.gov.in
KSP3092,Palibetta OP,,Palibetta OP,L&O,Mysuru,,,,,palibetta op l&o mysuru
KSP3093,DySP Somawarpet,DySP,Somawarpet,L&O,Kodagu,,,9480804921,sdpospetmcr@ksp.gov.in,dysp somawarpet dysp somawarpet l&o kodagu 9480804921 sdpospetmcr@ksp.gov.in
KSP3094,PI KUSHALNAGARA (T),PI,KUSHALNAGARA (T) PS,L&O,Kodagu,,,9480804951,kushalnagarmcr@ksp.gov.in,pi kushalnagara (t) pi kushalnagara (t) ps l&o kodagu 9480804951 kushalnagarmcr@ksp.gov.in
KSP3095,PSI KUSHALNAGAR TRAFFIC,PSI,KUSHALNAGAR TRAFFIC PS,Traffic,Kodagu,,,8277958199,kushalnagartrafficmcr@ksp.gov.in,psi kushalnagar traffic psi kushalnagar traffic ps traffic kodagu 8277958199 kushalnagartrafficmcr@ksp.gov.in
KSP3096,CPI Kushalnagara Circle,CPI,Kushalnagara Circle,L&O,Kodagu,,,9480804932,cpiknagarmcr@ksp.gov.in,cpi kushalnagara circle cpi kushalnagara circle l&o kodagu 9480804932 cpiknagarmcr@ksp.gov.in
KSP3097,PSI-1 KUSHALNAGARA (R),PSI-1,KUSHALNAGARA (R) PS,L&O,Kodagu,,,9480804936,kushalanagararuralmcr@ksp.gov.in,psi-1 kushalnagara (r) psi-1 kushalnagara (r) ps l&o kodagu 9480804936 kushalanagararuralmcr@ksp.gov.in
KSP3098,PSI-2 Kushalnagara (R),PSI-2,Kushalnagara (R) PS,L&O,Mysuru,,,,,psi-2 kushalnagara (r) psi-2 kushalnagara (r) ps l&o mysuru
KSP3099,PSI SUNTIKOPPA,PSI,SUNTIKOPPA PS,L&O,Kodagu,,,9480804953,sunticoppamcr@ksp.gov.in,psi suntikoppa psi suntikoppa ps l&o kodagu 9480804953 sunticoppamcr@ksp.gov.in
KSP3100,PI Somawarpet,PI,Somawarpet PS,L&O,Kodagu,,,9480804952,cpispetmcr@ksp.gov.in,pi somawarpet pi somawarpet ps l&o kodagu 9480804952 cpispetmcr@ksp.gov.in
KSP3101,PSI-1 Somawarpet,PSI-1,Somawarpet PS,L&O,Mysuru,,,,somawarpetmcr@ksp.gov.in,psi-1 somawarpet psi-1 somawarpet ps l&o mysuru somawarpetmcr@ksp.gov.in
KSP3102,PI Shanivarasanthe,PI,Shanivarasanthe PS,L&O,Kodagu,,,9480804954,shanivarasanthemcr@ksp.gov.in,pi shanivarasanthe pi shanivarasanthe ps l&o kodagu 9480804954 shanivarasanthemcr@ksp.gov.in
KSP3103,AAO,AAO,,Range HQ,Mysuru,,,,aaomcr@ksp.gov.in,aao range hq mysuru aaomcr@ksp.gov.in
KSP3104,RPI DAR,RPI,DAR,DAR,Kodagu,,,9480804906,darvjn@ksp.gov.in,rpi dar rpi dar kodagu 9480804906 darvjn@ksp.gov.in
KSP3105,PI DCRB,PI,DCRB,DCRB,Ramanagara,,,8277958201,dcrbrcr@ksp.gov.in,pi dcrb pi dcrb ramanagara 8277958201 dcrbrcr@ksp.gov.in
KSP3106,CDR Cell,,CDR Cell,CDR,Kodagu,,,9480804909,spmcrcdr@ksp.gov.in,cdr cell cdr kodagu 9480804909 spmcrcdr@ksp.gov.in
KSP3107,PI DSB,PI,DSB,DSB,Kodagu,,,9480804907,dsbrrcr@ksp.gov.in,pi dsb pi dsb kodagu 9480804907 dsbrrcr@ksp.gov.in
KSP3108,INT,,INT,HQ,Kodagu,,,,mcr.int@ksp.gov.in,int hq kodagu mcr.int@ksp.gov.in
KSP3109,Jail,,Jail,Prison,Mandya,,,,dpmdk.prisons-kar@gov.in,jail prison mandya dpmdk.prisons-kar@gov.in
KSP3110,ISD,,ISD,ISD,Haveri,,,,piisdhsn@ksp.gov.in,isd haveri piisdhsn@ksp.gov.in
KSP3111,Homeguard,,Homeguard,Home Guard,Ramanagara,,,,commandant228427@gmail.com,homeguard home guard ramanagara commandant228427@gmail.com
KSP3112,SP Forest Cell  Kodagu,SP,SP Forest Cell  Kodagu,Forest,Kodagu,,,9480800220,,sp forest cell  kodagu sp forest kodagu 9480800220
KSP3113,DC,,DC,L&O,Mysuru,,,,,dc l&o mysuru
KSP3114,AC,AC,,L&O,Mysuru,,,,,ac l&o mysuru
KSP3115,Tahsildar,,Tahsildar,L&O,Mysuru,,,,,tahsildar l&o mysuru
KSP3116,CEO ZP,,CEO ZP,L&O,Mysuru,,,,,ceo zp l&o mysuru
KSP3117,RTO,,RTO,RTO,Ramanagara,,,,,rto ramanagara
KSP3118,Fire Force,,Fire Force,Fire,Kodagu,,,,,fire force fire kodagu
KSP3119,KPTCL,,KPTCL,L&O,Mysuru,,,,,kptcl l&o mysuru
KSP3120,Excise,,Excise,Excise,Mandya,,,,,excise mandya
KSP3121,DFO,,DFO,L&O,Mysuru,,,,,dfo l&o mysuru
KSP3122,KSRTC,,KSRTC,L&O,Mysuru,,,7760107788,,ksrtc l&o mysuru 7760107788
KSP3123,Govt. Hospital,,Govt. Hospital,L&O,Mysuru,,,,,govt. hospital l&o mysuru
KSP3124,DHO,,DHO,L&O,Mysuru,,,,,dho l&o mysuru
KSP3125,Court,,Court,L&O,Mysuru,,,,,court l&o mysuru
KSP3126,PWD,,PWD,L&O,Mysuru,,,,,pwd l&o mysuru
KSP3127,IGP Western Range,IGP,Western Range,L&O,Mangaluru,,0824-2220501,9480800032,igpwr@ksp.gov.in,igp western range igp western range l&o mangaluru 0824-2220501 9480800032 igpwr@ksp.gov.in
KSP3128,DySP HQ IGP Office,DySP,HQ IGP Office,Admin,Mangaluru,,,9480805318,dsphqigpblr@ksp.gov.in,dysp hq igp office dysp hq igp office admin mangaluru 9480805318 dsphqigpblr@ksp.gov.in
KSP3129,DySP DE IGP Office,DySP,DE IGP Office,Admin,Mangaluru,,,9480805319,dyspdewr@ksp.gov.in,dysp de igp office dysp de igp office admin mangaluru 9480805319 dyspdewr@ksp.gov.in
KSP3130,DySP FPB IGP Office,DySP,FPB IGP Office,FPB,Western,,,9480800486,dspwrfpb@ksp.gov.in,dysp fpb igp office dysp fpb igp office fpb western 9480800486 dspwrfpb@ksp.gov.in
KSP3131,SP Range Office,SP,Range Office,DCRE,Western,,,0824-2453644,spblrdcre@ksp.gov.in,sp range office sp range office dcre western 0824-2453644 spblrdcre@ksp.gov.in
KSP3132,SP Dakshina Kannada,SP,Dakshina Kannada,L&O,Dakshina Kannada,,0824-2220503,9480805301,spmaq@ksp.gov.in,sp dakshina kannada sp dakshina kannada l&o 0824-2220503 9480805301 spmaq@ksp.gov.in
KSP3133,Addl. SP Dakshina Kannada,Addl. SP,Dakshina Kannada,L&O,Dakshina Kannada,,0824-2220505,9480805302,addlspmaq@ksp.gov.in,addl. sp dakshina kannada addl. sp dakshina kannada l&o 0824-2220505 9480805302 addlspmaq@ksp.gov.in
KSP3134,Addl. SP PI FPB MANGALURU DIST,Addl. SP,PI FPB MANGALURU DIST,FPB,Mangaluru,,080-2220513,9480805310,,addl. sp pi fpb mangaluru dist addl. sp pi fpb mangaluru dist fpb mangaluru 080-2220513 9480805310
KSP3135,Dist. C/Room,,Dist. C/Room,C/Room,Dakshina Kannada,,,9480805300,dcckm@ksp.gov.in,dist. c/room c/room dakshina kannada 9480805300 dcckm@ksp.gov.in
KSP3136,PI(W) D.K Dist.,PI (W),D.K Dist.,L&O,Dakshina Kannada,,,9480800941,,pi(w) d.k dist. pi (w) d.k dist. l&o dakshina kannada 9480800941
KSP3137,PI CSP,PI,PI CSP Mangaluru,CSP,Dakshina Kannada,,0824-2451302,9480800574,,pi csp pi pi csp mangaluru csp dakshina kannada 0824-2451302 9480800574
KSP3138,CYBER CRIME,,CYBER CRIME PS,CEN,Bengaluru City,,,9480805308,dcbmaq@ksp.gov.in,cyber crime cyber crime ps cen bengaluru city 9480805308 dcbmaq@ksp.gov.in
KSP3139,DySP Puttur,DySP,Puttur,L&O,Dakshina Kannada,,,9480805321,sdpoputturmaq@ksp.gov.in,dysp puttur dysp puttur l&o dakshina kannada 9480805321 sdpoputturmaq@ksp.gov.in
KSP3140,PI WOMEN,PI,WOMEN PS,L&O,Dakshina Kannada,,,8277986370,womenpsrcr@ksp.gov.in,pi women pi women ps l&o dakshina kannada 8277986370 womenpsrcr@ksp.gov.in
KSP3141,PSI WOMEN,PSI,WOMEN PS,L&O,Dakshina Kannada,,,8277986373,womenydr@ksp.gov.in,psi women psi women ps l&o dakshina kannada 8277986373 womenydr@ksp.gov.in
KSP3142,PI PUTTUR TOWN,PI,PUTTUR TOWN PS,L&O,Dakshina Kannada,,,9480805361,putturtownmaq@ksp.gov.in,pi puttur town pi puttur town ps l&o dakshina kannada 9480805361 putturtownmaq@ksp.gov.in
KSP3143,PSI PUTTUR TRAFFIC,PSI,PUTTUR TRAFFIC PS,Traffic,Dakshina Kannada,,,8277986612,putturtrafficmaq@ksp.gov.in,psi puttur traffic psi puttur traffic ps traffic dakshina kannada 8277986612 putturtrafficmaq@ksp.gov.in
KSP3144,PI PUTTUR (R),PI,PUTTUR (R) PS,L&O,Dakshina Kannada,,,9480805363,putturruralmaq@ksp.gov.in,pi puttur (r) pi puttur (r) ps l&o dakshina kannada 9480805363 putturruralmaq@ksp.gov.in
KSP3145,PSI PUTTUR (R),PSI,PUTTUR (R) PS,L&O,Dakshina Kannada,,,8277986539,,psi puttur (r) psi puttur (r) ps l&o dakshina kannada 8277986539
KSP3146,CPI Puttur (R) Circle,CPI,Puttur (R) Circle,L&O,Dakshina Kannada,,,9480805333,cpiputturruralmaq@ksp.gov.in,cpi puttur (r) circle cpi puttur (r) circle l&o dakshina kannada 9480805333 cpiputturruralmaq@ksp.gov.in
KSP3147,PSI UPPINANGADI,PSI,UPPINANGADI PS,L&O,Dakshina Kannada,,,9480805362,uppinangadymaq@ksp.gov.in,psi uppinangadi psi uppinangadi ps l&o dakshina kannada 9480805362 uppinangadymaq@ksp.gov.in
KSP3148,PSI KADABA,PSI,KADABA PS,L&O,Dakshina Kannada,,,9480805364,kadabamaq@ksp.gov.in,psi kadaba psi kadaba ps l&o dakshina kannada 9480805364 kadabamaq@ksp.gov.in
KSP3149,CPI Sullia Circle,CPI,Sullia Circle,L&O,Dakshina Kannada,,,9480805334,cpisulliamaq@ksp.gov.in,cpi sullia circle cpi sullia circle l&o dakshina kannada 9480805334 cpisulliamaq@ksp.gov.in
KSP3150,PSI-1 SULLIA,PSI-1,SULLIA PS,L&O,Dakshina Kannada,,,9480805365,sulliamaq@ksp.gov.in,psi-1 sullia psi-1 sullia ps l&o dakshina kannada 9480805365 sulliamaq@ksp.gov.in
KSP3151,PSI SUBRAMANYA,PSI,SUBRAMANYA PS,L&O,Dakshina Kannada,,,9480805366,subramanyamaq@ksp.gov.in,psi subramanya psi subramanya ps l&o dakshina kannada 9480805366 subramanyamaq@ksp.gov.in
KSP3152,PSI Bellare,PSI,Bellare,L&O,Dakshina Kannada,,,8277986452,bellaremaq@ksp.gov.in,psi bellare psi bellare l&o dakshina kannada 8277986452 bellaremaq@ksp.gov.in
KSP3153,ASP DSP Bantwala,ASP,DSP Bantwala,L&O,Dakshina Kannada,,,9480805309,sdpobantawalamaq@ksp.gov.in,asp dsp bantwala asp dsp bantwala l&o dakshina kannada 9480805309 sdpobantawalamaq@ksp.gov.in
KSP3154,PI BANTWALA (R),PI,BANTWALA (R) PS,L&O,Dakshina Kannada,,,9480805335,cpibantwalamaq@ksp.gov.in,pi bantwala (r) pi bantwala (r) ps l&o dakshina kannada 9480805335 cpibantwalamaq@ksp.gov.in
KSP3155,PSI BANTWALA (R),PSI,BANTWALA (R) PS,L&O,Dakshina Kannada,,,9480805368,bantwalaruralmaq@ksp.gov.in,psi bantwala (r) psi bantwala (r) ps l&o dakshina kannada 9480805368 bantwalaruralmaq@ksp.gov.in
KSP3156,PI BANTWALA (T),PI,BANTWALA (T) PS,L&O,Dakshina Kannada,,,9480805367,bantwalatownmaq@ksp.gov.in,pi bantwala (t) pi bantwala (t) ps l&o dakshina kannada 9480805367 bantwalatownmaq@ksp.gov.in
KSP3157,PSI BANTWAL (T),PSI,BANTWAL (T) PS,L&O,Dakshina Kannada,,,8277986225,,psi bantwal (t) psi bantwal (t) ps l&o dakshina kannada 8277986225
KSP3158,PSI BANTWALA TRAFFIC,PSI,BANTWALA TRAFFIC PS,Traffic,Dakshina Kannada,,,8277986631,bantwalatrafficmaq@ksp.gov.in,psi bantwala traffic psi bantwala traffic ps traffic dakshina kannada 8277986631 bantwalatrafficmaq@ksp.gov.in
KSP3159,PI VITTLA,PI,VITTLA PS,L&O,Dakshina Kannada,,,9480805369,vittalmaq@ksp.gov.in,pi vittla pi vittla ps l&o dakshina kannada 9480805369 vittalmaq@ksp.gov.in
KSP3160,CPI Belthangadi Circle,CPI,Belthangadi Circle,L&O,Dakshina Kannada,,,9480805336,cpibelthangadymaq@ksp.gov.in,cpi belthangadi circle cpi belthangadi circle l&o dakshina kannada 9480805336 cpibelthangadymaq@ksp.gov.in
KSP3161,PSI PUNJALAKATTE,PSI,PUNJALAKATTE PS,L&O,Dakshina Kannada,,,8277986416,pkattemaq@ksp.gov.in,psi punjalakatte psi punjalakatte ps l&o dakshina kannada 8277986416 pkattemaq@ksp.gov.in
KSP3162,PSI VENOOR,PSI,VENOOR PS,L&O,Dakshina Kannada,,,9480805372,venoormaq@ksp.gov.in,psi venoor psi venoor ps l&o dakshina kannada 9480805372 venoormaq@ksp.gov.in
KSP3163,PSI-1 DHARMASTALA,PSI-1,DHARMASTALA PS,L&O,Dakshina Kannada,,,8277986447,dharmasthalamaq@ksp.gov.in,psi-1 dharmastala psi-1 dharmastala ps l&o dakshina kannada 8277986447 dharmasthalamaq@ksp.gov.in
KSP3164,PI BELTHANGADI,PI,BELTHANGADI PS,L&O,Dakshina Kannada,,,9480805370,belthangadymaq@ksp.gov.in,pi belthangadi pi belthangadi ps l&o dakshina kannada 9480805370 belthangadymaq@ksp.gov.in
KSP3165,PSI BELTHANGADI,PSI,BELTHANGADI PS,L&O,Dakshina Kannada,,,8277986367,,psi belthangadi psi belthangadi ps l&o dakshina kannada 8277986367
KSP3166,PSI-1 BELTHANGADI TRAFFIC,PSI-1,BELTHANGADI TRAFFIC PS,Traffic,Dakshina Kannada,,,8277986304,belthangadytrafficmaq@ksp.gov.in,psi-1 belthangadi traffic psi-1 belthangadi traffic ps traffic dakshina kannada 8277986304 belthangadytrafficmaq@ksp.gov.in
KSP3167,AAO,AAO,,Range HQ,Dakshina Kannada,,,,aaomaq@ksp.gov.in,aao range hq dakshina kannada aaomaq@ksp.gov.in
KSP3168,PI DSB,PI,DSB,DSB,Dakshina Kannada,,,9480805307,dsbrrcr@ksp.gov.in,pi dsb pi dsb dakshina kannada 9480805307 dsbrrcr@ksp.gov.in
KSP3169,RPI MTO,RPI,MTO,CAR,Dakshina Kannada,,,9480805306,mtodargba@ksp.gov.in,rpi mto rpi mto car dakshina kannada 9480805306 mtodargba@ksp.gov.in
KSP3170,PI Railway,PI,Railway Mangaluru,Railways,Mangaluru,,080-2220559,9480800470,mangalorerly@ksp.gov.in,pi railway pi railway mangaluru railways mangaluru 080-2220559 9480800470 mangalorerly@ksp.gov.in
KSP3171,F.S.L,,F.S.L,FSL,Mangaluru City,,0824-2220564,,rfslmaq@ksp.gov.in,f.s.l fsl mangaluru city 0824-2220564 rfslmaq@ksp.gov.in
KSP3172,PSI DCRB,PSI,DCRB,DCRB,Udupi,,,8277986419,dcrb1gba@ksp.gov.in,psi dcrb psi dcrb udupi 8277986419 dcrb1gba@ksp.gov.in
KSP3173,SP Uttara Kannada,SP,Uttara Kannada,L&O,Uttara Kannada,,,08382-226233,spkwr@ksp.gov.in,sp uttara kannada sp uttara kannada l&o 08382-226233 spkwr@ksp.gov.in
KSP3174,Addl. SP Uttara Kannada,Addl. SP,Uttara Kannada,L&O,Uttara Kannada,,,08382-227536,addlspkwr@ksp.gov.in,addl. sp uttara kannada addl. sp uttara kannada l&o 08382-227536 addlspkwr@ksp.gov.in
KSP3175,Addl. SP Uttara Kannada,Addl. SP,Uttara Kannada,L&O,Uttara Kannada,,,9480805209,,addl. sp uttara kannada addl. sp uttara kannada l&o 9480805209
KSP3176,PSI FPB KARWAR,PSI,PSI FPB KARWAR,FPB,UNKNOWN,,,08382-226550,dckwr@ksp.gov.in,psi fpb karwar psi fpb unknown 08382-226550 dckwr@ksp.gov.in
KSP3177,PI(W),PI (W),,L&O,Dakshina Kannada,,,9480800944,,pi(w) pi (w) l&o dakshina kannada 9480800944
KSP3178,DySP MANGALURU RURAL,DySP,MANGALURU RURAL PS,L&O,Mangaluru City,,,9480805220,sdpokwr@ksp.gov.in,dysp mangaluru rural dysp mangaluru rural ps l&o mangaluru city 9480805220 sdpokwr@ksp.gov.in
KSP3179,PI WOMEN,PI,WOMEN PS,L&O,Uttara Kannada,,,,womenpsrcr@ksp.gov.in,pi women pi women ps l&o uttara kannada womenpsrcr@ksp.gov.in
KSP3180,PI ANKOLA,PI,ANKOLA PS,L&O,Uttara Kannada,,,9480805267,cencrimepskwr@ksp.gov.in,pi ankola pi ankola ps l&o uttara kannada 9480805267 cencrimepskwr@ksp.gov.in
KSP3181,PI KARWAR TOWN,PI,KARWAR TOWN PS,L&O,Uttara Kannada,,,9480805230,cpikwr@ksp.gov.in,pi karwar town pi karwar town ps l&o uttara kannada 9480805230 cpikwr@ksp.gov.in
KSP3182,PSI KARWAR TOWN,PSI,KARWAR TOWN PS,L&O,Uttara Kannada,,,9480805245,traffickwr@ksp.gov.in,psi karwar town psi karwar town ps l&o uttara kannada 9480805245 traffickwr@ksp.gov.in
KSP3183,PSI KARWAR TOWN,PSI,KARWAR TOWN PS,L&O,Uttara Kannada,,,9480805247,traffickwr@ksp.gov.in,psi karwar town psi karwar town ps l&o uttara kannada 9480805247 traffickwr@ksp.gov.in
KSP3184,PI Karwar (R),PI,Karwar (R) PS,L&O,Dakshina Kannada,,,9480805262,ruralkwr@ksp.gov.in,pi karwar (r) pi karwar (r) ps l&o dakshina kannada 9480805262 ruralkwr@ksp.gov.in
KSP3185,PSI Karwar (R),PSI,Karwar (R) PS,L&O,Dakshina Kannada,,,8277987541,,psi karwar (r) psi karwar (r) ps l&o dakshina kannada 8277987541
KSP3186,CPI Kadra Circle,CPI,Kadra Circle,L&O,Dakshina Kannada,,,9480805231,cpikadrakwr@ksp.gov.in,cpi kadra circle cpi kadra circle l&o dakshina kannada 9480805231 cpikadrakwr@ksp.gov.in
KSP3187,PSI Kadra,PSI,Kadra PS,L&O,Dakshina Kannada,,,9480805276,kadrakwr@ksp.gov.in,psi kadra psi kadra ps l&o dakshina kannada 9480805276 kadrakwr@ksp.gov.in
KSP3188,PSI CHITTAKULA,PSI,CHITTAKULA PS,L&O,Uttara Kannada,,,9480805249,mallapurkwr@ksp.gov.in,psi chittakula psi chittakula ps l&o uttara kannada 9480805249 mallapurkwr@ksp.gov.in
KSP3189,PSI KARWAR RURAL,PSI,KARWAR RURAL PS,L&O,Uttara Kannada,,,9480805248,chittakulakwr@ksp.gov.in,psi karwar rural psi karwar rural ps l&o uttara kannada 9480805248 chittakulakwr@ksp.gov.in
KSP3190,PI MALLAPUR,PI,MALLAPUR PS,L&O,Uttara Kannada,,,9480805250,ankolakwr@ksp.gov.in,pi mallapur pi mallapur ps l&o uttara kannada 9480805250 ankolakwr@ksp.gov.in
KSP3191,PSI-1 Ankola,PSI-1,Ankola PS,L&O,Dakshina Kannada,,,9480805268,ankolakwr@ksp.gov.in,psi-1 ankola psi-1 ankola ps l&o dakshina kannada 9480805268 ankolakwr@ksp.gov.in
KSP3192,DySP Bhatkal,DySP,Bhatkal,L&O,Uttara Kannada,,,08385-226413,sdpobhatkalkwr@ksp.gov.in,dysp bhatkal dysp bhatkal l&o uttara kannada 08385-226413 sdpobhatkalkwr@ksp.gov.in
KSP3193,Police Radio Station (PRS) Bhatkal,,Police Radio Station (PRS) Bhatkal,PRS,Uttara Kannada,,,,,police radio station (prs) bhatkal prs uttara kannada
KSP3194,PI BHATKAL (T),PI,BHATKAL (T) PS,L&O,Uttara Kannada,,,9480805269,bhatkaltownkwr@ksp.gov.in,pi bhatkal (t) pi bhatkal (t) ps l&o uttara kannada 9480805269 bhatkaltownkwr@ksp.gov.in
KSP3195,PSI BHATKAL (T),PSI,BHATKAL (T) PS,L&O,Uttara Kannada,,,8277987570,,psi bhatkal (t) psi bhatkal (t) ps l&o uttara kannada 8277987570
KSP3196,PI BHATKAL (R),PI,BHATKAL (R) PS,L&O,Uttara Kannada,,,9480805252,bhatkalruralkwr@ksp.gov.in,pi bhatkal (r) pi bhatkal (r) ps l&o uttara kannada 9480805252 bhatkalruralkwr@ksp.gov.in
KSP3197,PSI BHATKAL (R),PSI,BHATKAL (R) PS,L&O,Uttara Kannada,,,8277987574,,psi bhatkal (r) psi bhatkal (r) ps l&o uttara kannada 8277987574
KSP3198,PI Honnavar Circle,PI,Honnavar Circle,L&O,Uttara Kannada,,,9480805233,cpihonnavarkwr@ksp.gov.in,pi honnavar circle pi honnavar circle l&o uttara kannada 9480805233 cpihonnavarkwr@ksp.gov.in
KSP3199,PSI HONNAVAR,PSI,HONNAVAR PS,L&O,Uttara Kannada,,,9480805270,honnavarkwr@ksp.gov.in,psi honnavar psi honnavar ps l&o uttara kannada 9480805270 honnavarkwr@ksp.gov.in
KSP3200,PI KUMTA,PI,KUMTA PS,L&O,Uttara Kannada,,,9480805234,cpikumtakwr@ksp.gov.in,pi kumta pi kumta ps l&o uttara kannada 9480805234 cpikumtakwr@ksp.gov.in
KSP3201,PSI KUMTA,PSI,KUMTA PS,L&O,Uttara Kannada,,,9480805272,kumtakwr@ksp.gov.in,psi kumta psi kumta ps l&o uttara kannada 9480805272 kumtakwr@ksp.gov.in
KSP3202,PI GOKARNA,PI,GOKARNA PS,L&O,Uttara Kannada,,,9480805251,gokarnkwr@ksp.gov.in,pi gokarna pi gokarna ps l&o uttara kannada 9480805251 gokarnkwr@ksp.gov.in
KSP3203,PSI GOKARNA,PSI,GOKARNA PS,L&O,Uttara Kannada,,,8277988251,,psi gokarna psi gokarna ps l&o uttara kannada 8277988251
KSP3204,CPI Bhatkal Rural Circle,CPI,Bhatkal Rural Circle,L&O,Uttara Kannada,,,9480805232,cpibhatkalkwr@ksp.gov.in,cpi bhatkal rural circle cpi bhatkal rural circle l&o uttara kannada 9480805232 cpibhatkalkwr@ksp.gov.in
KSP3205,PSI-1 MURDESHWAR,PSI-1,MURDESHWAR PS,L&O,Uttara Kannada,,,9480805253,murdeshwarkwr@ksp.gov.in,psi-1 murdeshwar psi-1 murdeshwar ps l&o uttara kannada 9480805253 murdeshwarkwr@ksp.gov.in
KSP3206,PSI-1 MANKI,PSI-1,MANKI PS,L&O,Uttara Kannada,,,08387-257886,mankikwr@ksp.gov.in,psi-1 manki psi-1 manki ps l&o uttara kannada 08387-257886 mankikwr@ksp.gov.in
KSP3207,DySP Sirsi,DySP,Sirsi,L&O,Uttara Kannada,,,9480805222,sdposirsikwr@ksp.gov.in,dysp sirsi dysp sirsi l&o uttara kannada 9480805222 sdposirsikwr@ksp.gov.in
KSP3208,PRS Sirsi,,PRS Sirsi,PRS,Uttara Kannada,,,7259815100,,prs sirsi prs uttara kannada 7259815100
KSP3209,CPI Sirsi Circle,CPI,Sirsi Circle,L&O,Uttara Kannada,,,9480805238,cpisirasikwr@ksp.gov.in,cpi sirsi circle cpi sirsi circle l&o uttara kannada 9480805238 cpisirasikwr@ksp.gov.in
KSP3210,PSI-1 SIRSI (T),PSI-1,SIRSI (T) PS,L&O,Uttara Kannada,,,9480805264,sirsitownkwr@ksp.gov.in,psi-1 sirsi (t) psi-1 sirsi (t) ps l&o uttara kannada 9480805264 sirsitownkwr@ksp.gov.in
KSP3211,PSI-1 SIRSI NEW MARKET,PSI-1,SIRSI NEW MARKET PS,L&O,Uttara Kannada,,,9480805255,sirsinewmarketkwr@ksp.gov.in,psi-1 sirsi new market psi-1 sirsi new market ps l&o uttara kannada 9480805255 sirsinewmarketkwr@ksp.gov.in
KSP3212,PSI-1 BANAVPS,PSI-1,BANAVPS,L&O,Uttara Kannada,,,9480805246,banavasikwr@ksp.gov.in,psi-1 banavps psi-1 banavps l&o uttara kannada 9480805246 banavasikwr@ksp.gov.in
KSP3213,PSI Sirsi Traffic,PSI,Sirsi Traffic PS,L&O,Dakshina Kannada,,,8277988585,sirsitraffickwr@ksp.gov.in,psi sirsi traffic psi sirsi traffic ps l&o dakshina kannada 8277988585 sirsitraffickwr@ksp.gov.in
KSP3214,PI SIRSI (R),PI,SIRSI (R) PS,L&O,Uttara Kannada,,,9480805254,sirsiruralkwr@ksp.gov.in,pi sirsi (r) pi sirsi (r) ps l&o uttara kannada 9480805254 sirsiruralkwr@ksp.gov.in
KSP3215,PSI SIRSI (R),PSI,SIRSI (R) PS,L&O,Uttara Kannada,,,8277988263,,psi sirsi (r) psi sirsi (r) ps l&o uttara kannada 8277988263
KSP3216,PI YELLAPUR,PI,YELLAPUR PS,L&O,Uttara Kannada,,,9480805257,yellapurkwr@ksp.gov.in,pi yellapur pi yellapur ps l&o uttara kannada 9480805257 yellapurkwr@ksp.gov.in
KSP3217,PSI-1 YELLAPUR,PSI-1,YELLAPUR PS,L&O,Uttara Kannada,,,9480805273,,psi-1 yellapur psi-1 yellapur ps l&o uttara kannada 9480805273
KSP3218,PI SIDDAPUR,PI,SIDDAPUR PS,L&O,Uttara Kannada,,,9480805256,siddapurkwr@ksp.gov.in,pi siddapur pi siddapur ps l&o uttara kannada 9480805256 siddapurkwr@ksp.gov.in
KSP3219,PSI SIDDAPUR,PSI,SIDDAPUR PS,L&O,Uttara Kannada,,,9480805271,,psi siddapur psi siddapur ps l&o uttara kannada 9480805271
KSP3220,PI MUNDGOD,PI,MUNDGOD PS,L&O,Uttara Kannada,,,9480805258,mundgodkwr@ksp.gov.in,pi mundgod pi mundgod ps l&o uttara kannada 9480805258 mundgodkwr@ksp.gov.in
KSP3221,PSI MUNDGOD,PSI,MUNDGOD PS,L&O,Uttara Kannada,,,9480805275,,psi mundgod psi mundgod ps l&o uttara kannada 9480805275
KSP3222,DySP Dandeli,DySP,Dandeli,L&O,Uttara Kannada,,,9480805223,sdpodandelikwr@ksp.gov.in,dysp dandeli dysp dandeli l&o uttara kannada 9480805223 sdpodandelikwr@ksp.gov.in
KSP3223,Haliyal PRS,,Haliyal PRS,PRS,Uttara Kannada,,,,,haliyal prs prs uttara kannada
KSP3224,CPI Dandeli Circle,CPI,Dandeli Circle,L&O,Uttara Kannada,,,9480805235,cpidandelikwr@ksp.gov.in,cpi dandeli circle cpi dandeli circle l&o uttara kannada 9480805235 cpidandelikwr@ksp.gov.in
KSP3225,PSI-1 DANDELI (T),PSI-1,DANDELI (T) PS,L&O,Uttara Kannada,,,9480805274,dandelitownkwr@ksp.gov.in,psi-1 dandeli (t) psi-1 dandeli (t) ps l&o uttara kannada 9480805274 dandelitownkwr@ksp.gov.in
KSP3226,PSI DANDELI (R),PSI,DANDELI (R) PS,L&O,Uttara Kannada,,,9480805259,dandeliruralkwr@ksp.gov.in,psi dandeli (r) psi dandeli (r) ps l&o uttara kannada 9480805259 dandeliruralkwr@ksp.gov.in
KSP3227,CPI Haliyal Circle,CPI,Haliyal Circle,L&O,Uttara Kannada,,,9480805236,cpihaliyalkwr@ksp.gov.in,cpi haliyal circle cpi haliyal circle l&o uttara kannada 9480805236 cpihaliyalkwr@ksp.gov.in
KSP3228,PSI HALIYAL,PSI,HALIYAL PS,L&O,Uttara Kannada,,,9480805265,haliyalkwr@ksp.gov.in,psi haliyal psi haliyal ps l&o uttara kannada 9480805265 haliyalkwr@ksp.gov.in
KSP3229,PSI AMBIKANAGAR,PSI,AMBIKANAGAR PS,L&O,Uttara Kannada,,,9480805260,ambikanagarkwr@ksp.gov.in,psi ambikanagar psi ambikanagar ps l&o uttara kannada 9480805260 ambikanagarkwr@ksp.gov.in
KSP3230,CPI Joida Circle,CPI,Joida Circle,L&O,Uttara Kannada,,,9480805237,cpijoidakwr@ksp.gov.in,cpi joida circle cpi joida circle l&o uttara kannada 9480805237 cpijoidakwr@ksp.gov.in
KSP3231,PSI JOIDA,PSI,JOIDA PS,L&O,Uttara Kannada,,,9480805266,joidakwr@ksp.gov.in,psi joida psi joida ps l&o uttara kannada 9480805266 joidakwr@ksp.gov.in
KSP3232,PSI RAMNAGAR,PSI,RAMNAGAR PS,L&O,Uttara Kannada,,,9480805261,ramnagarkwr@ksp.gov.in,psi ramnagar psi ramnagar ps l&o uttara kannada 9480805261 ramnagarkwr@ksp.gov.in
KSP3233,AAO,AAO,,Range HQ,Dakshina Kannada,,,,,aao range hq dakshina kannada
KSP3234,PI CSP Karwar,PI,CSP Karwar,CSP,Uttara Kannada,,,08382-220600,,pi csp karwar pi csp karwar csp uttara kannada 08382-220600
KSP3235,PI CSP Kumta,PI,CSP Kumta,CSP,Uttara Kannada,,,08386-222533,,pi csp kumta pi csp kumta csp uttara kannada 08386-222533
KSP3236,PI CSP Bhatkal,PI,CSP Bhatkal,CSP,Uttara Kannada,,,08385-222557,,pi csp bhatkal pi csp bhatkal csp uttara kannada 08385-222557
KSP3237,PI CSP Honnavar,PI,CSP Honnavar,CSP,Uttara Kannada,,,08387-221202,,pi csp honnavar pi csp honnavar csp uttara kannada 08387-221202
KSP3238,PI CSP Belekeri,PI,CSP Belekeri,CSP,Uttara Kannada,,,08388-282243,,pi csp belekeri pi csp belekeri csp uttara kannada 08388-282243
KSP3239,DySP DAR,DySP,DAR,DAR,Uttara Kannada,,,9480805206,dspdarblr@ksp.gov.in,dysp dar dysp dar uttara kannada 9480805206 dspdarblr@ksp.gov.in
KSP3240,RPI DAR,RPI,DAR,DAR,Uttara Kannada,,,9480805210,darvjn@ksp.gov.in,rpi dar rpi dar uttara kannada 9480805210 darvjn@ksp.gov.in
KSP3241,PI DSB,PI,DSB,DSB,Uttara Kannada,,,9480805207,dsbrrcr@ksp.gov.in,pi dsb pi dsb uttara kannada 9480805207 dsbrrcr@ksp.gov.in
KSP3242,PI ISD,PI,ISD,ISD,Uttara Kannada,,,9480800709,piisdrcr@ksp.gov.in,pi isd pi isd uttara kannada 9480800709 piisdrcr@ksp.gov.in
KSP3243,PI WOMEN,PI,WOMEN PS,L&O,Uttara Kannada,,,9480805208,womenpsrcr@ksp.gov.in,pi women pi women ps l&o uttara kannada 9480805208 womenpsrcr@ksp.gov.in
KSP3244,PI (AD) Intelligence,PI,(AD) Intelligence,HQ,Uttara Kannada,,,,,pi (ad) intelligence pi (ad) intelligence hq uttara kannada
KSP3245,Women Helpline,,Women Helpline,L&O,Dakshina Kannada,,,,,women helpline l&o dakshina kannada
KSP3246,Homeguard,,Homeguard,Home Guard,Ramanagara,,,08382-226361,,homeguard home guard ramanagara 08382-226361
KSP3247,DySP Lokayuktha,DySP,Lokayuktha,KLA,Uttara Kannada,,,,,dysp lokayuktha dysp lokayuktha kla uttara kannada
KSP3248,DySP Intelligence,DySP,Intelligence,HQ,Uttara Kannada,,,9449878618,,dysp intelligence dysp intelligence hq uttara kannada 9449878618
KSP3249,PSI DCRB,PSI,DCRB,DCRB,Udupi,,,8277987461,dcrb1gba@ksp.gov.in,psi dcrb psi dcrb udupi 8277987461 dcrb1gba@ksp.gov.in
KSP3250,SP Udupi,SP,Udupi,L&O,Udupi,,0820-2534777,9480805401,spudp@ksp.gov.in,sp udupi sp udupi l&o 0820-2534777 9480805401 spudp@ksp.gov.in
KSP3251,Addl. SP Udupi,Addl. SP,Udupi,L&O,Udupi,,0820-2522895,9480805402,addlspudp@ksp.gov.in,addl. sp udupi addl. sp udupi l&o 0820-2522895 9480805402 addlspudp@ksp.gov.in
KSP3252,Addl. SP Udupi,Addl. SP,Udupi,L&O,Udupi,,,9480805409,addlsp2udp@ksp.gov.in,addl. sp udupi addl. sp udupi l&o 9480805409 addlsp2udp@ksp.gov.in
KSP3253,Dist. C/Room,,Dist. C/Room,C/Room,Dakshina Kannada,,,9480805400,dcckm@ksp.gov.in,dist. c/room c/room dakshina kannada 9480805400 dcckm@ksp.gov.in
KSP3254,PI(W) PI Wireless,PI (W),PI Wireless,Wireless,Udupi,,,9480800942,pcrvjn@gmail.com,pi(w) pi wireless pi (w) pi wireless wireless udupi 9480800942 pcrvjn@gmail.com
KSP3255,DySP Udupi,DySP,Udupi,L&O,Udupi,,0820-2521257,9480805420,sdpoudp@ksp.gov.in,dysp udupi dysp udupi l&o 0820-2521257 9480805420 sdpoudp@ksp.gov.in
KSP3256,PI WOMEN,PI,WOMEN PS,L&O,Udupi,,,9480805458,womenpsrcr@ksp.gov.in,pi women pi women ps l&o udupi 9480805458 womenpsrcr@ksp.gov.in
KSP3257,PSI-01 WOMEN,PSI-01,WOMEN PS,L&O,Udupi,,0820-2525599,8277988949,womenpsudp@ksp.gov.in,psi-01 women psi-01 women ps l&o udupi 0820-2525599 8277988949 womenpsudp@ksp.gov.in
KSP3258,PSI-02 Women,PSI-02,Women PS,L&O,Dakshina Kannada,,0824-2525599,8277988950,womenpsudp@ksp.gov.in,psi-02 women psi-02 women ps l&o dakshina kannada 0824-2525599 8277988950 womenpsudp@ksp.gov.in
KSP3259,DySP CEN,DySP,CEN PS,CEN,Udupi,,,8277988955,cybercrimeblr@ksp.gov.in,dysp cen dysp cen ps cen udupi 8277988955 cybercrimeblr@ksp.gov.in
KSP3260,PI CEN,PI,CEN PS,CEN,Udupi,,,9480805410,cenpsrcr@ksp.gov.in,pi cen pi cen ps cen udupi 9480805410 cenpsrcr@ksp.gov.in
KSP3261,CPI Malpe Circle,CPI,Malpe Circle,L&O,Udupi,,0820-2520329,9480805430,cpiudupitownudp@ksp.gov.in,cpi malpe circle cpi malpe circle l&o udupi 0820-2520329 9480805430 cpiudupitownudp@ksp.gov.in
KSP3262,PSI-1 MALPE,PSI-1,MALPE PS,L&O,Udupi,,0820-2537999,9480805447,malpeudp@ksp.gov.in,psi-1 malpe psi-1 malpe ps l&o udupi 0820-2537999 9480805447 malpeudp@ksp.gov.in
KSP3263,PSI-2 Malpe,PSI-2,Malpe PS,L&O,Dakshina Kannada,,0824-2537999,8277988948,malpeudp@ksp.gov.in,psi-2 malpe psi-2 malpe ps l&o dakshina kannada 0824-2537999 8277988948 malpeudp@ksp.gov.in
KSP3264,PSI-1 UDUTRAFFIC,PSI-1,UDUTRAFFIC PS,Traffic,Udupi,,0820-2521332,9480805446,udupitrafficudp@ksp.gov.in,psi-1 udutraffic psi-1 udutraffic ps traffic udupi 0820-2521332 9480805446 udupitrafficudp@ksp.gov.in
KSP3265,PSI-2 UDUTRAFFIC,PSI-2,UDUTRAFFIC PS,Traffic,Udupi,,0820-2521332,9480805474,udupitrafficudp@ksp.gov.in,psi-2 udutraffic psi-2 udutraffic ps traffic udupi 0820-2521332 9480805474 udupitrafficudp@ksp.gov.in
KSP3266,PI UDU(T),PI,UDU(T) PS,L&O,Udupi,,0820-2520444,9480805408,udupitownudp@ksp.gov.in,pi udu(t) pi udu(t) ps l&o udupi 0820-2520444 9480805408 udupitownudp@ksp.gov.in
KSP3267,PSI-1 UDU(T),PSI-1,UDU(T) PS,L&O,Udupi,,0820-2520444,9480805445,udupitownudp@ksp.gov.in,psi-1 udu(t) psi-1 udu(t) ps l&o udupi 0820-2520444 9480805445 udupitownudp@ksp.gov.in
KSP3268,PSI-2 UDU(T),PSI-2,UDU(T) PS,L&O,Udupi,,0820-2520444,8277988944,udupitownudp@ksp.gov.in,psi-2 udu(t) psi-2 udu(t) ps l&o udupi 0820-2520444 8277988944 udupitownudp@ksp.gov.in
KSP3269,PSI-3 UDU(T),PSI-3,UDU(T) PS,L&O,Udupi,,0820-2520444,9480805465,udupitownudp@ksp.gov.in,psi-3 udu(t) psi-3 udu(t) ps l&o udupi 0820-2520444 9480805465 udupitownudp@ksp.gov.in
KSP3270,PI MANIPAL,PI,MANIPAL PS,L&O,Udupi,,0820-2570328,9480805448,manipaludp@ksp.gov.in,pi manipal pi manipal ps l&o udupi 0820-2570328 9480805448 manipaludp@ksp.gov.in
KSP3271,PSI-1 MANIPAL,PSI-1,MANIPAL PS,L&O,Udupi,,0820-2570328,9480805475,manipaludp@ksp.gov.in,psi-1 manipal psi-1 manipal ps l&o udupi 0820-2570328 9480805475 manipaludp@ksp.gov.in
KSP3272,PSI-2 Manipal,PSI-2,Manipal PS,L&O,Dakshina Kannada,,0824-2570328,8277988945,manipaludp@ksp.gov.in,psi-2 manipal psi-2 manipal ps l&o dakshina kannada 0824-2570328 8277988945 manipaludp@ksp.gov.in
KSP3273,CPI Brahmavara Circle,CPI,Brahmavara Circle,L&O,Udupi,,0820-2561966,9480805432,cpibrahmavarudp@ksp.gov.in,cpi brahmavara circle cpi brahmavara circle l&o udupi 0820-2561966 9480805432 cpibrahmavarudp@ksp.gov.in
KSP3274,PSI-1 BRAHMAVARA,PSI-1,BRAHMAVARA PS,L&O,Udupi,,0820-2561044,9480805453,brahmavarudp@ksp.gov.in,psi-1 brahmavara psi-1 brahmavara ps l&o udupi 0820-2561044 9480805453 brahmavarudp@ksp.gov.in
KSP3275,PSI-2 Brahmavar,PSI-2,Brahmavar PS,L&O,Dakshina Kannada,,0824-2561044,8277988951,brahmavarudp@ksp.gov.in,psi-2 brahmavar psi-2 brahmavar ps l&o dakshina kannada 0824-2561044 8277988951 brahmavarudp@ksp.gov.in
KSP3276,PSI-1 KOTA,PSI-1,KOTA PS,L&O,Udupi,,0820-2564155,9480805454,kotaudp@ksp.gov.in,psi-1 kota psi-1 kota ps l&o udupi 0820-2564155 9480805454 kotaudp@ksp.gov.in
KSP3277,PSI-2 Kota,PSI-2,Kota PS,L&O,Dakshina Kannada,,0824-2564155,8277988953,kotaudp@ksp.gov.in,psi-2 kota psi-2 kota ps l&o dakshina kannada 0824-2564155 8277988953 kotaudp@ksp.gov.in
KSP3278,PSI-1 HIRIYADKKA,PSI-1,HIRIYADKKA PS,L&O,Udupi,,0820-2542248,9480805452,hiriyadkaudp@ksp.gov.in,psi-1 hiriyadkka psi-1 hiriyadkka ps l&o udupi 0820-2542248 9480805452 hiriyadkaudp@ksp.gov.in
KSP3279,PSI-2 Hiriyadkka,PSI-2,Hiriyadkka PS,L&O,Dakshina Kannada,,0824-2542248,8277988956,hiriyadkaudp@ksp.gov.in,psi-2 hiriyadkka psi-2 hiriyadkka ps l&o dakshina kannada 0824-2542248 8277988956 hiriyadkaudp@ksp.gov.in
KSP3280,DySP Kundapura,DySP,Kundapura,L&O,Udupi,,,9480805422,sdpokndudp@ksp.gov.in,dysp kundapura dysp kundapura l&o udupi 9480805422 sdpokndudp@ksp.gov.in
KSP3281,PI KUNDAPUR TOWN,PI,KUNDAPUR TOWN PS,L&O,Udupi,,,9480805455,kundapuraudp@ksp.gov.in,pi kundapur town pi kundapur town ps l&o udupi 9480805455 kundapuraudp@ksp.gov.in
KSP3282,PSI KUNDAPUR TOWN,PSI,KUNDAPUR TOWN PS,L&O,Udupi,,,8277988957,kundapuraudp@ksp.gov.in,psi kundapur town psi kundapur town ps l&o udupi 8277988957 kundapuraudp@ksp.gov.in
KSP3283,PSI KUNDAPUR TOWN,PSI,KUNDAPUR TOWN PS,L&O,Udupi,,,8277988959,kundapuraudp@ksp.gov.in,psi kundapur town psi kundapur town ps l&o udupi 8277988959 kundapuraudp@ksp.gov.in
KSP3284,PSI-01 KUNDAPUR TRAFFIC,PSI-01,KUNDAPUR TRAFFIC PS,Traffic,Udupi,,,9480805469,kundapurtrfudp@ksp.gov.in,psi-01 kundapur traffic psi-01 kundapur traffic ps traffic udupi 9480805469 kundapurtrfudp@ksp.gov.in
KSP3285,PSI-02 Kundapur Traffic,PSI-02,Kundapur Traffic PS,L&O,Dakshina Kannada,,,8277988961,kundapurtrfudp@ksp.gov.in,psi-02 kundapur traffic psi-02 kundapur traffic ps l&o dakshina kannada 8277988961 kundapurtrfudp@ksp.gov.in
KSP3286,CPI Kundapur Circle,CPI,Kundapur Circle,L&O,Udupi,,,9480805433,cpikundapuraudp@ksp.gov.in,cpi kundapur circle cpi kundapur circle l&o udupi 9480805433 cpikundapuraudp@ksp.gov.in
KSP3287,PSI-1 KUNDAPURA RURAL,PSI-1,KUNDAPURA RURAL PS,L&O,Udupi,,,9480805468,kundapuraruraludp@ksp.gov.in,psi-1 kundapura rural psi-1 kundapura rural ps l&o udupi 9480805468 kundapuraruraludp@ksp.gov.in
KSP3288,PSI-2 Kundapura Rural,PSI-2,Kundapura Rural PS,L&O,Dakshina Kannada,,,8277988962,kundapuraruraludp@ksp.gov.in,psi-2 kundapura rural psi-2 kundapura rural ps l&o dakshina kannada 8277988962 kundapuraruraludp@ksp.gov.in
KSP3289,PSI-1 SHANKAR NARAYANA,PSI-1,SHANKAR NARAYANA PS,L&O,Udupi,,,08259-280299,shankaranarayanaudp@ksp.gov.in,psi-1 shankar narayana psi-1 shankar narayana ps l&o udupi 08259-280299 shankaranarayanaudp@ksp.gov.in
KSP3290,PSI-2 SHANKAR NARAYANA,PSI-2,SHANKAR NARAYANA PS,L&O,Udupi,,,08259-280299,shankaranarayanaudp@ksp.gov.in,psi-2 shankar narayana psi-2 shankar narayana ps l&o udupi 08259-280299 shankaranarayanaudp@ksp.gov.in
KSP3291,PSI-1 AMASEBYLU,PSI-1,AMASEBYLU PS,L&O,Udupi,,,08259-286499,amasebailudp@ksp.gov.in,psi-1 amasebylu psi-1 amasebylu ps l&o udupi 08259-286499 amasebailudp@ksp.gov.in
KSP3292,PSI-2 AMASEBYLU,PSI-2,AMASEBYLU PS,L&O,Udupi,,,08259-286499,amasebailudp@ksp.gov.in,psi-2 amasebylu psi-2 amasebylu ps l&o udupi 08259-286499 amasebailudp@ksp.gov.in
KSP3293,CPI Byndoor Circle,CPI,Byndoor Circle,L&O,Udupi,,,9480805434,cpibyndoorudp@ksp.gov.in,cpi byndoor circle cpi byndoor circle l&o udupi 9480805434 cpibyndoorudp@ksp.gov.in
KSP3294,PSI-1 BYNDOOR,PSI-1,BYNDOOR PS,L&O,Udupi,,,9480805459,byndoorudp@ksp.gov.in,psi-1 byndoor psi-1 byndoor ps l&o udupi 9480805459 byndoorudp@ksp.gov.in
KSP3295,PSI-2 Byndoor,PSI-2,Byndoor PS,L&O,Dakshina Kannada,,,8277989589,byndoorudp@ksp.gov.in,psi-2 byndoor psi-2 byndoor ps l&o dakshina kannada 8277989589 byndoorudp@ksp.gov.in
KSP3296,PSI-1 GANGOLLI,PSI-1,GANGOLLI PS,L&O,Udupi,,,9480805457,gangolloudp@ksp.gov.in,psi-1 gangolli psi-1 gangolli ps l&o udupi 9480805457 gangolloudp@ksp.gov.in
KSP3297,PSI-2 Gangolli,PSI-2,Gangolli PS,L&O,Dakshina Kannada,,,8277988964,gangolloudp@ksp.gov.in,psi-2 gangolli psi-2 gangolli ps l&o dakshina kannada 8277988964 gangolloudp@ksp.gov.in
KSP3298,PSI-1 KOLLUR,PSI-1,KOLLUR PS,L&O,Udupi,,,9480805460,kollurudp@ksp.gov.in,psi-1 kollur psi-1 kollur ps l&o udupi 9480805460 kollurudp@ksp.gov.in
KSP3299,PSI-2 Kollur,PSI-2,Kollur PS,L&O,Dakshina Kannada,,,8277988965,kollurudp@ksp.gov.in,psi-2 kollur psi-2 kollur ps l&o dakshina kannada 8277988965 kollurudp@ksp.gov.in
KSP3300,DySP Karkala,DySP,Karkala,L&O,Udupi,,,9480805421,sdpokarkaludp@ksp.gov.in,dysp karkala dysp karkala l&o udupi 9480805421 sdpokarkaludp@ksp.gov.in
KSP3301,CPI Karkala Circle,CPI,Karkala Circle,L&O,Udupi,,,9480805435,cpikarkaludp@ksp.gov.in,cpi karkala circle cpi karkala circle l&o udupi 9480805435 cpikarkaludp@ksp.gov.in
KSP3302,PSI-1 KARKALA (R),PSI-1,KARKALA (R) PS,L&O,Udupi,,,9480805462,karkalruraludp@ksp.gov.in,psi-1 karkala (r) psi-1 karkala (r) ps l&o udupi 9480805462 karkalruraludp@ksp.gov.in
KSP3303,PSI-2 Karkal (R),PSI-2,Karkal (R) PS,L&O,Dakshina Kannada,,,8277988969,karkalruraludp@ksp.gov.in,psi-2 karkal (r) psi-2 karkal (r) ps l&o dakshina kannada 8277988969 karkalruraludp@ksp.gov.in
KSP3304,PSI-1 HEBRI,PSI-1,HEBRI PS,L&O,Udupi,,,08253-251116,hebriudp@ksp.gov.in,psi-1 hebri psi-1 hebri ps l&o udupi 08253-251116 hebriudp@ksp.gov.in
KSP3305,PSI-2 HEBRI,PSI-2,HEBRI PS,L&O,Udupi,,,08253-251116,hebriudp@ksp.gov.in,psi-2 hebri psi-2 hebri ps l&o udupi 08253-251116 hebriudp@ksp.gov.in
KSP3306,PSI-1 AJEKAR,PSI-1,AJEKAR PS,L&O,Udupi,,,08253-271100,ajekarudp@ksp.gov.in,psi-1 ajekar psi-1 ajekar ps l&o udupi 08253-271100 ajekarudp@ksp.gov.in
KSP3307,PSI-2 AJEKAR,PSI-2,AJEKAR PS,L&O,Udupi,,,08253-271100,ajekarudp@ksp.gov.in,psi-2 ajekar psi-2 ajekar ps l&o udupi 08253-271100 ajekarudp@ksp.gov.in
KSP3308,PI KARKALA (T),PI,KARKALA (T) PS,L&O,Udupi,,,9480805461,karkaltownudp@ksp.gov.in,pi karkala (t) pi karkala (t) ps l&o udupi 9480805461 karkaltownudp@ksp.gov.in
KSP3309,PSI-1 Karkal (T),PSI-1,Karkal (T) PS,L&O,Dakshina Kannada,,,,karkaltownudp@ksp.gov.in,psi-1 karkal (t) psi-1 karkal (t) ps l&o dakshina kannada karkaltownudp@ksp.gov.in
KSP3310,CPI Kaup Circle,CPI,Kaup Circle,L&O,Udupi,,0820-2552133,9480805431,cpikaupudp@ksp.gov.in,cpi kaup circle cpi kaup circle l&o udupi 0820-2552133 9480805431 cpikaupudp@ksp.gov.in
KSP3311,PSI-1 KAUP,PSI-1,KAUP PS,L&O,Udupi,,0820-2551033,9480805449,kaupudp@ksp.gov.in,psi-1 kaup psi-1 kaup ps l&o udupi 0820-2551033 9480805449 kaupudp@ksp.gov.in
KSP3312,PSI-2 KAUP,PSI-2,KAUP PS,L&O,Udupi,,0820-2551033,9480805466,,psi-2 kaup psi-2 kaup ps l&o udupi 0820-2551033 9480805466
KSP3313,PSI-1 PADUBIDRI,PSI-1,PADUBIDRI PS,L&O,Udupi,,0820-2555452,9480805450,padubidriudp@ksp.gov.in,psi-1 padubidri psi-1 padubidri ps l&o udupi 0820-2555452 9480805450 padubidriudp@ksp.gov.in
KSP3314,PSI-2 Padubidri,PSI-2,Padubidri PS,L&O,Dakshina Kannada,,0824-2555452,8277989569,padubidriudp@ksp.gov.in,psi-2 padubidri psi-2 padubidri ps l&o dakshina kannada 0824-2555452 8277989569 padubidriudp@ksp.gov.in
KSP3315,PSI-1 SHIRVA,PSI-1,SHIRVA PS,L&O,Udupi,,0820-2554139,9480805451,shirvaudp@ksp.gov.in,psi-1 shirva psi-1 shirva ps l&o udupi 0820-2554139 9480805451 shirvaudp@ksp.gov.in
KSP3316,PSI-2 Shirva,PSI-2,Shirva PS,L&O,Dakshina Kannada,,0824-2554139,8277989570,shirvaudp@ksp.gov.in,psi-2 shirva psi-2 shirva ps l&o dakshina kannada 0824-2554139 8277989570 shirvaudp@ksp.gov.in
KSP3317,AAO DPO Udupi,AAO,DPO Udupi,DPO,Udupi,,,0820-2526373,,aao dpo udupi aao dpo udupi dpo udupi 0820-2526373
KSP3318,DySP KLA,DySP,KLA,KLA,Raichur,,,9364062581,kla-dsp-udp@karnataka.gov.in,dysp kla dysp kla raichur 9364062581 kla-dsp-udp@karnataka.gov.in
KSP3319,DySP RPI DAR,DySP,RPI DAR,DAR,Udupi,,,0820-2523444,darudp@ksp.gov.in,dysp rpi dar dysp rpi dar dar udupi 0820-2523444 darudp@ksp.gov.in
KSP3320,RPI DAR,RPI,DAR,DAR,Udupi,,,0820-2523444,darvjn@ksp.gov.in,rpi dar rpi dar udupi 0820-2523444 darvjn@ksp.gov.in
KSP3321,PI KLA,PI,KLA,KLA,Bagalkote,,,9364062695,kla-piudp-ka@nic.in,pi kla pi kla bagalkote 9364062695 kla-piudp-ka@nic.in
KSP3322,PI KLA,PI,KLA,KLA,Bagalkote,,,9364062696,kla-piudp-ka@nic.in,pi kla pi kla bagalkote 9364062696 kla-piudp-ka@nic.in
KSP3323,PI DSB,PI,DSB,DSB,Dharwad,,,9480805407,dsbrrcr@ksp.gov.in,pi dsb pi dsb dharwad 9480805407 dsbrrcr@ksp.gov.in
KSP3324,PSI DCRB,PSI,DCRB,DCRB,Udupi,,,8277989133,dcrb1gba@ksp.gov.in,psi dcrb psi dcrb udupi 8277989133 dcrb1gba@ksp.gov.in
KSP3325,PI INT,PI,INT,HQ,Udupi,,,9449878629,piintblr@ksp.gov.in,pi int pi int hq udupi 9449878629 piintblr@ksp.gov.in
KSP3326,PI ISD,PI,ISD,ISD,Udupi,,,9480800697,piisdrcr@ksp.gov.in,pi isd pi isd udupi 9480800697 piisdrcr@ksp.gov.in
KSP3327,PI Excise,PI,Excise,Excise,Udupi,,0820-2532732,,dcudp-ex-ka@nic.in,pi excise pi excise udupi 0820-2532732 dcudp-ex-ka@nic.in
KSP3328,Cmdt. Home Guard,,Cmdt. Home Guard,Home Guard,Hubballi-Dharwad City,,0836-2533650,,cmdthg@gmail.com,cmdt. home guard home guard hubballi-dharwad city 0836-2533650 cmdthg@gmail.com
KSP3329,SP Chikkamagaluru,SP,Chikkamagaluru,L&O,Chikkamagaluru,,,08262-230403,spckm@ksp.gov.in,sp chikkamagaluru sp chikkamagaluru l&o 08262-230403 spckm@ksp.gov.in
KSP3330,Addl. SP Chikkamagaluru,Addl. SP,Chikkamagaluru,L&O,Chikkamagaluru,,,08262-234099,addlspckm@ksp.gov.in,addl. sp chikkamagaluru addl. sp chikkamagaluru l&o 08262-234099 addlspckm@ksp.gov.in
KSP3331,Addl. SP Chikkamagaluru,Addl. SP,Chikkamagaluru,L&O,Chikkamagaluru,,,9480805109,,addl. sp chikkamagaluru addl. sp chikkamagaluru l&o 9480805109
KSP3332,Dist. C/Room,,Dist. C/Room,C/Room,Dakshina Kannada,,,9480805100,dcckm@ksp.gov.in,dist. c/room c/room dakshina kannada 9480805100 dcckm@ksp.gov.in
KSP3333,PI Wireless,PI,Wireless,Wireless,Chikkamagaluru,,,9480800943,dcbkpl@ksp.gov.in,pi wireless pi wireless chikkamagaluru 9480800943 dcbkpl@ksp.gov.in
KSP3334,PI WOMEN,PI,WOMEN PS,L&O,Chikkamagaluru,,,8277990200,womenpsrcr@ksp.gov.in,pi women pi women ps l&o chikkamagaluru 8277990200 womenpsrcr@ksp.gov.in
KSP3335,PI CEN,PI,CEN PS,CEN,Chikkamagaluru,,,9480805108,cenpsrcr@ksp.gov.in,pi cen pi cen ps cen chikkamagaluru 9480805108 cenpsrcr@ksp.gov.in
KSP3336,DySP Chikkamagaluru,DySP,Chikkamagaluru,L&O,Chikkamagaluru,,,9480805120,sdpockm@ksp.gov.in,dysp chikkamagaluru dysp chikkamagaluru l&o 9480805120 sdpockm@ksp.gov.in
KSP3337,CPI Basavanahalli Circle,CPI,Basavanahalli Circle,L&O,Chikkamagaluru,,,9480805130,cpibasavanahallickm@ksp.gov.in,cpi basavanahalli circle cpi basavanahalli circle l&o chikkamagaluru 9480805130 cpibasavanahallickm@ksp.gov.in
KSP3338,PSI-1 BASAVANAHALLI,PSI-1,BASAVANAHALLI PS,L&O,Chikkamagaluru,,,9480805148,basavanahallickm@ksp.gov.in,psi-1 basavanahalli psi-1 basavanahalli ps l&o chikkamagaluru 9480805148 basavanahallickm@ksp.gov.in
KSP3339,PSI-2 Basavanahalli,PSI-2,Basavanahalli PS,L&O,Dakshina Kannada,,,8277990243,,psi-2 basavanahalli psi-2 basavanahalli ps l&o dakshina kannada 8277990243
KSP3340,PSI-1 CHIKKAMAGALURU TRAFFIC,PSI-1,CHIKKAMAGALURU TRAFFIC PS,Traffic,Chikkamagaluru,,,9480805146,trafficckm@ksp.gov.in,psi-1 chikkamagaluru traffic psi-1 chikkamagaluru traffic ps traffic chikkamagaluru 9480805146 trafficckm@ksp.gov.in
KSP3341,PSI-2 Chikkamagalur Traffic,PSI-2,Chikkamagalur Traffic PS,L&O,Dakshina Kannada,,,,,psi-2 chikkamagalur traffic psi-2 chikkamagalur traffic ps l&o dakshina kannada
KSP3342,PI CHIKKAMAGALURU TOWN,PI,CHIKKAMAGALURU TOWN PS,L&O,Chikkamagaluru,,,9480805145,townckm@ksp.gov.in,pi chikkamagaluru town pi chikkamagaluru town ps l&o chikkamagaluru 9480805145 townckm@ksp.gov.in
KSP3343,PSI CHIKKAMAGALURU TOWN,PSI,CHIKKAMAGALURU TOWN PS,L&O,Chikkamagaluru,,,8277990240,,psi chikkamagaluru town psi chikkamagaluru town ps l&o chikkamagaluru 8277990240
KSP3344,CPI Aldur Circle,CPI,Aldur Circle,L&O,Chikkamagaluru,,,9480805131,cpialdurckm@ksp.gov.in,cpi aldur circle cpi aldur circle l&o chikkamagaluru 9480805131 cpialdurckm@ksp.gov.in
KSP3345,PSI ALDUR,PSI,ALDUR PS,L&O,Chikkamagaluru,,,9480805149,aldurckm@ksp.gov.in,psi aldur psi aldur ps l&o chikkamagaluru 9480805149 aldurckm@ksp.gov.in
KSP3346,PSI MALLANDUR,PSI,MALLANDUR PS,L&O,Chikkamagaluru,,,9480805171,mallandurckm@ksp.gov.in,psi mallandur psi mallandur ps l&o chikkamagaluru 9480805171 mallandurckm@ksp.gov.in
KSP3347,PSI MALLANDUR,PSI,MALLANDUR PS,L&O,Chikkamagaluru,,,8277990251,,psi mallandur psi mallandur ps l&o chikkamagaluru 8277990251
KSP3348,PI CHIKKAMAGALURU (R),PI,CHIKKAMAGALURU (R) PS,L&O,Chikkamagaluru,,,9480805147,ruralckm@ksp.gov.in,pi chikkamagaluru (r) pi chikkamagaluru (r) ps l&o chikkamagaluru 9480805147 ruralckm@ksp.gov.in
KSP3349,PSI Chikkamagalur (R),PSI,Chikkamagalur (R) PS,L&O,Dakshina Kannada,,,,,psi chikkamagalur (r) psi chikkamagalur (r) ps l&o dakshina kannada
KSP3350,CPI Mudigere Circle,CPI,Mudigere Circle,L&O,Chikkamagaluru,,,9480805132,cpimudigereckm@ksp.gov.in,cpi mudigere circle cpi mudigere circle l&o chikkamagaluru 9480805132 cpimudigereckm@ksp.gov.in
KSP3351,PSI-1 MUDIGERE,PSI-1,MUDIGERE PS,L&O,Chikkamagaluru,,,9480805150,mudigereckm@ksp.gov.in,psi-1 mudigere psi-1 mudigere ps l&o chikkamagaluru 9480805150 mudigereckm@ksp.gov.in
KSP3352,PSI BANAKAL,PSI,BANAKAL PS,L&O,Chikkamagaluru,,,9480805151,banakalckm@ksp.gov.in,psi banakal psi banakal ps l&o chikkamagaluru 9480805151 banakalckm@ksp.gov.in
KSP3353,PSI GONIBEEDU,PSI,GONIBEEDU PS,L&O,Chikkamagaluru,,,9480805152,gonibeeduckm@ksp.gov.in,psi gonibeedu psi gonibeedu ps l&o chikkamagaluru 9480805152 gonibeeduckm@ksp.gov.in
KSP3354,PSI BALUR,PSI,BALUR PS,L&O,Chikkamagaluru,,,9480805153,balurckm@ksp.gov.in,psi balur psi balur ps l&o chikkamagaluru 9480805153 balurckm@ksp.gov.in
KSP3355,DySP Koppa,DySP,Koppa,L&O,Chikkamagaluru,,,9480805121,sdpokoppackm@ksp.gov.in,dysp koppa dysp koppa l&o chikkamagaluru 9480805121 sdpokoppackm@ksp.gov.in
KSP3356,CPI Koppa Circle,CPI,Koppa Circle,L&O,Chikkamagaluru,,,9480805133,cpikoppackm@ksp.gov.in,cpi koppa circle cpi koppa circle l&o chikkamagaluru 9480805133 cpikoppackm@ksp.gov.in
KSP3357,PSI KOPPA,PSI,KOPPA PS,L&O,Chikkamagaluru,,,9480805154,koppackm@ksp.gov.in,psi koppa psi koppa ps l&o chikkamagaluru 9480805154 koppackm@ksp.gov.in
KSP3358,PSI HARIHARAPURA,PSI,HARIHARAPURA PS,L&O,Chikkamagaluru,,,9480805155,hariharapurackm@ksp.gov.in,psi hariharapura psi hariharapura ps l&o chikkamagaluru 9480805155 hariharapurackm@ksp.gov.in
KSP3359,PSI-1 JAYAPURA,PSI-1,JAYAPURA PS,L&O,Chikkamagaluru,,,9480805172,jayapurackm@ksp.gov.in,psi-1 jayapura psi-1 jayapura ps l&o chikkamagaluru 9480805172 jayapurackm@ksp.gov.in
KSP3360,PI SRINGERI,PI,SRINGERI PS,L&O,Chikkamagaluru,,,9480805156,sringerickm@ksp.gov.in,pi sringeri pi sringeri ps l&o chikkamagaluru 9480805156 sringerickm@ksp.gov.in
KSP3361,PSI SRINGERI,PSI,SRINGERI PS,L&O,Chikkamagaluru,,,8277990259,,psi sringeri psi sringeri ps l&o chikkamagaluru 8277990259
KSP3362,CPI N.R.Pura Circle,CPI,N.R.Pura Circle,L&O,Chikkamagaluru,,,9480805134,cpinrpurackm@ksp.gov.in,cpi n.r.pura circle cpi n.r.pura circle l&o chikkamagaluru 9480805134 cpinrpurackm@ksp.gov.in
KSP3363,PSI N.R PURA,PSI,N.R PURA PS,L&O,Chikkamagaluru,,,9480805157,nrpurackm@ksp.gov.in,psi n.r pura psi n.r pura ps l&o chikkamagaluru 9480805157 nrpurackm@ksp.gov.in
KSP3364,PSI BALEHONNUR,PSI,BALEHONNUR PS,L&O,Chikkamagaluru,,,9480805158,balehonnurckm@ksp.gov.in,psi balehonnur psi balehonnur ps l&o chikkamagaluru 9480805158 balehonnurckm@ksp.gov.in
KSP3365,CPI Kudremukha Circle,CPI,Kudremukha Circle,L&O,Chikkamagaluru,,,9480805135,cpikudremukhackm@ksp.gov.in,cpi kudremukha circle cpi kudremukha circle l&o chikkamagaluru 9480805135 cpikudremukhackm@ksp.gov.in
KSP3366,PSI KUDREMUKHA,PSI,KUDREMUKHA PS,L&O,Chikkamagaluru,,,9480805159,kudremukhackm@ksp.gov.in,psi kudremukha psi kudremukha ps l&o chikkamagaluru 9480805159 kudremukhackm@ksp.gov.in
KSP3367,PSI KALASA,PSI,KALASA PS,L&O,Chikkamagaluru,,,9480805160,kalasackm@ksp.gov.in,psi kalasa psi kalasa ps l&o chikkamagaluru 9480805160 kalasackm@ksp.gov.in
KSP3368,DySP Tarikere,DySP,Tarikere,L&O,Chikkamagaluru,,,9480805122,sdpotarikereckm@ksp.gov.in,dysp tarikere dysp tarikere l&o chikkamagaluru 9480805122 sdpotarikereckm@ksp.gov.in
KSP3369,PI TARIKERE,PI,TARIKERE PS,L&O,Chikkamagaluru,,,9480805161,tarikereckm@ksp.gov.in,pi tarikere pi tarikere ps l&o chikkamagaluru 9480805161 tarikereckm@ksp.gov.in
KSP3370,PSI-1 TARIKERE,PSI-1,TARIKERE PS,L&O,Chikkamagaluru,,,8277990265,,psi-1 tarikere psi-1 tarikere ps l&o chikkamagaluru 8277990265
KSP3371,CPI Tarikere Circle,CPI,Tarikere Circle,L&O,Chikkamagaluru,,,9480805136,cpitarikereckm@ksp.gov.in,cpi tarikere circle cpi tarikere circle l&o chikkamagaluru 9480805136 cpitarikereckm@ksp.gov.in
KSP3372,PSI LAKKAVALLI,PSI,LAKKAVALLI PS,L&O,Chikkamagaluru,,,9480805162,lakkavallickm@ksp.gov.in,psi lakkavalli psi lakkavalli ps l&o chikkamagaluru 9480805162 lakkavallickm@ksp.gov.in
KSP3373,PSI LINGADAHALLI,PSI,LINGADAHALLI PS,L&O,Chikkamagaluru,,,9480805163,lingadahallickm@ksp.gov.in,psi lingadahalli psi lingadahalli ps l&o chikkamagaluru 9480805163 lingadahallickm@ksp.gov.in
KSP3374,PI AJJAMPURA,PI,AJJAMPURA PS,L&O,Chikkamagaluru,,,9480805164,ajjampurackm@ksp.gov.in,pi ajjampura pi ajjampura ps l&o chikkamagaluru 9480805164 ajjampurackm@ksp.gov.in
KSP3375,PSI AJJAMPURA,PSI,AJJAMPURA PS,L&O,Chikkamagaluru,,,8277990271,,psi ajjampura psi ajjampura ps l&o chikkamagaluru 8277990271
KSP3376,CPI Birur Circle,CPI,Birur Circle,L&O,Chikkamagaluru,,,9480805137,cpibirurckm@ksp.gov.in,cpi birur circle cpi birur circle l&o chikkamagaluru 9480805137 cpibirurckm@ksp.gov.in
KSP3377,PSI-1 BIRUR,PSI-1,BIRUR PS,L&O,Chikkamagaluru,,,9480805165,birurckm@ksp.gov.in,psi-1 birur psi-1 birur ps l&o chikkamagaluru 9480805165 birurckm@ksp.gov.in
KSP3378,PSI YAGATI,PSI,YAGATI PS,L&O,Chikkamagaluru,,,9480805166,yagatickm@ksp.gov.in,psi yagati psi yagati ps l&o chikkamagaluru 9480805166 yagatickm@ksp.gov.in
KSP3379,CPI Kadur Circle,CPI,Kadur Circle,L&O,Chikkamagaluru,,,9480805138,cpikadurckm@ksp.gov.in,cpi kadur circle cpi kadur circle l&o chikkamagaluru 9480805138 cpikadurckm@ksp.gov.in
KSP3380,PSI-1 KADUR,PSI-1,KADUR PS,L&O,Chikkamagaluru,,,9480805167,kadurckm@ksp.gov.in,psi-1 kadur psi-1 kadur ps l&o chikkamagaluru 9480805167 kadurckm@ksp.gov.in
KSP3381,PSI SAKARAYAPATNA,PSI,SAKARAYAPATNA PS,L&O,Chikkamagaluru,,,9480805168,sakarayapatnackm@ksp.gov.in,psi sakarayapatna psi sakarayapatna ps l&o chikkamagaluru 9480805168 sakarayapatnackm@ksp.gov.in
KSP3382,PSI SINGATAGERE,PSI,SINGATAGERE PS,L&O,Chikkamagaluru,,,9480805169,singatagereckm@ksp.gov.in,psi singatagere psi singatagere ps l&o chikkamagaluru 9480805169 singatagereckm@ksp.gov.in
KSP3383,PSI PANCHANAHALLI,PSI,PANCHANAHALLI PS,L&O,Chikkamagaluru,,,9480805170,panchanahallickm@ksp.gov.in,psi panchanahalli psi panchanahalli ps l&o chikkamagaluru 9480805170 panchanahallickm@ksp.gov.in
KSP3384,AAO,AAO,,Range HQ,Dakshina Kannada,,,,,aao range hq dakshina kannada
KSP3385,PI DSB,PI,DSB,DSB,Chikkamagaluru,,,9480805107,dsbrrcr@ksp.gov.in,pi dsb pi dsb chikkamagaluru 9480805107 dsbrrcr@ksp.gov.in
KSP3386,RPI DAR,RPI,DAR,DAR,Chikkamagaluru,,,9480805106,darvjn@ksp.gov.in,rpi dar rpi dar chikkamagaluru 9480805106 darvjn@ksp.gov.in
KSP3387,PI ISD,PI,ISD,ISD,Chikkamagaluru,,,9480800705,piisdrcr@ksp.gov.in,pi isd pi isd chikkamagaluru 9480800705 piisdrcr@ksp.gov.in
KSP3388,DySP KLA,DySP,KLA,KLA,Raichur,,,,,dysp kla dysp kla raichur
KSP3389,Homeguard,,Homeguard,Home Guard,Ramanagara,,,,,homeguard home guard ramanagara
KSP3390,DIGP North Eastern Range,DIGP,North Eastern Range,L&O,North Eastern,,,08472-263601,igpner@ksp.gov.in,digp north eastern range digp north eastern range l&o north eastern 08472-263601 igpner@ksp.gov.in
KSP3391,DySP Admin DIGP Office,DySP,Admin DIGP Office,Admin,North Eastern,,,9480803518,,dysp admin digp office dysp admin digp office admin north eastern 9480803518
KSP3392,DySP DE DIGP Office,DySP,DE DIGP Office,Admin,North Eastern,,,9480803519,,dysp de digp office dysp de digp office admin north eastern 9480803519
KSP3393,DySP FPB NORTH EASTERN RANGE KALABURGI,DySP,FPB NORTH EASTERN RANGE KALABURGI,FPB,UNKNOWN,,,9480800483,,dysp fpb north eastern range kalaburgi dysp fpb north eastern range kalaburgi fpb unknown 9480800483
KSP3394,SP Range Office,SP,Range Office,DCRE,Northeastern,,,08472-263647,spblrdcre@ksp.gov.in,sp range office sp range office dcre northeastern 08472-263647 spblrdcre@ksp.gov.in
KSP3395,SP Kalaburagi,SP,Kalaburagi,L&O,Kalaburagi,,,08472-263602,spgba@ksp.gov.in,sp kalaburagi sp kalaburagi l&o 08472-263602 spgba@ksp.gov.in
KSP3396,Addl. SP,Addl. SP,Kalaburagi,L&O,Kalaburagi,,,08472-263603,addlspgba@ksp.gov.in,addl. sp kalaburagi l&o 08472-263603 addlspgba@ksp.gov.in
KSP3397,Addl. SP PI Wireless,Addl. SP,PI Wireless,Wireless,Kalaburagi,,,9480803509,,addl. sp pi wireless addl. sp pi wireless wireless kalaburagi 9480803509
KSP3398,Dist. C/Room,,Dist. C/Room,C/Room,Kalaburagi,,,9480803500,dcbdr@ksp.gov.in,dist. c/room c/room kalaburagi 9480803500 dcbdr@ksp.gov.in
KSP3399,PI(W),PI (W),,L&O,Kalaburagi,,,9480800955,,pi(w) pi (w) l&o kalaburagi 9480800955
KSP3400,CYBER CRIME,,CYBER CRIME PS,CEN,Bengaluru City,,,9480803603,,cyber crime cyber crime ps cen bengaluru city 9480803603
KSP3401,WOMEN,,WOMEN PS,Women,Kalaburagi,,,9480803556,womenpskpl@ksp.gov.in,women women ps kalaburagi 9480803556 womenpskpl@ksp.gov.in
KSP3402,DySP Kalaburagi Rural,DySP,Kalaburagi Rural,L&O,Kalaburagi,,,9480803522,sdporuralgba@ksp.gov.in,dysp kalaburagi rural dysp kalaburagi rural l&o kalaburagi 9480803522 sdporuralgba@ksp.gov.in
KSP3403,CPI Kalaburagi Rural Circle,CPI,Kalaburagi Rural Circle,L&O,Kalaburagi,,,9480803530,,cpi kalaburagi rural circle cpi kalaburagi rural circle l&o kalaburagi 9480803530
KSP3404,PSI KAMALAPUR,PSI,KAMALAPUR PS,L&O,Kalaburagi,,,08478-221306,kamalapurblr@ksp.gov.in,psi kamalapur psi kamalapur ps l&o kalaburagi 08478-221306 kamalapurblr@ksp.gov.in
KSP3405,PSI MAHAGAON,PSI,MAHAGAON PS,L&O,Kalaburagi,,,08478-220355,mahagoangba@ksp.gov.in,psi mahagaon psi mahagaon ps l&o kalaburagi 08478-220355 mahagoangba@ksp.gov.in
KSP3406,CPI Jewargi Circle,CPI,Jewargi Circle,L&O,Kalaburagi,,,08442-236033,cpijewargigba@ksp.gov.in,cpi jewargi circle cpi jewargi circle l&o kalaburagi 08442-236033 cpijewargigba@ksp.gov.in
KSP3407,PSI JEWARGI,PSI,JEWARGI PS,L&O,Kalaburagi,,,08442-223933,jewargigba@ksp.gov.in,psi jewargi psi jewargi ps l&o kalaburagi 08442-223933 jewargigba@ksp.gov.in
KSP3408,PSI NELOGI,PSI,NELOGI PS,L&O,Kalaburagi,,,08442-225033,nelogigba@ksp.gov.in,psi nelogi psi nelogi ps l&o kalaburagi 08442-225033 nelogigba@ksp.gov.in
KSP3409,PSI YEDRAMI,PSI,YEDRAMI PS,L&O,Kalaburagi,,,08442-226233,yedramigba@ksp.gov.in,psi yedrami psi yedrami ps l&o kalaburagi 08442-226233 yedramigba@ksp.gov.in
KSP3410,DySP Shahabad,DySP,Shahabad,L&O,Kalaburagi,,,9480803525,sdposhahabadgba@ksp.gov.in,dysp shahabad dysp shahabad l&o kalaburagi 9480803525 sdposhahabadgba@ksp.gov.in
KSP3411,PI SHAHABAD,PI,SHAHABAD PS,L&O,Kalaburagi,,,9480803570,shahabadtowngba@ksp.gov.in,pi shahabad pi shahabad ps l&o kalaburagi 9480803570 shahabadtowngba@ksp.gov.in
KSP3412,PSI-1 SHAHABAD,PSI-1,SHAHABAD PS,L&O,Kalaburagi,,,9480803623,,psi-1 shahabad psi-1 shahabad ps l&o kalaburagi 9480803623
KSP3413,PSI-2 SHAHABAD,PSI-2,SHAHABAD PS,L&O,Kalaburagi,,,9480803624,,psi-2 shahabad psi-2 shahabad ps l&o kalaburagi 9480803624
KSP3414,CPI Kalagi Circle,CPI,Kalagi Circle,L&O,Kalaburagi,,,9480803542,cpikalagigba@ksp.gov.in,cpi kalagi circle cpi kalagi circle l&o kalaburagi 9480803542 cpikalagigba@ksp.gov.in
KSP3415,PSI KALAGI,PSI,KALAGI PS,L&O,Kalaburagi,,,9480803572,kalagigba@ksp.gov.in,psi kalagi psi kalagi ps l&o kalaburagi 9480803572 kalagigba@ksp.gov.in
KSP3416,PSI MADBOOL,PSI,MADBOOL PS,L&O,Kalaburagi,,,9480803571,madboolgba@ksp.gov.in,psi madbool psi madbool ps l&o kalaburagi 9480803571 madboolgba@ksp.gov.in
KSP3417,CPI PSI Chithapur Circle,CPI,PSI Chithapur Circle,L&O,Kalaburagi,,,9480803532,chittaputagba@ksp.gov.in,cpi psi chithapur circle cpi psi chithapur circle l&o kalaburagi 9480803532 chittaputagba@ksp.gov.in
KSP3418,PSI CHITHAPUR,PSI,CHITHAPUR PS,L&O,Kalaburagi,,,9480803573,chittapurgba@ksp.gov.in,psi chithapur psi chithapur ps l&o kalaburagi 9480803573 chittapurgba@ksp.gov.in
KSP3419,PSI-1 WADI,PSI-1,WADI PS,L&O,Kalaburagi,,,08476-202300,wadirly@ksp.gov.in,psi-1 wadi psi-1 wadi ps l&o kalaburagi 08476-202300 wadirly@ksp.gov.in
KSP3420,PSI-2 WADI,PSI-2,WADI PS,L&O,Kalaburagi,,,08476-202300,,psi-2 wadi psi-2 wadi ps l&o kalaburagi 08476-202300
KSP3421,DySP Chincholli,DySP,Chincholli,L&O,Kalaburagi,,,9480803524,sdpochincholigba@ksp.gov.in,dysp chincholli dysp chincholli l&o kalaburagi 9480803524 sdpochincholigba@ksp.gov.in
KSP3422,CPI Chincholli Circle,CPI,Chincholli Circle,L&O,Kalaburagi,,,9480803540,cpichincholigba@ksp.gov.in,cpi chincholli circle cpi chincholli circle l&o kalaburagi 9480803540 cpichincholigba@ksp.gov.in
KSP3423,PSI CHINCHOLLI,PSI,CHINCHOLLI PS,L&O,Kalaburagi,,,9480803588,chincholigba@ksp.gov.in,psi chincholli psi chincholli ps l&o kalaburagi 9480803588 chincholigba@ksp.gov.in
KSP3424,PSI KONCHAWARAM,PSI,KONCHAWARAM PS,L&O,Kalaburagi,,,9480803590,kunchawaramgba@ksp.gov.in,psi konchawaram psi konchawaram ps l&o kalaburagi 9480803590 kunchawaramgba@ksp.gov.in
KSP3425,PSI MIRIYANA,PSI,MIRIYANA PS,L&O,Kalaburagi,,,9480803589,miriyangba@ksp.gov.in,psi miriyana psi miriyana ps l&o kalaburagi 9480803589 miriyangba@ksp.gov.in
KSP3426,CPI Sulepeth Circle,CPI,Sulepeth Circle,L&O,Kalaburagi,,,9480803541,cpisulupethgba@ksp.gov.in,cpi sulepeth circle cpi sulepeth circle l&o kalaburagi 9480803541 cpisulupethgba@ksp.gov.in
KSP3427,PSI SULEPETH,PSI,SULEPETH PS,L&O,Kalaburagi,,,9480803591,sulupethgba@ksp.gov.in,psi sulepeth psi sulepeth ps l&o kalaburagi 9480803591 sulupethgba@ksp.gov.in
KSP3428,PSI RATKAL,PSI,RATKAL PS,L&O,Kalaburagi,,,9480803592,ratkalgba@ksp.gov.in,psi ratkal psi ratkal ps l&o kalaburagi 9480803592 ratkalgba@ksp.gov.in
KSP3429,CPI Sedam Circle,CPI,Sedam Circle,L&O,Kalaburagi,,,9480803537,cpisedamgba@ksp.gov.in,cpi sedam circle cpi sedam circle l&o kalaburagi 9480803537 cpisedamgba@ksp.gov.in
KSP3430,PSI-1 SEDAM,PSI-1,SEDAM PS,L&O,Kalaburagi,,,9480803593,sedamgbagba@ksp.gov.in,psi-1 sedam psi-1 sedam ps l&o kalaburagi 9480803593 sedamgbagba@ksp.gov.in
KSP3431,PSI-2 DPO,PSI-2,DPO Kalaburagi,DPO,Kalaburagi,,,9480803621,,psi-2 dpo psi-2 dpo kalaburagi dpo kalaburagi 9480803621
KSP3432,PSI MALKHED,PSI,MALKHED PS,L&O,Kalaburagi,,,9480803595,malkhedgba@ksp.gov.in,psi malkhed psi malkhed ps l&o kalaburagi 9480803595 malkhedgba@ksp.gov.in
KSP3433,PSI KURKUNTA,PSI,KURKUNTA PS,L&O,Kalaburagi,,,9480803596,kurkuntagba@ksp.gov.in,psi kurkunta psi kurkunta ps l&o kalaburagi 9480803596 kurkuntagba@ksp.gov.in
KSP3434,PI MUDHOL,PI,MUDHOL PS,L&O,Kalaburagi,,,9480803594,,pi mudhol pi mudhol ps l&o kalaburagi 9480803594
KSP3435,PSI MUDHOL,PSI,MUDHOL PS,L&O,Bagalkote,,,9480803622,mudholbgk@ksp.gov.in,psi mudhol psi mudhol ps l&o bagalkote 9480803622 mudholbgk@ksp.gov.in
KSP3436,DySP Sedam Circle,DySP,Sedam Circle,L&O,Kalaburagi,,,9480803537,sdpoalandgba@ksp.gov.in,dysp sedam circle dysp sedam circle l&o kalaburagi 9480803537 sdpoalandgba@ksp.gov.in
KSP3437,PI ALLAND,PI,ALLAND PS,L&O,Kalaburagi,,,9480803563,alalndgba@ksp.gov.in,pi alland pi alland ps l&o kalaburagi 9480803563 alalndgba@ksp.gov.in
KSP3438,PSI-2 PSI FPB BIDAR,PSI-2,PSI FPB BIDAR,FPB,Bidar,,,9480803625,,psi-2 psi fpb bidar psi-2 psi fpb bidar fpb bidar 9480803625
KSP3439,CPI Alland Circle,CPI,Alland Circle,L&O,Kalaburagi,,,9480803539,cpialandgba@ksp.gov.in,cpi alland circle cpi alland circle l&o kalaburagi 9480803539 cpialandgba@ksp.gov.in
KSP3440,PSI NIMBARGA,PSI,NIMBARGA PS,L&O,Kalaburagi,,,9480803565,nimbargagba@ksp.gov.in,psi nimbarga psi nimbarga ps l&o kalaburagi 9480803565 nimbargagba@ksp.gov.in
KSP3441,PSI MADAN HIPPARGA,PSI,MADAN HIPPARGA PS,L&O,Kalaburagi,,,9480803566,madanhihipparagagba@ksp.gov.in,psi madan hipparga psi madan hipparga ps l&o kalaburagi 9480803566 madanhihipparagagba@ksp.gov.in
KSP3442,PSI NARONA,PSI,NARONA PS,L&O,Kalaburagi,,,9480803564,naronagba@ksp.gov.in,psi narona psi narona ps l&o kalaburagi 9480803564 naronagba@ksp.gov.in
KSP3443,CPI Afzalpur Circle,CPI,Afzalpur Circle,L&O,Kalaburagi,,,9480803538,cpiafzalpurgba@ksp.gov.in,cpi afzalpur circle cpi afzalpur circle l&o kalaburagi 9480803538 cpiafzalpurgba@ksp.gov.in
KSP3444,PSI-1 AFZALPUR,PSI-1,AFZALPUR PS,L&O,Kalaburagi,,,9480803567,afzalpurgba@ksp.gov.in,psi-1 afzalpur psi-1 afzalpur ps l&o kalaburagi 9480803567 afzalpurgba@ksp.gov.in
KSP3445,PSI-2 Afzalpur,PSI-2,Afzalpur PS,L&O,Kalaburagi,,,,,psi-2 afzalpur psi-2 afzalpur ps l&o kalaburagi
KSP3446,PSI REVOR,PSI,REVOR PS,L&O,Kalaburagi,,,9480803569,revoorgba@ksp.gov.in,psi revor psi revor ps l&o kalaburagi 9480803569 revoorgba@ksp.gov.in
KSP3447,PSI DEVAL GANAGAPUR,PSI,DEVAL GANAGAPUR PS,L&O,Kalaburagi,,,9480803568,dgpuragba@ksp.gov.in,psi deval ganagapur psi deval ganagapur ps l&o kalaburagi 9480803568 dgpuragba@ksp.gov.in
KSP3448,AAO DPO,AAO,DPO Kalaburagi,DPO,Kalaburagi,,,9480803621,,aao dpo aao dpo kalaburagi dpo kalaburagi 9480803621
KSP3449,DySP INT,DySP,INT,HQ,Kalaburagi,,,9449878614,,dysp int dysp int hq kalaburagi 9449878614
KSP3450,DySP DCRB,DySP,DCRB,DCRB,Shivamogga,,,,dcrbgba@ksp.gov.in,dysp dcrb dysp dcrb shivamogga dcrbgba@ksp.gov.in
KSP3451,DySP D.A.R,DySP,D.A.R,DAR,Kalaburagi,,,9480803506,dargba@ksp.gov.in,dysp d.a.r dysp d.a.r dar kalaburagi 9480803506 dargba@ksp.gov.in
KSP3452,RPI MTO,RPI,MTO,CAR,Kalaburagi,,,9480803613,mtodargba@ksp.gov.in,rpi mto rpi mto car kalaburagi 9480803613 mtodargba@ksp.gov.in
KSP3453,PI DSB,PI,DSB,DSB,Kalaburagi,,,9480803507,dsbrrcr@ksp.gov.in,pi dsb pi dsb kalaburagi 9480803507 dsbrrcr@ksp.gov.in
KSP3454,PI DCIB,PI,DCIB,DCIB,Kalaburagi,,,9480803508,dcibgba@ksp.gov.in,pi dcib pi dcib kalaburagi 9480803508 dcibgba@ksp.gov.in
KSP3455,PSI DCRB,PSI,DCRB,DCRB,Udupi,,,9480032100,dcrb1gba@ksp.gov.in,psi dcrb psi dcrb udupi 9480032100 dcrb1gba@ksp.gov.in
KSP3456,PI ISD,PI,ISD,ISD,Kalaburagi,,,9480800663,piisdrcr@ksp.gov.in,pi isd pi isd kalaburagi 9480800663 piisdrcr@ksp.gov.in
KSP3457,PI DCB,PI,DCB,L&O,Kalaburagi,,,9480803603,dcbga@ksp.gov.in,pi dcb pi dcb l&o kalaburagi 9480803603 dcbga@ksp.gov.in
KSP3458,PI FPB,PI,FPB,FPB,Kalaburagi,,,9480803510,fpugba@ksp.gov.in,pi fpb pi fpb kalaburagi 9480803510 fpugba@ksp.gov.in
KSP3459,Social Media,,Social Media,Social Media,Kalaburagi,,,9480803610,smmcvjn@ksp.gov.in,social media kalaburagi 9480803610 smmcvjn@ksp.gov.in
KSP3460,PI Railway Wadi,PI,Railway Wadi,Railways,UNKNOWN,,,08476-202244,,pi railway wadi pi railway wadi railways unknown 08476-202244
KSP3461,6th BN Commdt. Commdt. KSRP 6 Bn,6th BN Commdt.,Commdt. KSRP 6 Bn,KSRP,6th Bn – Kalaburagi,,,9480805806,,6th bn commdt. commdt. ksrp 6 bn 6th bn commdt. commdt. ksrp 6 bn ksrp 6th bn – kalaburagi 9480805806
KSP3462,Sub-Jail,,Sub-Jail,Prison,Hassan,,,,,sub-jail prison hassan
KSP3463,Comdt. Home Guards,,Comdt. Home Guards,Home Guard,Kalaburagi,,,08472-245735,,comdt. home guards home guard kalaburagi 08472-245735
KSP3464,SP Yadgiri,SP,Yadgiri,L&O,Yadgiri,,,9480803601,spydr@ksp.gov.in,sp yadgiri sp yadgiri l&o 9480803601 spydr@ksp.gov.in
KSP3465,Addl. SP Yadgiri,Addl. SP,Yadgiri,L&O,Yadgiri,,,9480803602,addlspydr@ksp.gov.in,addl. sp yadgiri addl. sp yadgiri l&o 9480803602 addlspydr@ksp.gov.in
KSP3466,Dist. C/Room,,Dist. C/Room,C/Room,Kalaburagi,,,9480803600,dcbdr@ksp.gov.in,dist. c/room c/room kalaburagi 9480803600 dcbdr@ksp.gov.in
KSP3467,PI(W),PI (W),,L&O,Kalaburagi,,,9480800959,,pi(w) pi (w) l&o kalaburagi 9480800959
KSP3468,DySP Yadgiri,DySP,Yadgiri,L&O,Yadgiri,,,9480803526,sdpoyadgirydr@ksp.gov.in,dysp yadgiri dysp yadgiri l&o 9480803526 sdpoyadgirydr@ksp.gov.in
KSP3469,PSI WOMEN,PSI,WOMEN PS,L&O,Yadgiri,,,9480803639,womenydr@ksp.gov.in,psi women psi women ps l&o yadgiri 9480803639 womenydr@ksp.gov.in
KSP3470,PI CEN,PI,CEN PS,CEN,Yadgiri,,,9480803664,cenpsrcr@ksp.gov.in,pi cen pi cen ps cen yadgiri 9480803664 cenpsrcr@ksp.gov.in
KSP3471,CPI Yadgiri Circle,CPI,Yadgiri Circle,L&O,Yadgiri,,,9480803534,cpiyadgirydr@ksp.gov.in,cpi yadgiri circle cpi yadgiri circle l&o yadgiri 9480803534 cpiyadgirydr@ksp.gov.in
KSP3472,PSI-1 Yadgiri (T),PSI-1,Yadgiri (T) PS,L&O,Kalaburagi,,,,yadgirydr@ksp.gov.in,psi-1 yadgiri (t) psi-1 yadgiri (t) ps l&o kalaburagi yadgirydr@ksp.gov.in
KSP3473,PSI-1 YADGIRI (R),PSI-1,YADGIRI (R) PS,L&O,Yadgiri,,,9480803576,yadgirruralydr@ksp.gov.in,psi-1 yadgiri (r) psi-1 yadgiri (r) ps l&o yadgiri 9480803576 yadgirruralydr@ksp.gov.in
KSP3474,PSI WADAGERA,PSI,WADAGERA PS,L&O,Yadgiri,,,9480803577,wadagerydr@ksp.gov.in,psi wadagera psi wadagera ps l&o yadgiri 9480803577 wadagerydr@ksp.gov.in
KSP3475,PSI YADGIRI TRAFFIC,PSI,YADGIRI TRAFFIC PS,Traffic,Yadgiri,,,9480803638,trafficydr@ksp.gov.in,psi yadgiri traffic psi yadgiri traffic ps traffic yadgiri 9480803638 trafficydr@ksp.gov.in
KSP3476,PI Gurmitkal,PI,Gurmitkal,L&O,Yadgiri,,,9480803543,cpigurmitkalydr@ksp.gov.in,pi gurmitkal pi gurmitkal l&o yadgiri 9480803543 cpigurmitkalydr@ksp.gov.in
KSP3477,PSI Gurmitkal,PSI,Gurmitkal,L&O,Yadgiri,,,9480803581,gurmitkalydr@ksp.gov.in,psi gurmitkal psi gurmitkal l&o yadgiri 9480803581 gurmitkalydr@ksp.gov.in
KSP3478,PI SAIDAPUR,PI,SAIDAPUR PS,L&O,Yadgiri,,,9480803582,saidapurydr@ksp.gov.in,pi saidapur pi saidapur ps l&o yadgiri 9480803582 saidapurydr@ksp.gov.in
KSP3479,DySP Shorapur,DySP,Shorapur,L&O,Yadgiri,,,9480803637,sdposhorapurydr@ksp.gov.in,dysp shorapur dysp shorapur l&o yadgiri 9480803637 sdposhorapurydr@ksp.gov.in
KSP3480,PI SHAHAPUR,PI,SHAHAPUR PS,L&O,Belagavi City,,,9480803578,shahapurydr@ksp.gov.in,pi shahapur pi shahapur ps l&o belagavi city 9480803578 shahapurydr@ksp.gov.in
KSP3481,PI SHORAPUR,PI,SHORAPUR PS,L&O,Yadgiri,,,9480803583,shorapurydr@ksp.gov.in,pi shorapur pi shorapur ps l&o yadgiri 9480803583 shorapurydr@ksp.gov.in
KSP3482,CPI Shahapur Circle,CPI,Shahapur Circle,L&O,Yadgiri,,,9480803535,cpishahapurydr@ksp.gov.in,cpi shahapur circle cpi shahapur circle l&o yadgiri 9480803535 cpishahapurydr@ksp.gov.in
KSP3483,PSI B.GUDI,PSI,B.GUDI PS,L&O,Yadgiri,,,9480803580,bgudiydr@ksp.gov.in,psi b.gudi psi b.gudi ps l&o yadgiri 9480803580 bgudiydr@ksp.gov.in
KSP3484,PSI GOGI,PSI,GOGI PS,L&O,Yadgiri,,,9480803579,gogiydr@ksp.gov.in,psi gogi psi gogi ps l&o yadgiri 9480803579 gogiydr@ksp.gov.in
KSP3485,CPI Hunsagi Circle,CPI,Hunsagi Circle,L&O,Yadgiri,,,9480803536,cpishorapurydr@ksp.gov.in,cpi hunsagi circle cpi hunsagi circle l&o yadgiri 9480803536 cpishorapurydr@ksp.gov.in
KSP3486,PSI HUNSAGI,PSI,HUNSAGI PS,L&O,Yadgiri,,,9480803587,hunasagiydr@ksp.gov.in,psi hunsagi psi hunsagi ps l&o yadgiri 9480803587 hunasagiydr@ksp.gov.in
KSP3487,PSI KEMBHAVI,PSI,KEMBHAVI PS,L&O,Yadgiri,,,08443-278210,kembhaviydr@ksp.gov.in,psi kembhavi psi kembhavi ps l&o yadgiri 08443-278210 kembhaviydr@ksp.gov.in
KSP3488,PSI KODEKAL,PSI,KODEKAL PS,L&O,Yadgiri,,,9480803584,kodekalydr@ksp.gov.in,psi kodekal psi kodekal ps l&o yadgiri 9480803584 kodekalydr@ksp.gov.in
KSP3489,PSI NARAYANPUR,PSI,NARAYANPUR PS,L&O,Yadgiri,,,9480803586,narayanapurydr@ksp.gov.in,psi narayanpur psi narayanpur ps l&o yadgiri 9480803586 narayanapurydr@ksp.gov.in
KSP3490,AAO DPO Yadgiri,AAO,DPO Yadgiri,DPO,Yadgiri,,,9480803669,,aao dpo yadgiri aao dpo yadgiri dpo yadgiri 9480803669
KSP3491,SP Lokayuktha,SP,Lokayuktha,L&O,Yadgiri,,,9364062529,spklayadagir@gmail.com,sp lokayuktha sp lokayuktha l&o yadgiri 9364062529 spklayadagir@gmail.com
KSP3492,DySP Lokayuktha,DySP,Lokayuktha,L&O,Yadgiri,,,9364062589,kla.dsp-ydgr@karnataka.gov.in,dysp lokayuktha dysp lokayuktha l&o yadgiri 9364062589 kla.dsp-ydgr@karnataka.gov.in
KSP3493,PI-1 Lokayuktha,PI,PI-1 Lokayuktha,KLA,Yadgiri,,,9364062714,kla.pi1-ydgr@karnataka.gov.in,pi-1 lokayuktha pi kla yadgiri 9364062714 kla.pi1-ydgr@karnataka.gov.in
KSP3494,PI-2 Lokayuktha,PI,PI-2 Lokayuktha,KLA,Yadgiri,,,9364062715,kla.pi2-ydgr@karnataka.gov.in,pi-2 lokayuktha pi kla yadgiri 9364062715 kla.pi2-ydgr@karnataka.gov.in
KSP3495,PI DSB,PI,DSB,DSB,Yadgiri,,,9480803660,dsbrrcr@ksp.gov.in,pi dsb pi dsb yadgiri 9480803660 dsbrrcr@ksp.gov.in
KSP3496,PI DCRB,PI,DCRB,DCRB,Yadgiri,,,9480803661,dcrbrcr@ksp.gov.in,pi dcrb pi dcrb yadgiri 9480803661 dcrbrcr@ksp.gov.in
KSP3497,DySP DAR,DySP,DAR,DAR,Yadgiri,,,08473-253277,dspdarblr@ksp.gov.in,dysp dar dysp dar yadgiri 08473-253277 dspdarblr@ksp.gov.in
KSP3498,RPI DAR-I,RPI,DAR-I,DAR,Yadgiri,,,08473-253230,,rpi dar-i rpi dar-i dar yadgiri 08473-253230
KSP3499,PI INT,PI,INT,HQ,Yadgiri,,,9449878615,piintblr@ksp.gov.in,pi int pi int hq yadgiri 9449878615 piintblr@ksp.gov.in
KSP3500,PI GESCOM,PI,GESCOM,ESCOM,Raichur,,,,,pi gescom pi gescom escom raichur
KSP3501,Excise,,Excise,Excise,Mandya,,,,,excise mandya
KSP3502,Computer Section,,Computer Section,Computer Wing,Yadgiri,,,9480806054,ccydr@ksp.gov.in,computer section computer wing yadgiri 9480806054 ccydr@ksp.gov.in
KSP3503,SP Bidar,SP,Bidar,DAR,Bidar,,,9480803401,spbdr@ksp.gov.in,sp bidar sp bidar dar 9480803401 spbdr@ksp.gov.in
KSP3504,Addl. SP Bidar,Addl. SP,Bidar,DAR,Bidar,,,08482-226702,addlspbdr@ksp.gov.in,addl. sp bidar addl. sp bidar dar 08482-226702 addlspbdr@ksp.gov.in
KSP3505,Addl. SP Bidar,Addl. SP,Bidar,DAR,Bidar,,,9480803409,addlsp2dbr@ksp.gov.in,addl. sp bidar addl. sp bidar dar 9480803409 addlsp2dbr@ksp.gov.in
KSP3506,Dist. C/Room,,Dist. C/Room,C/Room,Kalaburagi,,,9480803400,dcbdr@ksp.gov.in,dist. c/room c/room kalaburagi 9480803400 dcbdr@ksp.gov.in
KSP3507,PI(W) PI Wireless,PI (W),PI Wireless,Wireless,Bidar,,,9480800958,pcrvjn@gmail.com,pi(w) pi wireless pi (w) pi wireless wireless bidar 9480800958 pcrvjn@gmail.com
KSP3508,DySP Bidar,DySP,Bidar,DAR,Bidar,,,9480803420,sdpobdr@ksp.gov.in,dysp bidar dysp bidar dar 9480803420 sdpobdr@ksp.gov.in
KSP3509,CEN,,CEN PS,CEN,Bidar,,,9480803437,cenpsbdr@ksp.gov.in,cen cen ps bidar 9480803437 cenpsbdr@ksp.gov.in
KSP3510,CPI Bidar Town Circle,CPI,Bidar Town Circle,L&O,Bidar,,,9480803431,cpitownbdr@ksp.gov.in,cpi bidar town circle cpi bidar town circle l&o bidar 9480803431 cpitownbdr@ksp.gov.in
KSP3511,PSI-1 BIDAR SUB-URBAN,PSI-1,BIDAR SUB-URBAN PS,DAR,Bidar,,,9480803445,townbdr@ksp.gov.in,psi-1 bidar sub-urban psi-1 bidar sub-urban ps dar bidar 9480803445 townbdr@ksp.gov.in
KSP3512,PSI-2 Bidar Sub-Urban,PSI-2,Bidar Sub-Urban PS,L&O,Bidar,,,,,psi-2 bidar sub-urban psi-2 bidar sub-urban ps l&o bidar
KSP3513,PSI MARKET,PSI,MARKET PS,L&O,Bidar,,,9480803447,marketbdr@ksp.gov.in,psi market psi market ps l&o bidar 9480803447 marketbdr@ksp.gov.in
KSP3514,PI BIDAR NEW TOWN,PI,BIDAR NEW TOWN PS,DAR,Bidar,,,9480803446,newtownbdr@ksp.gov.in,pi bidar new town pi bidar new town ps dar bidar 9480803446 newtownbdr@ksp.gov.in
KSP3515,PSI Bidar New Town,PSI,Bidar New Town PS,L&O,Bidar,,,,,psi bidar new town psi bidar new town ps l&o bidar
KSP3516,PI GANDHI GUNJ,PI,GANDHI GUNJ PS,L&O,Bidar,,,9480803448,gandhigunjbdr@ksp.gov.in,pi gandhi gunj pi gandhi gunj ps l&o bidar 9480803448 gandhigunjbdr@ksp.gov.in
KSP3517,PSI Gandhi Gunj,PSI,Gandhi Gunj PS,L&O,Kalaburagi,,,,,psi gandhi gunj psi gandhi gunj ps l&o kalaburagi
KSP3518,PI BIDAR TRAFFIC,PI,BIDAR TRAFFIC PS,DAR,Bidar,,,9480803472,pitrafficbdr@ksp.gov.in,pi bidar traffic pi bidar traffic ps dar bidar 9480803472 pitrafficbdr@ksp.gov.in
KSP3519,PSI Bidar Traffic,PSI,Bidar Traffic PS,L&O,Bidar,,,,,psi bidar traffic psi bidar traffic ps l&o bidar
KSP3520,PI BIDAR RURAL,PI,BIDAR RURAL PS,DAR,Bidar,,,9480803449,ruralbdr@ksp.gov.in,pi bidar rural pi bidar rural ps dar bidar 9480803449 ruralbdr@ksp.gov.in
KSP3521,PI WOMEN,PI,WOMEN PS,L&O,Bidar,,,9480803408,womenpsrcr@ksp.gov.in,pi women pi women ps l&o bidar 9480803408 womenpsrcr@ksp.gov.in
KSP3522,CPI Bidar Rural Circle,CPI,Bidar Rural Circle,L&O,Bidar,,,9480803439,cpiruralbdr@ksp.gov.in,cpi bidar rural circle cpi bidar rural circle l&o bidar 9480803439 cpiruralbdr@ksp.gov.in
KSP3523,PSI JANWADA,PSI,JANWADA PS,L&O,Bidar,,,9480803450,janwadabdr@ksp.gov.in,psi janwada psi janwada ps l&o bidar 9480803450 janwadabdr@ksp.gov.in
KSP3524,PSI BAGDAL,PSI,BAGDAL PS,L&O,Bidar,,,9480803451,bagdalbdr@ksp.gov.in,psi bagdal psi bagdal ps l&o bidar 9480803451 bagdalbdr@ksp.gov.in
KSP3525,PSI MANNALLI,PSI,MANNALLI PS,L&O,Bidar,,,,mannallibdr@ksp.gov.in,psi mannalli psi mannalli ps l&o bidar mannallibdr@ksp.gov.in
KSP3526,DySP Humnabad,DySP,Humnabad,L&O,Bidar,,,9480803422,sdpohumnabadbdr@ksp.gov.in,dysp humnabad dysp humnabad l&o bidar 9480803422 sdpohumnabadbdr@ksp.gov.in
KSP3527,CPI Humnabad Circle,CPI,Humnabad Circle,L&O,Bidar,,,9480803435,cpihumnabadbdr@ksp.gov.in,cpi humnabad circle cpi humnabad circle l&o bidar 9480803435 cpihumnabadbdr@ksp.gov.in
KSP3528,PSI-1 HUMNABAD,PSI-1,HUMNABAD PS,L&O,Bidar,,,9480803452,humnabadbdr@ksp.gov.in,psi-1 humnabad psi-1 humnabad ps l&o bidar 9480803452 humnabadbdr@ksp.gov.in
KSP3529,PSI-2 Humnabad,PSI-2,Humnabad PS,L&O,Kalaburagi,,,,,psi-2 humnabad psi-2 humnabad ps l&o kalaburagi
KSP3530,PSI HALLIKHED,PSI,HALLIKHED PS,L&O,Bidar,,,9480803453,hallikhedbdr@ksp.gov.in,psi hallikhed psi hallikhed ps l&o bidar 9480803453 hallikhedbdr@ksp.gov.in
KSP3531,PSI HUMNABAD TRAFFIC,PSI,HUMNABAD TRAFFIC PS,Traffic,Bidar,,,,humnadbadtrafficbdr@ksp.gov.in,psi humnabad traffic psi humnabad traffic ps traffic bidar humnadbadtrafficbdr@ksp.gov.in
KSP3532,CPI Chitaguppa Circle,CPI,Chitaguppa Circle,L&O,Bidar,,,9480803434,cpichitaguppabdr@ksp.gov.in,cpi chitaguppa circle cpi chitaguppa circle l&o bidar 9480803434 cpichitaguppabdr@ksp.gov.in
KSP3533,PSI CHITAGUPPA,PSI,CHITAGUPPA PS,L&O,Bidar,,,9480803455,chittaguppabdr@ksp.gov.in,psi chitaguppa psi chitaguppa ps l&o bidar 9480803455 chittaguppabdr@ksp.gov.in
KSP3534,PSI MANNA-EKHELLI,PSI,MANNA-EKHELLI PS,L&O,Bidar,,,9480803456,mannaekhellbdr@ksp.gov.in,psi manna-ekhelli psi manna-ekhelli ps l&o bidar 9480803456 mannaekhellbdr@ksp.gov.in
KSP3535,PSI BEMALKHED,PSI,BEMALKHED PS,L&O,Bidar,,,9480803454,bemalkhedbdr@ksp.gov.in,psi bemalkhed psi bemalkhed ps l&o bidar 9480803454 bemalkhedbdr@ksp.gov.in
KSP3536,CPI Basavakalyan Circle,CPI,Basavakalyan Circle,L&O,Bidar,,,9480803432,cpibkalyanbdr@ksp.gov.in,cpi basavakalyan circle cpi basavakalyan circle l&o bidar 9480803432 cpibkalyanbdr@ksp.gov.in
KSP3537,PSI BASAVAKALYAN TOWN,PSI,BASAVAKALYAN TOWN PS,L&O,Bidar,,,9480803457,bkalyantownbdr@ksp.gov.in,psi basavakalyan town psi basavakalyan town ps l&o bidar 9480803457 bkalyantownbdr@ksp.gov.in
KSP3538,PSI HULSOOR,PSI,HULSOOR PS,L&O,Bidar,,,9480803458,hulsoorbdr@ksp.gov.in,psi hulsoor psi hulsoor ps l&o bidar 9480803458 hulsoorbdr@ksp.gov.in
KSP3539,PSI-1 BASAVAKALYAN TRF.,PSI-1,BASAVAKALYAN TRF. PS,L&O,Bidar,,,9480803459,bkalyantrafficbdr@ksp.gov.in,psi-1 basavakalyan trf. psi-1 basavakalyan trf. ps l&o bidar 9480803459 bkalyantrafficbdr@ksp.gov.in
KSP3540,PSI-2 Basavakalyan Traffic,PSI-2,Basavakalyan Traffic PS,L&O,Kalaburagi,,,,,psi-2 basavakalyan traffic psi-2 basavakalyan traffic ps l&o kalaburagi
KSP3541,CPI Mantala Circle,CPI,Mantala Circle,L&O,Bidar,,,9480803438,cpimanthalabdr@ksp.gov.in,cpi mantala circle cpi mantala circle l&o bidar 9480803438 cpimanthalabdr@ksp.gov.in
KSP3542,PSI MANTALA,PSI,MANTALA PS,L&O,Bidar,,,9480803461,manthalabdr@ksp.gov.in,psi mantala psi mantala ps l&o bidar 9480803461 manthalabdr@ksp.gov.in
KSP3543,PSI BASAVAKALYAN (R),PSI,BASAVAKALYAN (R) PS,L&O,Bidar,,,9480803460,bkalyanruralbdr@ksp.gov.in,psi basavakalyan (r) psi basavakalyan (r) ps l&o bidar 9480803460 bkalyanruralbdr@ksp.gov.in
KSP3544,PSI MUDBI,PSI,MUDBI PS,L&O,Bidar,,,9480803462,mudbibdr@ksp.gov.in,psi mudbi psi mudbi ps l&o bidar 9480803462 mudbibdr@ksp.gov.in
KSP3545,DySP Bhalki,DySP,Bhalki,L&O,Bidar,,,9480803421,sdpobhalkibdr@ksp.gov.in,dysp bhalki dysp bhalki l&o bidar 9480803421 sdpobhalkibdr@ksp.gov.in
KSP3546,PI BHALKI (T),PI,BHALKI (T) PS,L&O,Bidar,,,9480803463,bhalkitownbdr@ksp.gov.in,pi bhalki (t) pi bhalki (t) ps l&o bidar 9480803463 bhalkitownbdr@ksp.gov.in
KSP3547,PSI Bhalki (T),PSI,Bhalki (T) PS,L&O,Kalaburagi,,,,,psi bhalki (t) psi bhalki (t) ps l&o kalaburagi
KSP3548,CPI Bhalki Rural Circle,CPI,Bhalki Rural Circle,L&O,Bidar,,,9480803433,cpibhalkiruralbdrbdr@ksp.gov.in,cpi bhalki rural circle cpi bhalki rural circle l&o bidar 9480803433 cpibhalkiruralbdrbdr@ksp.gov.in
KSP3549,PSI-1 BHALKI RURAL,PSI-1,BHALKI RURAL PS,L&O,Bidar,,,9480803464,bhalkiruralbdr@ksp.gov.in,psi-1 bhalki rural psi-1 bhalki rural ps l&o bidar 9480803464 bhalkiruralbdr@ksp.gov.in
KSP3550,PSI-2 Bhalki Rural,PSI-2,Bhalki Rural PS,L&O,Kalaburagi,,,,,psi-2 bhalki rural psi-2 bhalki rural ps l&o kalaburagi
KSP3551,PSI DHANNURA,PSI,DHANNURA PS,L&O,Bidar,,,9480803465,dhannurabdr@ksp.gov.in,psi dhannura psi dhannura ps l&o bidar 9480803465 dhannurabdr@ksp.gov.in
KSP3552,PSI KHATAK CHINCHOLLI,PSI,KHATAK CHINCHOLLI PS,L&O,Bidar,,,9480803466,kchinchollibdr@ksp.gov.in,psi khatak chincholli psi khatak chincholli ps l&o bidar 9480803466 kchinchollibdr@ksp.gov.in
KSP3553,PSI MEHAKAR,PSI,MEHAKAR PS,L&O,Bidar,,,,mehakarbdr@ksp.gov.in,psi mehakar psi mehakar ps l&o bidar mehakarbdr@ksp.gov.in
KSP3554,CPI Kamalanagar Circle,CPI,Kamalanagar Circle,L&O,Bidar,,,9480803436,cpiknagarbdr@ksp.gov.in,cpi kamalanagar circle cpi kamalanagar circle l&o bidar 9480803436 cpiknagarbdr@ksp.gov.in
KSP3555,PSI KAMALANAGAR,PSI,KAMALANAGAR PS,L&O,Bidar,,,9480803470,kamalanagarbdr@ksp.gov.in,psi kamalanagar psi kamalanagar ps l&o bidar 9480803470 kamalanagarbdr@ksp.gov.in
KSP3556,PSI KUSHNOOR,PSI,KUSHNOOR PS,L&O,Bidar,,,9480803471,kushnurbdr@ksp.gov.in,psi kushnoor psi kushnoor ps l&o bidar 9480803471 kushnurbdr@ksp.gov.in
KSP3557,CPI Aurad Circle,CPI,Aurad Circle,L&O,Bidar,,,9480803430,cpiauradbdr@ksp.gov.in,cpi aurad circle cpi aurad circle l&o bidar 9480803430 cpiauradbdr@ksp.gov.in
KSP3558,PSI-1 AURAD,PSI-1,AURAD PS,L&O,Bidar,,,9480803467,auradbdr@ksp.gov.in,psi-1 aurad psi-1 aurad ps l&o bidar 9480803467 auradbdr@ksp.gov.in
KSP3559,PSI-2 Aurad,PSI-2,Aurad PS,L&O,Kalaburagi,,,,,psi-2 aurad psi-2 aurad ps l&o kalaburagi
KSP3560,PSI SANTHAPUR,PSI,SANTHAPUR PS,L&O,Bidar,,,9480803469,santhapurbdr@ksp.gov.in,psi santhapur psi santhapur ps l&o bidar 9480803469 santhapurbdr@ksp.gov.in
KSP3561,PSI CHINTAKI,PSI,CHINTAKI PS,L&O,Bidar,,,9480803468,chintakibdr@ksp.gov.in,psi chintaki psi chintaki ps l&o bidar 9480803468 chintakibdr@ksp.gov.in
KSP3562,PSI HOKRANA,PSI,HOKRANA PS,L&O,Bidar,,,,hokranabdr@ksp.gov.in,psi hokrana psi hokrana ps l&o bidar hokranabdr@ksp.gov.in
KSP3563,AAO,AAO,,Range HQ,Kalaburagi,,,,,aao range hq kalaburagi
KSP3564,DySP DAR,DySP,DAR,DAR,Bidar,,,9480803406,dspdarblr@ksp.gov.in,dysp dar dysp dar bidar 9480803406 dspdarblr@ksp.gov.in
KSP3565,RPI DAR,RPI,DAR,DAR,Bidar,,,9008368656,darvjn@ksp.gov.in,rpi dar rpi dar bidar 9008368656 darvjn@ksp.gov.in
KSP3566,PI DSB,PI,DSB,DSB,Bidar,,,9480803407,dsbrrcr@ksp.gov.in,pi dsb pi dsb bidar 9480803407 dsbrrcr@ksp.gov.in
KSP3567,PI DCRB,PI,DCRB,DCRB,Bidar,,,9480803410,dcrbrcr@ksp.gov.in,pi dcrb pi dcrb bidar 9480803410 dcrbrcr@ksp.gov.in
KSP3568,PI WOMEN,PI,WOMEN PS,L&O,Bidar,,,9480803408,womenpsrcr@ksp.gov.in,pi women pi women ps l&o bidar 9480803408 womenpsrcr@ksp.gov.in
KSP3569,PI FPB,PI,FPB,FPB,Bidar,,,9480806025,fpubdr@ksp.gov.in,pi fpb pi fpb bidar 9480806025 fpubdr@ksp.gov.in
KSP3570,Dist. Jail,,Dist. Jail,Prison,Bidar,,,9480806504,,dist. jail prison bidar 9480806504
KSP3571,Homeguard,,Homeguard,Home Guard,Ramanagara,,,,,homeguard home guard ramanagara
KSP3572,IGP Ballari Range,IGP,Ballari Range,L&O,Ballari,,,9480800034,igpblr@ksp.gov.in,igp ballari range igp ballari range l&o ballari 9480800034 igpblr@ksp.gov.in
KSP3573,DySP HQ IGP Office,DySP,HQ IGP Office,Admin,Ballari,,,08392-255009,dsphqigpblr@ksp.gov.in,dysp hq igp office dysp hq igp office admin ballari 08392-255009 dsphqigpblr@ksp.gov.in
KSP3574,AAO IGP Office,AAO,IGP Office,IGP Off,Ballari,,,08392-255900,,aao igp office aao igp office igp off ballari 08392-255900
KSP3575,IGP Office -BR,IGP,IGP Office -BR,IGP Off,Ballari,,,08392-255400,,igp office -br igp igp off ballari 08392-255400
KSP3576,SP Range Office,SP,Range Office,DCRE,Ballari,,,08392-299039,spblrdcre@ksp.gov.in,sp range office sp range office dcre ballari 08392-299039 spblrdcre@ksp.gov.in
KSP3577,SP Ballari,SP,Ballari,L&O,Ballari,,,9480803001,spblr@ksp.gov.in,sp ballari sp ballari l&o 9480803001 spblr@ksp.gov.in
KSP3578,Addl. SP,Addl. SP,Ballari,L&O,Ballari,,,08392-258837,addlspblr@ksp.gov.in,addl. sp ballari l&o 08392-258837 addlspblr@ksp.gov.in
KSP3579,Addl. SP DSP DCRB,Addl. SP,DSP DCRB,DCRB,Ballari,,,9480803009,addlsp2blr@ksp.gov.in,addl. sp dsp dcrb addl. sp dsp dcrb dcrb ballari 9480803009 addlsp2blr@ksp.gov.in
KSP3580,C/Room,,C/Room,C/Room,Ballari,,,9480803000,dckpl@ksp.gov.in,c/room ballari 9480803000 dckpl@ksp.gov.in
KSP3581,PI Wireless,PI,Wireless,Wireless,Chikkaballapura,,,9480800948,dcbkpl@ksp.gov.in,pi wireless pi wireless chikkaballapura 9480800948 dcbkpl@ksp.gov.in
KSP3582,DySP CEN,DySP,CEN PS,CEN,Ballari,,,9480803014,cybercrimeblr@ksp.gov.in,dysp cen dysp cen ps cen ballari 9480803014 cybercrimeblr@ksp.gov.in
KSP3583,PI WOMEN,PI,WOMEN PS,L&O,Ballari,,,9480803088,womenpsrcr@ksp.gov.in,pi women pi women ps l&o ballari 9480803088 womenpsrcr@ksp.gov.in
KSP3584,DySP Ballari City,DySP,Ballari City,L&O,Ballari,,,9480803020,sdpoblr@ksp.gov.in,dysp ballari city dysp ballari city l&o ballari 9480803020 sdpoblr@ksp.gov.in
KSP3585,PI GANDHINAGAR,PI,GANDHINAGAR PS,L&O,Ballari,,,9480803046,gandhinagarblr@ksp.gov.in,pi gandhinagar pi gandhinagar ps l&o ballari 9480803046 gandhinagarblr@ksp.gov.in
KSP3586,PSI GANDHINAGAR,PSI,GANDHINAGAR PS,L&O,Ballari,,,9480803082,,psi gandhinagar psi gandhinagar ps l&o ballari 9480803082
KSP3587,PI BRUCEPET,PI,BRUCEPET PS,L&O,Ballari,,,9480803045,brucepetblr@ksp.gov.in,pi brucepet pi brucepet ps l&o ballari 9480803045 brucepetblr@ksp.gov.in
KSP3588,PSI BRUCEPET,PSI,BRUCEPET PS,L&O,Ballari,,,9480803081,,psi brucepet psi brucepet ps l&o ballari 9480803081
KSP3589,PI COWL BAZAR,PI,COWL BAZAR PS,L&O,Ballari,,,9480803047,cowlbazarblr@ksp.gov.in,pi cowl bazar pi cowl bazar ps l&o ballari 9480803047 cowlbazarblr@ksp.gov.in
KSP3590,PSI-1 COWL BAZAR,PSI-1,COWL BAZAR PS,L&O,Ballari,,,9480803084,,psi-1 cowl bazar psi-1 cowl bazar ps l&o ballari 9480803084
KSP3591,PSI-2 COWL BAZAR,PSI-2,COWL BAZAR PS,L&O,Ballari,,,9480803085,,psi-2 cowl bazar psi-2 cowl bazar ps l&o ballari 9480803085
KSP3592,PI APMC YARD,PI,APMC YARD BALLARI PS,L&O,Ballari,,,9480803096,apmcblr@ksp.gov.in,pi apmc yard pi apmc yard ballari ps l&o ballari 9480803096 apmcblr@ksp.gov.in
KSP3593,PI Wireless,PI,Wireless,Wireless,Ballari,,,9480803048,dcbkpl@ksp.gov.in,pi wireless pi wireless ballari 9480803048 dcbkpl@ksp.gov.in
KSP3594,PSI BALLARI TRAFFIC,PSI,BALLARI TRAFFIC PS,Traffic,Ballari,,,9480803086,,psi ballari traffic psi ballari traffic ps traffic ballari 9480803086
KSP3595,DySP Siruguppa,DySP,Siruguppa,L&O,Ballari,,,9480803021,sdposiruguppa@ksp.gov.in,dysp siruguppa dysp siruguppa l&o ballari 9480803021 sdposiruguppa@ksp.gov.in
KSP3596,PI BALLARI RURAL,PI,BALLARI RURAL PS,L&O,Ballari,,,9480803049,,pi ballari rural pi ballari rural ps l&o ballari 9480803049
KSP3597,PSI RURAL,PSI,RURAL BALLARI PS,L&O,Ballari,,,9480803087,bellaryruralblr@ksp.gov.in,psi rural psi rural ballari ps l&o ballari 9480803087 bellaryruralblr@ksp.gov.in
KSP3598,CPI Siruguppa Circle,CPI,Siruguppa Circle,L&O,Ballari,,,9480803032,cpisgpblr@ksp.gov.in,cpi siruguppa circle cpi siruguppa circle l&o ballari 9480803032 cpisgpblr@ksp.gov.in
KSP3599,PSI-1 SIRUGUPPA,PSI-1,SIRUGUPPA PS,L&O,Ballari,,,9480803053,siruguppablr@ksp.gov.in,psi-1 siruguppa psi-1 siruguppa ps l&o ballari 9480803053 siruguppablr@ksp.gov.in
KSP3600,PSI-2 SIRUGUPPA,PSI-2,SIRUGUPPA PS,L&O,Ballari,,,9480803013,,psi-2 siruguppa psi-2 siruguppa ps l&o ballari 9480803013
KSP3601,PSI HATCHOHALLI,PSI,HATCHOHALLI PS,L&O,Ballari,,,9480803054,hatcholliblr@ksp.gov.in,psi hatchohalli psi hatchohalli ps l&o ballari 9480803054 hatcholliblr@ksp.gov.in
KSP3602,CPI P.D.Halli Circle,CPI,P.D.Halli Circle,L&O,Ballari,,,9480803031,cpiruralblr@ksp.gov.in,cpi p.d.halli circle cpi p.d.halli circle l&o ballari 9480803031 cpiruralblr@ksp.gov.in
KSP3603,PSI P.D.HALLI,PSI,P.D.HALLI PS,L&O,Ballari,,,9480803052,pdhalliblr@ksp.gov.in,psi p.d.halli psi p.d.halli ps l&o ballari 9480803052 pdhalliblr@ksp.gov.in
KSP3604,PSI MOKA,PSI,MOKA PS,L&O,Ballari,,,9480803050,mokablr@ksp.gov.in,psi moka psi moka ps l&o ballari 9480803050 mokablr@ksp.gov.in
KSP3605,CPI Tekkalakote Circle,CPI,Tekkalakote Circle,L&O,Ballari,,,9480803033,cpitkotablr@ksp.gov.in,cpi tekkalakote circle cpi tekkalakote circle l&o ballari 9480803033 cpitkotablr@ksp.gov.in
KSP3606,PSI TEKKALAKOTE,PSI,TEKKALAKOTE PS,L&O,Ballari,,,9480803055,tekkalakotablr@ksp.gov.in,psi tekkalakote psi tekkalakote ps l&o ballari 9480803055 tekkalakotablr@ksp.gov.in
KSP3607,PSI SIRIGERI,PSI,SIRIGERI PS,L&O,Ballari,,,9480803056,siregeriblr@ksp.gov.in,psi sirigeri psi sirigeri ps l&o ballari 9480803056 siregeriblr@ksp.gov.in
KSP3608,DySP Toranagallu,DySP,Toranagallu,L&O,Ballari,,,08392-200763,sdpotngblr@ksp.gov.in,dysp toranagallu dysp toranagallu l&o ballari 08392-200763 sdpotngblr@ksp.gov.in
KSP3609,PI KAMPLI,PI,KAMPLI PS,L&O,Ballari,,,9480803038,cpikampliblr@ksp.gov.in,pi kampli pi kampli ps l&o ballari 9480803038 cpikampliblr@ksp.gov.in
KSP3610,PSI KAMPLI,PSI,KAMPLI PS,L&O,Ballari,,,9480803077,kampliblr@ksp.gov.in,psi kampli psi kampli ps l&o ballari 9480803077 kampliblr@ksp.gov.in
KSP3611,CPI Kurugodu Circle,CPI,Kurugodu Circle,L&O,Ballari,,,8277977722,cpikurugodublr@ksp.gov.in,cpi kurugodu circle cpi kurugodu circle l&o ballari 8277977722 cpikurugodublr@ksp.gov.in
KSP3612,PSI KURUGODU,PSI,KURUGODU PS,L&O,Ballari,,,9480803051,kurugodublrblr@ksp.gov.in,psi kurugodu psi kurugodu ps l&o ballari 9480803051 kurugodublrblr@ksp.gov.in
KSP3613,PSI KUDUTHINI,PSI,KUDUTHINI PS,L&O,Ballari,,,08392-248100,kuduthiniblr@ksp.gov.in,psi kuduthini psi kuduthini ps l&o ballari 08392-248100 kuduthiniblr@ksp.gov.in
KSP3614,CPI Sandur Circle,CPI,Sandur Circle,L&O,Ballari,,,9480803036,cpisdrblr@ksp.gov.in,cpi sandur circle cpi sandur circle l&o ballari 9480803036 cpisdrblr@ksp.gov.in
KSP3615,PSI SANDUR,PSI,SANDUR PS,L&O,Ballari,,,9480803061,sandurblr@ksp.gov.in,psi sandur psi sandur ps l&o ballari 9480803061 sandurblr@ksp.gov.in
KSP3616,PSI TORANGALLU,PSI,TORANGALLU PS,L&O,Ballari,,,9480803062,torangalblr@ksp.gov.in,psi torangallu psi torangallu ps l&o ballari 9480803062 torangalblr@ksp.gov.in
KSP3617,PSI CHORANURU,PSI,CHORANURU PS,L&O,Ballari,,,9480803063,choranurublr@ksp.gov.in,psi choranuru psi choranuru ps l&o ballari 9480803063 choranurublr@ksp.gov.in
KSP3618,AAO,AAO,,Range HQ,Ballari,,,,,aao range hq ballari
KSP3619,SP Lokayukta,SP,Lokayukta,L&O,Ballari,,,9364062511,kla-blrysp-ka@nic.in,sp lokayukta sp lokayukta l&o ballari 9364062511 kla-blrysp-ka@nic.in
KSP3620,DySP Lokayukta,DySP,Lokayukta,KLA,Chamarajanagara,,,9364062552,kla-blrysp-ka@nic.in,dysp lokayukta dysp lokayukta kla chamarajanagara 9364062552 kla-blrysp-ka@nic.in
KSP3621,PI Lokayukta,PI,Lokayukta,L&O,Ballari,,,9364062630,,pi lokayukta pi lokayukta l&o ballari 9364062630
KSP3622,PI Lokayukta,PI,Lokayukta,L&O,Ballari,,,9364062631,,pi lokayukta pi lokayukta l&o ballari 9364062631
KSP3623,DySP DAR,DySP,DAR,DAR,Ballari,,,9480803006,dspdarblr@ksp.gov.in,dysp dar dysp dar ballari 9480803006 dspdarblr@ksp.gov.in
KSP3624,PI DSB,PI,DSB,DSB,Ballari,,,9480803007,dsbrrcr@ksp.gov.in,pi dsb pi dsb ballari 9480803007 dsbrrcr@ksp.gov.in
KSP3625,PI ISD,PI,ISD,ISD,Ballari,,,9480800695,piisdrcr@ksp.gov.in,pi isd pi isd ballari 9480800695 piisdrcr@ksp.gov.in
KSP3626,RPI DAR,RPI,DAR,DAR,Ballari,,,9480803041,darvjn@ksp.gov.in,rpi dar rpi dar ballari 9480803041 darvjn@ksp.gov.in
KSP3627,PI GESCOM,PI,GESCOM,ESCOM,Raichur,,,,,pi gescom pi gescom escom raichur
KSP3628,DySP INT,DySP,INT,HQ,Vijayapura,,,,,dysp int dysp int hq vijayapura
KSP3629,PI INT,PI,INT,HQ,Yadgiri,,,,piintblr@ksp.gov.in,pi int pi int hq yadgiri piintblr@ksp.gov.in
KSP3630,Homeguard,,Homeguard,Home Guard,Ramanagara,,,,,homeguard home guard ramanagara
KSP3631,RAILWAY,,RAILWAY PS,Railway,Ballari,,,9480802131,,railway railway ps ballari 9480802131
KSP3632,Dist. Jail,,Dist. Jail,Prison,Ballari,,,9480806515,,dist. jail prison ballari 9480806515
KSP3633,SP Vijayanagara,SP,Vijayanagara,L&O,Vijayanagara,,,9480805701,spvjn@ksp.gov.in,sp vijayanagara sp vijayanagara l&o 9480805701 spvjn@ksp.gov.in
KSP3634,Addl. SP Vijayanagara,Addl. SP,Vijayanagara,L&O,Vijayanagara,,,9480805702,addlspvjn@ksp.gov.in,addl. sp vijayanagara addl. sp vijayanagara l&o 9480805702 addlspvjn@ksp.gov.in
KSP3635,Dist. C/Room,,Dist. C/Room,C/Room,Ballari,,,9480805700,dcrcr@ksp.gov.in,dist. c/room c/room ballari 9480805700 dcrcr@ksp.gov.in
KSP3636,PI(W) PI Wireless,PI (W),PI Wireless,Wireless,Vijayanagara,,,9480805707,pcrvjn@gmail.com,pi(w) pi wireless pi (w) pi wireless wireless vijayanagara 9480805707 pcrvjn@gmail.com
KSP3637,DySP Hospet,DySP,Hospet,L&O,Vijayanagara,,,9480805720,sdpohptvjn@ksp.gov.in,dysp hospet dysp hospet l&o vijayanagara 9480805720 sdpohptvjn@ksp.gov.in
KSP3638,PI HOSPET TOWN,PI,HOSPET TOWN PS,L&O,Vijayanagara,,,9480805745,hospettownvjn@ksp.gov.in,pi hospet town pi hospet town ps l&o vijayanagara 9480805745 hospettownvjn@ksp.gov.in
KSP3639,PSI-1 HOSPET TOWN,PSI-1,HOSPET TOWN PS,L&O,Vijayanagara,,,9480805751,hospettownvjn@ksp.gov.in,psi-1 hospet town psi-1 hospet town ps l&o vijayanagara 9480805751 hospettownvjn@ksp.gov.in
KSP3640,PI HOSPET TRAFFIC,PI,HOSPET TRAFFIC PS,Traffic,Vijayanagara,,,9480805756,hospettrafficvjn@ksp.gov.in,pi hospet traffic pi hospet traffic ps traffic vijayanagara 9480805756 hospettrafficvjn@ksp.gov.in
KSP3641,PSI-1 HOSPET TRAFFIC,PSI-1,HOSPET TRAFFIC PS,Traffic,Vijayanagara,,,9480805752,hospettrafficvjn@ksp.gov.in,psi-1 hospet traffic psi-1 hospet traffic ps traffic vijayanagara 9480805752 hospettrafficvjn@ksp.gov.in
KSP3642,PI HOSPET RURAL,PI,HOSPET RURAL PS,L&O,Vijayanagara,,,9480805746,hospetruralvjn@ksp.gov.in,pi hospet rural pi hospet rural ps l&o vijayanagara 9480805746 hospetruralvjn@ksp.gov.in
KSP3643,PSI-1 HOSPET RURAL,PSI-1,HOSPET RURAL PS,L&O,Vijayanagara,,,9480805753,hospetruralvjn@ksp.gov.in,psi-1 hospet rural psi-1 hospet rural ps l&o vijayanagara 9480805753 hospetruralvjn@ksp.gov.in
KSP3644,PI CHITTAWADAGI,PI,CHITTAWADAGI PS,L&O,Vijayanagara,,,9480805747,chitawadgivjn@ksp.gov.in,pi chittawadagi pi chittawadagi ps l&o vijayanagara 9480805747 chitawadgivjn@ksp.gov.in
KSP3645,PSI-1 CHITTAWADAGI,PSI-1,CHITTAWADAGI PS,L&O,Vijayanagara,,,9480805757,chitwadgivjn@ksp.gov.in,psi-1 chittawadagi psi-1 chittawadagi ps l&o vijayanagara 9480805757 chitwadgivjn@ksp.gov.in
KSP3646,CPI T.B Dam Circle,CPI,T.B Dam Circle,L&O,Vijayanagara,,,9480805731,cpitbdamvjn@ksp.gov.in,cpi t.b dam circle cpi t.b dam circle l&o vijayanagara 9480805731 cpitbdamvjn@ksp.gov.in
KSP3647,PSI T.B DAM,PSI,T.B DAM PS,L&O,Vijayanagara,,,9480805754,tbdamvjn@ksp.gov.in,psi t.b dam psi t.b dam ps l&o vijayanagara 9480805754 tbdamvjn@ksp.gov.in
KSP3648,PSI-1 HOSPET EXTN.,PSI-1,HOSPET EXTN. PS,L&O,Vijayanagara,,,9480805755,hospetextnvjn@ksp.gov.in,psi-1 hospet extn. psi-1 hospet extn. ps l&o vijayanagara 9480805755 hospetextnvjn@ksp.gov.in
KSP3649,CPI Hampi Circle,CPI,Hampi Circle,L&O,Vijayanagara,,,9480805732,cpihampivjn@ksp.gov.in,cpi hampi circle cpi hampi circle l&o vijayanagara 9480805732 cpihampivjn@ksp.gov.in
KSP3650,PSI-1 HAMTOURIST,PSI-1,HAMTOURIST PS,L&O,Vijayanagara,,,9480805758,hampivjn@ksp.gov.in,psi-1 hamtourist psi-1 hamtourist ps l&o vijayanagara 9480805758 hampivjn@ksp.gov.in
KSP3651,PSI-2 HAMTOURIST,PSI-2,HAMTOURIST PS,L&O,Vijayanagara,,,9480805759,hampivjn@ksp.gov.in,psi-2 hamtourist psi-2 hamtourist ps l&o vijayanagara 9480805759 hampivjn@ksp.gov.in
KSP3652,PSI-1 KUDLIGI,PSI-1,KUDLIGI PS,L&O,Vijayanagara,,,9480805760,hampitrafficvjn@ksp.gov.in,psi-1 kudligi psi-1 kudligi ps l&o vijayanagara 9480805760 hampitrafficvjn@ksp.gov.in
KSP3653,PSI-2 GUDEKOTE,PSI-2,GUDEKOTE PS,L&O,Vijayanagara,,,9480805761,hampitrafficvjn@ksp.gov.in,psi-2 gudekote psi-2 gudekote ps l&o vijayanagara 9480805761 hampitrafficvjn@ksp.gov.in
KSP3654,PSI-1 KOTTUR,PSI-1,KOTTUR PS,L&O,Vijayanagara,,,9480805762,kamalapurvjn@ksp.gov.in,psi-1 kottur psi-1 kottur ps l&o vijayanagara 9480805762 kamalapurvjn@ksp.gov.in
KSP3655,PSI-2 HOSALLI,PSI-2,HOSALLI PS,L&O,Vijayanagara,,,9480805763,kamalapurvjn@ksp.gov.in,psi-2 hosalli psi-2 hosalli ps l&o vijayanagara 9480805763 kamalapurvjn@ksp.gov.in
KSP3656,DySP Kudligi,DySP,Kudligi,L&O,Vijayanagara,,,9480805721,sdpokdgvjn@ksp.gov.in,dysp kudligi dysp kudligi l&o vijayanagara 9480805721 sdpokdgvjn@ksp.gov.in
KSP3657,CPI Kudligi Circle,CPI,Kudligi Circle,L&O,Vijayanagara,,,9480805747,cpikdlvjn@ksp.gov.in,cpi kudligi circle cpi kudligi circle l&o vijayanagara 9480805747 cpikdlvjn@ksp.gov.in
KSP3658,PSI-1 M.M.HALLI,PSI-1,M.M.HALLI PS,L&O,Vijayanagara,,,9480805766,kudligivjn@ksp.gov.in,psi-1 m.m.halli psi-1 m.m.halli ps l&o vijayanagara 9480805766 kudligivjn@ksp.gov.in
KSP3659,PSI-1 Gudekote,PSI-1,Gudekote PS,L&O,Ballari,,,9480805767,gudekotevjn@ksp.gov.in,psi-1 gudekote psi-1 gudekote ps l&o ballari 9480805767 gudekotevjn@ksp.gov.in
KSP3660,CPI Kottur Circle,CPI,Kottur Circle,L&O,Vijayanagara,,,9480805748,cpikotavjn@ksp.gov.in,cpi kottur circle cpi kottur circle l&o vijayanagara 9480805748 cpikotavjn@ksp.gov.in
KSP3661,PSI-1 ITTIGI,PSI-1,ITTIGI PS,L&O,Vijayanagara,,,9480805783,kotturpsvjn@ksp.gov.in,psi-1 ittigi psi-1 ittigi ps l&o vijayanagara 9480805783 kotturpsvjn@ksp.gov.in
KSP3662,PSI-1 Hosalli,PSI-1,Hosalli PS,L&O,Ballari,,,9480805784,hosahallivjn@ksp.gov.in,psi-1 hosalli psi-1 hosalli ps l&o ballari 9480805784 hosahallivjn@ksp.gov.in
KSP3663,CPI H.B.Halli Circle,CPI,H.B.Halli Circle,L&O,Vijayanagara,,,8277978190,cpihadagalivjn@ksp.gov.in,cpi h.b.halli circle cpi h.b.halli circle l&o vijayanagara 8277978190 cpihadagalivjn@ksp.gov.in
KSP3664,PSI H.B.HALLI,PSI,H.B.HALLI PS,L&O,Vijayanagara,,,9480805770,hbhallivjn@ksp.gov.in,psi h.b.halli psi h.b.halli ps l&o vijayanagara 9480805770 hbhallivjn@ksp.gov.in
KSP3665,PSI-1 T.B.Halli,PSI-1,T.B.Halli PS,L&O,Ballari,,,9480805771,tbhallivjn@ksp.gov.in,psi-1 t.b.halli psi-1 t.b.halli ps l&o ballari 9480805771 tbhallivjn@ksp.gov.in
KSP3666,PSI-2 T.B. Halli,PSI-2,T.B. Halli PS,L&O,Ballari,,,,,psi-2 t.b. halli psi-2 t.b. halli ps l&o ballari
KSP3667,PSI-1 M.M.Halli,PSI-1,M.M.Halli PS,L&O,Ballari,,,9480805769,mmhallivjn@ksp.gov.in,psi-1 m.m.halli psi-1 m.m.halli ps l&o ballari 9480805769 mmhallivjn@ksp.gov.in
KSP3668,PSI-2 M.M.Halli,PSI-2,M.M.Halli PS,L&O,Ballari,,,,,psi-2 m.m.halli psi-2 m.m.halli ps l&o ballari
KSP3669,DySP Harapanahalli,DySP,Harapanahalli,L&O,Vijayanagara,,,9480805722,sdpoharapanhallivjn@ksp.gov.in,dysp harapanahalli dysp harapanahalli l&o vijayanagara 9480805722 sdpoharapanhallivjn@ksp.gov.in
KSP3670,CPI Harapanahalli Circle,CPI,Harapanahalli Circle,L&O,Vijayanagara,,,9480805736,cpiharapanhallivjn@ksp.gov.in,cpi harapanahalli circle cpi harapanahalli circle l&o vijayanagara 9480805736 cpiharapanhallivjn@ksp.gov.in
KSP3671,PSI-1 HARAPANAHALLI,PSI-1,HARAPANAHALLI PS,L&O,Vijayanagara,,,9480805776,harapanhallivjn@ksp.gov.in,psi-1 harapanahalli psi-1 harapanahalli ps l&o vijayanagara 9480805776 harapanhallivjn@ksp.gov.in
KSP3672,PSI-1 ARASIKERE,PSI-1,ARASIKERE PS,L&O,Vijayanagara,,,9480805778,arasikerevjn@ksp.gov.in,psi-1 arasikere psi-1 arasikere ps l&o vijayanagara 9480805778 arasikerevjn@ksp.gov.in
KSP3673,PSI HALAWAGALU,PSI,HALAWAGALU PS,L&O,Vijayanagara,,,9480805777,halwagaluvjn@ksp.gov.in,psi halawagalu psi halawagalu ps l&o vijayanagara 9480805777 halwagaluvjn@ksp.gov.in
KSP3674,PSI-1 CHIGATERI,PSI-1,CHIGATERI PS,L&O,Vijayanagara,,,9480805779,chigaterivjn@ksp.gov.in,psi-1 chigateri psi-1 chigateri ps l&o vijayanagara 9480805779 chigaterivjn@ksp.gov.in
KSP3675,CPI H.B.Halli Circle,CPI,H.B.Halli Circle,L&O,Vijayanagara,,,9480805737,cpihadagalivjn@ksp.gov.in,cpi h.b.halli circle cpi h.b.halli circle l&o vijayanagara 9480805737 cpihadagalivjn@ksp.gov.in
KSP3676,PSI-1 Hadagali Circle,PSI-1,Hadagali Circle,L&O,Vijayanagara,,,9480805780,hadagalivjn@ksp.gov.in,psi-1 hadagali circle psi-1 hadagali circle l&o vijayanagara 9480805780 hadagalivjn@ksp.gov.in
KSP3677,PSI HADAGALI,PSI,HADAGALI PS,L&O,Vijayanagara,,,9480805781,hirehadagalivjn@ksp.gov.in,psi hadagali psi hadagali ps l&o vijayanagara 9480805781 hirehadagalivjn@ksp.gov.in
KSP3678,PSI-1 HIREHADAGALI,PSI-1,HIREHADAGALI PS,L&O,Vijayanagara,,,9480805782,ittigivjn@ksp.gov.in,psi-1 hirehadagali psi-1 hirehadagali ps l&o vijayanagara 9480805782 ittigivjn@ksp.gov.in
KSP3679,PI DCRB,PI,DCRB,DCRB,Vijayanagara,,,9480805708,dcrbrcr@ksp.gov.in,pi dcrb pi dcrb vijayanagara 9480805708 dcrbrcr@ksp.gov.in
KSP3680,PI DSB,PI,DSB,DSB,Vijayanagara,,,9480805709,dsbrrcr@ksp.gov.in,pi dsb pi dsb vijayanagara 9480805709 dsbrrcr@ksp.gov.in
KSP3681,RPI DAR,RPI,DAR,DAR,Vijayanagara,,,9480805706,darvjn@ksp.gov.in,rpi dar rpi dar vijayanagara 9480805706 darvjn@ksp.gov.in
KSP3682,PI FPB,PI,FPB,FPB,Vijayanagara,,,9480805711,fpbvjn@ksp.gov.in,pi fpb pi fpb vijayanagara 9480805711 fpbvjn@ksp.gov.in
KSP3683,SOCO Team,,SOCO Team,SOCO,Vijayanagara,,,9480805713,,soco team soco vijayanagara 9480805713
KSP3684,Social Media,,Social Media,Social Media,Vijayanagara,,,9480805719,smmcvjn@ksp.gov.in,social media vijayanagara 9480805719 smmcvjn@ksp.gov.in
KSP3685,SP Koppal,SP,Koppal,L&O,Koppal,,,9480803701,spkpl@ksp.gov.in,sp koppal sp koppal l&o 9480803701 spkpl@ksp.gov.in
KSP3686,Addl. SP Koppal,Addl. SP,Koppal,L&O,Koppal,,,9480803702,addlspkpl@ksp.gov.in,addl. sp koppal addl. sp koppal l&o 9480803702 addlspkpl@ksp.gov.in
KSP3687,C/Room,,C/Room,C/Room,Koppal,,,9480803700,dckpl@ksp.gov.in,c/room koppal 9480803700 dckpl@ksp.gov.in
KSP3688,PI(W),PI (W),,L&O,Ballari,,,9480800957,,pi(w) pi (w) l&o ballari 9480800957
KSP3689,DySP WOMEN,DySP,WOMEN PS,Women,Koppal,,,9480803720,sdpokpl@ksp.gov.in,dysp women dysp women ps women koppal 9480803720 sdpokpl@ksp.gov.in
KSP3690,WOMEN,,WOMEN PS,Women,Kalaburagi,,,,womenpskpl@ksp.gov.in,women women ps kalaburagi womenpskpl@ksp.gov.in
KSP3691,PI Wireless,PI,Wireless,Wireless,Koppal,,,9480803753,dcbkpl@ksp.gov.in,pi wireless pi wireless koppal 9480803753 dcbkpl@ksp.gov.in
KSP3692,CDR Section,,CDR Section,CDR,Koppal,,,9480803708,,cdr section cdr koppal 9480803708
KSP3693,PI KOPPAL (T),PI,KOPPAL (T) PS,L&O,Koppal,,,9480803745,townkpl@ksp.gov.in,pi koppal (t) pi koppal (t) ps l&o koppal 9480803745 townkpl@ksp.gov.in
KSP3694,PSI KOPPAL TRAFFIC,PSI,KOPPAL TRAFFIC PS,Traffic,Koppal,,,,traffickpl@ksp.gov.in,psi koppal traffic psi koppal traffic ps traffic koppal traffickpl@ksp.gov.in
KSP3695,CPI KOPPAL TRAFFIC,CPI,KOPPAL TRAFFIC PS,Traffic,Koppal,,,9480803731,cpiruralkpl@ksp.gov.in,cpi koppal traffic cpi koppal traffic ps traffic koppal 9480803731 cpiruralkpl@ksp.gov.in
KSP3696,PSI KOPPAL (R),PSI,KOPPAL (R) PS,L&O,Koppal,,,9480803746,ruralkpl@ksp.gov.in,psi koppal (r) psi koppal (r) ps l&o koppal 9480803746 ruralkpl@ksp.gov.in
KSP3697,PSI MUNIRABAD,PSI,MUNIRABAD PS,L&O,Koppal,,,9480803748,munirabdkpl@ksp.gov.in,psi munirabad psi munirabad ps l&o koppal 9480803748 munirabdkpl@ksp.gov.in
KSP3698,PSI ALWANDI,PSI,ALWANDI PS,L&O,Koppal,,,9480803747,alwabdikpl@ksp.gov.in,psi alwandi psi alwandi ps l&o koppal 9480803747 alwabdikpl@ksp.gov.in
KSP3699,CPI CYELBURGA,CPI,CYELBURGA PS,L&O,Koppal,,,9480803733,cpiyelburgakpl@ksp.gov.in,cpi cyelburga cpi cyelburga ps l&o koppal 9480803733 cpiyelburgakpl@ksp.gov.in
KSP3700,PSI YELBURGA,PSI,YELBURGA PS,L&O,Koppal,,,9480803749,yelburgakpl@ksp.gov.in,psi yelburga psi yelburga ps l&o koppal 9480803749 yelburgakpl@ksp.gov.in
KSP3701,PSI KUKANOOR,PSI,KUKANOOR PS,L&O,Koppal,,,9480803750,kuknoorkpl@ksp.gov.in,psi kukanoor psi kukanoor ps l&o koppal 9480803750 kuknoorkpl@ksp.gov.in
KSP3702,PSI BEVOOR,PSI,BEVOOR PS,L&O,Koppal,,,9480803751,bevoorkpl@ksp.gov.in,psi bevoor psi bevoor ps l&o koppal 9480803751 bevoorkpl@ksp.gov.in
KSP3703,DySP Gangavati,DySP,Gangavati,L&O,Koppal,,,9480803721,sdpogovtkpl@ksp.gov.in,dysp gangavati dysp gangavati l&o koppal 9480803721 sdpogovtkpl@ksp.gov.in
KSP3704,PI GANGAVATI TOWN,PI,GANGAVATI TOWN PS,L&O,Koppal,,,9480803752,,pi gangavati town pi gangavati town ps l&o koppal 9480803752
KSP3705,PSI Gangavati Town,PSI,Gangavati Town PS,L&O,Ballari,,,,gvttownkpl@ksp.gov.in,psi gangavati town psi gangavati town ps l&o ballari gvttownkpl@ksp.gov.in
KSP3706,PSI-1 GANGAVATI TRAFFIC,PSI-1,GANGAVATI TRAFFIC PS,Traffic,Koppal,,,9480803756,gvttraffickpl@ksp.gov.in,psi-1 gangavati traffic psi-1 gangavati traffic ps traffic koppal 9480803756 gvttraffickpl@ksp.gov.in
KSP3707,PI GANGAVATI RURAL,PI,GANGAVATI RURAL PS,L&O,Koppal,,,9480803730,gvtruralkpl@ksp.gov.in,pi gangavati rural pi gangavati rural ps l&o koppal 9480803730 gvtruralkpl@ksp.gov.in
KSP3708,PI KARATAGI,PI,KARATAGI PS,L&O,Koppal,,,9480803754,karatagikpl@ksp.gov.in,pi karatagi pi karatagi ps l&o koppal 9480803754 karatagikpl@ksp.gov.in
KSP3709,PI KANAKAGIRI,PI,KANAKAGIRI PS,L&O,Koppal,,,9480803755,kanakagirikpl@ksp.gov.in,pi kanakagiri pi kanakagiri ps l&o koppal 9480803755 kanakagirikpl@ksp.gov.in
KSP3710,CPI Kushtagi Circle,CPI,Kushtagi Circle,L&O,Koppal,,,9480803732,cpikushtagikpl@ksp.gov.in,cpi kushtagi circle cpi kushtagi circle l&o koppal 9480803732 cpikushtagikpl@ksp.gov.in
KSP3711,PSI KUSHTAGI,PSI,KUSHTAGI PS,L&O,Koppal,,,9480803757,kushtagikpl@ksp.gov.in,psi kushtagi psi kushtagi ps l&o koppal 9480803757 kushtagikpl@ksp.gov.in
KSP3712,PSI TAWARAGERA,PSI,TAWARAGERA PS,L&O,Koppal,,,9480803758,tawargerakpl@ksp.gov.in,psi tawaragera psi tawaragera ps l&o koppal 9480803758 tawargerakpl@ksp.gov.in
KSP3713,PSI HANUMASAGARA,PSI,HANUMASAGARA PS,L&O,Koppal,,,9480803759,hanumsagarkpl@ksp.gov.in,psi hanumasagara psi hanumasagara ps l&o koppal 9480803759 hanumsagarkpl@ksp.gov.in
KSP3714,AAO,AAO,,Range HQ,Ballari,,,,,aao range hq ballari
KSP3715,PI P.I DSB Koppal,PI,P.I DSB Koppal,DSB,Koppal,,,9480803707,dcbkpl@ksp.gov.in,pi p.i dsb koppal pi p.i dsb koppal dsb koppal 9480803707 dcbkpl@ksp.gov.in
KSP3716,PI P.I DCRB,PI,P.I DCRB,DCRB,Koppal,,,9480803709,dcrbkpl@ksp.gov.in,pi p.i dcrb pi p.i dcrb dcrb koppal 9480803709 dcrbkpl@ksp.gov.in
KSP3717,DySP DAR Koppal,DySP,DAR Koppal,DAR,Koppal,,,9480803706,darkpl@ksp.gov.in,dysp dar koppal dysp dar koppal dar koppal 9480803706 darkpl@ksp.gov.in
KSP3718,RPI DAR Koppal,RPI,DAR Koppal,DAR,Koppal,,,,,rpi dar koppal rpi dar koppal dar koppal
KSP3719,PI KOLAR (T),PI,KOLAR (T) PS,L&O,Kolar,,,,,pi kolar (t) pi kolar (t) ps l&o kolar
KSP3720,DySP KLA,DySP,KLA,KLA,Raichur,,,,,dysp kla dysp kla raichur
KSP3721,PI FPB,PI,FPB,FPB,Koppal,,,9480803710,,pi fpb pi fpb koppal 9480803710
KSP3722,Homeguard,,Homeguard,Home Guard,Ramanagara,,,,,homeguard home guard ramanagara
KSP3723,Jail,,Jail,Prison,Mandya,,,,,jail prison mandya
KSP3724,Fire Officer,,Fire Officer,Fire,Koppal,,,,,fire officer fire koppal
KSP3725,SP Raichur,SP,Raichur,L&O,Raichur,,,9480803801,sprcr@ksp.gov.in,sp raichur sp raichur l&o 9480803801 sprcr@ksp.gov.in
KSP3726,Addl. SP Raichur,Addl. SP,Raichur,L&O,Raichur,,,9480803802,addlsprcr@ksp.gov.in,addl. sp raichur addl. sp raichur l&o 9480803802 addlsprcr@ksp.gov.in
KSP3727,Addl. SP Raichur,Addl. SP,Raichur,L&O,Raichur,,,9480803803,addlsp2rcr@ksp.gov.in,addl. sp raichur addl. sp raichur l&o 9480803803 addlsp2rcr@ksp.gov.in
KSP3728,Dist. C/Room,,Dist. C/Room,C/Room,Ballari,,,9480803800,dcrcr@ksp.gov.in,dist. c/room c/room ballari 9480803800 dcrcr@ksp.gov.in
KSP3729,PI(W),PI (W),,L&O,Ballari,,,9480800956,,pi(w) pi (w) l&o ballari 9480800956
KSP3730,ERSS 112 Raichur,,ERSS 112 Raichur,ERSS,Raichur,,,9480803870,,erss 112 raichur erss raichur 9480803870
KSP3731,DySP Raichur,DySP,Raichur,L&O,Raichur,,,9480803820,sdporcr@ksp.gov.in,dysp raichur dysp raichur l&o 9480803820 sdporcr@ksp.gov.in
KSP3732,PI WOMEN,PI,WOMEN PS,L&O,Raichur,,,9480803808,womenpsrcr@ksp.gov.in,pi women pi women ps l&o raichur 9480803808 womenpsrcr@ksp.gov.in
KSP3733,PI CEN,PI,CEN PS,CEN,Raichur,,,9480803812,cenpsrcr@ksp.gov.in,pi cen pi cen ps cen raichur 9480803812 cenpsrcr@ksp.gov.in
KSP3734,PI SADARBAZAR,PI,SADARBAZAR PS,DAR,Raichur,,,9480803830,sardarbazarrcr@ksp.gov.in,pi sadarbazar pi sadarbazar ps dar raichur 9480803830 sardarbazarrcr@ksp.gov.in
KSP3735,PSI-1 Sadarbazar,PSI-1,Sadarbazar PS,L&O,Ballari,,,9480803845,,psi-1 sadarbazar psi-1 sadarbazar ps l&o ballari 9480803845
KSP3736,CPI Raichur West Circle,CPI,Raichur West Circle,L&O,Raichur,,,9480803831,cpiwestrcr@ksp.gov.in,cpi raichur west circle cpi raichur west circle l&o raichur 9480803831 cpiwestrcr@ksp.gov.in
KSP3737,PSI-1 MARKET YARD,PSI-1,MARKET YARD PS,L&O,Raichur,,,9480803847,westrcr@ksp.gov.in,psi-1 market yard psi-1 market yard ps l&o raichur 9480803847 westrcr@ksp.gov.in
KSP3738,PSI-1 NETAJINAGAR,PSI-1,NETAJINAGAR PS,L&O,Raichur,,,9480803849,marketyardrcr@ksp.gov.in,psi-1 netajinagar psi-1 netajinagar ps l&o raichur 9480803849 marketyardrcr@ksp.gov.in
KSP3739,PSI-2 SINDHANOOR (T),PSI-2,SINDHANOOR (T) PS,L&O,Raichur,,,9480803871,,psi-2 sindhanoor (t) psi-2 sindhanoor (t) ps l&o raichur 9480803871
KSP3740,PSI-1 RAICHUR TRAFFIC,PSI-1,RAICHUR TRAFFIC PS,Traffic,Raichur,,,9480803846,trafficrcr@ksp.gov.in,psi-1 raichur traffic psi-1 raichur traffic ps traffic raichur 9480803846 trafficrcr@ksp.gov.in
KSP3741,PSI-1 RAICHUR TRAFFIC,PSI-1,RAICHUR TRAFFIC PS,Traffic,Raichur,,,9480803848,trafficrcr@ksp.gov.in,psi-1 raichur traffic psi-1 raichur traffic ps traffic raichur 9480803848 trafficrcr@ksp.gov.in
KSP3742,PSI-2 HUTTI,PSI-2,HUTTI PS,L&O,Raichur,,,9480803875,,psi-2 hutti psi-2 hutti ps l&o raichur 9480803875
KSP3743,CPI Rural Raichur Circle,CPI,Rural Raichur Circle,L&O,Raichur,,,9480803832,cpiruralrcr@ksp.gov.in,cpi rural raichur circle cpi rural raichur circle l&o raichur 9480803832 cpiruralrcr@ksp.gov.in
KSP3744,PSI-1 RAICHUR RURAL,PSI-1,RAICHUR RURAL PS,L&O,Raichur,,,9480803850,ruralrcr@ksp.gov.in,psi-1 raichur rural psi-1 raichur rural ps l&o raichur 9480803850 ruralrcr@ksp.gov.in
KSP3745,PSI SHAKTINAGAR,PSI,SHAKTINAGAR PS,L&O,Raichur,,,9480803868,shaktinagarrcr@ksp.gov.in,psi shaktinagar psi shaktinagar ps l&o raichur 9480803868 shaktinagarrcr@ksp.gov.in
KSP3746,PSI YAPALDINNI,PSI,YAPALDINNI PS,L&O,Raichur,,,9480803851,yapaladinnircr@ksp.gov.in,psi yapaldinni psi yapaldinni ps l&o raichur 9480803851 yapaladinnircr@ksp.gov.in
KSP3747,CPI Yeragera Circle,CPI,Yeragera Circle,L&O,Raichur,,,9480803838,cpiyeragerarcr@ksp.gov.in,cpi yeragera circle cpi yeragera circle l&o raichur 9480803838 cpiyeragerarcr@ksp.gov.in
KSP3748,PSI YERAGERA,PSI,YERAGERA PS,L&O,Raichur,,,9480803852,yeragerarcr@ksp.gov.in,psi yeragera psi yeragera ps l&o raichur 9480803852 yeragerarcr@ksp.gov.in
KSP3749,PSI IDAPANOOR,PSI,IDAPANOOR PS,L&O,Raichur,,,9741484565,idapanoorrcr@ksp.gov.in,psi idapanoor psi idapanoor ps l&o raichur 9741484565 idapanoorrcr@ksp.gov.in
KSP3750,DySP Lingasuguru,DySP,Lingasuguru,L&O,Raichur,,,9480803821,sdpolingasugurrcr@ksp.gov.in,dysp lingasuguru dysp lingasuguru l&o raichur 9480803821 sdpolingasugurrcr@ksp.gov.in
KSP3751,PI LINGASUGURU,PI,LINGASUGURU PS,L&O,Raichur,,,9480803833,cpilingasugurrcr@ksp.gov.in,pi lingasuguru pi lingasuguru ps l&o raichur 9480803833 cpilingasugurrcr@ksp.gov.in
KSP3752,PSI-1 LINGASUGURU,PSI-1,LINGASUGURU PS,L&O,Raichur,,,9480803854,lingasugurrcr@ksp.gov.in,psi-1 lingasuguru psi-1 lingasuguru ps l&o raichur 9480803854 lingasugurrcr@ksp.gov.in
KSP3753,PSI-2 LINGASUGURU,PSI-2,LINGASUGURU PS,L&O,Raichur,,,9480803873,,psi-2 lingasuguru psi-2 lingasuguru ps l&o raichur 9480803873
KSP3754,PI HUTTI,PI,HUTTI PS,L&O,Raichur,,,9480803855,huttircr@ksp.gov.in,pi hutti pi hutti ps l&o raichur 9480803855 huttircr@ksp.gov.in
KSP3755,PSI HUTTI,PSI,HUTTI PS,L&O,Raichur,,,9480803875,huttircr@ksp.gov.in,psi hutti psi hutti ps l&o raichur 9480803875 huttircr@ksp.gov.in
KSP3756,CPI Maski Circle,CPI,Maski Circle,L&O,Raichur,,,9480803834,cpimaskircr@ksp.gov.in,cpi maski circle cpi maski circle l&o raichur 9480803834 cpimaskircr@ksp.gov.in
KSP3757,PSI MASKI,PSI,MASKI PS,L&O,Raichur,,,9480803856,maskircr@ksp.gov.in,psi maski psi maski ps l&o raichur 9480803856 maskircr@ksp.gov.in
KSP3758,PSI MUDGAL,PSI,MUDGAL PS,L&O,Raichur,,,9480803857,mudgalrcr@ksp.gov.in,psi mudgal psi mudgal ps l&o raichur 9480803857 mudgalrcr@ksp.gov.in
KSP3759,CPI Devadurga Rural Circle,CPI,Devadurga Rural Circle,L&O,Raichur,,,9480803835,cpideodurgarcr@ksp.gov.in,cpi devadurga rural circle cpi devadurga rural circle l&o raichur 9480803835 cpideodurgarcr@ksp.gov.in
KSP3760,PSI JALAHALLI,PSI,JALAHALLI PS,L&O,Raichur,,,9480803859,jalahallircr@ksp.gov.in,psi jalahalli psi jalahalli ps l&o raichur 9480803859 jalahallircr@ksp.gov.in
KSP3761,PSI GABBUR,PSI,GABBUR PS,L&O,Raichur,,,9480803860,gabburrcr@ksp.gov.in,psi gabbur psi gabbur ps l&o raichur 9480803860 gabburrcr@ksp.gov.in
KSP3762,PI DEVADURGA,PI,DEVADURGA PS,L&O,Raichur,,,9480803858,deodurgarcr@ksp.gov.in,pi devadurga pi devadurga ps l&o raichur 9480803858 deodurgarcr@ksp.gov.in
KSP3763,PSI-1 DEVADURGA TRAFFIC,PSI-1,DEVADURGA TRAFFIC PS,Traffic,Raichur,,,9480803815,deodurgatrafficrcr@ksp.gov.in,psi-1 devadurga traffic psi-1 devadurga traffic ps traffic raichur 9480803815 deodurgatrafficrcr@ksp.gov.in
KSP3764,DySP Sindhanoor,DySP,Sindhanoor,L&O,Raichur,,,9480803822,sdposindhanoorrcr@ksp.gov.in,dysp sindhanoor dysp sindhanoor l&o raichur 9480803822 sdposindhanoorrcr@ksp.gov.in
KSP3765,PI SINDHANOOR (T),PI,SINDHANOOR (T) PS,L&O,Raichur,,,9480803861,sindhanoortownrcr@ksp.gov.in,pi sindhanoor (t) pi sindhanoor (t) ps l&o raichur 9480803861 sindhanoortownrcr@ksp.gov.in
KSP3766,PSI-1 SINDHANOOR TRAFFIC,PSI-1,SINDHANOOR TRAFFIC PS,Traffic,Raichur,,,9480803816,,psi-1 sindhanoor traffic psi-1 sindhanoor traffic ps traffic raichur 9480803816
KSP3767,PSI-1 SINDHANOOR (T),PSI-1,SINDHANOOR (T) PS,L&O,Raichur,,,9480803871,sindhanoortrafficrcr@ksp.gov.in,psi-1 sindhanoor (t) psi-1 sindhanoor (t) ps l&o raichur 9480803871 sindhanoortrafficrcr@ksp.gov.in
KSP3768,CPI Sindhanoor Circle,CPI,Sindhanoor Circle,L&O,Raichur,,,9480803836,cpisindhanoorrcr@ksp.gov.in,cpi sindhanoor circle cpi sindhanoor circle l&o raichur 9480803836 cpisindhanoorrcr@ksp.gov.in
KSP3769,PSI SINDHANOOR RURAL,PSI,SINDHANOOR RURAL PS,L&O,Raichur,,,9480803862,sindhanoorruralrcr@ksp.gov.in,psi sindhanoor rural psi sindhanoor rural ps l&o raichur 9480803862 sindhanoorruralrcr@ksp.gov.in
KSP3770,PSI BALAGANOOR,PSI,BALAGANOOR PS,L&O,Raichur,,,9480803863,balaganoorrcr@ksp.gov.in,psi balaganoor psi balaganoor ps l&o raichur 9480803863 balaganoorrcr@ksp.gov.in
KSP3771,PSI TURVIHALA,PSI,TURVIHALA PS,L&O,Raichur,,,9480803864,turvihalrcr@ksp.gov.in,psi turvihala psi turvihala ps l&o raichur 9480803864 turvihalrcr@ksp.gov.in
KSP3772,PI MANVI,PI,MANVI PS,L&O,Raichur,,,9480803865,cpimanvircr@ksp.gov.in,pi manvi pi manvi ps l&o raichur 9480803865 cpimanvircr@ksp.gov.in
KSP3773,PSI-1 MANVI,PSI-1,MANVI PS,L&O,Raichur,,,9480803874,manvircr@ksp.gov.in,psi-1 manvi psi-1 manvi ps l&o raichur 9480803874 manvircr@ksp.gov.in
KSP3774,CPI Sirwar Circle,CPI,Sirwar Circle,L&O,Raichur,,,9480803837,sirwarrcr@ksp.gov.in,cpi sirwar circle cpi sirwar circle l&o raichur 9480803837 sirwarrcr@ksp.gov.in
KSP3775,PSI SIRWAR,PSI,SIRWAR PS,L&O,Raichur,,,9480803866,sirwarrcr@ksp.gov.in,psi sirwar psi sirwar ps l&o raichur 9480803866 sirwarrcr@ksp.gov.in
KSP3776,PSI KAVITALA,PSI,KAVITALA PS,L&O,Raichur,,,9480803867,kowthalrcr@ksp.gov.in,psi kavitala psi kavitala ps l&o raichur 9480803867 kowthalrcr@ksp.gov.in
KSP3777,AAO,AAO,,Range HQ,Ballari,,,,,aao range hq ballari
KSP3778,DySP RPI-1,DySP,RPI-1,DAR,Raichur,,,9480803806,darrcr@ksp.gov.in,dysp rpi-1 dysp rpi-1 dar raichur 9480803806 darrcr@ksp.gov.in
KSP3779,RPI-1 RPI-2 MT,RPI-1,RPI-2 MT,DAR,Raichur,,,9480803840,darrcr@ksp.gov.in,rpi-1 rpi-2 mt rpi-1 rpi-2 mt dar raichur 9480803840 darrcr@ksp.gov.in
KSP3780,RPI-2 DSP KLA,RPI-2,DSP KLA,KLA,Raichur,,,9480803839,,rpi-2 dsp kla rpi-2 dsp kla kla raichur 9480803839
KSP3781,DySP KLA,DySP,KLA,KLA,Raichur,,,,,dysp kla dysp kla raichur
KSP3782,PI KLA,PI,KLA,KLA,Bagalkote,,,,,pi kla pi kla bagalkote
KSP3783,DySP INT,DySP,INT,HQ,Vijayapura,,,,,dysp int dysp int hq vijayapura
KSP3784,PI DSB,PI,DSB,DSB,Dharwad,,,9480803813,dsbrrcr@ksp.gov.in,pi dsb pi dsb dharwad 9480803813 dsbrrcr@ksp.gov.in
KSP3785,CDR Section,,CDR Section,CDR,Raichur,,,9480803807,,cdr section cdr raichur 9480803807
KSP3786,PI DCRB,PI,DCRB,DCRB,Ramanagara,,,9480803809,dcrbrcr@ksp.gov.in,pi dcrb pi dcrb ramanagara 9480803809 dcrbrcr@ksp.gov.in
KSP3787,PI PSI FPB RAICHUR,PI,PSI FPB RAICHUR,FPB,Raichur,,,9480803810,,pi psi fpb raichur pi psi fpb raichur fpb raichur 9480803810
KSP3788,PI ISD,PI,ISD,ISD,Ballari,,,9480800661,piisdrcr@ksp.gov.in,pi isd pi isd ballari 9480800661 piisdrcr@ksp.gov.in
KSP3789,PI Railway Raichur,PI,Railway Raichur,Railways,Raichur,,,9480800471,,pi railway raichur pi railway raichur railways raichur 9480800471
KSP3790,PI GESCOM,PI,GESCOM,ESCOM,Raichur,,,,,pi gescom pi gescom escom raichur
KSP3791,Comdt Home Guard,,Comdt Home Guard,Home Guard,Davanagere,,,,,comdt home guard home guard davanagere
KSP3792,Dy. Commdt. IV BN,Dy. Commdt.,IV BN Bengaluru,KSRP Battalions,KSRP,IV BN (Bengaluru),,6360573813,,dy. commdt. iv bn dy. commdt. iv bn bengaluru ksrp battalions ksrp iv bn (bengaluru) 6360573813