"Section","Unit","Designation","Name","ContactType","Value"
"General","Karnataka State Police Headquarters","Karnataka State Police Headquarters","","Email","police@ksp.gov.in"
"General","Karnataka State Police Headquarters","Karnataka State Police Headquarters","","Phone","080-22942111"
"General","Karnataka State Police Headquarters","Karnataka State Police Headquarters","","Phone","080-22942777"
"General","Karnataka State Police Headquarters","Karnataka State Police Headquarters","","Phone","080-22215911"
"General","Karnataka State Police Headquarters","Click a section header to expand Â Â·Â  Click a unit to view its directory table","","Email","police@ksp.gov.in"
"General","Karnataka State Police Headquarters","Click a section header to expand Â Â·Â  Click a unit to view its directory table","","Email","adgpadmin@ksp.gov.in"
"General","Karnataka State Police Headquarters","Click a section header to expand Â Â·Â  Click a unit to view its directory table","","Email","adgplo@ksp.gov.in"
"General","Karnataka State Police Headquarters","Click a section header to expand Â Â·Â  Click a unit to view its directory table","","Email","adgpcts@ksp.gov.in"
"General","Karnataka State Police Headquarters","Click a section header to expand Â Â·Â  Click a unit to view its directory table","","Email","adgpgc@ksp.gov.in"
"General","Karnataka State Police Headquarters","Click a section header to expand Â Â·Â  Click a unit to view its directory table","","Email","igphq@ksp.gov.in"
"General","Karnataka State Police Headquarters","Click a section header to expand Â Â·Â  Click a unit to view its directory table","","Email","adgpksrp@ksp.gov.in"
"General","Karnataka State Police Headquarters","Click a section header to expand Â Â·Â  Click a unit to view its directory table","","Email","igpksrp@ksp.gov.in"
"General","Karnataka State Police Headquarters","Click a section header to expand Â Â·Â  Click a unit to view its directory table","","Email","igpadmin@ksp.gov.in"
"General","Karnataka State Police Headquarters","Click a section header to expand Â Â·Â  Click a unit to view its directory table","","Email","digpgnl@ksp.gov.in"
"General","Karnataka State Police Headquarters","Click a section header to expand Â Â·Â  Click a unit to view its directory table","","Email","digpcrime@ksp.gov.in"
"General","Karnataka State Police Headquarters","Click a section header to expand Â Â·Â  Click a unit to view its directory table","","Email","digphqco@ksp.gov.in"
"General","Karnataka State Police Headquarters","Click a section header to expand Â Â·Â  Click a unit to view its directory table","","Email","digpctrs@ksp.gov.in"
"General","Karnataka State Police Headquarters","Click a section header to expand Â Â·Â  Click a unit to view its directory table","","Email","igprly@ksp.gov.in"
"General","Karnataka State Police Headquarters","Click a section header to expand Â Â·Â  Click a unit to view its directory table","","Email","digpksrp@ksp.gov.in"
"General","Karnataka State Police Headquarters","Click a section header to expand Â Â·Â  Click a unit to view its directory table","","Email","crdgcontrol@ksp.gov.in"
"General","Karnataka State Police Headquarters","Click a section header to expand Â Â·Â  Click a unit to view its directory table","","Email","wrdgcontrol@ksp.gov.in"
"General","Karnataka State Police Headquarters","Click a section header to expand Â Â·Â  Click a unit to view its directory table","","Email","murthyaproco@gmail.com"
"General","Karnataka State Police Headquarters","Click a section header to expand Â Â·Â  Click a unit to view its directory table","","Email","caoco@ksp.gov.in"
"General","Karnataka State Police Headquarters","Click a section header to expand Â Â·Â  Click a unit to view its directory table","","Email","dspcrime2001@gmail.com"
"General","Karnataka State Police Headquarters","Click a section header to expand Â Â·Â  Click a unit to view its directory table","","Email","acksisfdgoffice@ksp.gov.in"
"General","Karnataka State Police Headquarters","Click a section header to expand Â Â·Â  Click a unit to view its directory table","","Email","jcfco@ksp.gov.in"
"General","Karnataka State Police Headquarters","Click a section header to expand Â Â·Â  Click a unit to view its directory table","","Email","crdgcontrol@ksp.gov.in"
"General","Karnataka State Police Headquarters","Click a section header to expand Â Â·Â  Click a unit to view its directory table","","Email","wrdgcontrol@ksp.gov.in"
"General","Karnataka State Police Headquarters","Click a section header to expand Â Â·Â  Click a unit to view its directory table","","Email","crdgcontrol@ksp.gov.in"
"General","Karnataka State Police Headquarters","Click a section header to expand Â Â·Â  Click a unit to view its directory table","","Email","crdgcontrol@ksp.gov.in"
"General","Karnataka State Police Headquarters","Click a section header to expand Â Â·Â  Click a unit to view its directory table","","Email","wrdgcontrol@ksp.gov.in"
"General","Karnataka State Police Headquarters","Click a section header to expand Â Â·Â  Click a unit to view its directory table","","Email","spnoccid@ksp.gov.in"
"General","Karnataka State Police Headquarters","Click a section header to expand Â Â·Â  Click a unit to view its directory table","","Email","crcod@ksp.gov.in"
"General","Karnataka State Police Headquarters","Click a section header to expand Â Â·Â  Click a unit to view its directory table","","Email","dcrly@ksp.gov.in"
"General","Karnataka State Police Headquarters","Click a section header to expand Â Â·Â  Click a unit to view its directory table","","Email","secypcas-home@karnataka.gov.in"
"General","Karnataka State Police Headquarters","Click a section header to expand Â Â·Â  Click a unit to view its directory table","","Email","prspcas-home@karnataka.gov.in"
"General","Karnataka State Police Headquarters","Click a section header to expand Â Â·Â  Click a unit to view its directory table","","Email","igpwrv@gmail.com"
"General","Karnataka State Police Headquarters","Click a section header to expand Â Â·Â  Click a unit to view its directory table","","Email","dyesdept@gmail.com"
"General","Karnataka State Police Headquarters","Click a section header to expand Â Â·Â  Click a unit to view its directory table","","Email","cvokpcl@karnataka.gov.in"
"General","Karnataka State Police Headquarters","Click a section header to expand Â Â·Â  Click a unit to view its directory table","","Email","directorsv@mybmtc.com"
"General","Karnataka State Police Headquarters","Click a section header to expand Â Â·Â  Click a unit to view its directory table","","Email","dyspvigmos@gmail.com"
"General","Karnataka State Police Headquarters","Click a section header to expand Â Â·Â  Click a unit to view its directory table","","Email","spvigilance@cescmysore.org"
"General","Karnataka State Police Headquarters","Click a section header to expand Â Â·Â  Click a unit to view its directory table","","Email","sp_vigilance@yahoo.com"
"General","Karnataka State Police Headquarters","Click a section header to expand Â Â·Â  Click a unit to view its directory table","","Email","sp@bdabangalore.org"
"General","Karnataka State Police Headquarters","Click a section header to expand Â Â·Â  Click a unit to view its directory table","","Email","spvigilance@yahoo.in"
"General","Karnataka State Police Headquarters","Click a section header to expand Â Â·Â  Click a unit to view its directory table","","Email","gescomsp@gmail.com"
"General","Karnataka State Police Headquarters","Click a section header to expand Â Â·Â  Click a unit to view its directory table","","Email","kanbhavblr@gmail.com"
"General","Karnataka State Police Headquarters","Click a section header to expand Â Â·Â  Click a unit to view its directory table","","Email","ksmblt@gmail.com"
"General","Karnataka State Police Headquarters","Click a section header to expand Â Â·Â  Click a unit to view its directory table","","Email","ddit.fcs-ka@nic.in"
"General","Karnataka State Police Headquarters","Click a section header to expand Â Â·Â  Click a unit to view its directory table","","Email","sampige05@gmail.com"
"General","Karnataka State Police Headquarters","Click a section header to expand Â Â·Â  Click a unit to view its directory table","","Email","stramesh@gamil.com"
"General","Karnataka State Police Headquarters","Click a section header to expand Â Â·Â  Click a unit to view its directory table","","Email","neelamaniraju@gmail.com"
"General","Karnataka State Police Headquarters","Click a section header to expand Â Â·Â  Click a unit to view its directory table","","Email","mkdgp77@gmail.com"
"General","Karnataka State Police Headquarters","Click a section header to expand Â Â·Â  Click a unit to view its directory table","","Email","megharikh@yahoo.com"
"General","Karnataka State Police Headquarters","Click a section header to expand Â Â·Â  Click a unit to view its directory table","","Email","pavanjeetsinghsandhu@gmail.com"
"General","Karnataka State Police Headquarters","Click a section header to expand Â Â·Â  Click a unit to view its directory table","","Email","sbbisnalli11@gmail.com"
"General","Karnataka State Police Headquarters","Click a section header to expand Â Â·Â  Click a unit to view its directory table","","Email","dgp.ksfes@ksp.gov.in"
"General","Karnataka State Police Headquarters","Click a section header to expand Â Â·Â  Click a unit to view its directory table","","Email","adgp.ksfes@ka.gov.in"
"General","Karnataka State Police Headquarters","Click a section header to expand Â Â·Â  Click a unit to view its directory table","","Email","digp.ksfes@ka.gov.in"
"General","Karnataka State Police Headquarters","Click a section header to expand Â Â·Â  Click a unit to view its directory table","","Email","adgphgcdban@gmail.com"
"General","Karnataka State Police Headquarters","Click a section header to expand Â Â·Â  Click a unit to view its directory table","","Email","dcghgcd935@gmail.com"
"General","Karnataka State Police Headquarters","Click a section header to expand Â Â·Â  Click a unit to view its directory table","","Email","comdthgcd@gmail.com"
"General","Karnataka State Police Headquarters","Click a section header to expand Â Â·Â  Click a unit to view its directory table","","Email","cfoblreast@gmail.com"
"General","Karnataka State Police Headquarters","Click a section header to expand Â Â·Â  Click a unit to view its directory table","","Email","cfireacademy@gmail.com"
"General","Karnataka State Police Headquarters","Click a section header to expand Â Â·Â  Click a unit to view its directory table","","Email","cfobngwestksfes@gmail.com"
"General","Karnataka State Police Headquarters","Click a section header to expand Â Â·Â  Click a unit to view its directory table","","Email","dda.ksfes@ka.gov.in"
"General","Karnataka State Police Headquarters","Click a section header to expand Â Â·Â  Click a unit to view its directory table","","Email","director.ksfes@ka.gov.in"
"General","Karnataka State Police Headquarters","Click a section header to expand Â Â·Â  Click a unit to view its directory table","","Email","ddt.ksfes@ka.gov.in"
"General","Karnataka State Police Headquarters","Click a section header to expand Â Â·Â  Click a unit to view its directory table","","Email","fsonorth.ksfes@ka.gov.in"
"General","Karnataka State Police Headquarters","Click a section header to expand Â Â·Â  Click a unit to view its directory table","","Email","fsosouth.ksfes@ka.gov.in"
"General","Karnataka State Police Headquarters","Click a section header to expand Â Â·Â  Click a unit to view its directory table","","Email","hgcdhqrsban@gmail.com"
"General","Karnataka State Police Headquarters","Click a section header to expand Â Â·Â  Click a unit to view its directory table","","Email","dgisd@ksp.gov.in"
"General","Karnataka State Police Headquarters","Click a section header to expand Â Â·Â  Click a unit to view its directory table","","Email","adgpis@ksp.gov.in"
"General","Karnataka State Police Headquarters","Click a section header to expand Â Â·Â  Click a unit to view its directory table","","Email","igpisd@ksp.gov.in"
"General","Karnataka State Police Headquarters","Click a section header to expand Â Â·Â  Click a unit to view its directory table","","Email","igpisdsecurity@ksp.gov.in"
"General","Karnataka State Police Headquarters","Click a section header to expand Â Â·Â  Click a unit to view its directory table","","Email","digpanf@ksp.gov.in"
"General","Karnataka State Police Headquarters","Click a section header to expand Â Â·Â  Click a unit to view its directory table","","Email","digpis@ksp.gov.in"
"General","Karnataka State Police Headquarters","Click a section header to expand Â Â·Â  Click a unit to view its directory table","","Email","sphqisd@ksp.gov.in"
"General","Karnataka State Police Headquarters","Click a section header to expand Â Â·Â  Click a unit to view its directory table","","Email","dircctisd@ksp.gov.in"
"General","Karnataka State Police Headquarters","Click a section header to expand Â Â·Â  Click a unit to view its directory table","","Email","spbcpcrerisd@ksp.gov.in"
"General","Karnataka State Police Headquarters","Click a section header to expand Â Â·Â  Click a unit to view its directory table","","Email","spwrsrisd@ksp.gov.in"
"General","Karnataka State Police Headquarters","Click a section header to expand Â Â·Â  Click a unit to view its directory table","","Email","spnrisd@ksp.gov.in"
"General","Karnataka State Police Headquarters","Click a section header to expand Â Â·Â  Click a unit to view its directory table","","Email","spanf@ksp.gov.in"
"General","Karnataka State Police Headquarters","Click a section header to expand Â Â·Â  Click a unit to view its directory table","","Email","spcsp@ksp.gov.in"
"General","Karnataka State Police Headquarters","Click a section header to expand Â Â·Â  Click a unit to view its directory table","","Email","spisdner@ksp.gov.in"
"General","Karnataka State Police Headquarters","Click a section header to expand Â Â·Â  Click a unit to view its directory table","","Email","spadminisd@ksp.gov.in"
"General","Karnataka State Police Headquarters","Click a section header to expand Â Â·Â  Click a unit to view its directory table","","Email","cmdbtn1ksisf@ksp.gov.in"
"General","Karnataka State Police Headquarters","Click a section header to expand Â Â·Â  Click a unit to view its directory table","","Email","crksisf@ksp.gov.in"
"General","Karnataka State Police Headquarters","Click a section header to expand Â Â·Â  Click a unit to view its directory table","","Email","cmdbtn2ksisf@ksp.gov.in"
"General","Karnataka State Police Headquarters","Click a section header to expand Â Â·Â  Click a unit to view its directory table","","Email","spcct@ksp.gov.in"
"General","Karnataka State Police Headquarters","Click a section header to expand Â Â·Â  Click a unit to view its directory table","","Email","cmbtn3ksisf@ksp.gov.in"
"General","Karnataka State Police Headquarters","Click a section header to expand Â Â·Â  Click a unit to view its directory table","","Email","crisd@ksp.gov.in"
"General","Karnataka State Police Headquarters","Click a section header to expand Â Â·Â  Click a unit to view its directory table","","Email","cspudp@ksp.gov.in"
"General","Karnataka State Police Headquarters","Click a section header to expand Â Â·Â  Click a unit to view its directory table","","Email","crcct@ksp.gov.in"
"General","Karnataka State Police Headquarters","Click a section header to expand Â Â·Â  Click a unit to view its directory table","","Email","cranf@ksp.gov.in"
"General","Karnataka State Police Headquarters","Click a section header to expand Â Â·Â  Click a unit to view its directory table","","Email","crksisf@ksp.gov.in"
"General","Karnataka State Police Headquarters","Click a section header to expand Â Â·Â  Click a unit to view its directory table","","Email","crksisf2@ksp.gov.in"
"General","Karnataka State Police Headquarters","Click a section header to expand Â Â·Â  Click a unit to view its directory table","","Email","cr3btnksisf@ksp.gov.in"
"General","Karnataka State Police Headquarters","Click a section header to expand Â Â·Â  Click a unit to view its directory table","","Email","kla.kar@nic.in"
"General","Karnataka State Police Headquarters","Click a section header to expand Â Â·Â  Click a unit to view its directory table","","Email","kla-kula1-ka@nic.in"
"General","Karnataka State Police Headquarters","Click a section header to expand Â Â·Â  Click a unit to view its directory table","","Email","kla-kula2-ka@nic.in"
"General","Karnataka State Police Headquarters","Click a section header to expand Â Â·Â  Click a unit to view its directory table","","Email","kla-adg@nic.in"
"General","Karnataka State Police Headquarters","Click a section header to expand Â Â·Â  Click a unit to view its directory table","","Email","kla.igp-ka@karnataka.gov.in"
"General","Karnataka State Police Headquarters","Click a section header to expand Â Â·Â  Click a unit to view its directory table","","Email","kla-reg@nic.in"
"General","Karnataka State Police Headquarters","Click a section header to expand Â Â·Â  Click a unit to view its directory table","","Email","kla-dra1-ka@gov.in"
"General","Karnataka State Police Headquarters","Click a section header to expand Â Â·Â  Click a unit to view its directory table","","Email","kla-dra2-ka@gov.in"
"General","Karnataka State Police Headquarters","Click a section header to expand Â Â·Â  Click a unit to view its directory table","","Email","kla.jds@nic.in"
"General","Karnataka State Police Headquarters","Click a section header to expand Â Â·Â  Click a unit to view its directory table","","Email","kla_spbangalore_ka@ka.gov.in"
"General","Karnataka State Police Headquarters","Click a section header to expand Â Â·Â  Click a unit to view its directory table","","Email","kla-sp4-ka@ka.gov.in"
"General","Karnataka State Police Headquarters","Click a section header to expand Â Â·Â  Click a unit to view its directory table","","Email","kla-citysp-ka@nic.in"
"General","Karnataka State Police Headquarters","Click a section header to expand Â Â·Â  Click a unit to view its directory table","","Email","kla-sp@nic.in"
"General","Karnataka State Police Headquarters","Click a section header to expand Â Â·Â  Click a unit to view its directory table","","Email","kla-myssp-ka@nic.in"
"General","Karnataka State Police Headquarters","Click a section header to expand Â Â·Â  Click a unit to view its directory table","","Email","kla-spbgm-ka@nic.in"
"General","Karnataka State Police Headquarters","Click a section header to expand Â Â·Â  Click a unit to view its directory table","","Email","kla-spramngr-ka@nic.in"
"General","Karnataka State Police Headquarters","Click a section header to expand Â Â·Â  Click a unit to view its directory table","","Email","kla-spdwd-ka@nic.in"
"General","Karnataka State Police Headquarters","Click a section header to expand Â Â·Â  Click a unit to view its directory table","","Email","kla-cbpursp-ka@nic.in"
"General","Karnataka State Police Headquarters","Click a section header to expand Â Â·Â  Click a unit to view its directory table","","Email","spklacbpura@gmail.com"
"General","Karnataka State Police Headquarters","Click a section header to expand Â Â·Â  Click a unit to view its directory table","","Email","kla-klrsp-ka@nic.in"
"General","Karnataka State Police Headquarters","Click a section header to expand Â Â·Â  Click a unit to view its directory table","","Email","kla_spbangalore_ka@ka.gov.in"
"General","Karnataka State Police Headquarters","Click a section header to expand Â Â·Â  Click a unit to view its directory table","","Email","Kla.sp-mdy@karnataka.gov.in"
"General","Karnataka State Police Headquarters","Click a section header to expand Â Â·Â  Click a unit to view its directory table","","Email","kla-hsnsp-ka@nic.in"
"General","Karnataka State Police Headquarters","Click a section header to expand Â Â·Â  Click a unit to view its directory table","","Email","kla-sptkr-ka@nic.in"
"General","Karnataka State Police Headquarters","Click a section header to expand Â Â·Â  Click a unit to view its directory table","","Email","Kla-spdvg_ka@nic.in"
"General","Karnataka State Police Headquarters","Click a section header to expand Â Â·Â  Click a unit to view its directory table","","Email","kla-spcdg-ka@nic.in"
"General","Karnataka State Police Headquarters","Click a section header to expand Â Â·Â  Click a unit to view its directory table","","Email","splokcta@ksp.gov.in"
"General","Karnataka State Police Headquarters","Click a section header to expand Â Â·Â  Click a unit to view its directory table","","Email","kla-blrysp-ka@nic.in"
"General","Karnataka State Police Headquarters","Click a section header to expand Â Â·Â  Click a unit to view its directory table","","Email","kla-kwrsp-ka@nic.in"
"General","Karnataka State Police Headquarters","Click a section header to expand Â Â·Â  Click a unit to view its directory table","","Email","kla-spmng-ka@nic.in"
"General","Karnataka State Police Headquarters","Click a section header to expand Â Â·Â  Click a unit to view its directory table","","Email","kla-sprcr-ka@nic.in"
"General","Karnataka State Police Headquarters","Click a section header to expand Â Â·Â  Click a unit to view its directory table","","Email","spklabjp@gmail.com"
"General","Karnataka State Police Headquarters","Click a section header to expand Â Â·Â  Click a unit to view its directory table","","Email","kla-bjpsp-ka@nic.in"
"General","Karnataka State Police Headquarters","Click a section header to expand Â Â·Â  Click a unit to view its directory table","","Email","kla-gbasp-ka@nic.in"
"General","Karnataka State Police Headquarters","Click a section header to expand Â Â·Â  Click a unit to view its directory table","","Email","spklayadagir@gmail.com"
"General","Karnataka State Police Headquarters","Click a section header to expand Â Â·Â  Click a unit to view its directory table","","Email","kla-spydr-ka@nic.in"
"General","Karnataka State Police Headquarters","Click a section header to expand Â Â·Â  Click a unit to view its directory table","","Email","kla.sp-smg@karnataka.gov.in"
"General","Karnataka State Police Headquarters","Click a section header to expand Â Â·Â  Click a unit to view its directory table","","Email","igpsit-kla@nic.in"
"General","Karnataka State Police Headquarters","Click a section header to expand Â Â·Â  Click a unit to view its directory table","","Email","sp1sit-kla@nic.in"
"General","Karnataka State Police Headquarters","Click a section header to expand Â Â·Â  Click a unit to view its directory table","","Email","sp2sit-kla@nic.in"
"General","Karnataka State Police Headquarters","Click a section header to expand Â Â·Â  Click a unit to view its directory table","","Email","dgpcid@ksp.gov.in"
"General","Karnataka State Police Headquarters","Click a section header to expand Â Â·Â  Click a unit to view its directory table","","Email","dgpc&n@ksp.gov.in"
"General","Karnataka State Police Headquarters","Click a section header to expand Â Â·Â  Click a unit to view its directory table","","Email","adgpcid@ksp.gov.in"
"General","Karnataka State Police Headquarters","Click a section header to expand Â Â·Â  Click a unit to view its directory table","","Email","adgpeocid@ksp.gov.in"
"General","Karnataka State Police Headquarters","Click a section header to expand Â Â·Â  Click a unit to view its directory table","","Email","digpcid@ksp.gov.in"
"General","Karnataka State Police Headquarters","Click a section header to expand Â Â·Â  Click a unit to view its directory table","","Email","digpnc@ksp.gov.in"
"General","Karnataka State Police Headquarters","Click a section header to expand Â Â·Â  Click a unit to view its directory table","","Email","crcod@ksp.gov.in"
"General","Karnataka State Police Headquarters","Click a section header to expand Â Â·Â  Click a unit to view its directory table","","Email","digpeocid@ksp.gov.in"
"General","Karnataka State Police Headquarters","Click a section header to expand Â Â·Â  Click a unit to view its directory table","","Email","spnoccid@ksp.gov.in"
"General","Karnataka State Police Headquarters","Click a section header to expand Â Â·Â  Click a unit to view its directory table","","Email","spadmincid@ksp.gov.in"
"General","Karnataka State Police Headquarters","Click a section header to expand Â Â·Â  Click a unit to view its directory table","","Email","spciucid@ksp.gov.in"
"General","Karnataka State Police Headquarters","Click a section header to expand Â Â·Â  Click a unit to view its directory table","","Email","sphnbcid@ksp.gov.in"
"General","Karnataka State Police Headquarters","Click a section header to expand Â Â·Â  Click a unit to view its directory table","","Email","spsccid@ksp.gov.in"
"General","Karnataka State Police Headquarters","Click a section header to expand Â Â·Â  Click a unit to view its directory table","","Email","speocid@ksp.gov.in"
"General","Karnataka State Police Headquarters","Click a section header to expand Â Â·Â  Click a unit to view its directory table","","Email","spdfidcid@ksp.gov.in"
"General","Karnataka State Police Headquarters","Click a section header to expand Â Â·Â  Click a unit to view its directory table","","Email","spahtucid@ksp.gov.in"
"General","Karnataka State Police Headquarters","Click a section header to expand Â Â·Â  Click a unit to view its directory table","","Email","spfiucid@ksp.gov.in"
"General","Karnataka State Police Headquarters","Click a section header to expand Â Â·Â  Click a unit to view its directory table","","Email","spccpscid@ksp.gov.in"
"General","Karnataka State Police Headquarters","Click a section header to expand Â Â·Â  Click a unit to view its directory table","","Email","spctrcid@ksp.gov.in"
"General","Karnataka State Police Headquarters","Click a section header to expand Â Â·Â  Click a unit to view its directory table","","Email","crcod@ksp.gov.in"
"General","Karnataka State Police Headquarters","Click a section header to expand Â Â·Â  Click a unit to view its directory table","","Email","digpforestcell@ksp.gov.in"
"General","Karnataka State Police Headquarters","Click a section header to expand Â Â·Â  Click a unit to view its directory table","","Email","igpforestcell@ksp.gov.in"
"General","Karnataka State Police Headquarters","Click a section header to expand Â Â·Â  Click a unit to view its directory table","","Email","spcidforestmcr@ksp.gov.in"
"General","Karnataka State Police Headquarters","Click a section header to expand Â Â·Â  Click a unit to view its directory table","","Email","igpforestcell@ksp.gov.in"
"General","Karnataka State Police Headquarters","Click a section header to expand Â Â·Â  Click a unit to view its directory table","","Email","dcfurban82@yahoo.co.in"
"General","Karnataka State Police Headquarters","Click a section header to expand Â Â·Â  Click a unit to view its directory table","","Email","dgptraining@ksp.gov.in"
"General","Karnataka State Police Headquarters","Click a section header to expand Â Â·Â  Click a unit to view its directory table","","Email","igptrg@ksp.gov.in"
"General","Karnataka State Police Headquarters","Click a section header to expand Â Â·Â  Click a unit to view its directory table","","Email","igptrg@ksp.gov.in"
"General","Karnataka State Police Headquarters","Click a section header to expand Â Â·Â  Click a unit to view its directory table","","Email","dgprntcod@ksp.gov.in"
"General","Karnataka State Police Headquarters","Click a section header to expand Â Â·Â  Click a unit to view its directory table","","Email","digprect@ksp.gov.in"
"General","Karnataka State Police Headquarters","Click a section header to expand Â Â·Â  Click a unit to view its directory table","","Email","digpstfbng@ksp.gov.in"
"General","Karnataka State Police Headquarters","Click a section header to expand Â Â·Â  Click a unit to view its directory table","","Email","digpsafmgc@ksp.gov.in"
"General","Karnataka State Police Headquarters","Click a section header to expand Â Â·Â  Click a unit to view its directory table","","Email","dspsafmgc@ksp.gov.in"
"General","Karnataka State Police Headquarters","Click a section header to expand Â Â·Â  Click a unit to view its directory table","","Email","principalptcklb@ksp.gov.in"
"General","Karnataka State Police Headquarters","Click a section header to expand Â Â·Â  Click a unit to view its directory table","","Email","ptcklb@ksp.gov.in"
"General","Karnataka State Police Headquarters","Click a section header to expand Â Â·Â  Click a unit to view its directory table","","Email","ptcklb@ksp.gov.in"
"General","Karnataka State Police Headquarters","Click a section header to expand Â Â·Â  Click a unit to view its directory table","","Email","principalptsmyc@ksp.gov.in"
"General","Karnataka State Police Headquarters","Click a section header to expand Â Â·Â  Click a unit to view its directory table","","Email","ptsmys@ksp.gov.in"
"General","Karnataka State Police Headquarters","Click a section header to expand Â Â·Â  Click a unit to view its directory table","","Email","sppdmsynk@ksp.gov.in"
"General","Karnataka State Police Headquarters","Click a section header to expand Â Â·Â  Click a unit to view its directory table","","Email","ksptscptrmn@ksp.gov.in"
"General","Karnataka State Police Headquarters","Click a section header to expand Â Â·Â  Click a unit to view its directory table","","Email","ptskhanapurabgm@ksp.gov.in"
"General","Karnataka State Police Headquarters","Click a section header to expand Â Â·Â  Click a unit to view its directory table","","Email","aptsylnk@ksp.gov.in"
"General","Karnataka State Police Headquarters","Click a section header to expand Â Â·Â  Click a unit to view its directory table","","Email","ptshdc@ksp.gov.in"
"General","Karnataka State Police Headquarters","Click a section header to expand Â Â·Â  Click a unit to view its directory table","","Email","ptskadurckm@ksp.gov.in"
"General","Karnataka State Police Headquarters","Click a section header to expand Â Â·Â  Click a unit to view its directory table","","Email","aimangalaptscta@ksp.gov.in"
"General","Karnataka State Police Headquarters","Click a section header to expand Â Â·Â  Click a unit to view its directory table","","Email","principalptshsn@ksp.gov.in"
"General","Karnataka State Police Headquarters","Click a section header to expand Â Â·Â  Click a unit to view its directory table","","Email","ptsthanisandrabcp@ksp.gov.in"
"General","Karnataka State Police Headquarters","Click a section header to expand Â Â·Â  Click a unit to view its directory table","","Email","ksrpts@ksp.gov.in"
"General","Karnataka State Police Headquarters","Click a section header to expand Â Â·Â  Click a unit to view its directory table","","Email","ptskangrallibgm@ksp.gov.in"
"General","Karnataka State Police Headquarters","Click a section header to expand Â Â·Â  Click a unit to view its directory table","","Email","asish.meghannanavar@gmail.com"
"General","Karnataka State Police Headquarters","Click a section header to expand Â Â·Â  Click a unit to view its directory table","","Email","kspwtraining@gmail.com"
"General","Karnataka State Police Headquarters","Click a section header to expand Â Â·Â  Click a unit to view its directory table","","Email","mdksphc@ksp.gov.in"
"General","Karnataka State Police Headquarters","Click a section header to expand Â Â·Â  Click a unit to view its directory table","","Email","aaoksphidcl@gmail.com"
"General","Karnataka State Police Headquarters","Click a section header to expand Â Â·Â  Click a unit to view its directory table","","Email","bmtf.policestation@gmail.com"
"General","Karnataka State Police Headquarters","Click a section header to expand Â Â·Â  Click a unit to view its directory table","","Email","adgpbmtf@gmail.com"
"General","Karnataka State Police Headquarters","Click a section header to expand Â Â·Â  Click a unit to view its directory table","","Email","spbmtf@gmail.com"
"General","Karnataka State Police Headquarters","Click a section header to expand Â Â·Â  Click a unit to view its directory table","","Email","bmtfdysp@gmail.com"
"General","Karnataka State Police Headquarters","Click a section header to expand Â Â·Â  Click a unit to view its directory table","","Email","dgppcw@ksp.gov.in"
"General","Karnataka State Police Headquarters","Click a section header to expand Â Â·Â  Click a unit to view its directory table","","Email","digpscrb@ksp.gov.in"
"General","Karnataka State Police Headquarters","Click a section header to expand Â Â·Â  Click a unit to view its directory table","","Email","dyspscrb@ksp.gov.in"
"General","Karnataka State Police Headquarters","Click a section header to expand Â Â·Â  Click a unit to view its directory table","","Email","policeithelpdesk@ksp.gov.in"
"General","Karnataka State Police Headquarters","Click a section header to expand Â Â·Â  Click a unit to view its directory table","","Email","kspdcnoc@ksp.gov.in"
"General","Karnataka State Police Headquarters","Click a section header to expand Â Â·Â  Click a unit to view its directory table","","Email","dg.prisons.cs@karnataka.gov.in"
"General","Karnataka State Police Headquarters","Click a section header to expand Â Â·Â  Click a unit to view its directory table","","Email","spprisions@ksp.gov.in"
"General","Karnataka State Police Headquarters","Click a section header to expand Â Â·Â  Click a unit to view its directory table","","Email","digprisons@ksp.gov.in"
"General","Karnataka State Police Headquarters","Click a section header to expand Â Â·Â  Click a unit to view its directory table","","Email","dignorth.prisons@ka.gov.in"
"General","Karnataka State Police Headquarters","Click a section header to expand Â Â·Â  Click a unit to view its directory table","","Email","digsouth.prisons-kar@ka.gov.in"
"General","Karnataka State Police Headquarters","Click a section header to expand Â Â·Â  Click a unit to view its directory table","","Email","phq.prisons-kar@gov.in"
"General","Karnataka State Police Headquarters","Click a section header to expand Â Â·Â  Click a unit to view its directory table","","Email","spprisions@ksp.gov.in"
"General","Karnataka State Police Headquarters","Click a section header to expand Â Â·Â  Click a unit to view its directory table","","Email","cpblr.prisons-kar@gov.in"
"General","Karnataka State Police Headquarters","Click a section header to expand Â Â·Â  Click a unit to view its directory table","","Email","cpbgm.prisons-kar@gov.in"
"General","Karnataka State Police Headquarters","Click a section header to expand Â Â·Â  Click a unit to view its directory table","","Email","cpbly.prisons-kar@gov.in"
"General","Karnataka State Police Headquarters","Click a section header to expand Â Â·Â  Click a unit to view its directory table","","Email","cpgbg.prisons-kar@gov.in"
"General","Karnataka State Police Headquarters","Click a section header to expand Â Â·Â  Click a unit to view its directory table","","Email","cpwsmg.prisons@ka.gov.in"
"General","Karnataka State Police Headquarters","Click a section header to expand Â Â·Â  Click a unit to view its directory table","","Email","cpsmg.prisons@ka.gov.in"
"General","Karnataka State Police Headquarters","Click a section header to expand Â Â·Â  Click a unit to view its directory table","","Email","cpmys.prisons-kar@gov.in"
"General","Karnataka State Police Headquarters","Click a section header to expand Â Â·Â  Click a unit to view its directory table","","Email","cpbpr.prisons-kar@gov.in"
"General","Karnataka State Police Headquarters","Click a section header to expand Â Â·Â  Click a unit to view its directory table","","Email","cpdwd.prisons-kar@gov.in"
"General","Karnataka State Police Headquarters","Click a section header to expand Â Â·Â  Click a unit to view its directory table","","Email","supdtcentralprisondharwad@gmail.com"
"General","Karnataka State Police Headquarters","Click a section header to expand Â Â·Â  Click a unit to view its directory table","","Email","cpmys.prisons-kar@gov.in"
"General","Karnataka State Police Headquarters","Click a section header to expand Â Â·Â  Click a unit to view its directory table","","Email","cpkrw.prisons-kar@gov.in"
"General","Karnataka State Police Headquarters","Click a section header to expand Â Â·Â  Click a unit to view its directory table","","Email","dptmr.prisons-kar@gov.in"
"General","Karnataka State Police Headquarters","Click a section header to expand Â Â·Â  Click a unit to view its directory table","","Email","dpbdr-prisons-kar@gov.in"
"General","Karnataka State Police Headquarters","Click a section header to expand Â Â·Â  Click a unit to view its directory table","","Email","dpmdk.prisons-kar@gov.in"
"General","Karnataka State Police Headquarters","Click a section header to expand Â Â·Â  Click a unit to view its directory table","","Email","dpmng.prisons-kar@gov.in"
"General","Karnataka State Police Headquarters","Click a section header to expand Â Â·Â  Click a unit to view its directory table","","Email","dprcr.prisons-kar@gov.in"
"General","Karnataka State Police Headquarters","Click a section header to expand Â Â·Â  Click a unit to view its directory table","","Email","cpsmg.prisons@ka.gov.in"
"General","Karnataka State Police Headquarters","Click a section header to expand Â Â·Â  Click a unit to view its directory table","","Email","director.int@ksp.gov.in"
"General","Karnataka State Police Headquarters","Click a section header to expand Â Â·Â  Click a unit to view its directory table","","Email","adgpint@ksp.gov.in"
"General","Karnataka State Police Headquarters","Click a section header to expand Â Â·Â  Click a unit to view its directory table","","Email","add.int@ksp.gov.in"
"General","Karnataka State Police Headquarters","Click a section header to expand Â Â·Â  Click a unit to view its directory table","","Email","jd.int@ksp.gov.in"
"General","Karnataka State Police Headquarters","Click a section header to expand Â Â·Â  Click a unit to view its directory table","","Email","crstateint@ksp.gov.in"
"General","Karnataka State Police Headquarters","Click a section header to expand Â Â·Â  Click a unit to view its directory table","","Email","ddcitycell.int@ksp.gov.in"
"General","Karnataka State Police Headquarters","Click a section header to expand Â Â·Â  Click a unit to view its directory table","","Email","spadminint@ksp.gov.in"
"General","Karnataka State Police Headquarters","Click a section header to expand Â Â·Â  Click a unit to view its directory table","","Email","ddadmin.int@ksp.gov.in"
"General","Karnataka State Police Headquarters","Click a section header to expand Â Â·Â  Click a unit to view its directory table","","Email","ddmys.int@ksp.gov.in"
"General","Karnataka State Police Headquarters","Click a section header to expand Â Â·Â  Click a unit to view its directory table","","Email","ddmaq.int@ksp.gov.in"
"General","Karnataka State Police Headquarters","Click a section header to expand Â Â·Â  Click a unit to view its directory table","","Email","ddcm.int@ksp.gov.in"
"General","Karnataka State Police Headquarters","Click a section header to expand Â Â·Â  Click a unit to view its directory table","","Email","sita.int@ksp.gov.in"
"General","Karnataka State Police Headquarters","Click a section header to expand Â Â·Â  Click a unit to view its directory table","","Email","ddcicell.int@ksp.gov.in"
"General","Karnataka State Police Headquarters","Click a section header to expand Â Â·Â  Click a unit to view its directory table","","Email","bcpint@ksp.gov.in"
"General","Karnataka State Police Headquarters","Click a section header to expand Â Â·Â  Click a unit to view its directory table","","Email","ddca.int@ksp.gov.in"
"General","Karnataka State Police Headquarters","Click a section header to expand Â Â·Â  Click a unit to view its directory table","","Email","dddvg.int@ksp.gov.in"
"General","Karnataka State Police Headquarters","Click a section header to expand Â Â·Â  Click a unit to view its directory table","","Email","spsecint@ksp.gov.in"
"General","Karnataka State Police Headquarters","Click a section header to expand Â Â·Â  Click a unit to view its directory table","","Email","ddsec.int@ksp.gov.in"
"General","Karnataka State Police Headquarters","Click a section header to expand Â Â·Â  Click a unit to view its directory table","","Email","ddsa.int@ksp.gov.in"
"General","Karnataka State Police Headquarters","Click a section header to expand Â Â·Â  Click a unit to view its directory table","","Email","ddbgm.int@ksp.gov.in"
"General","Karnataka State Police Headquarters","Click a section header to expand Â Â·Â  Click a unit to view its directory table","","Email","ddbdds.int@ksp.gov.in"
"General","Karnataka State Police Headquarters","Click a section header to expand Â Â·Â  Click a unit to view its directory table","","Email","ddklb.int@ksp.gov.in"
"General","Karnataka State Police Headquarters","Click a section header to expand Â Â·Â  Click a unit to view its directory table","","Email","airport.int@ksp.gov.in"
"General","Karnataka State Police Headquarters","Click a section header to expand Â Â·Â  Click a unit to view its directory table","","Email","crstateint@ksp.gov.in"
"General","Karnataka State Police Headquarters","Click a section header to expand Â Â·Â  Click a unit to view its directory table","","Email","ciodc.int@ksp.gov.in"
"General","Karnataka State Police Headquarters","Click a section header to expand Â Â·Â  Click a unit to view its directory table","","Email","adgpksrp@ksp.gov.in"
"General","Karnataka State Police Headquarters","Click a section header to expand Â Â·Â  Click a unit to view its directory table","","Email","igpksrp@ksp.gov.in"
"General","Karnataka State Police Headquarters","Click a section header to expand Â Â·Â  Click a unit to view its directory table","","Email","digpksrp@ksp.gov.in"
"General","Karnataka State Police Headquarters","Click a section header to expand Â Â·Â  Click a unit to view its directory table","","Email","digptrgksrphq@ksp.gov.in"
"General","Karnataka State Police Headquarters","Click a section header to expand Â Â·Â  Click a unit to view its directory table","","Email","cmdt1bn@ksp.gov.in"
"General","Karnataka State Police Headquarters","Click a section header to expand Â Â·Â  Click a unit to view its directory table","","Email","cmdt3bn@ksp.gov.in"
"General","Karnataka State Police Headquarters","Click a section header to expand Â Â·Â  Click a unit to view its directory table","","Email","cmdt4bn@ksp.gov.in"
"General","Karnataka State Police Headquarters","Click a section header to expand Â Â·Â  Click a unit to view its directory table","","Email","cmdt9bn@ksp.gov.in"
"General","Karnataka State Police Headquarters","Click a section header to expand Â Â·Â  Click a unit to view its directory table","","Email","cmdt5bn@ksp.gov.in"
"General","Karnataka State Police Headquarters","Click a section header to expand Â Â·Â  Click a unit to view its directory table","","Email","cmdt7bn@ksp.gov.in"
"General","Karnataka State Police Headquarters","Click a section header to expand Â Â·Â  Click a unit to view its directory table","","Email","cmdt11bn@ksp.gov.in"
"General","Karnataka State Police Headquarters","Click a section header to expand Â Â·Â  Click a unit to view its directory table","","Email","cmdt12bn@ksp.gov.in"
"General","Karnataka State Police Headquarters","Click a section header to expand Â Â·Â  Click a unit to view its directory table","","Email","cmdt2bn@ksp.gov.in"
"General","Karnataka State Police Headquarters","Click a section header to expand Â Â·Â  Click a unit to view its directory table","","Email","cmdt6bn@ksp.gov.in"
"General","Karnataka State Police Headquarters","Click a section header to expand Â Â·Â  Click a unit to view its directory table","","Email","cmdt8bn@ksp.gov.in"
"General","Karnataka State Police Headquarters","Click a section header to expand Â Â·Â  Click a unit to view its directory table","","Email","cmdt10bn@ksp.gov.in"
"General","Karnataka State Police Headquarters","Click a section header to expand Â Â·Â  Click a unit to view its directory table","","Email","ptskangrallibgm@ksp.gov.in"
"General","Karnataka State Police Headquarters","Click a section header to expand Â Â·Â  Click a unit to view its directory table","","Email","irbavathi@ksp.gov.in"
"General","Karnataka State Police Headquarters","Click a section header to expand Â Â·Â  Click a unit to view its directory table","","Email","digpirbm@gmail.com"
"General","Karnataka State Police Headquarters","Click a section header to expand Â Â·Â  Click a unit to view its directory table","","Email","cmdtirb@ksp.gov.in"
"General","Karnataka State Police Headquarters","Click a section header to expand Â Â·Â  Click a unit to view its directory table","","Email","cmdtirbbjp@ksp.gov.in"
"General","Karnataka State Police Headquarters","Click a section header to expand Â Â·Â  Click a unit to view its directory table","","Email","ksrpts@ksp.gov.in"
"General","Karnataka State Police Headquarters","Click a section header to expand Â Â·Â  Click a unit to view its directory table","","Email","ptskangrallibgm@ksp.gov.in"
"General","Karnataka State Police Headquarters","Click a section header to expand Â Â·Â  Click a unit to view its directory table","","Email","irbkgf@ksp.gov.in"
"General","Karnataka State Police Headquarters","Click a section header to expand Â Â·Â  Click a unit to view its directory table","","Email","digpirbm@gmail.com"
"General","Karnataka State Police Headquarters","Click a section header to expand Â Â·Â  Click a unit to view its directory table","","Email","cmdtirb@ksp.gov.in"
"General","Karnataka State Police Headquarters","Click a section header to expand Â Â·Â  Click a unit to view its directory table","","Email","cmdtirbbjp@ksp.gov.in"
"General","Karnataka State Police Headquarters","Click a section header to expand Â Â·Â  Click a unit to view its directory table","","Email","ksrpts@ksp.gov.in"
"General","Karnataka State Police Headquarters","Click a section header to expand Â Â·Â  Click a unit to view its directory table","","Email","cmdt1bn@ksp.gov.in"
"General","Karnataka State Police Headquarters","Click a section header to expand Â Â·Â  Click a unit to view its directory table","","Email","ksrpcr1bn@ksp.gov.in"
"General","Karnataka State Police Headquarters","Click a section header to expand Â Â·Â  Click a unit to view its directory table","","Email","cmdt2bn@ksp.gov.in"
"General","Karnataka State Police Headquarters","Click a section header to expand Â Â·Â  Click a unit to view its directory table","","Email","ksrpcr2bn@ksp.gov.in"
"General","Karnataka State Police Headquarters","Click a section header to expand Â Â·Â  Click a unit to view its directory table","","Email","ksrpcr2bnbgm@ksp.gov.in"
"General","Karnataka State Police Headquarters","Click a section header to expand Â Â·Â  Click a unit to view its directory table","","Email","cmdt3bn@ksp.gov.in"
"General","Karnataka State Police Headquarters","Click a section header to expand Â Â·Â  Click a unit to view its directory table","","Email","ksrpcr3bn@ksp.gov.in"
"General","Karnataka State Police Headquarters","Click a section header to expand Â Â·Â  Click a unit to view its directory table","","Email","cmdt4bn@ksp.gov.in"
"General","Karnataka State Police Headquarters","Click a section header to expand Â Â·Â  Click a unit to view its directory table","","Email","ksrpcr4bn@ksp.gov.in"
"General","Karnataka State Police Headquarters","Click a section header to expand Â Â·Â  Click a unit to view its directory table","","Email","cmdt5bn@ksp.gov.in"
"General","Karnataka State Police Headquarters","Click a section header to expand Â Â·Â  Click a unit to view its directory table","","Email","ksrpcr5bn@ksp.gov.in"
"General","Karnataka State Police Headquarters","Click a section header to expand Â Â·Â  Click a unit to view its directory table","","Email","cmdt6bn@ksp.gov.in"
"General","Karnataka State Police Headquarters","Click a section header to expand Â Â·Â  Click a unit to view its directory table","","Email","ksrpcr6bn@ksp.gov.in"
"General","Karnataka State Police Headquarters","Click a section header to expand Â Â·Â  Click a unit to view its directory table","","Email","cmdt7bn@ksp.gov.in"
"General","Karnataka State Police Headquarters","Click a section header to expand Â Â·Â  Click a unit to view its directory table","","Email","ksrpcr7bn@ksp.gov.in"
"General","Karnataka State Police Headquarters","Click a section header to expand Â Â·Â  Click a unit to view its directory table","","Email","cmdt8bn@ksp.gov.in"
"General","Karnataka State Police Headquarters","Click a section header to expand Â Â·Â  Click a unit to view its directory table","","Email","ksrpcr8bn@ksp.gov.in"
"General","Karnataka State Police Headquarters","Click a section header to expand Â Â·Â  Click a unit to view its directory table","","Email","cmdt9bn@ksp.gov.in"
"General","Karnataka State Police Headquarters","Click a section header to expand Â Â·Â  Click a unit to view its directory table","","Email","ksrpcr9bn@ksp.gov.in"
"General","Karnataka State Police Headquarters","Click a section header to expand Â Â·Â  Click a unit to view its directory table","","Email","cmdt10bn@ksp.gov.in"
"General","Karnataka State Police Headquarters","Click a section header to expand Â Â·Â  Click a unit to view its directory table","","Email","ksrpcr10bn@ksp.gov.in"
"General","Karnataka State Police Headquarters","Click a section header to expand Â Â·Â  Click a unit to view its directory table","","Email","cmdt11bn@ksp.gov.in"
"General","Karnataka State Police Headquarters","Click a section header to expand Â Â·Â  Click a unit to view its directory table","","Email","ksrpcr11bn@ksp.gov.in"
"General","Karnataka State Police Headquarters","Click a section header to expand Â Â·Â  Click a unit to view its directory table","","Email","cmdt12bn@ksp.gov.in"
"General","Karnataka State Police Headquarters","Click a section header to expand Â Â·Â  Click a unit to view its directory table","","Email","ksrpcr12bn@ksp.gov.in"
"General","Karnataka State Police Headquarters","Click a section header to expand Â Â·Â  Click a unit to view its directory table","","Email","irbavathi@ksp.gov.in"
"General","Karnataka State Police Headquarters","Click a section header to expand Â Â·Â  Click a unit to view its directory table","","Email","irbkgf@ksp.gov.in"
"General","Karnataka State Police Headquarters","Click a section header to expand Â Â·Â  Click a unit to view its directory table","","Email","digpirbm@gmail.com"
"General","Karnataka State Police Headquarters","Click a section header to expand Â Â·Â  Click a unit to view its directory table","","Email","cmdtirb@ksp.gov.in"
"General","Karnataka State Police Headquarters","Click a section header to expand Â Â·Â  Click a unit to view its directory table","","Email","cmdtirbbjp@ksp.gov.in"
"General","Karnataka State Police Headquarters","Click a section header to expand Â Â·Â  Click a unit to view its directory table","","Email","ksrpts@ksp.gov.in"
"General","Karnataka State Police Headquarters","Click a section header to expand Â Â·Â  Click a unit to view its directory table","","Email","sportikarnataka@gmail.com"
"General","Karnataka State Police Headquarters","Click a section header to expand Â Â·Â  Click a unit to view its directory table","","Email","sportikarnataka@gmail.com"
"General","Karnataka State Police Headquarters","Click a section header to expand Â Â·Â  Click a unit to view its directory table","","Email","sporti2gov@gmail.com"
"General","Karnataka State Police Headquarters","Click a section header to expand Â Â·Â  Click a unit to view its directory table","","Email","jpomess1234@gmail.com"
"General","Karnataka State Police Headquarters","Click a section header to expand Â Â·Â  Click a unit to view its directory table","","Email","kspspb@ksp.gov.in"
"General","Karnataka State Police Headquarters","Click a section header to expand Â Â·Â  Click a unit to view its directory table","","Email","adgpksrp@ksp.gov.in"
"General","Karnataka State Police Headquarters","Click a section header to expand Â Â·Â  Click a unit to view its directory table","","Email","igpksrp@ksp.gov.in"
"General","Karnataka State Police Headquarters","Click a section header to expand Â Â·Â  Click a unit to view its directory table","","Email","cmdt3bn@ksp.gov.in"
"General","Karnataka State Police Headquarters","Click a section header to expand Â Â·Â  Click a unit to view its directory table","","Email","kspspb@ksp.gov.in"
"General","Karnataka State Police Headquarters","Click a section header to expand Â Â·Â  Click a unit to view its directory table","","Email","kspspb@ksp.gov.in"
"General","Karnataka State Police Headquarters","Click a section header to expand Â Â·Â  Click a unit to view its directory table","","Email","adgpclm@ksp.gov.in"
"General","Karnataka State Police Headquarters","Click a section header to expand Â Â·Â  Click a unit to view its directory table","","Email","digpwireless@ksp.gov.in"
"General","Karnataka State Police Headquarters","Click a section header to expand Â Â·Â  Click a unit to view its directory table","","Email","spwireless@ksp.gov.in"
"General","Karnataka State Police Headquarters","Click a section header to expand Â Â·Â  Click a unit to view its directory table","","Email","spwadminoffice@ksp.gov.in"
"General","Karnataka State Police Headquarters","Click a section header to expand Â Â·Â  Click a unit to view its directory table","","Email","spmto@ksp.gov.in"
"General","Karnataka State Police Headquarters","Click a section header to expand Â Â·Â  Click a unit to view its directory table","","Email","ssstatemt@ksp.gov.in"
"General","Karnataka State Police Headquarters","Click a section header to expand Â Â·Â  Click a unit to view its directory table","","Email","dcpcontrol@ksp.gov.in"
"General","Karnataka State Police Headquarters","Click a section header to expand Â Â·Â  Click a unit to view its directory table","","Email","ccrblore@ksp.gov.in"
"General","Karnataka State Police Headquarters","Click a section header to expand Â Â·Â  Click a unit to view its directory table","","Email","crdgcontrol@ksp.gov.in"
"General","Karnataka State Police Headquarters","Click a section header to expand Â Â·Â  Click a unit to view its directory table","","Email","wrdgcontrol@ksp.gov.in"
"General","Karnataka State Police Headquarters","Click a section header to expand Â Â·Â  Click a unit to view its directory table","","Email","kspwtraining@gmail.com"
"General","Karnataka State Police Headquarters","Click a section header to expand Â Â·Â  Click a unit to view its directory table","","Email","kspwtrg@ksp.gov.in"
"General","Karnataka State Police Headquarters","Click a section header to expand Â Â·Â  Click a unit to view its directory table","","Email","dyspwcheckoffice@ksp.gov.in"
"General","Karnataka State Police Headquarters","Click a section header to expand Â Â·Â  Click a unit to view its directory table","","Email","dspwnzbgm@gmail.com"
"General","Karnataka State Police Headquarters","Click a section header to expand Â Â·Â  Click a unit to view its directory table","","Email","crdgcontrol@ksp.gov.in"
"General","Karnataka State Police Headquarters","Click a section header to expand Â Â·Â  Click a unit to view its directory table","","Email","kspwco@ksp.gov.in"
"General","Karnataka State Police Headquarters","Click a section header to expand Â Â·Â  Click a unit to view its directory table","","Email","kspwmon@ksp.gov.in"
"General","Karnataka State Police Headquarters","Click a section header to expand Â Â·Â  Click a unit to view its directory table","","Email","piwcws@ksp.gov.in"
"General","Karnataka State Police Headquarters","Click a section header to expand Â Â·Â  Click a unit to view its directory table","","Email","kspwcws@ksp.gov.in"
"General","Karnataka State Police Headquarters","Click a section header to expand Â Â·Â  Click a unit to view its directory table","","Email","piwcts@ksp.gov.in"
"General","Karnataka State Police Headquarters","Click a section header to expand Â Â·Â  Click a unit to view its directory table","","Email","piwcts@gmail.com"
"General","Karnataka State Police Headquarters","Click a section header to expand Â Â·Â  Click a unit to view its directory table","","Email","kspwcts@ksp.gov.in"
"General","Karnataka State Police Headquarters","Click a section header to expand Â Â·Â  Click a unit to view its directory table","","Email","aao.dgpclm@ksp.gov.in"
"General","Karnataka State Police Headquarters","Click a section header to expand Â Â·Â  Click a unit to view its directory table","","Email","kspwadminoffice@ksp.gov.in"
"General","Karnataka State Police Headquarters","Click a section header to expand Â Â·Â  Click a unit to view its directory table","","Email","kspwgnl@ksp.gov.in"
"General","Karnataka State Police Headquarters","Click a section header to expand Â Â·Â  Click a unit to view its directory table","","Email","kspwinward@ksp.gov.in"
"General","Karnataka State Police Headquarters","Click a section header to expand Â Â·Â  Click a unit to view its directory table","","Email","kspwest1@ksp.gov.in"
"General","Karnataka State Police Headquarters","Click a section header to expand Â Â·Â  Click a unit to view its directory table","","Email","kspwest2@ksp.gov.in"
"General","Karnataka State Police Headquarters","Click a section header to expand Â Â·Â  Click a unit to view its directory table","","Email","adgpclm@ksp.gov.in"
"General","Karnataka State Police Headquarters","Click a section header to expand Â Â·Â  Click a unit to view its directory table","","Email","kspwsignaloffice@ksp.gov.in"
"General","Karnataka State Police Headquarters","Click a section header to expand Â Â·Â  Click a unit to view its directory table","","Email","adgpcre@ksp.gov.in"
"General","Karnataka State Police Headquarters","Click a section header to expand Â Â·Â  Click a unit to view its directory table","","Email","igpcre@ksp.gov.in"
"General","Karnataka State Police Headquarters","Click a section header to expand Â Â·Â  Click a unit to view its directory table","","Email","sphqdcre@ksp.gov.in"
"General","Karnataka State Police Headquarters","Click a section header to expand Â Â·Â  Click a unit to view its directory table","","Email","spadmindcre@ksp.gov.in"
"General","Karnataka State Police Headquarters","Click a section header to expand Â Â·Â  Click a unit to view its directory table","","Email","hqpsdcre@ksp.gov.in"
"General","Karnataka State Police Headquarters","Click a section header to expand Â Â·Â  Click a unit to view its directory table","","Email","dcrehqcontrolroom@ksp.gov.in"
"General","Karnataka State Police Headquarters","Click a section header to expand Â Â·Â  Click a unit to view its directory table","","Email","aohqdcre@ksp.gov.in"
"General","Karnataka State Police Headquarters","Click a section header to expand Â Â·Â  Click a unit to view its directory table","","Email","ss1hqdcre@ksp.gov.in"
"General","Karnataka State Police Headquarters","Click a section header to expand Â Â·Â  Click a unit to view its directory table","","Email","ss2hqdcre@ksp.gov.in"
"General","Karnataka State Police Headquarters","Click a section header to expand Â Â·Â  Click a unit to view its directory table","","Email","spbngcitydcre@ksp.gov.in"
"General","Karnataka State Police Headquarters","Click a section header to expand Â Â·Â  Click a unit to view its directory table","","Email","bngeastpsdcre@ksp.gov.in"
"General","Karnataka State Police Headquarters","Click a section header to expand Â Â·Â  Click a unit to view its directory table","","Email","bngwestpsdcre@ksp.gov.in"
"General","Karnataka State Police Headquarters","Click a section header to expand Â Â·Â  Click a unit to view its directory table","","Email","spcrdcre@ksp.gov.in"
"General","Karnataka State Police Headquarters","Click a section header to expand Â Â·Â  Click a unit to view its directory table","","Email","sscrdcre@ksp.gov.in"
"General","Karnataka State Police Headquarters","Click a section header to expand Â Â·Â  Click a unit to view its directory table","","Email","klrpsdcre@ksp.gov.in"
"General","Karnataka State Police Headquarters","Click a section header to expand Â Â·Â  Click a unit to view its directory table","","Email","tkrpsdcre@ksp.gov.in"
"General","Karnataka State Police Headquarters","Click a section header to expand Â Â·Â  Click a unit to view its directory table","","Email","rmnpsdcre@ksp.gov.in"
"General","Karnataka State Police Headquarters","Click a section header to expand Â Â·Â  Click a unit to view its directory table","","Email","cbppsdcre@ksp.gov.in"
"General","Karnataka State Police Headquarters","Click a section header to expand Â Â·Â  Click a unit to view its directory table","","Email","spsrdcre@ksp.gov.in"
"General","Karnataka State Police Headquarters","Click a section header to expand Â Â·Â  Click a unit to view its directory table","","Email","mycpsdcre@ksp.gov.in"
"General","Karnataka State Police Headquarters","Click a section header to expand Â Â·Â  Click a unit to view its directory table","","Email","hsnpsdcre@ksp.gov.in"
"General","Karnataka State Police Headquarters","Click a section header to expand Â Â·Â  Click a unit to view its directory table","","Email","mdypsdcre@ksp.gov.in"
"General","Karnataka State Police Headquarters","Click a section header to expand Â Â·Â  Click a unit to view its directory table","","Email","chnpsdcre@ksp.gov.in"
"General","Karnataka State Police Headquarters","Click a section header to expand Â Â·Â  Click a unit to view its directory table","","Email","mcrpsdcre@ksp.gov.in"
"General","Karnataka State Police Headquarters","Click a section header to expand Â Â·Â  Click a unit to view its directory table","","Email","spnrdcre@ksp.gov.in"
"General","Karnataka State Police Headquarters","Click a section header to expand Â Â·Â  Click a unit to view its directory table","","Email","bgmpsdcre@ksp.gov.in"
"General","Karnataka State Police Headquarters","Click a section header to expand Â Â·Â  Click a unit to view its directory table","","Email","bgkpsdcre@ksp.gov.in"
"General","Karnataka State Police Headquarters","Click a section header to expand Â Â·Â  Click a unit to view its directory table","","Email","dwdpsdcre@ksp.gov.in"
"General","Karnataka State Police Headquarters","Click a section header to expand Â Â·Â  Click a unit to view its directory table","","Email","gdgpsdcre@ksp.gov.in"
"General","Karnataka State Police Headquarters","Click a section header to expand Â Â·Â  Click a unit to view its directory table","","Email","vjppsdcre@ksp.gov.in"
"General","Karnataka State Police Headquarters","Click a section header to expand Â Â·Â  Click a unit to view its directory table","","Email","sperdcre@ksp.gov.in"
"General","Karnataka State Police Headquarters","Click a section header to expand Â Â·Â  Click a unit to view its directory table","","Email","shipsdcre@ksp.gov.in"
"General","Karnataka State Police Headquarters","Click a section header to expand Â Â·Â  Click a unit to view its directory table","","Email","ctapsdcre@ksp.gov.in"
"General","Karnataka State Police Headquarters","Click a section header to expand Â Â·Â  Click a unit to view its directory table","","Email","dvgpsdcre@ksp.gov.in"
"General","Karnataka State Police Headquarters","Click a section header to expand Â Â·Â  Click a unit to view its directory table","","Email","hvrpsdcre@ksp.gov.in"
"General","Karnataka State Police Headquarters","Click a section header to expand Â Â·Â  Click a unit to view its directory table","","Email","spwrdcre@ksp.gov.in"
"General","Karnataka State Police Headquarters","Click a section header to expand Â Â·Â  Click a unit to view its directory table","","Email","dkpsdcre@ksp.gov.in"
"General","Karnataka State Police Headquarters","Click a section header to expand Â Â·Â  Click a unit to view its directory table","","Email","ukpsdcre@ksp.gov.in"
"General","Karnataka State Police Headquarters","Click a section header to expand Â Â·Â  Click a unit to view its directory table","","Email","udppsdcre@ksp.gov.in"
"General","Karnataka State Police Headquarters","Click a section header to expand Â Â·Â  Click a unit to view its directory table","","Email","ckmpsdcre@ksp.gov.in"
"General","Karnataka State Police Headquarters","Click a section header to expand Â Â·Â  Click a unit to view its directory table","","Email","spnerdcre@ksp.gov.in"
"General","Karnataka State Police Headquarters","Click a section header to expand Â Â·Â  Click a unit to view its directory table","","Email","kbcpsdcre@ksp.gov.in"
"General","Karnataka State Police Headquarters","Click a section header to expand Â Â·Â  Click a unit to view its directory table","","Email","ydrpsdcre@ksp.gov.in"
"General","Karnataka State Police Headquarters","Click a section header to expand Â Â·Â  Click a unit to view its directory table","","Email","bdrpsdcre@ksp.gov.in"
"General","Karnataka State Police Headquarters","Click a section header to expand Â Â·Â  Click a unit to view its directory table","","Email","spblrdcre@ksp.gov.in"
"General","Karnataka State Police Headquarters","Click a section header to expand Â Â·Â  Click a unit to view its directory table","","Email","blrpsdcre@ksp.gov.in"
"General","Karnataka State Police Headquarters","Click a section header to expand Â Â·Â  Click a unit to view its directory table","","Email","rcrpsdcre@ksp.gov.in"
"General","Karnataka State Police Headquarters","Click a section header to expand Â Â·Â  Click a unit to view its directory table","","Email","kplpsdcre@ksp.gov.in"
"General","Karnataka State Police Headquarters","Click a section header to expand Â Â·Â  Click a unit to view its directory table","","Email","vjnpsdcre@ksp.gov.in"
"General","Karnataka State Police Headquarters","Click a section header to expand Â Â·Â  Click a unit to view its directory table","","Email","igprly@ksp.gov.in"
"General","Karnataka State Police Headquarters","Click a section header to expand Â Â·Â  Click a unit to view its directory table","","Email","sprly@ksp.gov.in"
"General","Karnataka State Police Headquarters","Click a section header to expand Â Â·Â  Click a unit to view its directory table","","Email","dcrly@ksp.gov.in"
"General","Karnataka State Police Headquarters","Click a section header to expand Â Â·Â  Click a unit to view its directory table","","Email","aaorly@ksp.gov.in"
"General","Karnataka State Police Headquarters","Click a section header to expand Â Â·Â  Click a unit to view its directory table","","Email","sdpoblorerly@ksp.gov.in"
"General","Karnataka State Police Headquarters","Click a section header to expand Â Â·Â  Click a unit to view its directory table","","Email","sdpohublirly@ksp.gov.in"
"General","Karnataka State Police Headquarters","Click a section header to expand Â Â·Â  Click a unit to view its directory table","","Email","rcrbrly@ksp.gov.in"
"General","Karnataka State Police Headquarters","Click a section header to expand Â Â·Â  Click a unit to view its directory table","","Email","cpiblorecantrly@ksp.gov.in"
"General","Karnataka State Police Headquarters","Click a section header to expand Â Â·Â  Click a unit to view its directory table","","Email","cpimysorerly@ksp.gov.in"
"General","Karnataka State Police Headquarters","Click a section header to expand Â Â·Â  Click a unit to view its directory table","","Email","mangalorerly@ksp.gov.in"
"General","Karnataka State Police Headquarters","Click a section header to expand Â Â·Â  Click a unit to view its directory table","","Email","davanagererly@ksp.gov.in"
"General","Karnataka State Police Headquarters","Click a section header to expand Â Â·Â  Click a unit to view its directory table","","Email","cpihublirly@ksp.gov.in"
"General","Karnataka State Police Headquarters","Click a section header to expand Â Â·Â  Click a unit to view its directory table","","Email","cpiraichurrly@ksp.gov.in"
"General","Karnataka State Police Headquarters","Click a section header to expand Â Â·Â  Click a unit to view its directory table","","Email","blorecityrly@ksp.gov.in"
"General","Karnataka State Police Headquarters","Click a section header to expand Â Â·Â  Click a unit to view its directory table","","Email","blorecityrly@ksp.gov.in"
"General","Karnataka State Police Headquarters","Click a section header to expand Â Â·Â  Click a unit to view its directory table","","Email","blorecityrly@ksp.gov.in"
"General","Karnataka State Police Headquarters","Click a section header to expand Â Â·Â  Click a unit to view its directory table","","Email","blorecityrly@ksp.gov.in"
"General","Karnataka State Police Headquarters","Click a section header to expand Â Â·Â  Click a unit to view its directory table","","Email","bloreruralrly@ksp.gov.in"
"General","Karnataka State Police Headquarters","Click a section header to expand Â Â·Â  Click a unit to view its directory table","","Email","bloreruralrly@ksp.gov.in"
"General","Karnataka State Police Headquarters","Click a section header to expand Â Â·Â  Click a unit to view its directory table","","Email","blorecantrly@ksp.gov.in"
"General","Karnataka State Police Headquarters","Click a section header to expand Â Â·Â  Click a unit to view its directory table","","Email","blorecantrly@ksp.gov.in"
"General","Karnataka State Police Headquarters","Click a section header to expand Â Â·Â  Click a unit to view its directory table","","Email","byapanahallirly@ksp.gov.in"
"General","Karnataka State Police Headquarters","Click a section header to expand Â Â·Â  Click a unit to view its directory table","","Email","byapanahallirly@ksp.gov.in"
"General","Karnataka State Police Headquarters","Click a section header to expand Â Â·Â  Click a unit to view its directory table","","Email","bangarapeterly@ksp.gov.in"
"General","Karnataka State Police Headquarters","Click a section header to expand Â Â·Â  Click a unit to view its directory table","","Email","mysorerly@ksp.gov.in"
"General","Karnataka State Police Headquarters","Click a section header to expand Â Â·Â  Click a unit to view its directory table","","Email","arasikererly@ksp.gov.in"
"General","Karnataka State Police Headquarters","Click a section header to expand Â Â·Â  Click a unit to view its directory table","","Email","shimogarly@ksp.gov.in"
"General","Karnataka State Police Headquarters","Click a section header to expand Â Â·Â  Click a unit to view its directory table","","Email","mangalorerly@ksp.gov.in"
"General","Karnataka State Police Headquarters","Click a section header to expand Â Â·Â  Click a unit to view its directory table","","Email","davangererly@ksp.gov.in"
"General","Karnataka State Police Headquarters","Click a section header to expand Â Â·Â  Click a unit to view its directory table","","Email","hublirly@ksp.gov.in"
"General","Karnataka State Police Headquarters","Click a section header to expand Â Â·Â  Click a unit to view its directory table","","Email","belgaumrly@ksp.gov.in"
"General","Karnataka State Police Headquarters","Click a section header to expand Â Â·Â  Click a unit to view its directory table","","Email","gadagrly@ksp.gov.in"
"General","Karnataka State Police Headquarters","Click a section header to expand Â Â·Â  Click a unit to view its directory table","","Email","bijapurrly@ksp.gov.in"
"General","Karnataka State Police Headquarters","Click a section header to expand Â Â·Â  Click a unit to view its directory table","","Email","bijapurrly@ksp.gov.in"
"General","Karnataka State Police Headquarters","Click a section header to expand Â Â·Â  Click a unit to view its directory table","","Email","raichurrly@ksp.gov.in"
"General","Karnataka State Police Headquarters","Click a section header to expand Â Â·Â  Click a unit to view its directory table","","Email","bellaryrly@ksp.gov.in"
"General","Karnataka State Police Headquarters","Click a section header to expand Â Â·Â  Click a unit to view its directory table","","Email","wadirly@ksp.gov.in"
"General","Karnataka State Police Headquarters","Click a section header to expand Â Â·Â  Click a unit to view its directory table","","Email","bidarrly@ksp.gov.in"
"General","Karnataka State Police Headquarters","Click a section header to expand Â Â·Â  Click a unit to view its directory table","","Email","directorkpa@ksp.gov.in"
"General","Karnataka State Police Headquarters","Click a section header to expand Â Â·Â  Click a unit to view its directory table","","Email","ddkpa@ksp.gov.in"
"General","Karnataka State Police Headquarters","Click a section header to expand Â Â·Â  Click a unit to view its directory table","","Email","idnodelkpa@ksp.gov.in"
"General","Karnataka State Police Headquarters","Click a section header to expand Â Â·Â  Click a unit to view its directory table","","Email","adoutdoorkpa@ksp.gov.in"
"General","Karnataka State Police Headquarters","Click a section header to expand Â Â·Â  Click a unit to view its directory table","","Email","kpasysadm@ksp.gov.in"
"General","Karnataka State Police Headquarters","Click a section header to expand Â Â·Â  Click a unit to view its directory table","","Email","kpamyc@ksp.gov.in"
"General","Karnataka State Police Headquarters","Click a section header to expand Â Â·Â  Click a unit to view its directory table","","Email","fpb@ksp.gov.in"
"General","Karnataka State Police Headquarters","Click a section header to expand Â Â·Â  Click a unit to view its directory table","","Email","spfpb@ksp.gov.in"
"General","Karnataka State Police Headquarters","Click a section header to expand Â Â·Â  Click a unit to view its directory table","","Email","fpubcp@ksp.gov.in"
"General","Karnataka State Police Headquarters","Click a section header to expand Â Â·Â  Click a unit to view its directory table","","Email","directorfsl@ksp.gov.in"
"General","Karnataka State Police Headquarters","Click a section header to expand Â Â·Â  Click a unit to view its directory table","","Email","jdadminfsl@ksp.gov.in"
"General","Karnataka State Police Headquarters","Click a section header to expand Â Â·Â  Click a unit to view its directory table","","Email","rfslmaq@ksp.gov.in"
"General","Karnataka State Police Headquarters","Click a section header to expand Â Â·Â  Click a unit to view its directory table","","Email","rfslmys@ksp.gov.in"
"General","Karnataka State Police Headquarters","Click a section header to expand Â Â·Â  Click a unit to view its directory table","","Email","ddrfslhubballi@gmail.com"
"General","Karnataka State Police Headquarters","Click a section header to expand Â Â·Â  Click a unit to view its directory table","","Email","rfsldvg@ksp.gov.in"
"General","Karnataka State Police Headquarters","Click a section header to expand Â Â·Â  Click a unit to view its directory table","","Email","ddrfslbathi@gmail.com"
"General","Karnataka State Police Headquarters","Click a section header to expand Â Â·Â  Click a unit to view its directory table","","Email","rfslgba@ksp.gov.in"
"General","Karnataka State Police Headquarters","Click a section header to expand Â Â·Â  Click a unit to view its directory table","","Email","rfslbgm@ksp.gov.in"
"General","Karnataka State Police Headquarters","Click a section header to expand Â Â·Â  Click a unit to view its directory table","","Email","rfslgba@ksp.gov.in"
"General","Karnataka State Police Headquarters","Click a section header to expand Â Â·Â  Click a unit to view its directory table","","Email","adrfslbly@gmail.com"
"General","Karnataka State Police Headquarters","Click a section header to expand Â Â·Â  Click a unit to view its directory table","","Email","adgpgc@ksp.gov.in"
"General","Karnataka State Police Headquarters","Click a section header to expand Â Â·Â  Click a unit to view its directory table","","Email","spca@karnataka.gov.in"
"General","Karnataka State Police Headquarters","Click a section header to expand Â Â·Â  Click a unit to view its directory table","","Email","adgpgc@ksp.gov.in"
"General","Karnataka State Police Headquarters","Click a section header to expand Â Â·Â  Click a unit to view its directory table","","Email","compolbcp@ksp.gov.in"
"General","Karnataka State Police Headquarters","Click a section header to expand Â Â·Â  Click a unit to view its directory table","","Email","jtcpintbcp@ksp.gov.in"
"General","Karnataka State Police Headquarters","Click a section header to expand Â Â·Â  Click a unit to view its directory table","","Email","jtcpcrimebcp@ksp.gov.in"
"General","Karnataka State Police Headquarters","Click a section header to expand Â Â·Â  Click a unit to view its directory table","","Email","jtcptrafficbcp@ksp.gov.in"
"General","Karnataka State Police Headquarters","Click a section header to expand Â Â·Â  Click a unit to view its directory table","","Email","addlcptrafficbcp@ksp.gov.in"
"General","Karnataka State Police Headquarters","Click a section header to expand Â Â·Â  Click a unit to view its directory table","","Email","addlcpwest@ksp.gov.in"
"General","Karnataka State Police Headquarters","Click a section header to expand Â Â·Â  Click a unit to view its directory table","","Email","addlcpeast@ksp.gov.in"
"General","Karnataka State Police Headquarters","Click a section header to expand Â Â·Â  Click a unit to view its directory table","","Email","ddlcpadmin@ksp.gov.in"
"General","Karnataka State Police Headquarters","Click a section header to expand Â Â·Â  Click a unit to view its directory table","","Email","dcpeastbcp@ksp.gov.in"
"General","Karnataka State Police Headquarters","Click a section header to expand Â Â·Â  Click a unit to view its directory table","","Email","dcptrafficnorth@gmail.com"
"General","Karnataka State Police Headquarters","Click a section header to expand Â Â·Â  Click a unit to view its directory table","","Email","dcpwest@ksp.gov.in"
"General","Karnataka State Police Headquarters","Click a section header to expand Â Â·Â  Click a unit to view its directory table","","Email","dcptrfsouthbcp@ksp.gov.in"
"General","Karnataka State Police Headquarters","Click a section header to expand Â Â·Â  Click a unit to view its directory table","","Email","dcptrafficwest@gmail.com"
"General","Karnataka State Police Headquarters","Click a section header to expand Â Â·Â  Click a unit to view its directory table","","Email","dcptrfwest@ksp.gov.in"
"General","Karnataka State Police Headquarters","Click a section header to expand Â Â·Â  Click a unit to view its directory table","","Email","dcpsoutheastbcp@ksp.gov.in"
"General","Karnataka State Police Headquarters","Click a section header to expand Â Â·Â  Click a unit to view its directory table","","Email","dcpcrbcp@ksp.gov.in"
"General","Karnataka State Police Headquarters","Click a section header to expand Â Â·Â  Click a unit to view its directory table","","Email","dcpcentral@ksp.gov.in"
"General","Karnataka State Police Headquarters","Click a section header to expand Â Â·Â  Click a unit to view its directory table","","Email","dcpcarhq@gmail.com"
"General","Karnataka State Police Headquarters","Click a section header to expand Â Â·Â  Click a unit to view its directory table","","Email","dcpnorthwestbcp@ksp.gov.in"
"General","Karnataka State Police Headquarters","Click a section header to expand Â Â·Â  Click a unit to view its directory table","","Email","dcpsouthbcp@ksp.gov.in"
"General","Karnataka State Police Headquarters","Click a section header to expand Â Â·Â  Click a unit to view its directory table","","Email","dcpnorth@ksp.gov.in"
"General","Karnataka State Police Headquarters","Click a section header to expand Â Â·Â  Click a unit to view its directory table","","Email","dcpcomdcentrebcp@ksp.gov.in"
"General","Karnataka State Police Headquarters","Click a section header to expand Â Â·Â  Click a unit to view its directory table","","Email","dcpintbcp@ksp.gov.in"
"General","Karnataka State Police Headquarters","Click a section header to expand Â Â·Â  Click a unit to view its directory table","","Email","dcpwhitefieldbcp@ksp.gov.in"
"General","Karnataka State Police Headquarters","Click a section header to expand Â Â·Â  Click a unit to view its directory table","","Email","dcpnortheast@ksp.gov.in"
"General","Karnataka State Police Headquarters","Click a section header to expand Â Â·Â  Click a unit to view its directory table","","Email","dcpadminbcp@ksp.gov.in"
"General","Karnataka State Police Headquarters","Click a section header to expand Â Â·Â  Click a unit to view its directory table","","Email","dcptrfeast@ksp.gov.in"
"General","Karnataka State Police Headquarters","Click a section header to expand Â Â·Â  Click a unit to view its directory table","","Email","dcpsouthwestbcp@ksp.gov.in"
"General","Karnataka State Police Headquarters","Click a section header to expand Â Â·Â  Click a unit to view its directory table","","Email","dcpvsoudhasec@ksp.gov.in"
"General","Karnataka State Police Headquarters","Click a section header to expand Â Â·Â  Click a unit to view its directory table","","Email","dcpcarsouthbcp@ksp.gov.in"
"General","Karnataka State Police Headquarters","Click a section header to expand Â Â·Â  Click a unit to view its directory table","","Email","dcpcarnorthbcp@ksp.gov.in"
"General","Karnataka State Police Headquarters","Click a section header to expand Â Â·Â  Click a unit to view its directory table","","Email","dcpcarwestbcp@ksp.gov.in"
"General","Karnataka State Police Headquarters","Click a section header to expand Â Â·Â  Click a unit to view its directory table","","Email","dcpcrime2bcp@ksp.gov.in"
"General","Karnataka State Police Headquarters","Click a section header to expand Â Â·Â  Click a unit to view its directory table","","Email","dcpvvipsec@ksp.gov.in"
"General","Karnataka State Police Headquarters","Click a section header to expand Â Â·Â  Click a unit to view its directory table","","Email","dcpcontrol@ksp.gov.in"
"General","Karnataka State Police Headquarters","Click a section header to expand Â Â·Â  Click a unit to view its directory table","","Email","ccrblore@ksp.gov.in"
"General","Karnataka State Police Headquarters","Click a section header to expand Â Â·Â  Click a unit to view its directory table","","Email","ccrblore@ksp.gov.in"
"General","Karnataka State Police Headquarters","Click a section header to expand Â Â·Â  Click a unit to view its directory table","","Email","dcpcentral@ksp.gov.in"
"General","Karnataka State Police Headquarters","Click a section header to expand Â Â·Â  Click a unit to view its directory table","","Email","ablesspurambcp@ksp.gov.in"
"General","Karnataka State Police Headquarters","Click a section header to expand Â Â·Â  Click a unit to view its directory table","","Email","sspurambcp@ksp.gov.in"
"General","Karnataka State Police Headquarters","Click a section header to expand Â Â·Â  Click a unit to view its directory table","","Email","hgroundbcp@ksp.gov.in"
"General","Karnataka State Police Headquarters","Click a section header to expand Â Â·Â  Click a unit to view its directory table","","Email","vkavalbcp@ksp.gov.in"
"General","Karnataka State Police Headquarters","Click a section header to expand Â Â·Â  Click a unit to view its directory table","","Email","ssnagarabcp@ksp.gov.in"
"General","Karnataka State Police Headquarters","Click a section header to expand Â Â·Â  Click a unit to view its directory table","","Email","ablecparkbcp@ksp.gov.in"
"General","Karnataka State Police Headquarters","Click a section header to expand Â Â·Â  Click a unit to view its directory table","","Email","cparkbcp@ksp.gov.in"
"General","Karnataka State Police Headquarters","Click a section header to expand Â Â·Â  Click a unit to view its directory table","","Email","anagarbcp@ksp.gov.in"
"General","Karnataka State Police Headquarters","Click a section header to expand Â Â·Â  Click a unit to view its directory table","","Email","vknagarbcp@ksp.gov.in"
"General","Karnataka State Police Headquarters","Click a section header to expand Â Â·Â  Click a unit to view its directory table","","Email","vsoudhabcp@ksp.gov.in"
"General","Karnataka State Police Headquarters","Click a section header to expand Â Â·Â  Click a unit to view its directory table","","Email","ableugatebcp@ksp.gov.in"
"General","Karnataka State Police Headquarters","Click a section header to expand Â Â·Â  Click a unit to view its directory table","","Email","hgatebcp@ksp.gov.in"
"General","Karnataka State Police Headquarters","Click a section header to expand Â Â·Â  Click a unit to view its directory table","","Email","wgardenbcp@ksp.gov.in"
"General","Karnataka State Police Headquarters","Click a section header to expand Â Â·Â  Click a unit to view its directory table","","Email","srnagarabcp@ksp.gov.in"
"General","Karnataka State Police Headquarters","Click a section header to expand Â Â·Â  Click a unit to view its directory table","","Email","sjparkbcp@ksp.gov.in"
"General","Karnataka State Police Headquarters","Click a section header to expand Â Â·Â  Click a unit to view its directory table","","Email","womenpscentralbcp@ksp.gov.in"
"General","Karnataka State Police Headquarters","Click a section header to expand Â Â·Â  Click a unit to view its directory table","","Email","dcpvsoudhasec@ksp.gov.in"
"General","Karnataka State Police Headquarters","Click a section header to expand Â Â·Â  Click a unit to view its directory table","","Email","acpvikassoudhasecbcp@ksp.gov.in"
"General","Karnataka State Police Headquarters","Click a section header to expand Â Â·Â  Click a unit to view its directory table","","Email","ablehcourtsecbcp@ksp.gov.in"
"General","Karnataka State Police Headquarters","Click a section header to expand Â Â·Â  Click a unit to view its directory table","","Email","ablehcourtsec@ksp.gov.in"
"General","Karnataka State Police Headquarters","Click a section header to expand Â Â·Â  Click a unit to view its directory table","","Email","dcpwest@ksp.gov.in"
"General","Karnataka State Police Headquarters","Click a section header to expand Â Â·Â  Click a unit to view its directory table","","Email","westcontrolbcp@ksp.gov.in"
"General","Karnataka State Police Headquarters","Click a section header to expand Â Â·Â  Click a unit to view its directory table","","Email","cenpswestbcp@ksp.gov.in"
"General","Karnataka State Police Headquarters","Click a section header to expand Â Â·Â  Click a unit to view its directory table","","Email","cenpswestbcp@ksp.gov.in"
"General","Karnataka State Police Headquarters","Click a section header to expand Â Â·Â  Click a unit to view its directory table","","Email","ablechikpetbcp@ksp.gov.in"
"General","Karnataka State Police Headquarters","Click a section header to expand Â Â·Â  Click a unit to view its directory table","","Email","upetbcp@ksp.gov.in"
"General","Karnataka State Police Headquarters","Click a section header to expand Â Â·Â  Click a unit to view its directory table","","Email","marketbcp@ksp.gov.in"
"General","Karnataka State Police Headquarters","Click a section header to expand Â Â·Â  Click a unit to view its directory table","","Email","kpalyabcp@ksp.gov.in"
"General","Karnataka State Police Headquarters","Click a section header to expand Â Â·Â  Click a unit to view its directory table","","Email","cotpetbcp@ksp.gov.in"
"General","Karnataka State Police Headquarters","Click a section header to expand Â Â·Â  Click a unit to view its directory table","","Email","cmpetbcp@ksp.gov.in"
"General","Karnataka State Police Headquarters","Click a section header to expand Â Â·Â  Click a unit to view its directory table","","Email","ablebypurabcp@ksp.gov.in"
"General","Karnataka State Police Headquarters","Click a section header to expand Â Â·Â  Click a unit to view its directory table","","Email","jjnagarbcp@ksp.gov.in"
"General","Karnataka State Police Headquarters","Click a section header to expand Â Â·Â  Click a unit to view its directory table","","Email","bypurabcp@ksp.gov.in"
"General","Karnataka State Police Headquarters","Click a section header to expand Â Â·Â  Click a unit to view its directory table","","Email","clayoutbcp@ksp.gov.in"
"General","Karnataka State Police Headquarters","Click a section header to expand Â Â·Â  Click a unit to view its directory table","","Email","apnagarbcp@ksp.gov.in"
"General","Karnataka State Police Headquarters","Click a section header to expand Â Â·Â  Click a unit to view its directory table","","Email","rrnagarbcp@ksp.gov.in"
"General","Karnataka State Police Headquarters","Click a section header to expand Â Â·Â  Click a unit to view its directory table","","Email","ablevnagarbcp@ksp.gov.in"
"General","Karnataka State Police Headquarters","Click a section header to expand Â Â·Â  Click a unit to view its directory table","","Email","womenpswestbcp@ksp.gov.in"
"General","Karnataka State Police Headquarters","Click a section header to expand Â Â·Â  Click a unit to view its directory table","","Email","vjnagarbcp@ksp.gov.in"
"General","Karnataka State Police Headquarters","Click a section header to expand Â Â·Â  Click a unit to view its directory table","","Email","mroadbcp@ksp.gov.in"
"General","Karnataka State Police Headquarters","Click a section header to expand Â Â·Â  Click a unit to view its directory table","","Email","kpagarharabcp@ksp.gov.in"
"General","Karnataka State Police Headquarters","Click a section header to expand Â Â·Â  Click a unit to view its directory table","","Email","bwnagarbcp@ksp.gov.in"
"General","Karnataka State Police Headquarters","Click a section header to expand Â Â·Â  Click a unit to view its directory table","","Email","kmpalyabcp@ksp.gov.in"
"General","Karnataka State Police Headquarters","Click a section header to expand Â Â·Â  Click a unit to view its directory table","","Email","grnagarbcp@ksp.gov.in"
"General","Karnataka State Police Headquarters","Click a section header to expand Â Â·Â  Click a unit to view its directory table","","Email","dcpeastbcp@ksp.gov.in"
"General","Karnataka State Police Headquarters","Click a section header to expand Â Â·Â  Click a unit to view its directory table","","Email","eastcontrol75@gmail.com"
"General","Karnataka State Police Headquarters","Click a section header to expand Â Â·Â  Click a unit to view its directory table","","Email","ablecenpseastbcp@ksp.gov.in"
"General","Karnataka State Police Headquarters","Click a section header to expand Â Â·Â  Click a unit to view its directory table","","Email","cenpseastbcp@ksp.gov.in"
"General","Karnataka State Police Headquarters","Click a section header to expand Â Â·Â  Click a unit to view its directory table","","Email","ableulsoorbcp@ksp.gov.in"
"General","Karnataka State Police Headquarters","Click a section header to expand Â Â·Â  Click a unit to view its directory table","","Email","halsoorbcp@ksp.gov.in"
"General","Karnataka State Police Headquarters","Click a section header to expand Â Â·Â  Click a unit to view its directory table","","Email","inagarbcp@ksp.gov.in"
"General","Karnataka State Police Headquarters","Click a section header to expand Â Â·Â  Click a unit to view its directory table","","Email","bpnhallibcp@ksp.gov.in"
"General","Karnataka State Police Headquarters","Click a section header to expand Â Â·Â  Click a unit to view its directory table","","Email","jbnagarbcp@ksp.gov.in"
"General","Karnataka State Police Headquarters","Click a section header to expand Â Â·Â  Click a unit to view its directory table","","Email","ableftownbcp@ksp.gov.in"
"General","Karnataka State Police Headquarters","Click a section header to expand Â Â·Â  Click a unit to view its directory table","","Email","womenpseastbcp@ksp.gov.in"
"General","Karnataka State Police Headquarters","Click a section header to expand Â Â·Â  Click a unit to view its directory table","","Email","bnagarbcp@ksp.gov.in"
"General","Karnataka State Police Headquarters","Click a section header to expand Â Â·Â  Click a unit to view its directory table","","Email","ftownbcp@ksp.gov.in"
"General","Karnataka State Police Headquarters","Click a section header to expand Â Â·Â  Click a unit to view its directory table","","Email","snagarbcp@ksp.gov.in"
"General","Karnataka State Police Headquarters","Click a section header to expand Â Â·Â  Click a unit to view its directory table","","Email","cenpseastbcp@ksp.gov.in"
"General","Karnataka State Police Headquarters","Click a section header to expand Â Â·Â  Click a unit to view its directory table","","Email","commercialbcp@ksp.gov.in"
"General","Karnataka State Police Headquarters","Click a section header to expand Â Â·Â  Click a unit to view its directory table","","Email","ablekrpura@ksp.gov.in"
"General","Karnataka State Police Headquarters","Click a section header to expand Â Â·Â  Click a unit to view its directory table","","Email","bswadibcp@ksp.gov.in"
"General","Karnataka State Police Headquarters","Click a section header to expand Â Â·Â  Click a unit to view its directory table","","Email","rmnagarbcp@ksp.gov.in"
"General","Karnataka State Police Headquarters","Click a section header to expand Â Â·Â  Click a unit to view its directory table","","Email","hennurbcp@ksp.gov.in"
"General","Karnataka State Police Headquarters","Click a section header to expand Â Â·Â  Click a unit to view its directory table","","Email","bwadibcp@ksp.gov.in"
"General","Karnataka State Police Headquarters","Click a section header to expand Â Â·Â  Click a unit to view its directory table","","Email","acpkghalli@gmail.com"
"General","Karnataka State Police Headquarters","Click a section header to expand Â Â·Â  Click a unit to view its directory table","","Email","ablekghallibcp@ksp.gov.in"
"General","Karnataka State Police Headquarters","Click a section header to expand Â Â·Â  Click a unit to view its directory table","","Email","kghallibcp@ksp.gov.in"
"General","Karnataka State Police Headquarters","Click a section header to expand Â Â·Â  Click a unit to view its directory table","","Email","djhallibcp@ksp.gov.in"
"General","Karnataka State Police Headquarters","Click a section header to expand Â Â·Â  Click a unit to view its directory table","","Email","govindpurabcp@ksp.gov.in"
"General","Karnataka State Police Headquarters","Click a section header to expand Â Â·Â  Click a unit to view its directory table","","Email","dcpsouthbcp@ksp.gov.in"
"General","Karnataka State Police Headquarters","Click a section header to expand Â Â·Â  Click a unit to view its directory table","","Email","southcontrolbcp@ksp.gov.in"
"General","Karnataka State Police Headquarters","Click a section header to expand Â Â·Â  Click a unit to view its directory table","","Email","cenpssouthbcp@ksp.gov.in"
"General","Karnataka State Police Headquarters","Click a section header to expand Â Â·Â  Click a unit to view its directory table","","Email","ablejayanagarbcp@ksp.gov.in"
"General","Karnataka State Police Headquarters","Click a section header to expand Â Â·Â  Click a unit to view its directory table","","Email","pijnagarbcp@ksp.gov.in"
"General","Karnataka State Police Headquarters","Click a section header to expand Â Â·Â  Click a unit to view its directory table","","Email","bgudibcp@ksp.gov.in"
"General","Karnataka State Police Headquarters","Click a section header to expand Â Â·Â  Click a unit to view its directory table","","Email","jpnagarbcp@ksp.gov.in"
"General","Karnataka State Police Headquarters","Click a section header to expand Â Â·Â  Click a unit to view its directory table","","Email","spurabcp@ksp.gov.in"
"General","Karnataka State Police Headquarters","Click a section header to expand Â Â·Â  Click a unit to view its directory table","","Email","bskbcpbcp@ksp.gov.in"
"General","Karnataka State Police Headquarters","Click a section header to expand Â Â·Â  Click a unit to view its directory table","","Email","puttenahallipsbcp@ksp.gov.in"
"General","Karnataka State Police Headquarters","Click a section header to expand Â Â·Â  Click a unit to view its directory table","","Email","ablevvpurabcp@ksp.gov.in"
"General","Karnataka State Police Headquarters","Click a section header to expand Â Â·Â  Click a unit to view its directory table","","Email","vvpurapsbcp@ksp.gov.in"
"General","Karnataka State Police Headquarters","Click a section header to expand Â Â·Â  Click a unit to view its directory table","","Email","hnagarbcp@ksp.gov.in"
"General","Karnataka State Police Headquarters","Click a section header to expand Â Â·Â  Click a unit to view its directory table","","Email","kgnagarbcp@ksp.gov.in"
"General","Karnataka State Police Headquarters","Click a section header to expand Â Â·Â  Click a unit to view its directory table","","Email","piskpurabcp@ksp.gov.in"
"General","Karnataka State Police Headquarters","Click a section header to expand Â Â·Â  Click a unit to view its directory table","","Email","skpurabcp@ksp.gov.in"
"General","Karnataka State Police Headquarters","Click a section header to expand Â Â·Â  Click a unit to view its directory table","","Email","gnagarbcp@ksp.gov.in"
"General","Karnataka State Police Headquarters","Click a section header to expand Â Â·Â  Click a unit to view its directory table","","Email","chkactps@ksp.gov.in"
"General","Karnataka State Police Headquarters","Click a section header to expand Â Â·Â  Click a unit to view its directory table","","Email","womensouthbcp@ksp.gov.in"
"General","Karnataka State Police Headquarters","Click a section header to expand Â Â·Â  Click a unit to view its directory table","","Email","dcpnorth@ksp.gov.in"
"General","Karnataka State Police Headquarters","Click a section header to expand Â Â·Â  Click a unit to view its directory table","","Email","dcpnorthbcp@ksp.gov.in"
"General","Karnataka State Police Headquarters","Click a section header to expand Â Â·Â  Click a unit to view its directory table","","Email","cenpsnorthbcp@ksp.gov.in"
"General","Karnataka State Police Headquarters","Click a section header to expand Â Â·Â  Click a unit to view its directory table","","Email","ccrnbcp@ksp.gov.in"
"General","Karnataka State Police Headquarters","Click a section header to expand Â Â·Â  Click a unit to view its directory table","","Email","ablemvmbcp@ksp.gov.in"
"General","Karnataka State Police Headquarters","Click a section header to expand Â Â·Â  Click a unit to view its directory table","","Email","mvmbcp@ksp.gov.in"
"General","Karnataka State Police Headquarters","Click a section header to expand Â Â·Â  Click a unit to view its directory table","","Email","srpurambcp@ksp.gov.in"
"General","Karnataka State Police Headquarters","Click a section header to expand Â Â·Â  Click a unit to view its directory table","","Email","rnagarbcp@ksp.gov.in"
"General","Karnataka State Police Headquarters","Click a section header to expand Â Â·Â  Click a unit to view its directory table","","Email","sbnagarbcp@ksp.gov.in"
"General","Karnataka State Police Headquarters","Click a section header to expand Â Â·Â  Click a unit to view its directory table","","Email","mllayoutbcp@ksp.gov.in"
"General","Karnataka State Police Headquarters","Click a section header to expand Â Â·Â  Click a unit to view its directory table","","Email","ableypurabcp@ksp.gov.in"
"General","Karnataka State Police Headquarters","Click a section header to expand Â Â·Â  Click a unit to view its directory table","","Email","yspurabcp@ksp.gov.in"
"General","Karnataka State Police Headquarters","Click a section header to expand Â Â·Â  Click a unit to view its directory table","","Email","jhallibcp@ksp.gov.in"
"General","Karnataka State Police Headquarters","Click a section header to expand Â Â·Â  Click a unit to view its directory table","","Email","rmcyardbcp@ksp.gov.in"
"General","Karnataka State Police Headquarters","Click a section header to expand Â Â·Â  Click a unit to view its directory table","","Email","nlayoutbcp@ksp.gov.in"
"General","Karnataka State Police Headquarters","Click a section header to expand Â Â·Â  Click a unit to view its directory table","","Email","ablejcngarbcp@ksp.gov.in"
"General","Karnataka State Police Headquarters","Click a section header to expand Â Â·Â  Click a unit to view its directory table","","Email","womenpsnorthbcp@ksp.gov.in"
"General","Karnataka State Police Headquarters","Click a section header to expand Â Â·Â  Click a unit to view its directory table","","Email","jcnagarbcp@ksp.gov.in"
"General","Karnataka State Police Headquarters","Click a section header to expand Â Â·Â  Click a unit to view its directory table","","Email","sanjaynagarbcp@ksp.gov.in"
"General","Karnataka State Police Headquarters","Click a section header to expand Â Â·Â  Click a unit to view its directory table","","Email","hebbalbcp@ksp.gov.in"
"General","Karnataka State Police Headquarters","Click a section header to expand Â Â·Â  Click a unit to view its directory table","","Email","rtnagarbcp@ksp.gov.in"
"General","Karnataka State Police Headquarters","Click a section header to expand Â Â·Â  Click a unit to view its directory table","","Email","dcpnortheast@ksp.gov.in"
"General","Karnataka State Police Headquarters","Click a section header to expand Â Â·Â  Click a unit to view its directory table","","Email","ablecenpsnortheastbcp@ksp.gov.in"
"General","Karnataka State Police Headquarters","Click a section header to expand Â Â·Â  Click a unit to view its directory table","","Email","cenpsnortheastbcp@ksp.gov.in"
"General","Karnataka State Police Headquarters","Click a section header to expand Â Â·Â  Click a unit to view its directory table","","Email","acpylkbcp@ksp.gov.in"
"General","Karnataka State Police Headquarters","Click a section header to expand Â Â·Â  Click a unit to view its directory table","","Email","ylankabcp@ksp.gov.in"
"General","Karnataka State Police Headquarters","Click a section header to expand Â Â·Â  Click a unit to view its directory table","","Email","piylkntbcp@ksp.gov.in"
"General","Karnataka State Police Headquarters","Click a section header to expand Â Â·Â  Click a unit to view its directory table","","Email","ylkntbcp@ksp.gov.in"
"General","Karnataka State Police Headquarters","Click a section header to expand Â Â·Â  Click a unit to view its directory table","","Email","pikodigehallibcp@ksp.gov.in"
"General","Karnataka State Police Headquarters","Click a section header to expand Â Â·Â  Click a unit to view its directory table","","Email","kodigehallibcp@ksp.gov.in"
"General","Karnataka State Police Headquarters","Click a section header to expand Â Â·Â  Click a unit to view its directory table","","Email","vrpurabcp@ksp.gov.in"
"General","Karnataka State Police Headquarters","Click a section header to expand Â Â·Â  Click a unit to view its directory table","","Email","ablesampigehalli@ksp.gov.in"
"General","Karnataka State Police Headquarters","Click a section header to expand Â Â·Â  Click a unit to view its directory table","","Email","sampigehallipsbcp@ksp.gov.in"
"General","Karnataka State Police Headquarters","Click a section header to expand Â Â·Â  Click a unit to view its directory table","","Email","kottanurbcp@ksp.gov.in"
"General","Karnataka State Police Headquarters","Click a section header to expand Â Â·Â  Click a unit to view its directory table","","Email","bhagalurpsbcp@ksp.gov.in"
"General","Karnataka State Police Headquarters","Click a section header to expand Â Â·Â  Click a unit to view its directory table","","Email","amruthahallipsbcp@ksp.gov.in"
"General","Karnataka State Police Headquarters","Click a section header to expand Â Â·Â  Click a unit to view its directory table","","Email","womenpsnebcp@ksp.gov.in"
"General","Karnataka State Police Headquarters","Click a section header to expand Â Â·Â  Click a unit to view its directory table","","Email","abledevanahalli@ksp.gov.in"
"General","Karnataka State Police Headquarters","Click a section header to expand Â Â·Â  Click a unit to view its directory table","","Email","devanahallipsbcp@ksp.gov.in"
"General","Karnataka State Police Headquarters","Click a section header to expand Â Â·Â  Click a unit to view its directory table","","Email","chikkajalapsbcp@ksp.gov.in"
"General","Karnataka State Police Headquarters","Click a section header to expand Â Â·Â  Click a unit to view its directory table","","Email","biapsbcp@ksp.gov.in"
"General","Karnataka State Police Headquarters","Click a section header to expand Â Â·Â  Click a unit to view its directory table","","Email","dcpsoutheastbcp@ksp.gov.in"
"General","Karnataka State Police Headquarters","Click a section header to expand Â Â·Â  Click a unit to view its directory table","","Email","southeastbcpcr@ksp.gov.in"
"General","Karnataka State Police Headquarters","Click a section header to expand Â Â·Â  Click a unit to view its directory table","","Email","cenpssoutheastbcp@ksp.gov.in"
"General","Karnataka State Police Headquarters","Click a section header to expand Â Â·Â  Click a unit to view its directory table","","Email","ablemicolayoutbcp@ksp.gov.in"
"General","Karnataka State Police Headquarters","Click a section header to expand Â Â·Â  Click a unit to view its directory table","","Email","tlknagarbcp@ksp.gov.in"
"General","Karnataka State Police Headquarters","Click a section header to expand Â Â·Â  Click a unit to view its directory table","","Email","micobcp@ksp.gov.in"
"General","Karnataka State Police Headquarters","Click a section header to expand Â Â·Â  Click a unit to view its directory table","","Email","bommanahallibcp@ksp.gov.in"
"General","Karnataka State Police Headquarters","Click a section header to expand Â Â·Â  Click a unit to view its directory table","","Email","sgpalyabcp@ksp.gov.in"
"General","Karnataka State Police Headquarters","Click a section header to expand Â Â·Â  Click a unit to view its directory table","","Email","ablemadivalabcp@ksp.gov.in"
"General","Karnataka State Police Headquarters","Click a section header to expand Â Â·Â  Click a unit to view its directory table","","Email","kmangalabcp@ksp.gov.in"
"General","Karnataka State Police Headquarters","Click a section header to expand Â Â·Â  Click a unit to view its directory table","","Email","madivalabcp@ksp.gov.in"
"General","Karnataka State Police Headquarters","Click a section header to expand Â Â·Â  Click a unit to view its directory table","","Email","hsrlayoutbcp@ksp.gov.in"
"General","Karnataka State Police Headquarters","Click a section header to expand Â Â·Â  Click a unit to view its directory table","","Email","adugodibcp@ksp.gov.in"
"General","Karnataka State Police Headquarters","Click a section header to expand Â Â·Â  Click a unit to view its directory table","","Email","womenpssebcp@ksp.gov.in"
"General","Karnataka State Police Headquarters","Click a section header to expand Â Â·Â  Click a unit to view its directory table","","Email","dcpnorthwestbcp@ksp.gov.in"
"General","Karnataka State Police Headquarters","Click a section header to expand Â Â·Â  Click a unit to view its directory table","","Email","ablepeenyabcp@ksp.gov.in"
"General","Karnataka State Police Headquarters","Click a section header to expand Â Â·Â  Click a unit to view its directory table","","Email","peenyabcp@ksp.gov.in"
"General","Karnataka State Police Headquarters","Click a section header to expand Â Â·Â  Click a unit to view its directory table","","Email","rgnagarbcp@ksp.gov.in"
"General","Karnataka State Police Headquarters","Click a section header to expand Â Â·Â  Click a unit to view its directory table","","Email","mnayakahallibng@ksp.gov.in"
"General","Karnataka State Police Headquarters","Click a section header to expand Â Â·Â  Click a unit to view its directory table","","Email","byhallibcp@ksp.gov.in"
"General","Karnataka State Police Headquarters","Click a section header to expand Â Â·Â  Click a unit to view its directory table","","Email","gggudibcp@ksp.gov.in"
"General","Karnataka State Police Headquarters","Click a section header to expand Â Â·Â  Click a unit to view its directory table","","Email","sdhallibcp@ksp.gov.in"
"General","Karnataka State Police Headquarters","Click a section header to expand Â Â·Â  Click a unit to view its directory table","","Email","bagalguntepsbcp@ksp.gov.in"
"General","Karnataka State Police Headquarters","Click a section header to expand Â Â·Â  Click a unit to view its directory table","","Email","rajanukuntebng@ksp.gov.in"
"General","Karnataka State Police Headquarters","Click a section header to expand Â Â·Â  Click a unit to view its directory table","","Email","dcpsouthwestbcp@ksp.gov.in"
"General","Karnataka State Police Headquarters","Click a section header to expand Â Â·Â  Click a unit to view its directory table","","Email","kengeribcp@ksp.gov.in"
"General","Karnataka State Police Headquarters","Click a section header to expand Â Â·Â  Click a unit to view its directory table","","Email","jbharathibcp@ksp.gov.in"
"General","Karnataka State Police Headquarters","Click a section header to expand Â Â·Â  Click a unit to view its directory table","","Email","kumbalagudurmn@ksp.gov.in"
"General","Karnataka State Police Headquarters","Click a section header to expand Â Â·Â  Click a unit to view its directory table","","Email","ablesbpurabcp@ksp.gov.in"
"General","Karnataka State Police Headquarters","Click a section header to expand Â Â·Â  Click a unit to view its directory table","","Email","sbpurabcp@ksp.gov.in"
"General","Karnataka State Police Headquarters","Click a section header to expand Â Â·Â  Click a unit to view its directory table","","Email","kslayoutbcp@ksp.gov.in"
"General","Karnataka State Police Headquarters","Click a section header to expand Â Â·Â  Click a unit to view its directory table","","Email","tgpurabcp@ksp.gov.in"
"General","Karnataka State Police Headquarters","Click a section header to expand Â Â·Â  Click a unit to view its directory table","","Email","konanakuntepsbcp@ksp.gov.in"
"General","Karnataka State Police Headquarters","Click a section header to expand Â Â·Â  Click a unit to view its directory table","","Email","dcpwhitefieldbcp@ksp.gov.in"
"General","Karnataka State Police Headquarters","Click a section header to expand Â Â·Â  Click a unit to view its directory table","","Email","cenpswhitefieldbcp@ksp.gov.in"
"General","Karnataka State Police Headquarters","Click a section header to expand Â Â·Â  Click a unit to view its directory table","","Email","ablewhitefieldbcp@ksp.gov.in"
"General","Karnataka State Police Headquarters","Click a section header to expand Â Â·Â  Click a unit to view its directory table","","Email","whitefieldbcp@ksp.gov.in"
"General","Karnataka State Police Headquarters","Click a section header to expand Â Â·Â  Click a unit to view its directory table","","Email","krpurambcp@ksp.gov.in"
"General","Karnataka State Police Headquarters","Click a section header to expand Â Â·Â  Click a unit to view its directory table","","Email","mdpurabcp@ksp.gov.in"
"General","Karnataka State Police Headquarters","Click a section header to expand Â Â·Â  Click a unit to view its directory table","","Email","avalahallibng@ksp.gov.in"
"General","Karnataka State Police Headquarters","Click a section header to expand Â Â·Â  Click a unit to view its directory table","","Email","womenpswfbcp@gmail.com"
"General","Karnataka State Police Headquarters","Click a section header to expand Â Â·Â  Click a unit to view its directory table","","Email","ablemarathahallibcp@ksp.gov.in"
"General","Karnataka State Police Headquarters","Click a section header to expand Â Â·Â  Click a unit to view its directory table","","Email","marathahallibcp@ksp.gov.in"
"General","Karnataka State Police Headquarters","Click a section header to expand Â Â·Â  Click a unit to view its directory table","","Email","halbcp@ksp.gov.in"
"General","Karnataka State Police Headquarters","Click a section header to expand Â Â·Â  Click a unit to view its directory table","","Email","bellandurubcp@ksp.gov.in"
"General","Karnataka State Police Headquarters","Click a section header to expand Â Â·Â  Click a unit to view its directory table","","Email","varthurbcp@ksp.gov.in"
"General","Karnataka State Police Headquarters","Click a section header to expand Â Â·Â  Click a unit to view its directory table","","Email","dcpelectroniccitybcp@ksp.gov.in"
"General","Karnataka State Police Headquarters","Click a section header to expand Â Â·Â  Click a unit to view its directory table","","Email","ableelectroniccitybcp@ksp.gov.in"
"General","Karnataka State Police Headquarters","Click a section header to expand Â Â·Â  Click a unit to view its directory table","","Email","electroniccitybcp@ksp.gov.in"
"General","Karnataka State Police Headquarters","Click a section header to expand Â Â·Â  Click a unit to view its directory table","","Email","bandepalyabcp@ksp.gov.in"
"General","Karnataka State Police Headquarters","Click a section header to expand Â Â·Â  Click a unit to view its directory table","","Email","hulimavubcp@ksp.gov.in"
"General","Karnataka State Police Headquarters","Click a section header to expand Â Â·Â  Click a unit to view its directory table","","Email","begurbcp@ksp.gov.in"
"General","Karnataka State Police Headquarters","Click a section header to expand Â Â·Â  Click a unit to view its directory table","","Email","pagraharabcp@ksp.gov.in"
"General","Karnataka State Police Headquarters","Click a section header to expand Â Â·Â  Click a unit to view its directory table","","Email","hebbagodibng@ksp.gov.in"
"General","Karnataka State Police Headquarters","Click a section header to expand Â Â·Â  Click a unit to view its directory table","","Email","dcptrfeast@ksp.gov.in"
"General","Karnataka State Police Headquarters","Click a section header to expand Â Â·Â  Click a unit to view its directory table","","Email","dcptrafficeastoffice@gmail.com"
"General","Karnataka State Police Headquarters","Click a section header to expand Â Â·Â  Click a unit to view its directory table","","Email","acpeasttraffic123@gmail.com"
"General","Karnataka State Police Headquarters","Click a section header to expand Â Â·Â  Click a unit to view its directory table","","Email","acpeasttrafficbcp@ksp.gov.in"
"General","Karnataka State Police Headquarters","Click a section header to expand Â Â·Â  Click a unit to view its directory table","","Email","halasoortrafficbcp@ksp.gov.in"
"General","Karnataka State Police Headquarters","Click a section header to expand Â Â·Â  Click a unit to view its directory table","","Email","jbnagartraffic@gmail.com"
"General","Karnataka State Police Headquarters","Click a section header to expand Â Â·Â  Click a unit to view its directory table","","Email","shivajinagartrafficbcp@ksp.gov.in"
"General","Karnataka State Police Headquarters","Click a section header to expand Â Â·Â  Click a unit to view its directory table","","Email","ftowntrafficps@gmail.com"
"General","Karnataka State Police Headquarters","Click a section header to expand Â Â·Â  Click a unit to view its directory table","","Email","bwaditrafficbcp@ksp.gov.in"
"General","Karnataka State Police Headquarters","Click a section header to expand Â Â·Â  Click a unit to view its directory table","","Email","kghallitrafficbcp@ksp.gov.in"
"General","Karnataka State Police Headquarters","Click a section header to expand Â Â·Â  Click a unit to view its directory table","","Email","acpwhitefieldtraffic@gmail.com"
"General","Karnataka State Police Headquarters","Click a section header to expand Â Â·Â  Click a unit to view its directory table","","Email","airporttrafficbcp@ksp.gov.in"
"General","Karnataka State Police Headquarters","Click a section header to expand Â Â·Â  Click a unit to view its directory table","","Email","whitefieldtrafficbcp@ksp.gov.in"
"General","Karnataka State Police Headquarters","Click a section header to expand Â Â·Â  Click a unit to view its directory table","","Email","krpuramtrafficbcp@ksp.gov.in"
"General","Karnataka State Police Headquarters","Click a section header to expand Â Â·Â  Click a unit to view its directory table","","Email","mdpuratrfbcp@ksp.gov.in"
"General","Karnataka State Police Headquarters","Click a section header to expand Â Â·Â  Click a unit to view its directory table","","Email","dcptrafficwest@gmail.com"
"General","Karnataka State Police Headquarters","Click a section header to expand Â Â·Â  Click a unit to view its directory table","","Email","dcptrfwest@ksp.gov.in"
"General","Karnataka State Police Headquarters","Click a section header to expand Â Â·Â  Click a unit to view its directory table","","Email","acpwesttrafficbcp@ksp.gov.in"
"General","Karnataka State Police Headquarters","Click a section header to expand Â Â·Â  Click a unit to view its directory table","","Email","chickpettrafficbcp@ksp.gov.in"
"General","Karnataka State Police Headquarters","Click a section header to expand Â Â·Â  Click a unit to view its directory table","","Email","upettrafficbcp@ksp.gov.in"
"General","Karnataka State Police Headquarters","Click a section header to expand Â Â·Â  Click a unit to view its directory table","","Email","citymarkettrafficbcp@ksp.gov.in"
"General","Karnataka State Police Headquarters","Click a section header to expand Â Â·Â  Click a unit to view its directory table","","Email","bypuratrafficpsbcp@ksp.gov.in"
"General","Karnataka State Police Headquarters","Click a section header to expand Â Â·Â  Click a unit to view its directory table","","Email","kengeritrfbcp@ksp.gov.in"
"General","Karnataka State Police Headquarters","Click a section header to expand Â Â·Â  Click a unit to view its directory table","","Email","acpcentraltrafficbcp@gmail.com"
"General","Karnataka State Police Headquarters","Click a section header to expand Â Â·Â  Click a unit to view its directory table","","Email","acpcentraltrafficbcp@ksp.gov.in"
"General","Karnataka State Police Headquarters","Click a section header to expand Â Â·Â  Click a unit to view its directory table","","Email","cparktrafficbcp@ksp.gov.in"
"General","Karnataka State Police Headquarters","Click a section header to expand Â Â·Â  Click a unit to view its directory table","","Email","hgatetrafficbcp@ksp.gov.in"
"General","Karnataka State Police Headquarters","Click a section header to expand Â Â·Â  Click a unit to view its directory table","","Email","hgroundtrafficbcp@ksp.gov.in"
"General","Karnataka State Police Headquarters","Click a section header to expand Â Â·Â  Click a unit to view its directory table","","Email","angartrafficbcp@ksp.gov.in"
"General","Karnataka State Police Headquarters","Click a section header to expand Â Â·Â  Click a unit to view its directory table","","Email","wgardentrafficbcp@ksp.gov.in"
"General","Karnataka State Police Headquarters","Click a section header to expand Â Â·Â  Click a unit to view its directory table","","Email","ssnagrtrafficbcp@ksp.gov.in"
"General","Karnataka State Police Headquarters","Click a section header to expand Â Â·Â  Click a unit to view its directory table","","Email","sspuramtraffic@gmail.com"
"General","Karnataka State Police Headquarters","Click a section header to expand Â Â·Â  Click a unit to view its directory table","","Email","vijayanagartrafficbcp@ksp.gov.in"
"General","Karnataka State Police Headquarters","Click a section header to expand Â Â·Â  Click a unit to view its directory table","","Email","mroadtraffic@gmail.com"
"General","Karnataka State Police Headquarters","Click a section header to expand Â Â·Â  Click a unit to view its directory table","","Email","kamakshipalyatrps@gmail.com"
"General","Karnataka State Police Headquarters","Click a section header to expand Â Â·Â  Click a unit to view its directory table","","Email","dcpnorthtrfbcp@ksp.gov.in"
"General","Karnataka State Police Headquarters","Click a section header to expand Â Â·Â  Click a unit to view its directory table","","Email","acpnorthtrafficbcp@ksp.gov.in"
"General","Karnataka State Police Headquarters","Click a section header to expand Â Â·Â  Click a unit to view its directory table","","Email","mvmtrafficbcp@ksp.gov.in"
"General","Karnataka State Police Headquarters","Click a section header to expand Â Â·Â  Click a unit to view its directory table","","Email","rnagartrafficbcp@ksp.gov.in"
"General","Karnataka State Police Headquarters","Click a section header to expand Â Â·Â  Click a unit to view its directory table","","Email","yspuratrafficbcp@ksp.gov.in"
"General","Karnataka State Police Headquarters","Click a section header to expand Â Â·Â  Click a unit to view its directory table","","Email","jalahallitrafficbcp@ksp.gov.in"
"General","Karnataka State Police Headquarters","Click a section header to expand Â Â·Â  Click a unit to view its directory table","","Email","peenyatrafficbcp@ksp.gov.in"
"General","Karnataka State Police Headquarters","Click a section header to expand Â Â·Â  Click a unit to view its directory table","","Email","ablenortheasttrafficbcp@ksp.gov.in"
"General","Karnataka State Police Headquarters","Click a section header to expand Â Â·Â  Click a unit to view its directory table","","Email","ylktrafficbcp@ksp.gov.in"
"General","Karnataka State Police Headquarters","Click a section header to expand Â Â·Â  Click a unit to view its directory table","","Email","hebbaltrafficbcp@ksp.gov.in"
"General","Karnataka State Police Headquarters","Click a section header to expand Â Â·Â  Click a unit to view its directory table","","Email","chikkajalatrafficbcp@ksp.gov.in"
"General","Karnataka State Police Headquarters","Click a section header to expand Â Â·Â  Click a unit to view its directory table","","Email","bialtrafficbcp@ksp.gov.in"
"General","Karnataka State Police Headquarters","Click a section header to expand Â Â·Â  Click a unit to view its directory table","","Email","rtnagartrafficbcp@ksp.gov.in"
"General","Karnataka State Police Headquarters","Click a section header to expand Â Â·Â  Click a unit to view its directory table","","Email","hennurut@gmail.com"
"General","Karnataka State Police Headquarters","Click a section header to expand Â Â·Â  Click a unit to view its directory table","","Email","sanjayanagaratr@ksp.gov.in"
"General","Karnataka State Police Headquarters","Click a section header to expand Â Â·Â  Click a unit to view its directory table","","Email","sanjayanagaratr@gmail.com"
"General","Karnataka State Police Headquarters","Click a section header to expand Â Â·Â  Click a unit to view its directory table","","Email","ttitrfnorthbcpbcp@ksp.gov.in"
"General","Karnataka State Police Headquarters","Click a section header to expand Â Â·Â  Click a unit to view its directory table","","Email","dcptrfsouthbcp@ksp.gov.in"
"General","Karnataka State Police Headquarters","Click a section header to expand Â Â·Â  Click a unit to view its directory table","","Email","acpsouthtrafficbcp@ksp.gov.in"
"General","Karnataka State Police Headquarters","Click a section header to expand Â Â·Â  Click a unit to view its directory table","","Email","acptrafficsouth@gmail.com"
"General","Karnataka State Police Headquarters","Click a section header to expand Â Â·Â  Click a unit to view its directory table","","Email","cmpettraffbcp@ksp.gov.in"
"General","Karnataka State Police Headquarters","Click a section header to expand Â Â·Â  Click a unit to view its directory table","","Email","jnagartrafficbcp@ksp.gov.in"
"General","Karnataka State Police Headquarters","Click a section header to expand Â Â·Â  Click a unit to view its directory table","","Email","jayanagartrafficps@gmail.com"
"General","Karnataka State Police Headquarters","Click a section header to expand Â Â·Â  Click a unit to view its directory table","","Email","bguditrafficbcp@ksp.gov.in"
"General","Karnataka State Police Headquarters","Click a section header to expand Â Â·Â  Click a unit to view its directory table","","Email","bsktrafficbcp@ksp.gov.in"
"General","Karnataka State Police Headquarters","Click a section header to expand Â Â·Â  Click a unit to view its directory table","","Email","kslyttrafficbcp@ksp.gov.in"
"General","Karnataka State Police Headquarters","Click a section header to expand Â Â·Â  Click a unit to view its directory table","","Email","tgpuratraffic@gmail.com"
"General","Karnataka State Police Headquarters","Click a section header to expand Â Â·Â  Click a unit to view its directory table","","Email","jpnagartraffic@gmail.com"
"General","Karnataka State Police Headquarters","Click a section header to expand Â Â·Â  Click a unit to view its directory table","","Email","jpnagartrafficbc@ksp.gov.in"
"General","Karnataka State Police Headquarters","Click a section header to expand Â Â·Â  Click a unit to view its directory table","","Email","acpsetrf@gmail.com"
"General","Karnataka State Police Headquarters","Click a section header to expand Â Â·Â  Click a unit to view its directory table","","Email","adugoditrafficbcp@ksp.gov.in"
"General","Karnataka State Police Headquarters","Click a section header to expand Â Â·Â  Click a unit to view its directory table","","Email","madivalatrafficbcp@ksp.gov.in"
"General","Karnataka State Police Headquarters","Click a section header to expand Â Â·Â  Click a unit to view its directory table","","Email","micolayouttrafficbcp@ksp.gov.in"
"General","Karnataka State Police Headquarters","Click a section header to expand Â Â·Â  Click a unit to view its directory table","","Email","hulimavutrfebcp@ksp.gov.in"
"General","Karnataka State Police Headquarters","Click a section header to expand Â Â·Â  Click a unit to view its directory table","","Email","acphsrtr@gmail.com"
"General","Karnataka State Police Headquarters","Click a section header to expand Â Â·Â  Click a unit to view its directory table","","Email","acphsrlyttrsbcp@ksp.gov.in"
"General","Karnataka State Police Headquarters","Click a section header to expand Â Â·Â  Click a unit to view its directory table","","Email","hsrltrafficbcp@gmail.com"
"General","Karnataka State Police Headquarters","Click a section header to expand Â Â·Â  Click a unit to view its directory table","","Email","hsrlyttrafficbcp@gov.in"
"General","Karnataka State Police Headquarters","Click a section header to expand Â Â·Â  Click a unit to view its directory table","","Email","electroniccitytraffic@gmail.com"
"General","Karnataka State Police Headquarters","Click a section header to expand Â Â·Â  Click a unit to view its directory table","","Email","electroniccitybcp@ksp.gov.in"
"General","Karnataka State Police Headquarters","Click a section header to expand Â Â·Â  Click a unit to view its directory table","","Email","bellandurtrafficps@gmail.com"
"General","Karnataka State Police Headquarters","Click a section header to expand Â Â·Â  Click a unit to view its directory table","","Email","bellandurubcp@ksp.gov.in"
"General","Karnataka State Police Headquarters","Click a section header to expand Â Â·Â  Click a unit to view its directory table","","Email","dcpcrbcp@ksp.gov.in"
"General","Karnataka State Police Headquarters","Click a section header to expand Â Â·Â  Click a unit to view its directory table","","Email","dcpcrime2bcp@gmail.com"
"General","Karnataka State Police Headquarters","Click a section header to expand Â Â·Â  Click a unit to view its directory table","","Email","ccbfms@gmail.com"
"General","Karnataka State Police Headquarters","Click a section header to expand Â Â·Â  Click a unit to view its directory table","","Email","ccbanwbcp@ksp.gov.in"
"General","Karnataka State Police Headquarters","Click a section header to expand Â Â·Â  Click a unit to view its directory table","","Email","dcpintbcp@ksp.gov.in"
"General","Karnataka State Police Headquarters","Click a section header to expand Â Â·Â  Click a unit to view its directory table","","Email","ableadminbcp@ksp.gov.in"
"General","Karnataka State Police Headquarters","Click a section header to expand Â Â·Â  Click a unit to view its directory table","","Email","ableadminbcp@ksp.gov.in"
"General","Karnataka State Police Headquarters","Click a section header to expand Â Â·Â  Click a unit to view its directory table","","Email","atcbcp@ksp.gov.in"
"General","Karnataka State Police Headquarters","Click a section header to expand Â Â·Â  Click a unit to view its directory table","","Email","dcpvvipsec@ksp.gov.in"
"General","Karnataka State Police Headquarters","Click a section header to expand Â Â·Â  Click a unit to view its directory table","","Email","acpvvipsec@gmail.com"
"General","Karnataka State Police Headquarters","Click a section header to expand Â Â·Â  Click a unit to view its directory table","","Email","acpexpmsecurity@ksp.gov.in"
"General","Karnataka State Police Headquarters","Click a section header to expand Â Â·Â  Click a unit to view its directory table","","Email","dcpcarhqbcp@ksp.gov.in"
"General","Karnataka State Police Headquarters","Click a section header to expand Â Â·Â  Click a unit to view its directory table","","Email","dcpcarhq@gmail.com"
"General","Karnataka State Police Headquarters","Click a section header to expand Â Â·Â  Click a unit to view its directory table","","Email","acp1carhqbcp@ksp.gov.in"
"General","Karnataka State Police Headquarters","Click a section header to expand Â Â·Â  Click a unit to view its directory table","","Email","dcpcarsouthbcp@ksp.gov.in"
"General","Karnataka State Police Headquarters","Click a section header to expand Â Â·Â  Click a unit to view its directory table","","Email","dcpcarnorthbcp@ksp.gov.in"
"General","Karnataka State Police Headquarters","Click a section header to expand Â Â·Â  Click a unit to view its directory table","","Email","dcpcarwestbcp@ksp.gov.in"
"General","Karnataka State Police Headquarters","Click a section header to expand Â Â·Â  Click a unit to view its directory table","","Email","crcarwestbcp@ksp.gov.in"
"General","Karnataka State Police Headquarters","Click a section header to expand Â Â·Â  Click a unit to view its directory table","","Email","copbgc@ksp.gov.in"
"General","Karnataka State Police Headquarters","Click a section header to expand Â Â·Â  Click a unit to view its directory table","","Email","dcplobgc@ksp.gov.in"
"General","Karnataka State Police Headquarters","Click a section header to expand Â Â·Â  Click a unit to view its directory table","","Email","dcpcrmbgc@ksp.gov.in"
"General","Karnataka State Police Headquarters","Click a section header to expand Â Â·Â  Click a unit to view its directory table","","Email","dcpcarbgc@ksp.gov.in"
"General","Karnataka State Police Headquarters","Click a section header to expand Â Â·Â  Click a unit to view its directory table","","Email","carbgc@ksp.gov.in"
"General","Karnataka State Police Headquarters","Click a section header to expand Â Â·Â  Click a unit to view its directory table","","Email","dcbgc@ksp.gov.in"
"General","Karnataka State Police Headquarters","Click a section header to expand Â Â·Â  Click a unit to view its directory table","","Email","dcbgc@ksp.gov.in"
"General","Karnataka State Police Headquarters","Click a section header to expand Â Â·Â  Click a unit to view its directory table","","Email","cenpsbgc@ksp.gov.in"
"General","Karnataka State Police Headquarters","Click a section header to expand Â Â·Â  Click a unit to view its directory table","","Email","cenps@ksp.gov.in"
"General","Karnataka State Police Headquarters","Click a section header to expand Â Â·Â  Click a unit to view its directory table","","Email","acpcrimebgc@ksp.gov.in"
"General","Karnataka State Police Headquarters","Click a section header to expand Â Â·Â  Click a unit to view its directory table","","Email","sdpomarketbgm@ksp.gov.in"
"General","Karnataka State Police Headquarters","Click a section header to expand Â Â·Â  Click a unit to view its directory table","","Email","marketbgm@ksp.gov.in"
"General","Karnataka State Police Headquarters","Click a section header to expand Â Â·Â  Click a unit to view its directory table","","Email","shshapurbgm@ksp.gov.in"
"General","Karnataka State Police Headquarters","Click a section header to expand Â Â·Â  Click a unit to view its directory table","","Email","apmcbgm@ksp.gov.in"
"General","Karnataka State Police Headquarters","Click a section header to expand Â Â·Â  Click a unit to view its directory table","","Email","malmaruthibgm@ksp.gov.in"
"General","Karnataka State Police Headquarters","Click a section header to expand Â Â·Â  Click a unit to view its directory table","","Email","sdpokhadebazarbgm@ksp.gov.in"
"General","Karnataka State Police Headquarters","Click a section header to expand Â Â·Â  Click a unit to view its directory table","","Email","khadebazarbgm@ksp.gov.in"
"General","Karnataka State Police Headquarters","Click a section header to expand Â Â·Â  Click a unit to view its directory table","","Email","campbgm@ksp.gov.in"
"General","Karnataka State Police Headquarters","Click a section header to expand Â Â·Â  Click a unit to view its directory table","","Email","tilakwadibgm@ksp.gov.in"
"General","Karnataka State Police Headquarters","Click a section header to expand Â Â·Â  Click a unit to view its directory table","","Email","udyambagbgm@ksp.gov.in"
"General","Karnataka State Police Headquarters","Click a section header to expand Â Â·Â  Click a unit to view its directory table","","Email","sdporuralbgm@ksp.gov.in"
"General","Karnataka State Police Headquarters","Click a section header to expand Â Â·Â  Click a unit to view its directory table","","Email","ruralbgm@ksp.gov.in"
"General","Karnataka State Police Headquarters","Click a section header to expand Â Â·Â  Click a unit to view its directory table","","Email","kakatibgm@ksp.gov.in"
"General","Karnataka State Police Headquarters","Click a section header to expand Â Â·Â  Click a unit to view its directory table","","Email","bagewadibgm@ksp.gov.in"
"General","Karnataka State Police Headquarters","Click a section header to expand Â Â·Â  Click a unit to view its directory table","","Email","marihalbgm@ksp.gov.in"
"General","Karnataka State Police Headquarters","Click a section header to expand Â Â·Â  Click a unit to view its directory table","","Email","acptrafficbgc@ksp.gov.in"
"General","Karnataka State Police Headquarters","Click a section header to expand Â Â·Â  Click a unit to view its directory table","","Email","trafficnorthbgm@ksp.gov.in"
"General","Karnataka State Police Headquarters","Click a section header to expand Â Â·Â  Click a unit to view its directory table","","Email","trafficsouthbgm@ksp.gov.in"
"General","Karnataka State Police Headquarters","Click a section header to expand Â Â·Â  Click a unit to view its directory table","","Email","ccrbbgc@ksp.gov.in"
"General","Karnataka State Police Headquarters","Click a section header to expand Â Â·Â  Click a unit to view its directory table","","Email","ccbbgc@ksp.gov.in"
"General","Karnataka State Police Headquarters","Click a section header to expand Â Â·Â  Click a unit to view its directory table","","Email","piisdbgm@ksp.gov.in"
"General","Karnataka State Police Headquarters","Click a section header to expand Â Â·Â  Click a unit to view its directory table","","Email","csbbgc@ksp.gov.in"
"General","Karnataka State Police Headquarters","Click a section header to expand Â Â·Â  Click a unit to view its directory table","","Email","carbgc@ksp.gov.in"
"General","Karnataka State Police Headquarters","Click a section header to expand Â Â·Â  Click a unit to view its directory table","","Email","mtcarbgc@ksp.gov.in"
"General","Karnataka State Police Headquarters","Click a section header to expand Â Â·Â  Click a unit to view its directory table","","Email","belgaumrly@ksp.gov.in"
"General","Karnataka State Police Headquarters","Click a section header to expand Â Â·Â  Click a unit to view its directory table","","Email","cpbgm.prisons-kar@gov.in"
"General","Karnataka State Police Headquarters","Click a section header to expand Â Â·Â  Click a unit to view its directory table","","Email","deo.belagavi@gmail.com"
"General","Karnataka State Police Headquarters","Click a section header to expand Â Â·Â  Click a unit to view its directory table","","Email","rcbgm_kar@nic.in"
"General","Karnataka State Police Headquarters","Click a section header to expand Â Â·Â  Click a unit to view its directory table","","Email","thashildarbgm@gmail.com"
"General","Karnataka State Police Headquarters","Click a section header to expand Â Â·Â  Click a unit to view its directory table","","Email","acbelgaum@gmail.com"
"General","Karnataka State Police Headquarters","Click a section header to expand Â Â·Â  Click a unit to view its directory table","","Email","dfobgv@gmail.com"
"General","Karnataka State Police Headquarters","Click a section header to expand Â Â·Â  Click a unit to view its directory table","","Email","itstop_ulb_belgaum@yahoo.com"
"General","Karnataka State Police Headquarters","Click a section header to expand Â Â·Â  Click a unit to view its directory table","","Email","compolhdc@ksp.gov.in"
"General","Karnataka State Police Headquarters","Click a section header to expand Â Â·Â  Click a unit to view its directory table","","Email","dcplohdc@ksp.gov.in"
"General","Karnataka State Police Headquarters","Click a section header to expand Â Â·Â  Click a unit to view its directory table","","Email","dcpcarhdc@ksp.gov.in"
"General","Karnataka State Police Headquarters","Click a section header to expand Â Â·Â  Click a unit to view its directory table","","Email","dcpcrimehdc@ksp.gov.in"
"General","Karnataka State Police Headquarters","Click a section header to expand Â Â·Â  Click a unit to view its directory table","","Email","ccrhub@ksp.gov.in"
"General","Karnataka State Police Headquarters","Click a section header to expand Â Â·Â  Click a unit to view its directory table","","Email","acpsouthhdc@ksp.gov.in"
"General","Karnataka State Police Headquarters","Click a section header to expand Â Â·Â  Click a unit to view its directory table","","Email","townhdc@ksp.gov.in"
"General","Karnataka State Police Headquarters","Click a section header to expand Â Â·Â  Click a unit to view its directory table","","Email","ghantikerihdc@ksp.gov.in"
"General","Karnataka State Police Headquarters","Click a section header to expand Â Â·Â  Click a unit to view its directory table","","Email","kasabapethhdc@ksp.gov.in"
"General","Karnataka State Police Headquarters","Click a section header to expand Â Â·Â  Click a unit to view its directory table","","Email","oldhublihdc@ksp.gov.in"
"General","Karnataka State Police Headquarters","Click a section header to expand Â Â·Â  Click a unit to view its directory table","","Email","bendigerihdc@ksp.gov.in"
"General","Karnataka State Police Headquarters","Click a section header to expand Â Â·Â  Click a unit to view its directory table","","Email","acpnorthhdc@ksp.gov.in"
"General","Karnataka State Police Headquarters","Click a section header to expand Â Â·Â  Click a unit to view its directory table","","Email","keshwapurhdc@ksp.gov.in"
"General","Karnataka State Police Headquarters","Click a section header to expand Â Â·Â  Click a unit to view its directory table","","Email","vidyanagarhdc@ksp.gov.in"
"General","Karnataka State Police Headquarters","Click a section header to expand Â Â·Â  Click a unit to view its directory table","","Email","kamaripethhdc@ksp.gov.in"
"General","Karnataka State Police Headquarters","Click a section header to expand Â Â·Â  Click a unit to view its directory table","","Email","suburbanhdc@ksp.gov.in"
"General","Karnataka State Police Headquarters","Click a section header to expand Â Â·Â  Click a unit to view its directory table","","Email","womenhdc@ksp.gov.in"
"General","Karnataka State Police Headquarters","Click a section header to expand Â Â·Â  Click a unit to view its directory table","","Email","ashoknagarhdc@ksp.gov.in"
"General","Karnataka State Police Headquarters","Click a section header to expand Â Â·Â  Click a unit to view its directory table","","Email","apmcnavanagarhdc@ksp.gov.in"
"General","Karnataka State Police Headquarters","Click a section header to expand Â Â·Â  Click a unit to view its directory table","","Email","gokulroadhdc@ksp.gov.in"
"General","Karnataka State Police Headquarters","Click a section header to expand Â Â·Â  Click a unit to view its directory table","","Email","cenhdc@ksp.gov.in"
"General","Karnataka State Police Headquarters","Click a section header to expand Â Â·Â  Click a unit to view its directory table","","Email","cybercrimehdc@ksp.gov.in"
"General","Karnataka State Police Headquarters","Click a section header to expand Â Â·Â  Click a unit to view its directory table","","Email","acpdwdhdc@ksp.gov.in"
"General","Karnataka State Police Headquarters","Click a section header to expand Â Â·Â  Click a unit to view its directory table","","Email","dwdtownhdc@ksp.gov.in"
"General","Karnataka State Police Headquarters","Click a section header to expand Â Â·Â  Click a unit to view its directory table","","Email","dwdsurhdc@ksp.gov.in"
"General","Karnataka State Police Headquarters","Click a section header to expand Â Â·Â  Click a unit to view its directory table","","Email","vidyagirihdc@ksp.gov.in"
"General","Karnataka State Police Headquarters","Click a section header to expand Â Â·Â  Click a unit to view its directory table","","Email","acptraffichdc@ksp.gov.in"
"General","Karnataka State Police Headquarters","Click a section header to expand Â Â·Â  Click a unit to view its directory table","","Email","northtraffichdc@ksp.gov.in"
"General","Karnataka State Police Headquarters","Click a section header to expand Â Â·Â  Click a unit to view its directory table","","Email","southtraffichdc@ksp.gov.in"
"General","Karnataka State Police Headquarters","Click a section header to expand Â Â·Â  Click a unit to view its directory table","","Email","easttraffichdc@ksp.gov.in"
"General","Karnataka State Police Headquarters","Click a section header to expand Â Â·Â  Click a unit to view its directory table","","Email","dwdtraffichdc@ksp.gov.in"
"General","Karnataka State Police Headquarters","Click a section header to expand Â Â·Â  Click a unit to view its directory table","","Email","carhdc@ksp.gov.in"
"General","Karnataka State Police Headquarters","Click a section header to expand Â Â·Â  Click a unit to view its directory table","","Email","mtcarhdc@ksp.gov.in"
"General","Karnataka State Police Headquarters","Click a section header to expand Â Â·Â  Click a unit to view its directory table","","Email","fpuhdc@ksp.gov.in"
"General","Karnataka State Police Headquarters","Click a section header to expand Â Â·Â  Click a unit to view its directory table","","Email","dspint@ksp.gov.in"
"General","Karnataka State Police Headquarters","Click a section header to expand Â Â·Â  Click a unit to view its directory table","","Email","csbhdc@ksp.gov.in"
"General","Karnataka State Police Headquarters","Click a section header to expand Â Â·Â  Click a unit to view its directory table","","Email","passportcellhdc@ksp.gov.in"
"General","Karnataka State Police Headquarters","Click a section header to expand Â Â·Â  Click a unit to view its directory table","","Email","compolmgc@ksp.gov.in"
"General","Karnataka State Police Headquarters","Click a section header to expand Â Â·Â  Click a unit to view its directory table","","Email","dcplomgc@ksp.gov.in"
"General","Karnataka State Police Headquarters","Click a section header to expand Â Â·Â  Click a unit to view its directory table","","Email","dcpcrimemgc@ksp.gov.in"
"General","Karnataka State Police Headquarters","Click a section header to expand Â Â·Â  Click a unit to view its directory table","","Email","dcpcarmgc@ksp.gov.in"
"General","Karnataka State Police Headquarters","Click a section header to expand Â Â·Â  Click a unit to view its directory table","","Email","ccrmgc@ksp.gov.in"
"General","Karnataka State Police Headquarters","Click a section header to expand Â Â·Â  Click a unit to view its directory table","","Email","cenmgc@ksp.gov.in"
"General","Karnataka State Police Headquarters","Click a section header to expand Â Â·Â  Click a unit to view its directory table","","Email","sdpocitymgc@ksp.gov.in"
"General","Karnataka State Police Headquarters","Click a section header to expand Â Â·Â  Click a unit to view its directory table","","Email","mangalorenorthmgc@ksp.gov.in"
"General","Karnataka State Police Headquarters","Click a section header to expand Â Â·Â  Click a unit to view its directory table","","Email","mangaloreeastmgc@ksp.gov.in"
"General","Karnataka State Police Headquarters","Click a section header to expand Â Â·Â  Click a unit to view its directory table","","Email","urwamgc@ksp.gov.in"
"General","Karnataka State Police Headquarters","Click a section header to expand Â Â·Â  Click a unit to view its directory table","","Email","barkemgc@ksp.gov.in"
"General","Karnataka State Police Headquarters","Click a section header to expand Â Â·Â  Click a unit to view its directory table","","Email","womenmgc@ksp.gov.in"
"General","Karnataka State Police Headquarters","Click a section header to expand Â Â·Â  Click a unit to view its directory table","","Email","sdposouthmgc@ksp.gov.in"
"General","Karnataka State Police Headquarters","Click a section header to expand Â Â·Â  Click a unit to view its directory table","","Email","mangaloreruralmgc@ksp.gov.in"
"General","Karnataka State Police Headquarters","Click a section header to expand Â Â·Â  Click a unit to view its directory table","","Email","ullalmgc@ksp.gov.in"
"General","Karnataka State Police Headquarters","Click a section header to expand Â Â·Â  Click a unit to view its directory table","","Email","konajemgc@ksp.gov.in"
"General","Karnataka State Police Headquarters","Click a section header to expand Â Â·Â  Click a unit to view its directory table","","Email","kankanadymgc@ksp.gov.in"
"General","Karnataka State Police Headquarters","Click a section header to expand Â Â·Â  Click a unit to view its directory table","","Email","mangaloresouthmgc@ksp.gov.in"
"General","Karnataka State Police Headquarters","Click a section header to expand Â Â·Â  Click a unit to view its directory table","","Email","sdpotrafficmgc@ksp.gov.in"
"General","Karnataka State Police Headquarters","Click a section header to expand Â Â·Â  Click a unit to view its directory table","","Email","trafficeastmgc@ksp.gov.in"
"General","Karnataka State Police Headquarters","Click a section header to expand Â Â·Â  Click a unit to view its directory table","","Email","trafficwestmgc@ksp.gov.in"
"General","Karnataka State Police Headquarters","Click a section header to expand Â Â·Â  Click a unit to view its directory table","","Email","trafficnorthmgc@ksp.gov.in"
"General","Karnataka State Police Headquarters","Click a section header to expand Â Â·Â  Click a unit to view its directory table","","Email","trafficsouthmgc@ksp.gov.in"
"General","Karnataka State Police Headquarters","Click a section header to expand Â Â·Â  Click a unit to view its directory table","","Email","sdponorthmgc@ksp.gov.in"
"General","Karnataka State Police Headquarters","Click a section header to expand Â Â·Â  Click a unit to view its directory table","","Email","panamburmgc@ksp.gov.in"
"General","Karnataka State Police Headquarters","Click a section header to expand Â Â·Â  Click a unit to view its directory table","","Email","bajpemgc@ksp.gov.in"
"General","Karnataka State Police Headquarters","Click a section header to expand Â Â·Â  Click a unit to view its directory table","","Email","kavoormgc@ksp.gov.in"
"General","Karnataka State Police Headquarters","Click a section header to expand Â Â·Â  Click a unit to view its directory table","","Email","mulkimgc@ksp.gov.in"
"General","Karnataka State Police Headquarters","Click a section header to expand Â Â·Â  Click a unit to view its directory table","","Email","moodbidremgc@ksp.gov.in"
"General","Karnataka State Police Headquarters","Click a section header to expand Â Â·Â  Click a unit to view its directory table","","Email","surathkalmgc@ksp.gov.in"
"General","Karnataka State Police Headquarters","Click a section header to expand Â Â·Â  Click a unit to view its directory table","","Email","ccbmgc@ksp.gov.in"
"General","Karnataka State Police Headquarters","Click a section header to expand Â Â·Â  Click a unit to view its directory table","","Email","acpccrbmgc@ksp.gov.in"
"General","Karnataka State Police Headquarters","Click a section header to expand Â Â·Â  Click a unit to view its directory table","","Email","csbmgc@ksp.gov.in"
"General","Karnataka State Police Headquarters","Click a section header to expand Â Â·Â  Click a unit to view its directory table","","Email","ccbmgc@ksp.gov.in"
"General","Karnataka State Police Headquarters","Click a section header to expand Â Â·Â  Click a unit to view its directory table","","Email","compolmyc@ksp.gov.in"
"General","Karnataka State Police Headquarters","Click a section header to expand Â Â·Â  Click a unit to view its directory table","","Email","dcplawmyc@ksp.gov.in"
"General","Karnataka State Police Headquarters","Click a section header to expand Â Â·Â  Click a unit to view its directory table","","Email","dcpcrimemyc@ksp.gov.in"
"General","Karnataka State Police Headquarters","Click a section header to expand Â Â·Â  Click a unit to view its directory table","","Email","dcpcarmyc@ksp.gov.in"
"General","Karnataka State Police Headquarters","Click a section header to expand Â Â·Â  Click a unit to view its directory table","","Email","acpmountedmyp@ksp.gov.in"
"General","Karnataka State Police Headquarters","Click a section header to expand Â Â·Â  Click a unit to view its directory table","","Email","mountedmtd@gmail.com"
"General","Karnataka State Police Headquarters","Click a section header to expand Â Â·Â  Click a unit to view its directory table","","Email","ccrmys@ksp.gov.in"
"General","Karnataka State Police Headquarters","Click a section header to expand Â Â·Â  Click a unit to view its directory table","","Email","citycrimemyc@ksp.gov.in"
"General","Karnataka State Police Headquarters","Click a section header to expand Â Â·Â  Click a unit to view its directory table","","Email","econarmyc@ksp.gov.in"
"General","Karnataka State Police Headquarters","Click a section header to expand Â Â·Â  Click a unit to view its directory table","","Email","acpnrmyc@ksp.gov.in"
"General","Karnataka State Police Headquarters","Click a section header to expand Â Â·Â  Click a unit to view its directory table","","Email","narasimharajamyc@ksp.gov.in"
"General","Karnataka State Police Headquarters","Click a section header to expand Â Â·Â  Click a unit to view its directory table","","Email","mandimyc@ksp.gov.in"
"General","Karnataka State Police Headquarters","Click a section header to expand Â Â·Â  Click a unit to view its directory table","","Email","vvpurammyc@ksp.gov.in"
"General","Karnataka State Police Headquarters","Click a section header to expand Â Â·Â  Click a unit to view its directory table","","Email","jailaxmipurammyc@ksp.gov.in"
"General","Karnataka State Police Headquarters","Click a section header to expand Â Â·Â  Click a unit to view its directory table","","Email","vijayanagarmyc@ksp.gov.in"
"General","Karnataka State Police Headquarters","Click a section header to expand Â Â·Â  Click a unit to view its directory table","","Email","metagallymyc@ksp.gov.in"
"General","Karnataka State Police Headquarters","Click a section header to expand Â Â·Â  Click a unit to view its directory table","","Email","hebbalmyc@ksp.gov.in"
"General","Karnataka State Police Headquarters","Click a section header to expand Â Â·Â  Click a unit to view its directory table","","Email","saraswathipurammyc@ksp.gov.in"
"General","Karnataka State Police Headquarters","Click a section header to expand Â Â·Â  Click a unit to view its directory table","","Email","acpdevrajamyc@ksp.gov.in"
"General","Karnataka State Police Headquarters","Click a section header to expand Â Â·Â  Click a unit to view its directory table","","Email","devarajamyc@ksp.gov.in"
"General","Karnataka State Police Headquarters","Click a section header to expand Â Â·Â  Click a unit to view its directory table","","Email","lashkarmyc@ksp.gov.in"
"General","Karnataka State Police Headquarters","Click a section header to expand Â Â·Â  Click a unit to view its directory table","","Email","nazarbadmyc@ksp.gov.in"
"General","Karnataka State Police Headquarters","Click a section header to expand Â Â·Â  Click a unit to view its directory table","","Email","udayagirimyc@ksp.gov.in"
"General","Karnataka State Police Headquarters","Click a section header to expand Â Â·Â  Click a unit to view its directory table","","Email","alanahallimyc@ksp.gov.in"
"General","Karnataka State Police Headquarters","Click a section header to expand Â Â·Â  Click a unit to view its directory table","","Email","cybermyc@ksp.gov.in"
"General","Karnataka State Police Headquarters","Click a section header to expand Â Â·Â  Click a unit to view its directory table","","Email","womenmyc@ksp.gov.in"
"General","Karnataka State Police Headquarters","Click a section header to expand Â Â·Â  Click a unit to view its directory table","","Email","acptrafficmyc@ksp.gov.in"
"General","Karnataka State Police Headquarters","Click a section header to expand Â Â·Â  Click a unit to view its directory table","","Email","nrtrafficmyc@ksp.gov.in"
"General","Karnataka State Police Headquarters","Click a section header to expand Â Â·Â  Click a unit to view its directory table","","Email","vvpuramtrafficmyc@ksp.gov.in"
"General","Karnataka State Police Headquarters","Click a section header to expand Â Â·Â  Click a unit to view its directory table","","Email","devarajatrafficmyc@ksp.gov.in"
"General","Karnataka State Police Headquarters","Click a section header to expand Â Â·Â  Click a unit to view its directory table","","Email","siddarthatrafficmyc@ksp.gov.in"
"General","Karnataka State Police Headquarters","Click a section header to expand Â Â·Â  Click a unit to view its directory table","","Email","ccbmyc@ksp.gov.in"
"General","Karnataka State Police Headquarters","Click a section header to expand Â Â·Â  Click a unit to view its directory table","","Email","ccrbmyc@ksp.gov.in"
"General","Karnataka State Police Headquarters","Click a section header to expand Â Â·Â  Click a unit to view its directory table","","Email","piscbmyc@ksp.gov.in"
"General","Karnataka State Police Headquarters","Click a section header to expand Â Â·Â  Click a unit to view its directory table","","Email","airportsecuritymyc@ksp.gov.in"
"General","Karnataka State Police Headquarters","Click a section header to expand Â Â·Â  Click a unit to view its directory table","","Email","cybermyc@ksp.gov.in"
"General","Karnataka State Police Headquarters","Click a section header to expand Â Â·Â  Click a unit to view its directory table","","Email","carmtmyc@ksp.gov.in"
"General","Karnataka State Police Headquarters","Click a section header to expand Â Â·Â  Click a unit to view its directory table","","Email","acpmountedmyc@ksp.gov.in"
"General","Karnataka State Police Headquarters","Click a section header to expand Â Â·Â  Click a unit to view its directory table","","Email","copkbc@ksp.gov.in"
"General","Karnataka State Police Headquarters","Click a section header to expand Â Â·Â  Click a unit to view its directory table","","Email","dcplokbc@ksp.gov.in"
"General","Karnataka State Police Headquarters","Click a section header to expand Â Â·Â  Click a unit to view its directory table","","Email","dcpctkbc@ksp.gov.in"
"General","Karnataka State Police Headquarters","Click a section header to expand Â Â·Â  Click a unit to view its directory table","","Email","citycontrol0053@gmail.com"
"General","Karnataka State Police Headquarters","Click a section header to expand Â Â·Â  Click a unit to view its directory table","","Email","citycontrolkbc@ksp.gov.in"
"General","Karnataka State Police Headquarters","Click a section header to expand Â Â·Â  Click a unit to view its directory table","","Email","aaokbc@ksp.gov.in"
"General","Karnataka State Police Headquarters","Click a section header to expand Â Â·Â  Click a unit to view its directory table","","Email","cenkbc@ksp.gov.in"
"General","Karnataka State Police Headquarters","Click a section header to expand Â Â·Â  Click a unit to view its directory table","","Email","acpakbc@ksp.gov.in"
"General","Karnataka State Police Headquarters","Click a section header to expand Â Â·Â  Click a unit to view its directory table","","Email","stationbazarkbc@ksp.gov.in"
"General","Karnataka State Police Headquarters","Click a section header to expand Â Â·Â  Click a unit to view its directory table","","Email","ashoknagarkbc@ksp.gov.in"
"General","Karnataka State Police Headquarters","Click a section header to expand Â Â·Â  Click a unit to view its directory table","","Email","brahmpurkbc@ksp.gov.in"
"General","Karnataka State Police Headquarters","Click a section header to expand Â Â·Â  Click a unit to view its directory table","","Email","rgnagarkcp@ksp.gov.in"
"General","Karnataka State Police Headquarters","Click a section header to expand Â Â·Â  Click a unit to view its directory table","","Email","acpbkbc@ksp.gov.in"
"General","Karnataka State Police Headquarters","Click a section header to expand Â Â·Â  Click a unit to view its directory table","","Email","chowkkbc@ksp.gov.in"
"General","Karnataka State Police Headquarters","Click a section header to expand Â Â·Â  Click a unit to view its directory table","","Email","rozakbc@ksp.gov.in"
"General","Karnataka State Police Headquarters","Click a section header to expand Â Â·Â  Click a unit to view its directory table","","Email","mbnagarkcp@ksp.gov.in"
"General","Karnataka State Police Headquarters","Click a section header to expand Â Â·Â  Click a unit to view its directory table","","Email","womenkbc@ksp.gov.in"
"General","Karnataka State Police Headquarters","Click a section header to expand Â Â·Â  Click a unit to view its directory table","","Email","acpckbc@ksp.gov.in"
"General","Karnataka State Police Headquarters","Click a section header to expand Â Â·Â  Click a unit to view its directory table","","Email","graminkcp@ksp.gov.in"
"General","Karnataka State Police Headquarters","Click a section header to expand Â Â·Â  Click a unit to view its directory table","","Email","universitykcp@ksp.gov.in"
"General","Karnataka State Police Headquarters","Click a section header to expand Â Â·Â  Click a unit to view its directory table","","Email","farthabadkbc@ksp.gov.in"
"General","Karnataka State Police Headquarters","Click a section header to expand Â Â·Â  Click a unit to view its directory table","","Email","acptraffickbc@ksp.gov.in"
"General","Karnataka State Police Headquarters","Click a section header to expand Â Â·Â  Click a unit to view its directory table","","Email","addltraffc-1kcp@ksp.gov.in"
"General","Karnataka State Police Headquarters","Click a section header to expand Â Â·Â  Click a unit to view its directory table","","Email","traffic-2kcp@ksp.gov.in"
"General","Karnataka State Police Headquarters","Click a section header to expand Â Â·Â  Click a unit to view its directory table","","Email","carkbc@ksp.gov.in"
"General","Karnataka State Police Headquarters","Click a section header to expand Â Â·Â  Click a unit to view its directory table","","Email","ccrbkbc@ksp.gov.in"
"General","Karnataka State Police Headquarters","Click a section header to expand Â Â·Â  Click a unit to view its directory table","","Email","csbkbc@ksp.gov.in"
"General","Karnataka State Police Headquarters","Click a section header to expand Â Â·Â  Click a unit to view its directory table","","Email","ccbkbc@ksp.gov.in"
"General","Karnataka State Police Headquarters","Click a section header to expand Â Â·Â  Click a unit to view its directory table","","Email","fpukbc@ksp.gov.in"
"General","Karnataka State Police Headquarters","Click a section header to expand Â Â·Â  Click a unit to view its directory table","","Email","smcellkbc@ksp.gov.in"
"General","Karnataka State Police Headquarters","Click a section header to expand Â Â·Â  Click a unit to view its directory table","","Email","igpcr@ksp.gov.in"
"General","Karnataka State Police Headquarters","Click a section header to expand Â Â·Â  Click a unit to view its directory table","","Email","crigcontrol@ksp.gov.in"
"General","Karnataka State Police Headquarters","Click a section header to expand Â Â·Â  Click a unit to view its directory table","","Email","spbng@ksp.gov.in"
"General","Karnataka State Police Headquarters","Click a section header to expand Â Â·Â  Click a unit to view its directory table","","Email","addlspbng@ksp.gov.in"
"General","Karnataka State Police Headquarters","Click a section header to expand Â Â·Â  Click a unit to view its directory table","","Email","Addlspbng2@ksp.gov.in"
"General","Karnataka State Police Headquarters","Click a section header to expand Â Â·Â  Click a unit to view its directory table","","Email","dcblore@ksp.gov.in"
"General","Karnataka State Police Headquarters","Click a section header to expand Â Â·Â  Click a unit to view its directory table","","Email","cenpsbng@ksp.gov.in"
"General","Karnataka State Police Headquarters","Click a section header to expand Â Â·Â  Click a unit to view its directory table","","Email","hosakotesdpobng@ksp.gov.in"
"General","Karnataka State Police Headquarters","Click a section header to expand Â Â·Â  Click a unit to view its directory table","","Email","hosakotebng@ksp.gov.in"
"General","Karnataka State Police Headquarters","Click a section header to expand Â Â·Â  Click a unit to view its directory table","","Email","nandagudibng@ksp.gov.in"
"General","Karnataka State Police Headquarters","Click a section header to expand Â Â·Â  Click a unit to view its directory table","","Email","sulibelebng@ksp.gov.in"
"General","Karnataka State Police Headquarters","Click a section header to expand Â Â·Â  Click a unit to view its directory table","","Email","tshallibng@ksp.gov.in"
"General","Karnataka State Police Headquarters","Click a section header to expand Â Â·Â  Click a unit to view its directory table","","Email","anugondanhallibng@ksp.gov.in"
"General","Karnataka State Police Headquarters","Click a section header to expand Â Â·Â  Click a unit to view its directory table","","Email","hosakotetrfbng@ksp.gov.in"
"General","Karnataka State Police Headquarters","Click a section header to expand Â Â·Â  Click a unit to view its directory table","","Email","anekalsdpobng@ksp.gov.in"
"General","Karnataka State Police Headquarters","Click a section header to expand Â Â·Â  Click a unit to view its directory table","","Email","anekalbng@ksp.gov.in"
"General","Karnataka State Police Headquarters","Click a section header to expand Â Â·Â  Click a unit to view its directory table","","Email","bannerghattabng@ksp.gov.in"
"General","Karnataka State Police Headquarters","Click a section header to expand Â Â·Â  Click a unit to view its directory table","","Email","suryanagarabng@ksp.gov.in"
"General","Karnataka State Police Headquarters","Click a section header to expand Â Â·Â  Click a unit to view its directory table","","Email","attibelebng@ksp.gov.in"
"General","Karnataka State Police Headquarters","Click a section header to expand Â Â·Â  Click a unit to view its directory table","","Email","sarjapurabng@ksp.gov.in"
"General","Karnataka State Police Headquarters","Click a section header to expand Â Â·Â  Click a unit to view its directory table","","Email","jiganibng@ksp.gov.in"
"General","Karnataka State Police Headquarters","Click a section header to expand Â Â·Â  Click a unit to view its directory table","","Email","sdpodbpurabng@ksp.gov.in"
"General","Karnataka State Police Headquarters","Click a section header to expand Â Â·Â  Click a unit to view its directory table","","Email","dbpuratownbng@ksp.gov.in"
"General","Karnataka State Police Headquarters","Click a section header to expand Â Â·Â  Click a unit to view its directory table","","Email","womenpsbng@ksp.gov.in"
"General","Karnataka State Police Headquarters","Click a section header to expand Â Â·Â  Click a unit to view its directory table","","Email","dbvangalabng@ksp.gov.in"
"General","Karnataka State Police Headquarters","Click a section header to expand Â Â·Â  Click a unit to view its directory table","","Email","hosahallybng@ksp.gov.in"
"General","Karnataka State Police Headquarters","Click a section header to expand Â Â·Â  Click a unit to view its directory table","","Email","bdpuraruralbng@ksp.gov.in"
"General","Karnataka State Police Headquarters","Click a section header to expand Â Â·Â  Click a unit to view its directory table","","Email","vijayapurabng@ksp.gov.in"
"General","Karnataka State Police Headquarters","Click a section header to expand Â Â·Â  Click a unit to view its directory table","","Email","crpatnabng@ksp.gov.in"
"General","Karnataka State Police Headquarters","Click a section header to expand Â Â·Â  Click a unit to view its directory table","","Email","vnpurabng@ksp.gov.in"
"General","Karnataka State Police Headquarters","Click a section header to expand Â Â·Â  Click a unit to view its directory table","","Email","sdponmlbng@ksp.gov.in"
"General","Karnataka State Police Headquarters","Click a section header to expand Â Â·Â  Click a unit to view its directory table","","Email","nmlruralbng@ksp.gov.in"
"General","Karnataka State Police Headquarters","Click a section header to expand Â Â·Â  Click a unit to view its directory table","","Email","dobbaspethbng@ksp.gov.in"
"General","Karnataka State Police Headquarters","Click a section header to expand Â Â·Â  Click a unit to view its directory table","","Email","tgondalubng@ksp.gov.in"
"General","Karnataka State Police Headquarters","Click a section header to expand Â Â·Â  Click a unit to view its directory table","","Email","nmltownbng@ksp.gov.in"
"General","Karnataka State Police Headquarters","Click a section header to expand Â Â·Â  Click a unit to view its directory table","","Email","nmltrafficbng@ksp.gov.in"
"General","Karnataka State Police Headquarters","Click a section header to expand Â Â·Â  Click a unit to view its directory table","","Email","aaobng@ksp.gov.in"
"General","Karnataka State Police Headquarters","Click a section header to expand Â Â·Â  Click a unit to view its directory table","","Email","darbng@ksp.gov.in"
"General","Karnataka State Police Headquarters","Click a section header to expand Â Â·Â  Click a unit to view its directory table","","Email","dcrbbng@ksp.gov.in"
"General","Karnataka State Police Headquarters","Click a section header to expand Â Â·Â  Click a unit to view its directory table","","Email","dsbbng@ksp.gov.in"
"General","Karnataka State Police Headquarters","Click a section header to expand Â Â·Â  Click a unit to view its directory table","","Email","fpbbng@ksp.gov.in"
"General","Karnataka State Police Headquarters","Click a section header to expand Â Â·Â  Click a unit to view its directory table","","Email","ccbng@ksp.gov.in"
"General","Karnataka State Police Headquarters","Click a section header to expand Â Â·Â  Click a unit to view its directory table","","Email","darbng@ksp.gov.in"
"General","Karnataka State Police Headquarters","Click a section header to expand Â Â·Â  Click a unit to view its directory table","","Email","spcbpura@ksp.gov.in"
"General","Karnataka State Police Headquarters","Click a section header to expand Â Â·Â  Click a unit to view its directory table","","Email","addlspcbpura@ksp.gov.in"
"General","Karnataka State Police Headquarters","Click a section header to expand Â Â·Â  Click a unit to view its directory table","","Email","dccbpura@ksp.gov.in"
"General","Karnataka State Police Headquarters","Click a section header to expand Â Â·Â  Click a unit to view its directory table","","Email","sdpocbpura@ksp.gov.in"
"General","Karnataka State Police Headquarters","Click a section header to expand Â Â·Â  Click a unit to view its directory table","","Email","womenpscbpura@ksp.gov.in"
"General","Karnataka State Police Headquarters","Click a section header to expand Â Â·Â  Click a unit to view its directory table","","Email","dcbpscbpura@ksp.gov.in"
"General","Karnataka State Police Headquarters","Click a section header to expand Â Â·Â  Click a unit to view its directory table","","Email","cpicbpura@ksp.gov.in"
"General","Karnataka State Police Headquarters","Click a section header to expand Â Â·Â  Click a unit to view its directory table","","Email","townpscbpura@ksp.gov.in"
"General","Karnataka State Police Headquarters","Click a section header to expand Â Â·Â  Click a unit to view its directory table","","Email","ruralpscbpura@ksp.gov.in"
"General","Karnataka State Police Headquarters","Click a section header to expand Â Â·Â  Click a unit to view its directory table","","Email","nandigiridhamapscbpura@ksp.gov.in"
"General","Karnataka State Police Headquarters","Click a section header to expand Â Â·Â  Click a unit to view its directory table","","Email","cbpuratraffic@ksp.gov.in"
"General","Karnataka State Police Headquarters","Click a section header to expand Â Â·Â  Click a unit to view its directory table","","Email","cpigbnurcbpura@ksp.gov.in"
"General","Karnataka State Police Headquarters","Click a section header to expand Â Â·Â  Click a unit to view its directory table","","Email","gbnurtowncbpura@ksp.gov.in"
"General","Karnataka State Police Headquarters","Click a section header to expand Â Â·Â  Click a unit to view its directory table","","Email","gbnurruralcbpura@ksp.gov.in"
"General","Karnataka State Police Headquarters","Click a section header to expand Â Â·Â  Click a unit to view its directory table","","Email","mhallicbpura@ksp.gov.in"
"General","Karnataka State Police Headquarters","Click a section header to expand Â Â·Â  Click a unit to view its directory table","","Email","cpigbandecbpura@ksp.gov.in"
"General","Karnataka State Police Headquarters","Click a section header to expand Â Â·Â  Click a unit to view its directory table","","Email","gbandecbpura@ksp.gov.in"
"General","Karnataka State Police Headquarters","Click a section header to expand Â Â·Â  Click a unit to view its directory table","","Email","psandrapscbpura@ksp.gov.in"
"General","Karnataka State Police Headquarters","Click a section header to expand Â Â·Â  Click a unit to view its directory table","","Email","cpichelurcbpura@ksp.gov.in"
"General","Karnataka State Police Headquarters","Click a section header to expand Â Â·Â  Click a unit to view its directory table","","Email","chelurpscbpura@ksp.gov.in"
"General","Karnataka State Police Headquarters","Click a section header to expand Â Â·Â  Click a unit to view its directory table","","Email","ppalyacbpura@ksp.gov.in"
"General","Karnataka State Police Headquarters","Click a section header to expand Â Â·Â  Click a unit to view its directory table","","Email","bpallipscbpura@ksp.gov.in"
"General","Karnataka State Police Headquarters","Click a section header to expand Â Â·Â  Click a unit to view its directory table","","Email","sdpocmanicbpura@ksp.gov.in"
"General","Karnataka State Police Headquarters","Click a section header to expand Â Â·Â  Click a unit to view its directory table","","Email","cpikhallicbpura@ksp.gov.in"
"General","Karnataka State Police Headquarters","Click a section header to expand Â Â·Â  Click a unit to view its directory table","","Email","khallicbpura@ksp.gov.in"
"General","Karnataka State Police Headquarters","Click a section header to expand Â Â·Â  Click a unit to view its directory table","","Email","bhallipscbpura@ksp.gov.in"
"General","Karnataka State Police Headquarters","Click a section header to expand Â Â·Â  Click a unit to view its directory table","","Email","cmaniruralcbpura@ksp.gov.in"
"General","Karnataka State Police Headquarters","Click a section header to expand Â Â·Â  Click a unit to view its directory table","","Email","cmanitowncbpura@ksp.gov.in"
"General","Karnataka State Police Headquarters","Click a section header to expand Â Â·Â  Click a unit to view its directory table","","Email","cpisghattacbpura@ksp.gov.in"
"General","Karnataka State Police Headquarters","Click a section header to expand Â Â·Â  Click a unit to view its directory table","","Email","sgattatowncbpura@ksp.gov.in"
"General","Karnataka State Police Headquarters","Click a section header to expand Â Â·Â  Click a unit to view its directory table","","Email","sgattaruralcbpura@ksp.gov.in"
"General","Karnataka State Police Headquarters","Click a section header to expand Â Â·Â  Click a unit to view its directory table","","Email","dbhallicbpura@ksp.gov.in"
"General","Karnataka State Police Headquarters","Click a section header to expand Â Â·Â  Click a unit to view its directory table","","Email","aaocbpura@ksp.gov.in"
"General","Karnataka State Police Headquarters","Click a section header to expand Â Â·Â  Click a unit to view its directory table","","Email","dsbcbpura@ksp.gov.in"
"General","Karnataka State Police Headquarters","Click a section header to expand Â Â·Â  Click a unit to view its directory table","","Email","dcrbcbpura@ksp.gov.in"
"General","Karnataka State Police Headquarters","Click a section header to expand Â Â·Â  Click a unit to view its directory table","","Email","dcibcbpura@ksp.gov.in"
"General","Karnataka State Police Headquarters","Click a section header to expand Â Â·Â  Click a unit to view its directory table","","Email","darcbpura@ksp.gov.in"
"General","Karnataka State Police Headquarters","Click a section header to expand Â Â·Â  Click a unit to view its directory table","","Email","spklr@ksp.gov.in"
"General","Karnataka State Police Headquarters","Click a section header to expand Â Â·Â  Click a unit to view its directory table","","Email","addlspklr@ksp.gov.in"
"General","Karnataka State Police Headquarters","Click a section header to expand Â Â·Â  Click a unit to view its directory table","","Email","dcklr@ksp.gov.in"
"General","Karnataka State Police Headquarters","Click a section header to expand Â Â·Â  Click a unit to view its directory table","","Email","sdpoklr@ksp.gov.in"
"General","Karnataka State Police Headquarters","Click a section header to expand Â Â·Â  Click a unit to view its directory table","","Email","womenpsklr@ksp.gov.in"
"General","Karnataka State Police Headquarters","Click a section header to expand Â Â·Â  Click a unit to view its directory table","","Email","dcbkol@ksp.gov.in"
"General","Karnataka State Police Headquarters","Click a section header to expand Â Â·Â  Click a unit to view its directory table","","Email","townklr@ksp.gov.in"
"General","Karnataka State Police Headquarters","Click a section header to expand Â Â·Â  Click a unit to view its directory table","","Email","cpiruralklr@ksp.gov.in"
"General","Karnataka State Police Headquarters","Click a section header to expand Â Â·Â  Click a unit to view its directory table","","Email","ruralklr@ksp.gov.in"
"General","Karnataka State Police Headquarters","Click a section header to expand Â Â·Â  Click a unit to view its directory table","","Email","gulpetklr@ksp.gov.in"
"General","Karnataka State Police Headquarters","Click a section header to expand Â Â·Â  Click a unit to view its directory table","","Email","trafficklr@ksp.gov.in"
"General","Karnataka State Police Headquarters","Click a section header to expand Â Â·Â  Click a unit to view its directory table","","Email","vemagalklr@ksp.gov.in"
"General","Karnataka State Police Headquarters","Click a section header to expand Â Â·Â  Click a unit to view its directory table","","Email","malurklr@ksp.gov.in"
"General","Karnataka State Police Headquarters","Click a section header to expand Â Â·Â  Click a unit to view its directory table","","Email","mastiklr@ksp.gov.in"
"General","Karnataka State Police Headquarters","Click a section header to expand Â Â·Â  Click a unit to view its directory table","","Email","sdpomulbagalklr@ksp.gov.in"
"General","Karnataka State Police Headquarters","Click a section header to expand Â Â·Â  Click a unit to view its directory table","","Email","cpimulbagalklr@ksp.gov.in"
"General","Karnataka State Police Headquarters","Click a section header to expand Â Â·Â  Click a unit to view its directory table","","Email","nangliklr@ksp.gov.in"
"General","Karnataka State Police Headquarters","Click a section header to expand Â Â·Â  Click a unit to view its directory table","","Email","mblruralklr@ksp.gov.in"
"General","Karnataka State Police Headquarters","Click a section header to expand Â Â·Â  Click a unit to view its directory table","","Email","mulbagalklr@ksp.gov.in"
"General","Karnataka State Police Headquarters","Click a section header to expand Â Â·Â  Click a unit to view its directory table","","Email","mulbagalklr@ksp.gov.in"
"General","Karnataka State Police Headquarters","Click a section header to expand Â Â·Â  Click a unit to view its directory table","","Email","srinivaspuraklr@ksp.gov.in"
"General","Karnataka State Police Headquarters","Click a section header to expand Â Â·Â  Click a unit to view its directory table","","Email","ralaypadklr@ksp.gov.in"
"General","Karnataka State Police Headquarters","Click a section header to expand Â Â·Â  Click a unit to view its directory table","","Email","gownipalliklr@ksp.gov.in"
"General","Karnataka State Police Headquarters","Click a section header to expand Â Â·Â  Click a unit to view its directory table","","Email","aaocbpura@ksp.gov.in"
"General","Karnataka State Police Headquarters","Click a section header to expand Â Â·Â  Click a unit to view its directory table","","Email","dsbklr@ksp.gov.in"
"General","Karnataka State Police Headquarters","Click a section header to expand Â Â·Â  Click a unit to view its directory table","","Email","dcrbklr@ksp.gov.in"
"General","Karnataka State Police Headquarters","Click a section header to expand Â Â·Â  Click a unit to view its directory table","","Email","darklr@ksp.gov.in"
"General","Karnataka State Police Headquarters","Click a section header to expand Â Â·Â  Click a unit to view its directory table","","Email","spkgf@ksp.gov.in"
"General","Karnataka State Police Headquarters","Click a section header to expand Â Â·Â  Click a unit to view its directory table","","Email","dckgf@ksp.gov.in"
"General","Karnataka State Police Headquarters","Click a section header to expand Â Â·Â  Click a unit to view its directory table","","Email","dcrkgf@ksp.gov.in"
"General","Karnataka State Police Headquarters","Click a section header to expand Â Â·Â  Click a unit to view its directory table","","Email","sdpokgf@ksp.gov.in"
"General","Karnataka State Police Headquarters","Click a section header to expand Â Â·Â  Click a unit to view its directory table","","Email","dcbkgf@ksp.gov.in"
"General","Karnataka State Police Headquarters","Click a section header to expand Â Â·Â  Click a unit to view its directory table","","Email","cpirobertsonpetkgf@ksp.gov.in"
"General","Karnataka State Police Headquarters","Click a section header to expand Â Â·Â  Click a unit to view its directory table","","Email","robertsonpetkgf@ksp.gov.in"
"General","Karnataka State Police Headquarters","Click a section header to expand Â Â·Â  Click a unit to view its directory table","","Email","andersonpetkgf@ksp.gov.in"
"General","Karnataka State Police Headquarters","Click a section header to expand Â Â·Â  Click a unit to view its directory table","","Email","cpioorgaumkgf@ksp.gov.in"
"General","Karnataka State Police Headquarters","Click a section header to expand Â Â·Â  Click a unit to view its directory table","","Email","oorgaumkgf@ksp.gov.in"
"General","Karnataka State Police Headquarters","Click a section header to expand Â Â·Â  Click a unit to view its directory table","","Email","bemlnagarkgf@ksp.gov.in"
"General","Karnataka State Police Headquarters","Click a section header to expand Â Â·Â  Click a unit to view its directory table","","Email","cpibethamangalakgf@ksp.gov.in"
"General","Karnataka State Police Headquarters","Click a section header to expand Â Â·Â  Click a unit to view its directory table","","Email","bethamangalakgf@ksp.gov.in"
"General","Karnataka State Police Headquarters","Click a section header to expand Â Â·Â  Click a unit to view its directory table","","Email","kyasamballikgf@ksp.gov.in"
"General","Karnataka State Police Headquarters","Click a section header to expand Â Â·Â  Click a unit to view its directory table","","Email","cpikamasamudramkgf@ksp.gov.in"
"General","Karnataka State Police Headquarters","Click a section header to expand Â Â·Â  Click a unit to view its directory table","","Email","kamasamudramkgf@ksp.gov.in"
"General","Karnataka State Police Headquarters","Click a section header to expand Â Â·Â  Click a unit to view its directory table","","Email","budikotekgf@ksp.gov.in"
"General","Karnataka State Police Headquarters","Click a section header to expand Â Â·Â  Click a unit to view its directory table","","Email","bangarpetkgf@ksp.gov.in"
"General","Karnataka State Police Headquarters","Click a section header to expand Â Â·Â  Click a unit to view its directory table","","Email","dsbkgf@ksp.gov.in"
"General","Karnataka State Police Headquarters","Click a section header to expand Â Â·Â  Click a unit to view its directory table","","Email","dcibkgf@ksp.gov.in"
"General","Karnataka State Police Headquarters","Click a section header to expand Â Â·Â  Click a unit to view its directory table","","Email","dcrbkgf@ksp.gov.in"
"General","Karnataka State Police Headquarters","Click a section header to expand Â Â·Â  Click a unit to view its directory table","","Email","aaokgf@ksp.gov.in"
"General","Karnataka State Police Headquarters","Click a section header to expand Â Â·Â  Click a unit to view its directory table","","Email","sprmn@ksp.gov.in"
"General","Karnataka State Police Headquarters","Click a section header to expand Â Â·Â  Click a unit to view its directory table","","Email","addlsprmn@ksp.gov.in"
"General","Karnataka State Police Headquarters","Click a section header to expand Â Â·Â  Click a unit to view its directory table","","Email","addlsprmn2@ksp.gov.in"
"General","Karnataka State Police Headquarters","Click a section header to expand Â Â·Â  Click a unit to view its directory table","","Email","dcrmn@ksp.gov.in"
"General","Karnataka State Police Headquarters","Click a section header to expand Â Â·Â  Click a unit to view its directory table","","Email","womenpsrmn@ksp.gov.in"
"General","Karnataka State Police Headquarters","Click a section header to expand Â Â·Â  Click a unit to view its directory table","","Email","dcbpsrmn@ksp.gov.in"
"General","Karnataka State Police Headquarters","Click a section header to expand Â Â·Â  Click a unit to view its directory table","","Email","sdporamnagararmn2@ksp.gov.in"
"General","Karnataka State Police Headquarters","Click a section header to expand Â Â·Â  Click a unit to view its directory table","","Email","cpirnagartownrmn@ksp.gov.in"
"General","Karnataka State Police Headquarters","Click a section header to expand Â Â·Â  Click a unit to view its directory table","","Email","rnagartownrmn@ksp.gov.in"
"General","Karnataka State Police Headquarters","Click a section header to expand Â Â·Â  Click a unit to view its directory table","","Email","ijoorrmn@ksp.gov.in"
"General","Karnataka State Police Headquarters","Click a section header to expand Â Â·Â  Click a unit to view its directory table","","Email","tfcrmn@ksp.gov.in"
"General","Karnataka State Police Headquarters","Click a section header to expand Â Â·Â  Click a unit to view its directory table","","Email","cpirnagarrmn2@ksp.gov.in"
"General","Karnataka State Police Headquarters","Click a section header to expand Â Â·Â  Click a unit to view its directory table","","Email","rnagarruralrmn@ksp.gov.in"
"General","Karnataka State Police Headquarters","Click a section header to expand Â Â·Â  Click a unit to view its directory table","","Email","bidadirmn@ksp.gov.in"
"General","Karnataka State Police Headquarters","Click a section header to expand Â Â·Â  Click a unit to view its directory table","","Email","cpihhallirmn@ksp.gov.in"
"General","Karnataka State Police Headquarters","Click a section header to expand Â Â·Â  Click a unit to view its directory table","","Email","hhallirmn@ksp.gov.in"
"General","Karnataka State Police Headquarters","Click a section header to expand Â Â·Â  Click a unit to view its directory table","","Email","kaggalipurps@ksp.gov.in"
"General","Karnataka State Police Headquarters","Click a section header to expand Â Â·Â  Click a unit to view its directory table","","Email","Sdpomagadirmn2@ksp.gov.in"
"General","Karnataka State Police Headquarters","Click a section header to expand Â Â·Â  Click a unit to view its directory table","","Email","cpimagadirmn@ksp.gov.in"
"General","Karnataka State Police Headquarters","Click a section header to expand Â Â·Â  Click a unit to view its directory table","","Email","magadirmn@ksp.gov.in"
"General","Karnataka State Police Headquarters","Click a section header to expand Â Â·Â  Click a unit to view its directory table","","Email","kudurrmn@ksp.gov.in"
"General","Karnataka State Police Headquarters","Click a section header to expand Â Â·Â  Click a unit to view its directory table","","Email","tkerermn2@ksp.gov.in"
"General","Karnataka State Police Headquarters","Click a section header to expand Â Â·Â  Click a unit to view its directory table","","Email","sdpocpatnarmn@ksp.gov.in"
"General","Karnataka State Police Headquarters","Click a section header to expand Â Â·Â  Click a unit to view its directory table","","Email","cpipatnatownrmn@ksp.gov.in"
"General","Karnataka State Police Headquarters","Click a section header to expand Â Â·Â  Click a unit to view its directory table","","Email","cpatnatownrmn@ksp.gov.in"
"General","Karnataka State Police Headquarters","Click a section header to expand Â Â·Â  Click a unit to view its directory table","","Email","cpatnaeastrmn@ksp.gov.in"
"General","Karnataka State Police Headquarters","Click a section header to expand Â Â·Â  Click a unit to view its directory table","","Email","cpatnatfcrmn2@ksp.gov.in"
"General","Karnataka State Police Headquarters","Click a section header to expand Â Â·Â  Click a unit to view its directory table","","Email","cpicpatnatownrmn@ksp.gov.in"
"General","Karnataka State Police Headquarters","Click a section header to expand Â Â·Â  Click a unit to view its directory table","","Email","cpatnaruralrmn@ksp.gov.in"
"General","Karnataka State Police Headquarters","Click a section header to expand Â Â·Â  Click a unit to view its directory table","","Email","akkurrmn@ksp.gov.in"
"General","Karnataka State Police Headquarters","Click a section header to expand Â Â·Â  Click a unit to view its directory table","","Email","mkdoddirmn@ksp.gov.in"
"General","Karnataka State Police Headquarters","Click a section header to expand Â Â·Â  Click a unit to view its directory table","","Email","kpuratownrmn@ksp.gov.in"
"General","Karnataka State Police Headquarters","Click a section header to expand Â Â·Â  Click a unit to view its directory table","","Email","kpuratfcrmn@ksp.gov.in"
"General","Karnataka State Police Headquarters","Click a section header to expand Â Â·Â  Click a unit to view its directory table","","Email","kpuraruralrmn@ksp.gov.in"
"General","Karnataka State Police Headquarters","Click a section header to expand Â Â·Â  Click a unit to view its directory table","","Email","kpuraruralrmn@ksp.gov.in"
"General","Karnataka State Police Headquarters","Click a section header to expand Â Â·Â  Click a unit to view its directory table","","Email","khallirmn@ksp.gov.in"
"General","Karnataka State Police Headquarters","Click a section header to expand Â Â·Â  Click a unit to view its directory table","","Email","Sathnoorrmn2@ksp.gov.in"
"General","Karnataka State Police Headquarters","Click a section header to expand Â Â·Â  Click a unit to view its directory table","","Email","aaormn@ksp.gov.in"
"General","Karnataka State Police Headquarters","Click a section header to expand Â Â·Â  Click a unit to view its directory table","","Email","dsbrmn@ksp.gov.in"
"General","Karnataka State Police Headquarters","Click a section header to expand Â Â·Â  Click a unit to view its directory table","","Email","dcrbrmn@ksp.gov.in"
"General","Karnataka State Police Headquarters","Click a section header to expand Â Â·Â  Click a unit to view its directory table","","Email","dcibsectionrmn@ksp.gov.in"
"General","Karnataka State Police Headquarters","Click a section header to expand Â Â·Â  Click a unit to view its directory table","","Email","darrmn@ksp.gov.in"
"General","Karnataka State Police Headquarters","Click a section header to expand Â Â·Â  Click a unit to view its directory table","","Email","sptkr@ksp.gov.in"
"General","Karnataka State Police Headquarters","Click a section header to expand Â Â·Â  Click a unit to view its directory table","","Email","addlsptkr@ksp.gov.in"
"General","Karnataka State Police Headquarters","Click a section header to expand Â Â·Â  Click a unit to view its directory table","","Email","addlsp2tkr@ksp.gov.in"
"General","Karnataka State Police Headquarters","Click a section header to expand Â Â·Â  Click a unit to view its directory table","","Email","dctkr@ksp.gov.in"
"General","Karnataka State Police Headquarters","Click a section header to expand Â Â·Â  Click a unit to view its directory table","","Email","sdpotkr@ksp.gov.in"
"General","Karnataka State Police Headquarters","Click a section header to expand Â Â·Â  Click a unit to view its directory table","","Email","womenpstkr@ksp.gov.in"
"General","Karnataka State Police Headquarters","Click a section header to expand Â Â·Â  Click a unit to view its directory table","","Email","towntkr@ksp.gov.in"
"General","Karnataka State Police Headquarters","Click a section header to expand Â Â·Â  Click a unit to view its directory table","","Email","trafficeasttkr@ksp.gov.in"
"General","Karnataka State Police Headquarters","Click a section header to expand Â Â·Â  Click a unit to view its directory table","","Email","cpithilakparktkr@ksp.gov.in"
"General","Karnataka State Police Headquarters","Click a section header to expand Â Â·Â  Click a unit to view its directory table","","Email","thilakparktkr@ksp.gov.in"
"General","Karnataka State Police Headquarters","Click a section header to expand Â Â·Â  Click a unit to view its directory table","","Email","newextenttkr@ksp.gov.in"
"General","Karnataka State Police Headquarters","Click a section header to expand Â Â·Â  Click a unit to view its directory table","","Email","jayanagarpstkr@ksp.gov.in"
"General","Karnataka State Police Headquarters","Click a section header to expand Â Â·Â  Click a unit to view its directory table","","Email","kyathtasandratkr@ksp.gov.in"
"General","Karnataka State Police Headquarters","Click a section header to expand Â Â·Â  Click a unit to view its directory table","","Email","hebburtkr@ksp.gov.in"
"General","Karnataka State Police Headquarters","Click a section header to expand Â Â·Â  Click a unit to view its directory table","","Email","cpiruraltkr@ksp.gov.in"
"General","Karnataka State Police Headquarters","Click a section header to expand Â Â·Â  Click a unit to view its directory table","","Email","tumkurruraltkr@ksp.gov.in"
"General","Karnataka State Police Headquarters","Click a section header to expand Â Â·Â  Click a unit to view its directory table","","Email","koratkr@ksp.gov.in"
"General","Karnataka State Police Headquarters","Click a section header to expand Â Â·Â  Click a unit to view its directory table","","Email","bellavitkr@ksp.gov.in"
"General","Karnataka State Police Headquarters","Click a section header to expand Â Â·Â  Click a unit to view its directory table","","Email","sdposiratkr@ksp.gov.in"
"General","Karnataka State Police Headquarters","Click a section header to expand Â Â·Â  Click a unit to view its directory table","","Email","cpisiraruraltkr@ksp.gov.in"
"General","Karnataka State Police Headquarters","Click a section header to expand Â Â·Â  Click a unit to view its directory table","","Email","kallambellatkr@ksp.gov.in"
"General","Karnataka State Police Headquarters","Click a section header to expand Â Â·Â  Click a unit to view its directory table","","Email","pnhallitkr@ksp.gov.in"
"General","Karnataka State Police Headquarters","Click a section header to expand Â Â·Â  Click a unit to view its directory table","","Email","tavarekeretkr@ksp.gov.in"
"General","Karnataka State Police Headquarters","Click a section header to expand Â Â·Â  Click a unit to view its directory table","","Email","siratowntkr@ksp.gov.in"
"General","Karnataka State Police Headquarters","Click a section header to expand Â Â·Â  Click a unit to view its directory table","","Email","cpigubbitkr@ksp.gov.in"
"General","Karnataka State Police Headquarters","Click a section header to expand Â Â·Â  Click a unit to view its directory table","","Email","gubbitkr@ksp.gov.in"
"General","Karnataka State Police Headquarters","Click a section header to expand Â Â·Â  Click a unit to view its directory table","","Email","cspuratkr@ksp.gov.in"
"General","Karnataka State Police Headquarters","Click a section header to expand Â Â·Â  Click a unit to view its directory table","","Email","chelurtkr@ksp.gov.in"
"General","Karnataka State Police Headquarters","Click a section header to expand Â Â·Â  Click a unit to view its directory table","","Email","sdpokunigaltkr@ksp.gov.in"
"General","Karnataka State Police Headquarters","Click a section header to expand Â Â·Â  Click a unit to view its directory table","","Email","kunigaltkr@ksp.gov.in"
"General","Karnataka State Police Headquarters","Click a section header to expand Â Â·Â  Click a unit to view its directory table","","Email","cpiamrutgurtkr@ksp.gov.in"
"General","Karnataka State Police Headquarters","Click a section header to expand Â Â·Â  Click a unit to view its directory table","","Email","amrutgurtkr@ksp.gov.in"
"General","Karnataka State Police Headquarters","Click a section header to expand Â Â·Â  Click a unit to view its directory table","","Email","huliyurdurgatkr@ksp.gov.in"
"General","Karnataka State Police Headquarters","Click a section header to expand Â Â·Â  Click a unit to view its directory table","","Email","cpitvkeretkr@ksp.gov.in"
"General","Karnataka State Police Headquarters","Click a section header to expand Â Â·Â  Click a unit to view its directory table","","Email","turuvekeretkr@ksp.gov.in"
"General","Karnataka State Police Headquarters","Click a section header to expand Â Â·Â  Click a unit to view its directory table","","Email","dshivaratkr@ksp.gov.in"
"General","Karnataka State Police Headquarters","Click a section header to expand Â Â·Â  Click a unit to view its directory table","","Email","sdpotipturtkr@ksp.gov.in"
"General","Karnataka State Police Headquarters","Click a section header to expand Â Â·Â  Click a unit to view its directory table","","Email","tipturtowntkr@ksp.gov.in"
"General","Karnataka State Police Headquarters","Click a section header to expand Â Â·Â  Click a unit to view its directory table","","Email","tipturruraltkr@ksp.gov.in"
"General","Karnataka State Police Headquarters","Click a section header to expand Â Â·Â  Click a unit to view its directory table","","Email","cpitipturruraltkr@ksp.gov.in"
"General","Karnataka State Police Headquarters","Click a section header to expand Â Â·Â  Click a unit to view its directory table","","Email","honnavallitkr@ksp.gov.in"
"General","Karnataka State Police Headquarters","Click a section header to expand Â Â·Â  Click a unit to view its directory table","","Email","nvkeretke@ksp.gov.in"
"General","Karnataka State Police Headquarters","Click a section header to expand Â Â·Â  Click a unit to view its directory table","","Email","kbcrosstkr@ksp.gov.in"
"General","Karnataka State Police Headquarters","Click a section header to expand Â Â·Â  Click a unit to view its directory table","","Email","cpicnhallitkr@ksp.gov.in"
"General","Karnataka State Police Headquarters","Click a section header to expand Â Â·Â  Click a unit to view its directory table","","Email","huliyartkr@ksp.gov.in"
"General","Karnataka State Police Headquarters","Click a section header to expand Â Â·Â  Click a unit to view its directory table","","Email","handanakeretkr@ksp.gov.in"
"General","Karnataka State Police Headquarters","Click a section header to expand Â Â·Â  Click a unit to view its directory table","","Email","sdpomadhugiritkr@ksp.gov.in"
"General","Karnataka State Police Headquarters","Click a section header to expand Â Â·Â  Click a unit to view its directory table","","Email","cpimadhugiritkr@ksp.gov.in"
"General","Karnataka State Police Headquarters","Click a section header to expand Â Â·Â  Click a unit to view its directory table","","Email","kodigenahallitkr@ksp.gov.in"
"General","Karnataka State Police Headquarters","Click a section header to expand Â Â·Â  Click a unit to view its directory table","","Email","midigeshitkr@ksp.gov.in"
"General","Karnataka State Police Headquarters","Click a section header to expand Â Â·Â  Click a unit to view its directory table","","Email","badavanahallitkr@ksp.gov.in"
"General","Karnataka State Police Headquarters","Click a section header to expand Â Â·Â  Click a unit to view its directory table","","Email","pavagadatkr@ksp.gov.in"
"General","Karnataka State Police Headquarters","Click a section header to expand Â Â·Â  Click a unit to view its directory table","","Email","cpipavagadaruraltkr@ksp.gov.in"
"General","Karnataka State Police Headquarters","Click a section header to expand Â Â·Â  Click a unit to view its directory table","","Email","arasikeretkr@ksp.gov.in"
"General","Karnataka State Police Headquarters","Click a section header to expand Â Â·Â  Click a unit to view its directory table","","Email","thirumanitkr@ksp.gov.in"
"General","Karnataka State Police Headquarters","Click a section header to expand Â Â·Â  Click a unit to view its directory table","","Email","ynhosakotetkr@ksp.gov.in"
"General","Karnataka State Police Headquarters","Click a section header to expand Â Â·Â  Click a unit to view its directory table","","Email","cpikoratageretkr@ksp.gov.in"
"General","Karnataka State Police Headquarters","Click a section header to expand Â Â·Â  Click a unit to view its directory table","","Email","koratageretkr@ksp.gov.in"
"General","Karnataka State Police Headquarters","Click a section header to expand Â Â·Â  Click a unit to view its directory table","","Email","kolalapstkr@ksp.gov.in"
"General","Karnataka State Police Headquarters","Click a section header to expand Â Â·Â  Click a unit to view its directory table","","Email","dartkr@ksp.gov.in"
"General","Karnataka State Police Headquarters","Click a section header to expand Â Â·Â  Click a unit to view its directory table","","Email","dsbtkr@ksp.gov.in"
"General","Karnataka State Police Headquarters","Click a section header to expand Â Â·Â  Click a unit to view its directory table","","Email","piinttkr@ksp.gov.in"
"General","Karnataka State Police Headquarters","Click a section header to expand Â Â·Â  Click a unit to view its directory table","","Email","picentkr@ksp.gov.in"
"General","Karnataka State Police Headquarters","Click a section header to expand Â Â·Â  Click a unit to view its directory table","","Email","pidcbtkr@ksp.gov.in"
"General","Karnataka State Police Headquarters","Click a section header to expand Â Â·Â  Click a unit to view its directory table","","Email","igper@ksp.gov.in"
"General","Karnataka State Police Headquarters","Click a section header to expand Â Â·Â  Click a unit to view its directory table","","Email","deigper@ksp.gov.in"
"General","Karnataka State Police Headquarters","Click a section header to expand Â Â·Â  Click a unit to view its directory table","","Email","spdvg@ksp.gov.in"
"General","Karnataka State Police Headquarters","Click a section header to expand Â Â·Â  Click a unit to view its directory table","","Email","addlspdvg@ksp.gov.in"
"General","Karnataka State Police Headquarters","Click a section header to expand Â Â·Â  Click a unit to view its directory table","","Email","dcdvg@ksp.gov.in"
"General","Karnataka State Police Headquarters","Click a section header to expand Â Â·Â  Click a unit to view its directory table","","Email","sdpocitydvg@ksp.gov.in"
"General","Karnataka State Police Headquarters","Click a section header to expand Â Â·Â  Click a unit to view its directory table","","Email","vidyanagardvg@ksp.gov.in"
"General","Karnataka State Police Headquarters","Click a section header to expand Â Â·Â  Click a unit to view its directory table","","Email","ktjnagardvg@ksp.gov.in"
"General","Karnataka State Police Headquarters","Click a section header to expand Â Â·Â  Click a unit to view its directory table","","Email","extnddvg@ksp.gov.in"
"General","Karnataka State Police Headquarters","Click a section header to expand Â Â·Â  Click a unit to view its directory table","","Email","cpitrafficdvg@ksp.gov.in"
"General","Karnataka State Police Headquarters","Click a section header to expand Â Â·Â  Click a unit to view its directory table","","Email","trafficdvg@ksp.gov.in"
"General","Karnataka State Police Headquarters","Click a section header to expand Â Â·Â  Click a unit to view its directory table","","Email","trafficnorthdvg@ksp.gov.in"
"General","Karnataka State Police Headquarters","Click a section header to expand Â Â·Â  Click a unit to view its directory table","","Email","womenpsdvg@ksp.gov.in"
"General","Karnataka State Police Headquarters","Click a section header to expand Â Â·Â  Click a unit to view its directory table","","Email","cenpsdvg@ksp.gov.in"
"General","Karnataka State Police Headquarters","Click a section header to expand Â Â·Â  Click a unit to view its directory table","","Email","azadnagardvg@ksp.gov.in"
"General","Karnataka State Police Headquarters","Click a section header to expand Â Â·Â  Click a unit to view its directory table","","Email","basavanagadvg@ksp.gov.in"
"General","Karnataka State Police Headquarters","Click a section header to expand Â Â·Â  Click a unit to view its directory table","","Email","cpicitydvg@ksp.gov.in"
"General","Karnataka State Police Headquarters","Click a section header to expand Â Â·Â  Click a unit to view its directory table","","Email","ghandinagardvg@ksp.gov.in"
"General","Karnataka State Police Headquarters","Click a section header to expand Â Â·Â  Click a unit to view its directory table","","Email","rmcyarddvg@ksp.gov.in"
"General","Karnataka State Police Headquarters","Click a section header to expand Â Â·Â  Click a unit to view its directory table","","Email","sdporuraldvg@ksp.gov.in"
"General","Karnataka State Police Headquarters","Click a section header to expand Â Â·Â  Click a unit to view its directory table","","Email","cpiruraldvg@ksp.gov.in"
"General","Karnataka State Police Headquarters","Click a section header to expand Â Â·Â  Click a unit to view its directory table","","Email","mayakondadvg@ksp.gov.in"
"General","Karnataka State Police Headquarters","Click a section header to expand Â Â·Â  Click a unit to view its directory table","","Email","hadadidvg@ksp.gov.in"
"General","Karnataka State Police Headquarters","Click a section header to expand Â Â·Â  Click a unit to view its directory table","","Email","ruraldvg@ksp.gov.in"
"General","Karnataka State Police Headquarters","Click a section header to expand Â Â·Â  Click a unit to view its directory table","","Email","cpihariharadvg@ksp.gov.in"
"General","Karnataka State Police Headquarters","Click a section header to expand Â Â·Â  Click a unit to view its directory table","","Email","harihararuraldvg@ksp.gov.in"
"General","Karnataka State Police Headquarters","Click a section header to expand Â Â·Â  Click a unit to view its directory table","","Email","malebennurdvg@ksp.gov.in"
"General","Karnataka State Police Headquarters","Click a section header to expand Â Â·Â  Click a unit to view its directory table","","Email","hariharatowndvg@ksp.gov.in"
"General","Karnataka State Police Headquarters","Click a section header to expand Â Â·Â  Click a unit to view its directory table","","Email","jlrdvg@ksp.gov.in"
"General","Karnataka State Police Headquarters","Click a section header to expand Â Â·Â  Click a unit to view its directory table","","Email","bilichodudvg@ksp.gov.in"
"General","Karnataka State Police Headquarters","Click a section header to expand Â Â·Â  Click a unit to view its directory table","","Email","cpichannagiridvg@ksp.gov.in"
"General","Karnataka State Police Headquarters","Click a section header to expand Â Â·Â  Click a unit to view its directory table","","Email","santhebennurdvg@ksp.gov.in"
"General","Karnataka State Police Headquarters","Click a section header to expand Â Â·Â  Click a unit to view its directory table","","Email","basavapatnadvg@ksp.gov.in"
"General","Karnataka State Police Headquarters","Click a section header to expand Â Â·Â  Click a unit to view its directory table","","Email","channagiridvg@ksp.gov.in"
"General","Karnataka State Police Headquarters","Click a section header to expand Â Â·Â  Click a unit to view its directory table","","Email","honnallidvg@ksp.gov.in"
"General","Karnataka State Police Headquarters","Click a section header to expand Â Â·Â  Click a unit to view its directory table","","Email","nyamathidvg@ksp.gov.in"
"General","Karnataka State Police Headquarters","Click a section header to expand Â Â·Â  Click a unit to view its directory table","","Email","dcrbdvg@ksp.gov.in"
"General","Karnataka State Police Headquarters","Click a section header to expand Â Â·Â  Click a unit to view its directory table","","Email","dardvg@ksp.gov.in"
"General","Karnataka State Police Headquarters","Click a section header to expand Â Â·Â  Click a unit to view its directory table","","Email","mtdardvg@ksp.gov.in"
"General","Karnataka State Police Headquarters","Click a section header to expand Â Â·Â  Click a unit to view its directory table","","Email","spshi@ksp.gov.in"
"General","Karnataka State Police Headquarters","Click a section header to expand Â Â·Â  Click a unit to view its directory table","","Email","addlspshi@ksp.gov.in"
"General","Karnataka State Police Headquarters","Click a section header to expand Â Â·Â  Click a unit to view its directory table","","Email","addlsp2shi@ksp.gov.in"
"General","Karnataka State Police Headquarters","Click a section header to expand Â Â·Â  Click a unit to view its directory table","","Email","dcshi@ksp.gov.in"
"General","Karnataka State Police Headquarters","Click a section header to expand Â Â·Â  Click a unit to view its directory table","","Email","sdposhimogashi@ksp.gov.in"
"General","Karnataka State Police Headquarters","Click a section header to expand Â Â·Â  Click a unit to view its directory table","","Email","koteshi@ksp.gov.in"
"General","Karnataka State Police Headquarters","Click a section header to expand Â Â·Â  Click a unit to view its directory table","","Email","doddapeteshi@ksp.gov.in"
"General","Karnataka State Police Headquarters","Click a section header to expand Â Â·Â  Click a unit to view its directory table","","Email","shimogawomenshi@ksp.gov.in"
"General","Karnataka State Police Headquarters","Click a section header to expand Â Â·Â  Click a unit to view its directory table","","Email","tunganagarshi@ksp.gov.in"
"General","Karnataka State Police Headquarters","Click a section header to expand Â Â·Â  Click a unit to view its directory table","","Email","cenpsshi@ksp.gov.in"
"General","Karnataka State Police Headquarters","Click a section header to expand Â Â·Â  Click a unit to view its directory table","","Email","vinobanagarashi@ksp.gov.in"
"General","Karnataka State Police Headquarters","Click a section header to expand Â Â·Â  Click a unit to view its directory table","","Email","jayanagarashi@ksp.gov.in"
"General","Karnataka State Police Headquarters","Click a section header to expand Â Â·Â  Click a unit to view its directory table","","Email","cpishimogaruralshi@ksp.gov.in"
"General","Karnataka State Police Headquarters","Click a section header to expand Â Â·Â  Click a unit to view its directory table","","Email","shimogaruralshi@ksp.gov.in"
"General","Karnataka State Police Headquarters","Click a section header to expand Â Â·Â  Click a unit to view its directory table","","Email","kumsishi@ksp.gov.in"
"General","Karnataka State Police Headquarters","Click a section header to expand Â Â·Â  Click a unit to view its directory table","","Email","cpismgtrafficshi@ksp.gov.in"
"General","Karnataka State Police Headquarters","Click a section header to expand Â Â·Â  Click a unit to view its directory table","","Email","trafficeastshi@ksp.gov.in"
"General","Karnataka State Police Headquarters","Click a section header to expand Â Â·Â  Click a unit to view its directory table","","Email","sdpobdvtshi@ksp.gov.in"
"General","Karnataka State Police Headquarters","Click a section header to expand Â Â·Â  Click a unit to view its directory table","","Email","cpibdvttownshi@ksp.gov.in"
"General","Karnataka State Police Headquarters","Click a section header to expand Â Â·Â  Click a unit to view its directory table","","Email","oldtownbdvtshi@ksp.gov.in"
"General","Karnataka State Police Headquarters","Click a section header to expand Â Â·Â  Click a unit to view its directory table","","Email","newtownbdvtshi@ksp.gov.in"
"General","Karnataka State Police Headquarters","Click a section header to expand Â Â·Â  Click a unit to view its directory table","","Email","bdvttrafficshi@ksp.gov.in"
"General","Karnataka State Police Headquarters","Click a section header to expand Â Â·Â  Click a unit to view its directory table","","Email","hosamaneshi@ksp.gov.in"
"General","Karnataka State Police Headquarters","Click a section header to expand Â Â·Â  Click a unit to view its directory table","","Email","holehonnurshi@ksp.gov.in"
"General","Karnataka State Police Headquarters","Click a section header to expand Â Â·Â  Click a unit to view its directory table","","Email","papertoenbdvtshi@ksp.gov.in"
"General","Karnataka State Police Headquarters","Click a section header to expand Â Â·Â  Click a unit to view its directory table","","Email","cpibdvtruralshi@ksp.gov.in"
"General","Karnataka State Police Headquarters","Click a section header to expand Â Â·Â  Click a unit to view its directory table","","Email","sdpothallishi@ksp.gov.in"
"General","Karnataka State Police Headquarters","Click a section header to expand Â Â·Â  Click a unit to view its directory table","","Email","cpithirthahalllishi@ksp.gov.in"
"General","Karnataka State Police Headquarters","Click a section header to expand Â Â·Â  Click a unit to view its directory table","","Email","malurshi@ksp.gov.in"
"General","Karnataka State Police Headquarters","Click a section header to expand Â Â·Â  Click a unit to view its directory table","","Email","agumbeshi@ksp.gov.in"
"General","Karnataka State Police Headquarters","Click a section header to expand Â Â·Â  Click a unit to view its directory table","","Email","thirthahallishi@ksp.gov.in"
"General","Karnataka State Police Headquarters","Click a section header to expand Â Â·Â  Click a unit to view its directory table","","Email","cpihosanagarashi@ksp.gov.in"
"General","Karnataka State Police Headquarters","Click a section header to expand Â Â·Â  Click a unit to view its directory table","","Email","hosanagarashi@ksp.gov.in"
"General","Karnataka State Police Headquarters","Click a section header to expand Â Â·Â  Click a unit to view its directory table","","Email","ripponpeteshi@ksp.gov.in"
"General","Karnataka State Police Headquarters","Click a section header to expand Â Â·Â  Click a unit to view its directory table","","Email","nagarashi@ksp.gov.in"
"General","Karnataka State Police Headquarters","Click a section header to expand Â Â·Â  Click a unit to view its directory table","","Email","sdposagarashi@ksp.gov.in"
"General","Karnataka State Police Headquarters","Click a section header to expand Â Â·Â  Click a unit to view its directory table","","Email","sagaratownshi@ksp.gov.in"
"General","Karnataka State Police Headquarters","Click a section header to expand Â Â·Â  Click a unit to view its directory table","","Email","sagararuralshi@ksp.gov.in"
"General","Karnataka State Police Headquarters","Click a section header to expand Â Â·Â  Click a unit to view its directory table","","Email","kargalshi@ksp.gov.in"
"General","Karnataka State Police Headquarters","Click a section header to expand Â Â·Â  Click a unit to view its directory table","","Email","kargalshi@ksp.gov.in"
"General","Karnataka State Police Headquarters","Click a section header to expand Â Â·Â  Click a unit to view its directory table","","Email","anandapurashi@ksp.gov.in"
"General","Karnataka State Police Headquarters","Click a section header to expand Â Â·Â  Click a unit to view its directory table","","Email","sdposhikaripurashi@ksp.gov.in"
"General","Karnataka State Police Headquarters","Click a section header to expand Â Â·Â  Click a unit to view its directory table","","Email","cpishikaripurashi@ksp.gov.in"
"General","Karnataka State Police Headquarters","Click a section header to expand Â Â·Â  Click a unit to view its directory table","","Email","shikaripurashi@ksp.gov.in"
"General","Karnataka State Police Headquarters","Click a section header to expand Â Â·Â  Click a unit to view its directory table","","Email","shiralakoppashi@ksp.gov.in"
"General","Karnataka State Police Headquarters","Click a section header to expand Â Â·Â  Click a unit to view its directory table","","Email","shikaripuraruralshi@ksp.gov.in"
"General","Karnataka State Police Headquarters","Click a section header to expand Â Â·Â  Click a unit to view its directory table","","Email","cpisorabashi@ksp.gov.in"
"General","Karnataka State Police Headquarters","Click a section header to expand Â Â·Â  Click a unit to view its directory table","","Email","anavattishi@ksp.gov.in"
"General","Karnataka State Police Headquarters","Click a section header to expand Â Â·Â  Click a unit to view its directory table","","Email","darshi@ksp.gov.in"
"General","Karnataka State Police Headquarters","Click a section header to expand Â Â·Â  Click a unit to view its directory table","","Email","dsbshi@ksp.gov.in"
"General","Karnataka State Police Headquarters","Click a section header to expand Â Â·Â  Click a unit to view its directory table","","Email","dcrbshi@ksp.gov.in"
"General","Karnataka State Police Headquarters","Click a section header to expand Â Â·Â  Click a unit to view its directory table","","Email","dcrbshi@ksp.gov.in"
"General","Karnataka State Police Headquarters","Click a section header to expand Â Â·Â  Click a unit to view its directory table","","Email","darbdvtshi@ksp.gov.in"
"General","Karnataka State Police Headquarters","Click a section header to expand Â Â·Â  Click a unit to view its directory table","","Email","deo.shimoga@gmail.com"
"General","Karnataka State Police Headquarters","Click a section header to expand Â Â·Â  Click a unit to view its directory table","","Email","sphvr@ksp.gov.in"
"General","Karnataka State Police Headquarters","Click a section header to expand Â Â·Â  Click a unit to view its directory table","","Email","addlsphvr@ksp.gov.in"
"General","Karnataka State Police Headquarters","Click a section header to expand Â Â·Â  Click a unit to view its directory table","","Email","dchvr@ksp.gov.in"
"General","Karnataka State Police Headquarters","Click a section header to expand Â Â·Â  Click a unit to view its directory table","","Email","sdpohaverihvr@ksp.gov.in"
"General","Karnataka State Police Headquarters","Click a section header to expand Â Â·Â  Click a unit to view its directory table","","Email","haveritownhvr@ksp.gov.in"
"General","Karnataka State Police Headquarters","Click a section header to expand Â Â·Â  Click a unit to view its directory table","","Email","haveritraffic@ksp.gov.in"
"General","Karnataka State Police Headquarters","Click a section header to expand Â Â·Â  Click a unit to view its directory table","","Email","womenpshvr@ksp.gov.in"
"General","Karnataka State Police Headquarters","Click a section header to expand Â Â·Â  Click a unit to view its directory table","","Email","picenhaveri@ksp.gov.in"
"General","Karnataka State Police Headquarters","Click a section header to expand Â Â·Â  Click a unit to view its directory table","","Email","cpihaveriruralhvr@ksp.gov.in"
"General","Karnataka State Police Headquarters","Click a section header to expand Â Â·Â  Click a unit to view its directory table","","Email","haveriruralhvr@ksp.gov.in"
"General","Karnataka State Police Headquarters","Click a section header to expand Â Â·Â  Click a unit to view its directory table","","Email","guttalhvr@ksp.gov.in"
"General","Karnataka State Police Headquarters","Click a section header to expand Â Â·Â  Click a unit to view its directory table","","Email","cpibyadagihvr@ksp.gov.in"
"General","Karnataka State Police Headquarters","Click a section header to expand Â Â·Â  Click a unit to view its directory table","","Email","byadagihvr@ksp.gov.in"
"General","Karnataka State Police Headquarters","Click a section header to expand Â Â·Â  Click a unit to view its directory table","","Email","kaginelehvr@ksp.gov.in"
"General","Karnataka State Police Headquarters","Click a section header to expand Â Â·Â  Click a unit to view its directory table","","Email","sdporbhvr@ksp.gov.in"
"General","Karnataka State Police Headquarters","Click a section header to expand Â Â·Â  Click a unit to view its directory table","","Email","cpiranebennurtownhvr@ksp.gov.in"
"General","Karnataka State Police Headquarters","Click a section header to expand Â Â·Â  Click a unit to view its directory table","","Email","rbtownhvr@ksp.gov.in"
"General","Karnataka State Police Headquarters","Click a section header to expand Â Â·Â  Click a unit to view its directory table","","Email","rbtraffichvr@ksp.gov.in"
"General","Karnataka State Police Headquarters","Click a section header to expand Â Â·Â  Click a unit to view its directory table","","Email","rbruralhvr@ksp.gov.in"
"General","Karnataka State Police Headquarters","Click a section header to expand Â Â·Â  Click a unit to view its directory table","","Email","cpikpmhvr@ksp.gov.in"
"General","Karnataka State Police Headquarters","Click a section header to expand Â Â·Â  Click a unit to view its directory table","","Email","kpattanamhvr@ksp.gov.in"
"General","Karnataka State Police Headquarters","Click a section header to expand Â Â·Â  Click a unit to view its directory table","","Email","halagerihvr@ksp.gov.in"
"General","Karnataka State Police Headquarters","Click a section header to expand Â Â·Â  Click a unit to view its directory table","","Email","cpihirekerurhvr@ksp.gov.in"
"General","Karnataka State Police Headquarters","Click a section header to expand Â Â·Â  Click a unit to view its directory table","","Email","hirekerurhvr@ksp.gov.in"
"General","Karnataka State Police Headquarters","Click a section header to expand Â Â·Â  Click a unit to view its directory table","","Email","rattihallihvr@ksp.gov.in"
"General","Karnataka State Police Headquarters","Click a section header to expand Â Â·Â  Click a unit to view its directory table","","Email","hansabhavihvr@ksp.gov.in"
"General","Karnataka State Police Headquarters","Click a section header to expand Â Â·Â  Click a unit to view its directory table","","Email","sdposhiggoaonhvr@ksp.gov.in"
"General","Karnataka State Police Headquarters","Click a section header to expand Â Â·Â  Click a unit to view its directory table","","Email","shiggoanhvr@ksp.gov.in"
"General","Karnataka State Police Headquarters","Click a section header to expand Â Â·Â  Click a unit to view its directory table","","Email","cpishiggoanhvr@ksp.gov.in"
"General","Karnataka State Police Headquarters","Click a section header to expand Â Â·Â  Click a unit to view its directory table","","Email","tadashvr@ksp.gov.in"
"General","Karnataka State Police Headquarters","Click a section header to expand Â Â·Â  Click a unit to view its directory table","","Email","bankapurahvr@ksp.gov.in"
"General","Karnataka State Police Headquarters","Click a section header to expand Â Â·Â  Click a unit to view its directory table","","Email","hulagurhvr@ksp.gov.in"
"General","Karnataka State Police Headquarters","Click a section header to expand Â Â·Â  Click a unit to view its directory table","","Email","savanurhvr@ksp.gov.in"
"General","Karnataka State Police Headquarters","Click a section header to expand Â Â·Â  Click a unit to view its directory table","","Email","cpihanagalhvr@ksp.gov.in"
"General","Karnataka State Police Headquarters","Click a section header to expand Â Â·Â  Click a unit to view its directory table","","Email","hanagalhvr@ksp.gov.in"
"General","Karnataka State Police Headquarters","Click a section header to expand Â Â·Â  Click a unit to view its directory table","","Email","adurhvr@ksp.gov.in"
"General","Karnataka State Police Headquarters","Click a section header to expand Â Â·Â  Click a unit to view its directory table","","Email","dsbhvr@ksp.gov.in"
"General","Karnataka State Police Headquarters","Click a section header to expand Â Â·Â  Click a unit to view its directory table","","Email","dcrbhvr@ksp.gov.in"
"General","Karnataka State Police Headquarters","Click a section header to expand Â Â·Â  Click a unit to view its directory table","","Email","darhvr@ksp.gov.in"
"General","Karnataka State Police Headquarters","Click a section header to expand Â Â·Â  Click a unit to view its directory table","","Email","spcta@ksp.gov.in"
"General","Karnataka State Police Headquarters","Click a section header to expand Â Â·Â  Click a unit to view its directory table","","Email","addlspcta@ksp.gov.in"
"General","Karnataka State Police Headquarters","Click a section header to expand Â Â·Â  Click a unit to view its directory table","","Email","dccta@ksp.gov.in"
"General","Karnataka State Police Headquarters","Click a section header to expand Â Â·Â  Click a unit to view its directory table","","Email","sdpocta@ksp.gov.in"
"General","Karnataka State Police Headquarters","Click a section header to expand Â Â·Â  Click a unit to view its directory table","","Email","cybercrimepscta@ksp.gov.in"
"General","Karnataka State Police Headquarters","Click a section header to expand Â Â·Â  Click a unit to view its directory table","","Email","womenpscta@ksp.gov.in"
"General","Karnataka State Police Headquarters","Click a section header to expand Â Â·Â  Click a unit to view its directory table","","Email","towncta@ksp.gov.in"
"General","Karnataka State Police Headquarters","Click a section header to expand Â Â·Â  Click a unit to view its directory table","","Email","extentioncta@ksp.gov.in"
"General","Karnataka State Police Headquarters","Click a section header to expand Â Â·Â  Click a unit to view its directory table","","Email","trafficcta@ksp.gov.in"
"General","Karnataka State Police Headquarters","Click a section header to expand Â Â·Â  Click a unit to view its directory table","","Email","kotecta@ksp.gov.in"
"General","Karnataka State Police Headquarters","Click a section header to expand Â Â·Â  Click a unit to view its directory table","","Email","cpiruralcta@ksp.gov.in"
"General","Karnataka State Police Headquarters","Click a section header to expand Â Â·Â  Click a unit to view its directory table","","Email","ruralcta@ksp.gov.in"
"General","Karnataka State Police Headquarters","Click a section header to expand Â Â·Â  Click a unit to view its directory table","","Email","turuvanurcta@ksp.gov.in"
"General","Karnataka State Police Headquarters","Click a section header to expand Â Â·Â  Click a unit to view its directory table","","Email","bharamasagaracta@ksp.gov.in"
"General","Karnataka State Police Headquarters","Click a section header to expand Â Â·Â  Click a unit to view its directory table","","Email","cpihlkcta@ksp.gov.in"
"General","Karnataka State Police Headquarters","Click a section header to expand Â Â·Â  Click a unit to view its directory table","","Email","holakerecta@ksp.gov.in"
"General","Karnataka State Police Headquarters","Click a section header to expand Â Â·Â  Click a unit to view its directory table","","Email","chikkajarurcta@ksp.gov.in"
"General","Karnataka State Police Headquarters","Click a section header to expand Â Â·Â  Click a unit to view its directory table","","Email","spdohyrcta@ksp.gov.in"
"General","Karnataka State Police Headquarters","Click a section header to expand Â Â·Â  Click a unit to view its directory table","","Email","cpihiriyurcta@ksp.gov.in"
"General","Karnataka State Police Headquarters","Click a section header to expand Â Â·Â  Click a unit to view its directory table","","Email","aimangalacta@ksp.gov.in"
"General","Karnataka State Police Headquarters","Click a section header to expand Â Â·Â  Click a unit to view its directory table","","Email","abbinholecta@ksp.gov.in"
"General","Karnataka State Police Headquarters","Click a section header to expand Â Â·Â  Click a unit to view its directory table","","Email","hiriyurruralcta@ksp.gov.in"
"General","Karnataka State Police Headquarters","Click a section header to expand Â Â·Â  Click a unit to view its directory table","","Email","hiriyurcta@ksp.gov.in"
"General","Karnataka State Police Headquarters","Click a section header to expand Â Â·Â  Click a unit to view its directory table","","Email","cpihsdcta@ksp.gov.in"
"General","Karnataka State Police Headquarters","Click a section header to expand Â Â·Â  Click a unit to view its directory table","","Email","hosadurgacta@ksp.gov.in"
"General","Karnataka State Police Headquarters","Click a section header to expand Â Â·Â  Click a unit to view its directory table","","Email","srirampuracta@ksp.gov.in"
"General","Karnataka State Police Headquarters","Click a section header to expand Â Â·Â  Click a unit to view its directory table","","Email","sdpoclkcta@ksp.gov.in"
"General","Karnataka State Police Headquarters","Click a section header to expand Â Â·Â  Click a unit to view its directory table","","Email","cpiclkcta@ksp.gov.in"
"General","Karnataka State Police Headquarters","Click a section header to expand Â Â·Â  Click a unit to view its directory table","","Email","thalakcta@ksp.gov.in"
"General","Karnataka State Police Headquarters","Click a section header to expand Â Â·Â  Click a unit to view its directory table","","Email","parashurampuracta@ksp.gov.in"
"General","Karnataka State Police Headquarters","Click a section header to expand Â Â·Â  Click a unit to view its directory table","","Email","nayakanahatticta@ksp.gov.in"
"General","Karnataka State Police Headquarters","Click a section header to expand Â Â·Â  Click a unit to view its directory table","","Email","chllakerecta@ksp.gov.in"
"General","Karnataka State Police Headquarters","Click a section header to expand Â Â·Â  Click a unit to view its directory table","","Email","cpimlkcta@ksp.gov.in"
"General","Karnataka State Police Headquarters","Click a section header to expand Â Â·Â  Click a unit to view its directory table","","Email","malakalmuructa@ksp.gov.in"
"General","Karnataka State Police Headquarters","Click a section header to expand Â Â·Â  Click a unit to view its directory table","","Email","rampuracta@ksp.gov.in"
"General","Karnataka State Police Headquarters","Click a section header to expand Â Â·Â  Click a unit to view its directory table","","Email","darcta@ksp.gov.in"
"General","Karnataka State Police Headquarters","Click a section header to expand Â Â·Â  Click a unit to view its directory table","","Email","pidcibcta@ksp.gov.in"
"General","Karnataka State Police Headquarters","Click a section header to expand Â Â·Â  Click a unit to view its directory table","","Email","igpnr@ksp.gov.in"
"General","Karnataka State Police Headquarters","Click a section header to expand Â Â·Â  Click a unit to view its directory table","","Email","spbgm@ksp.gov.in"
"General","Karnataka State Police Headquarters","Click a section header to expand Â Â·Â  Click a unit to view its directory table","","Email","addlspbgm@ksp.gov.in"
"General","Karnataka State Police Headquarters","Click a section header to expand Â Â·Â  Click a unit to view its directory table","","Email","dcrbbgm@ksp.gov.in"
"General","Karnataka State Police Headquarters","Click a section header to expand Â Â·Â  Click a unit to view its directory table","","Email","spdarbgm@ksp.gov.in"
"General","Karnataka State Police Headquarters","Click a section header to expand Â Â·Â  Click a unit to view its directory table","","Email","dcbgm@ksp.gov.in"
"General","Karnataka State Police Headquarters","Click a section header to expand Â Â·Â  Click a unit to view its directory table","","Email","wpsbgm@ksp.gov.in"
"General","Karnataka State Police Headquarters","Click a section header to expand Â Â·Â  Click a unit to view its directory table","","Email","dcibbgm@ksp.gov.in"
"General","Karnataka State Police Headquarters","Click a section header to expand Â Â·Â  Click a unit to view its directory table","","Email","cenpsbgm@ksp.gov.in"
"General","Karnataka State Police Headquarters","Click a section header to expand Â Â·Â  Click a unit to view its directory table","","Email","sdpochikkodibgm@ksp.gov.in"
"General","Karnataka State Police Headquarters","Click a section header to expand Â Â·Â  Click a unit to view its directory table","","Email","cpichikkodibgm@ksp.gov.in"
"General","Karnataka State Police Headquarters","Click a section header to expand Â Â·Â  Click a unit to view its directory table","","Email","chikkodibgm@ksp.gov.in"
"General","Karnataka State Police Headquarters","Click a section header to expand Â Â·Â  Click a unit to view its directory table","","Email","chikkoditowntrafficbgm@ksp.gov.in"
"General","Karnataka State Police Headquarters","Click a section header to expand Â Â·Â  Click a unit to view its directory table","","Email","sadalgabgm@ksp.gov.in"
"General","Karnataka State Police Headquarters","Click a section header to expand Â Â·Â  Click a unit to view its directory table","","Email","anklibgm@ksp.gov.in"
"General","Karnataka State Police Headquarters","Click a section header to expand Â Â·Â  Click a unit to view its directory table","","Email","cpinippanibgm@ksp.gov.in"
"General","Karnataka State Police Headquarters","Click a section header to expand Â Â·Â  Click a unit to view its directory table","","Email","nippanitownbgm@ksp.gov.in"
"General","Karnataka State Police Headquarters","Click a section header to expand Â Â·Â  Click a unit to view its directory table","","Email","nippaniruralbgm@ksp.gov.in"
"General","Karnataka State Police Headquarters","Click a section header to expand Â Â·Â  Click a unit to view its directory table","","Email","kadakalatabgm@ksp.gov.in"
"General","Karnataka State Police Headquarters","Click a section header to expand Â Â·Â  Click a unit to view its directory table","","Email","sdpoathanibgm@ksp.gov.in"
"General","Karnataka State Police Headquarters","Click a section header to expand Â Â·Â  Click a unit to view its directory table","","Email","cpiathanibgm@ksp.gov.in"
"General","Karnataka State Police Headquarters","Click a section header to expand Â Â·Â  Click a unit to view its directory table","","Email","athanibgm@ksp.gov.in"
"General","Karnataka State Police Headquarters","Click a section header to expand Â Â·Â  Click a unit to view its directory table","","Email","kagawadbgm@ksp.gov.in"
"General","Karnataka State Police Headquarters","Click a section header to expand Â Â·Â  Click a unit to view its directory table","","Email","aigalibgm@ksp.gov.in"
"General","Karnataka State Police Headquarters","Click a section header to expand Â Â·Â  Click a unit to view its directory table","","Email","cpiharugeribgm@ksp.gov.in"
"General","Karnataka State Police Headquarters","Click a section header to expand Â Â·Â  Click a unit to view its directory table","","Email","haroogeribgm@ksp.gov.in"
"General","Karnataka State Police Headquarters","Click a section header to expand Â Â·Â  Click a unit to view its directory table","","Email","kudachibgm@ksp.gov.in"
"General","Karnataka State Police Headquarters","Click a section header to expand Â Â·Â  Click a unit to view its directory table","","Email","raibagbgm@ksp.gov.in"
"General","Karnataka State Police Headquarters","Click a section header to expand Â Â·Â  Click a unit to view its directory table","","Email","sdpogokakbgm@ksp.gov.in"
"General","Karnataka State Police Headquarters","Click a section header to expand Â Â·Â  Click a unit to view its directory table","","Email","cpigokakbgm@ksp.gov.in"
"General","Karnataka State Police Headquarters","Click a section header to expand Â Â·Â  Click a unit to view its directory table","","Email","gokakruralbgm@ksp.gov.in"
"General","Karnataka State Police Headquarters","Click a section header to expand Â Â·Â  Click a unit to view its directory table","","Email","ankalgibgm@ksp.gov.in"
"General","Karnataka State Police Headquarters","Click a section header to expand Â Â·Â  Click a unit to view its directory table","","Email","gokaktownbgm@ksp.gov.in"
"General","Karnataka State Police Headquarters","Click a section header to expand Â Â·Â  Click a unit to view its directory table","","Email","cpimudalgibgm@ksp.gov.in"
"General","Karnataka State Police Headquarters","Click a section header to expand Â Â·Â  Click a unit to view its directory table","","Email","mudalgibgm@ksp.gov.in"
"General","Karnataka State Police Headquarters","Click a section header to expand Â Â·Â  Click a unit to view its directory table","","Email","kulgodbgm@ksp.gov.in"
"General","Karnataka State Police Headquarters","Click a section header to expand Â Â·Â  Click a unit to view its directory table","","Email","ghataprabhabgm@ksp.gov.in"
"General","Karnataka State Police Headquarters","Click a section header to expand Â Â·Â  Click a unit to view its directory table","","Email","cpihukkeribgm@ksp.gov.in"
"General","Karnataka State Police Headquarters","Click a section header to expand Â Â·Â  Click a unit to view its directory table","","Email","hukkerribgm@ksp.gov.in"
"General","Karnataka State Police Headquarters","Click a section header to expand Â Â·Â  Click a unit to view its directory table","","Email","yamakanamardibgm@ksp.gov.in"
"General","Karnataka State Police Headquarters","Click a section header to expand Â Â·Â  Click a unit to view its directory table","","Email","sankeshwarbgm@ksp.gov.in"
"General","Karnataka State Police Headquarters","Click a section header to expand Â Â·Â  Click a unit to view its directory table","","Email","sdpobailahongalbgm@ksp.gov.in"
"General","Karnataka State Police Headquarters","Click a section header to expand Â Â·Â  Click a unit to view its directory table","","Email","bailahongalbgm@ksp.gov.in"
"General","Karnataka State Police Headquarters","Click a section header to expand Â Â·Â  Click a unit to view its directory table","","Email","nesargibgm@ksp.gov.in"
"General","Karnataka State Police Headquarters","Click a section header to expand Â Â·Â  Click a unit to view its directory table","","Email","cpikitturbgm@ksp.gov.in"
"General","Karnataka State Police Headquarters","Click a section header to expand Â Â·Â  Click a unit to view its directory table","","Email","kitturbgm@ksp.gov.in"
"General","Karnataka State Police Headquarters","Click a section header to expand Â Â·Â  Click a unit to view its directory table","","Email","doddawadbgm@ksp.gov.in"
"General","Karnataka State Police Headquarters","Click a section header to expand Â Â·Â  Click a unit to view its directory table","","Email","khanapurbgm@ksp.gov.in"
"General","Karnataka State Police Headquarters","Click a section header to expand Â Â·Â  Click a unit to view its directory table","","Email","nandgadbgm@ksp.gov.in"
"General","Karnataka State Police Headquarters","Click a section header to expand Â Â·Â  Click a unit to view its directory table","","Email","sdporamadurgabgm@ksp.gov.in"
"General","Karnataka State Police Headquarters","Click a section header to expand Â Â·Â  Click a unit to view its directory table","","Email","cpiramadurgabgm@ksp.gov.in"
"General","Karnataka State Police Headquarters","Click a section header to expand Â Â·Â  Click a unit to view its directory table","","Email","ramadurgabgm@ksp.gov.in"
"General","Karnataka State Police Headquarters","Click a section header to expand Â Â·Â  Click a unit to view its directory table","","Email","katakolbgm@ksp.gov.in"
"General","Karnataka State Police Headquarters","Click a section header to expand Â Â·Â  Click a unit to view its directory table","","Email","surebanbgm@ksp.gov.in"
"General","Karnataka State Police Headquarters","Click a section header to expand Â Â·Â  Click a unit to view its directory table","","Email","savadattibgm@ksp.gov.in"
"General","Karnataka State Police Headquarters","Click a section header to expand Â Â·Â  Click a unit to view its directory table","","Email","murgodbgm@ksp.gov.in"
"General","Karnataka State Police Headquarters","Click a section header to expand Â Â·Â  Click a unit to view its directory table","","Email","aaobgm@ksp.gov.in"
"General","Karnataka State Police Headquarters","Click a section header to expand Â Â·Â  Click a unit to view its directory table","","Email","spbjp@ksp.gov.in"
"General","Karnataka State Police Headquarters","Click a section header to expand Â Â·Â  Click a unit to view its directory table","","Email","addlspbjp@ksp.gov.in"
"General","Karnataka State Police Headquarters","Click a section header to expand Â Â·Â  Click a unit to view its directory table","","Email","dcbjp@ksp.gov.in"
"General","Karnataka State Police Headquarters","Click a section header to expand Â Â·Â  Click a unit to view its directory table","","Email","spdobijapurbjp@ksp.gov.in"
"General","Karnataka State Police Headquarters","Click a section header to expand Â Â·Â  Click a unit to view its directory table","","Email","womenbjp@ksp.gov.in"
"General","Karnataka State Police Headquarters","Click a section header to expand Â Â·Â  Click a unit to view its directory table","","Email","cenpsbjp@ksp.gov.in"
"General","Karnataka State Police Headquarters","Click a section header to expand Â Â·Â  Click a unit to view its directory table","","Email","cpibijapurtownbjp@ksp.gov.in"
"General","Karnataka State Police Headquarters","Click a section header to expand Â Â·Â  Click a unit to view its directory table","","Email","gandhichowkbjp@ksp.gov.in"
"General","Karnataka State Police Headquarters","Click a section header to expand Â Â·Â  Click a unit to view its directory table","","Email","trafficbjp@ksp.gov.in"
"General","Karnataka State Police Headquarters","Click a section header to expand Â Â·Â  Click a unit to view its directory table","","Email","cpigolgumbazbjp@ksp.gov.in"
"General","Karnataka State Police Headquarters","Click a section header to expand Â Â·Â  Click a unit to view its directory table","","Email","golgumbazbjp@ksp.gov.in"
"General","Karnataka State Police Headquarters","Click a section header to expand Â Â·Â  Click a unit to view its directory table","","Email","adarshanagarbjp@ksp.gov.in"
"General","Karnataka State Police Headquarters","Click a section header to expand Â Â·Â  Click a unit to view its directory table","","Email","apmcbjp@ksp.gov.in"
"General","Karnataka State Police Headquarters","Click a section header to expand Â Â·Â  Click a unit to view its directory table","","Email","jalanagarbjp@ksp.gov.in"
"General","Karnataka State Police Headquarters","Click a section header to expand Â Â·Â  Click a unit to view its directory table","","Email","sdporuralbjp@ksp.gov.in"
"General","Karnataka State Police Headquarters","Click a section header to expand Â Â·Â  Click a unit to view its directory table","","Email","bijapurruralbjp@ksp.gov.in"
"General","Karnataka State Police Headquarters","Click a section header to expand Â Â·Â  Click a unit to view its directory table","","Email","bijapurruralbjp@ksp.gov.in"
"General","Karnataka State Police Headquarters","Click a section header to expand Â Â·Â  Click a unit to view its directory table","","Email","cpibijapurruralbjp@ksp.gov.in"
"General","Karnataka State Police Headquarters","Click a section header to expand Â Â·Â  Click a unit to view its directory table","","Email","tikotabjp@ksp.gov.in"
"General","Karnataka State Police Headquarters","Click a section header to expand Â Â·Â  Click a unit to view its directory table","","Email","babalesjwarbjp@ksp.gov.in"
"General","Karnataka State Police Headquarters","Click a section header to expand Â Â·Â  Click a unit to view its directory table","","Email","devarahipparagibjp@ksp.gov.in"
"General","Karnataka State Police Headquarters","Click a section header to expand Â Â·Â  Click a unit to view its directory table","","Email","managulibjp@ksp.gov.in"
"General","Karnataka State Police Headquarters","Click a section header to expand Â Â·Â  Click a unit to view its directory table","","Email","sdpoindibjp@ksp.gov.in"
"General","Karnataka State Police Headquarters","Click a section header to expand Â Â·Â  Click a unit to view its directory table","","Email","cpiindiabjp@ksp.gov.in"
"General","Karnataka State Police Headquarters","Click a section header to expand Â Â·Â  Click a unit to view its directory table","","Email","indiruralbjp@ksp.gov.in"
"General","Karnataka State Police Headquarters","Click a section header to expand Â Â·Â  Click a unit to view its directory table","","Email","hortibjp@ksp.gov.in"
"General","Karnataka State Police Headquarters","Click a section header to expand Â Â·Â  Click a unit to view its directory table","","Email","indibjp@ksp.gov.in"
"General","Karnataka State Police Headquarters","Click a section header to expand Â Â·Â  Click a unit to view its directory table","","Email","cpichadachanbjp@ksp.gov.in"
"General","Karnataka State Police Headquarters","Click a section header to expand Â Â·Â  Click a unit to view its directory table","","Email","chadachanbjp@ksp.gov.in"
"General","Karnataka State Police Headquarters","Click a section header to expand Â Â·Â  Click a unit to view its directory table","","Email","zalakibjp@ksp.gov.in"
"General","Karnataka State Police Headquarters","Click a section header to expand Â Â·Â  Click a unit to view its directory table","","Email","cpisindagibjp@ksp.gov.in"
"General","Karnataka State Police Headquarters","Click a section header to expand Â Â·Â  Click a unit to view its directory table","","Email","sindagibjp@ksp.gov.in"
"General","Karnataka State Police Headquarters","Click a section header to expand Â Â·Â  Click a unit to view its directory table","","Email","almelbjp@ksp.gov.in"
"General","Karnataka State Police Headquarters","Click a section header to expand Â Â·Â  Click a unit to view its directory table","","Email","kalkeribjp@ksp.gov.in"
"General","Karnataka State Police Headquarters","Click a section header to expand Â Â·Â  Click a unit to view its directory table","","Email","sdpobagewadibjp@ksp.gov.in"
"General","Karnataka State Police Headquarters","Click a section header to expand Â Â·Â  Click a unit to view its directory table","","Email","cpinidagundibjp@ksp.gov.in"
"General","Karnataka State Police Headquarters","Click a section header to expand Â Â·Â  Click a unit to view its directory table","","Email","nidagundibjp@ksp.gov.in"
"General","Karnataka State Police Headquarters","Click a section header to expand Â Â·Â  Click a unit to view its directory table","","Email","kolharbjp@ksp.gov.in"
"General","Karnataka State Police Headquarters","Click a section header to expand Â Â·Â  Click a unit to view its directory table","","Email","alamattibjp@ksp.gov.in"
"General","Karnataka State Police Headquarters","Click a section header to expand Â Â·Â  Click a unit to view its directory table","","Email","kudagintpbjp@ksp.gov.in"
"General","Karnataka State Police Headquarters","Click a section header to expand Â Â·Â  Click a unit to view its directory table","","Email","bagewadibjp@ksp.gov.in"
"General","Karnataka State Police Headquarters","Click a section header to expand Â Â·Â  Click a unit to view its directory table","","Email","cpimuddebihalbjp@ksp.gov.in"
"General","Karnataka State Police Headquarters","Click a section header to expand Â Â·Â  Click a unit to view its directory table","","Email","muddebihalbjp@ksp.gov.in"
"General","Karnataka State Police Headquarters","Click a section header to expand Â Â·Â  Click a unit to view its directory table","","Email","talokotbjp@ksp.gov.in"
"General","Karnataka State Police Headquarters","Click a section header to expand Â Â·Â  Click a unit to view its directory table","","Email","aaobjp@ksp.gov.in"
"General","Karnataka State Police Headquarters","Click a section header to expand Â Â·Â  Click a unit to view its directory table","","Email","cpvpr.prosons-kar@gov.in"
"General","Karnataka State Police Headquarters","Click a section header to expand Â Â·Â  Click a unit to view its directory table","","Email","dspdcrebjp@ksp.gov.in"
"General","Karnataka State Police Headquarters","Click a section header to expand Â Â·Â  Click a unit to view its directory table","","Email","dyspdarbjp@ksp.gov.in"
"General","Karnataka State Police Headquarters","Click a section header to expand Â Â·Â  Click a unit to view its directory table","","Email","pidsbbjp@ksp.gov.in"
"General","Karnataka State Police Headquarters","Click a section header to expand Â Â·Â  Click a unit to view its directory table","","Email","fpubjp@ksp.gov.in"
"General","Karnataka State Police Headquarters","Click a section header to expand Â Â·Â  Click a unit to view its directory table","","Email","darbjp@ksp.gov.in"
"General","Karnataka State Police Headquarters","Click a section header to expand Â Â·Â  Click a unit to view its directory table","","Email","spbgk@ksp.gov.in"
"General","Karnataka State Police Headquarters","Click a section header to expand Â Â·Â  Click a unit to view its directory table","","Email","addlspbgk@ksp.gov.in"
"General","Karnataka State Police Headquarters","Click a section header to expand Â Â·Â  Click a unit to view its directory table","","Email","dcbgk@ksp.gov.in"
"General","Karnataka State Police Headquarters","Click a section header to expand Â Â·Â  Click a unit to view its directory table","","Email","sdpobgk@ksp.gov.in"
"General","Karnataka State Police Headquarters","Click a section header to expand Â Â·Â  Click a unit to view its directory table","","Email","womenpsbgk@ksp.gov.in"
"General","Karnataka State Police Headquarters","Click a section header to expand Â Â·Â  Click a unit to view its directory table","","Email","cenpsbgk@ksp.gov.in"
"General","Karnataka State Police Headquarters","Click a section header to expand Â Â·Â  Click a unit to view its directory table","","Email","bgktownbgk@ksp.gov.in"
"General","Karnataka State Police Headquarters","Click a section header to expand Â Â·Â  Click a unit to view its directory table","","Email","bilagibgk@ksp.gov.in"
"General","Karnataka State Police Headquarters","Click a section header to expand Â Â·Â  Click a unit to view its directory table","","Email","cpibgktownbgk@ksp.gov.in"
"General","Karnataka State Police Headquarters","Click a section header to expand Â Â·Â  Click a unit to view its directory table","","Email","bgktrafficbgk@ksp.gov.in"
"General","Karnataka State Police Headquarters","Click a section header to expand Â Â·Â  Click a unit to view its directory table","","Email","navnagarbgk@ksp.gov.in"
"General","Karnataka State Police Headquarters","Click a section header to expand Â Â·Â  Click a unit to view its directory table","","Email","cpibgkruralbgk@ksp.gov.in"
"General","Karnataka State Police Headquarters","Click a section header to expand Â Â·Â  Click a unit to view its directory table","","Email","bgkruralbgkbgk@ksp.gov.in"
"General","Karnataka State Police Headquarters","Click a section header to expand Â Â·Â  Click a unit to view its directory table","","Email","kalagdibgk@ksp.gov.in"
"General","Karnataka State Police Headquarters","Click a section header to expand Â Â·Â  Click a unit to view its directory table","","Email","sdpohungundbgk@ksp.gov.in"
"General","Karnataka State Police Headquarters","Click a section header to expand Â Â·Â  Click a unit to view its directory table","","Email","cpihinagundbgk@ksp.gov.in"
"General","Karnataka State Police Headquarters","Click a section header to expand Â Â·Â  Click a unit to view its directory table","","Email","hunagundbgk@ksp.gov.in"
"General","Karnataka State Police Headquarters","Click a section header to expand Â Â·Â  Click a unit to view its directory table","","Email","aminagadbgk@ksp.gov.in"
"General","Karnataka State Police Headquarters","Click a section header to expand Â Â·Â  Click a unit to view its directory table","","Email","ilkalbgk@ksp.gov.in"
"General","Karnataka State Police Headquarters","Click a section header to expand Â Â·Â  Click a unit to view its directory table","","Email","ilkalruralbgk@ksp.gov.in"
"General","Karnataka State Police Headquarters","Click a section header to expand Â Â·Â  Click a unit to view its directory table","","Email","cpibadamibgk@ksp.gov.in"
"General","Karnataka State Police Headquarters","Click a section header to expand Â Â·Â  Click a unit to view its directory table","","Email","badamibgk@ksp.gov.in"
"General","Karnataka State Police Headquarters","Click a section header to expand Â Â·Â  Click a unit to view its directory table","","Email","kerurbgk@ksp.gov.in"
"General","Karnataka State Police Headquarters","Click a section header to expand Â Â·Â  Click a unit to view its directory table","","Email","guledgudbgk@ksp.gov.in"
"General","Karnataka State Police Headquarters","Click a section header to expand Â Â·Â  Click a unit to view its directory table","","Email","sdpojkbgk@ksp.gov.in"
"General","Karnataka State Police Headquarters","Click a section header to expand Â Â·Â  Click a unit to view its directory table","","Email","cpijamakhandibgk@ksp.gov.in"
"General","Karnataka State Police Headquarters","Click a section header to expand Â Â·Â  Click a unit to view its directory table","","Email","jktownbgk@ksp.gov.in"
"General","Karnataka State Police Headquarters","Click a section header to expand Â Â·Â  Click a unit to view its directory table","","Email","jkruralbgk@ksp.gov.in"
"General","Karnataka State Police Headquarters","Click a section header to expand Â Â·Â  Click a unit to view its directory table","","Email","savalagibgk@ksp.gov.in"
"General","Karnataka State Police Headquarters","Click a section header to expand Â Â·Â  Click a unit to view its directory table","","Email","cpibanahattibgk@ksp.gov.in"
"General","Karnataka State Police Headquarters","Click a section header to expand Â Â·Â  Click a unit to view its directory table","","Email","banahattibgk@ksp.gov.in"
"General","Karnataka State Police Headquarters","Click a section header to expand Â Â·Â  Click a unit to view its directory table","","Email","terdalbgk@ksp.gov.in"
"General","Karnataka State Police Headquarters","Click a section header to expand Â Â·Â  Click a unit to view its directory table","","Email","mahalingpurbgk@ksp.gov.in"
"General","Karnataka State Police Headquarters","Click a section header to expand Â Â·Â  Click a unit to view its directory table","","Email","cpimudholbgk@ksp.gov.in"
"General","Karnataka State Police Headquarters","Click a section header to expand Â Â·Â  Click a unit to view its directory table","","Email","mudholbgk@ksp.gov.in"
"General","Karnataka State Police Headquarters","Click a section header to expand Â Â·Â  Click a unit to view its directory table","","Email","lokapurbgk@ksp.gov.in"
"General","Karnataka State Police Headquarters","Click a section header to expand Â Â·Â  Click a unit to view its directory table","","Email","dcrbbgk@ksp.gov.in"
"General","Karnataka State Police Headquarters","Click a section header to expand Â Â·Â  Click a unit to view its directory table","","Email","dsbbgk@ksp.gov.in"
"General","Karnataka State Police Headquarters","Click a section header to expand Â Â·Â  Click a unit to view its directory table","","Email","fpubgk@ksp.gov.in"
"General","Karnataka State Police Headquarters","Click a section header to expand Â Â·Â  Click a unit to view its directory table","","Email","darbgk@ksp.gov.in"
"General","Karnataka State Police Headquarters","Click a section header to expand Â Â·Â  Click a unit to view its directory table","","Email","spdwd@ksp.gov.in"
"General","Karnataka State Police Headquarters","Click a section header to expand Â Â·Â  Click a unit to view its directory table","","Email","dcdwr@ksp.gov.in"
"General","Karnataka State Police Headquarters","Click a section header to expand Â Â·Â  Click a unit to view its directory table","","Email","sdpodwd@ksp.gov.in"
"General","Karnataka State Police Headquarters","Click a section header to expand Â Â·Â  Click a unit to view its directory table","","Email","womenpsdwd@ksp.gov.in"
"General","Karnataka State Police Headquarters","Click a section header to expand Â Â·Â  Click a unit to view its directory table","","Email","cenpsdwd@ksp.gov.in"
"General","Karnataka State Police Headquarters","Click a section header to expand Â Â·Â  Click a unit to view its directory table","","Email","dharwadruraldwd@ksp.gov.in"
"General","Karnataka State Police Headquarters","Click a section header to expand Â Â·Â  Click a unit to view its directory table","","Email","cpiruraldwd@ksp.gov.in"
"General","Karnataka State Police Headquarters","Click a section header to expand Â Â·Â  Click a unit to view its directory table","","Email","garagdwd@ksp.gov.in"
"General","Karnataka State Police Headquarters","Click a section header to expand Â Â·Â  Click a unit to view its directory table","","Email","alnavardwd@ksp.gov.in"
"General","Karnataka State Police Headquarters","Click a section header to expand Â Â·Â  Click a unit to view its directory table","","Email","cpinavalgunddwd@ksp.gov.in"
"General","Karnataka State Police Headquarters","Click a section header to expand Â Â·Â  Click a unit to view its directory table","","Email","navalagunddwd@ksp.gov.in"
"General","Karnataka State Police Headquarters","Click a section header to expand Â Â·Â  Click a unit to view its directory table","","Email","annigeridwd@ksp.gov.in"
"General","Karnataka State Police Headquarters","Click a section header to expand Â Â·Â  Click a unit to view its directory table","","Email","hubliruraldwd@ksp.gov.in"
"General","Karnataka State Police Headquarters","Click a section header to expand Â Â·Â  Click a unit to view its directory table","","Email","kundagoldwd@ksp.gov.in"
"General","Karnataka State Police Headquarters","Click a section header to expand Â Â·Â  Click a unit to view its directory table","","Email","kundagoldwd@ksp.gov.in"
"General","Karnataka State Police Headquarters","Click a section header to expand Â Â·Â  Click a unit to view its directory table","","Email","gudageridwd@ksp.gov.in"
"General","Karnataka State Police Headquarters","Click a section header to expand Â Â·Â  Click a unit to view its directory table","","Email","kalaghatagidwd@ksp.gov.in"
"General","Karnataka State Police Headquarters","Click a section header to expand Â Â·Â  Click a unit to view its directory table","","Email","dcrbdwd@ksp.gov.in"
"General","Karnataka State Police Headquarters","Click a section header to expand Â Â·Â  Click a unit to view its directory table","","Email","mtodardwd@ksp.gov.in"
"General","Karnataka State Police Headquarters","Click a section header to expand Â Â·Â  Click a unit to view its directory table","","Email","dcibdwd@ksp.gov.in"
"General","Karnataka State Police Headquarters","Click a section header to expand Â Â·Â  Click a unit to view its directory table","","Email","spgdg@ksp.gov.in"
"General","Karnataka State Police Headquarters","Click a section header to expand Â Â·Â  Click a unit to view its directory table","","Email","addlspgdg@ksp.gov.in"
"General","Karnataka State Police Headquarters","Click a section header to expand Â Â·Â  Click a unit to view its directory table","","Email","dcgdg@ksp.gov.in"
"General","Karnataka State Police Headquarters","Click a section header to expand Â Â·Â  Click a unit to view its directory table","","Email","sdpogadaggdg@ksp.gov.in"
"General","Karnataka State Police Headquarters","Click a section header to expand Â Â·Â  Click a unit to view its directory table","","Email","womengdg@ksp.gov.in"
"General","Karnataka State Police Headquarters","Click a section header to expand Â Â·Â  Click a unit to view its directory table","","Email","cengdg@ksp.gov.in"
"General","Karnataka State Police Headquarters","Click a section header to expand Â Â·Â  Click a unit to view its directory table","","Email","towngdg@ksp.gov.in"
"General","Karnataka State Police Headquarters","Click a section header to expand Â Â·Â  Click a unit to view its directory table","","Email","cpiruralgdg@ksp.gov.in"
"General","Karnataka State Police Headquarters","Click a section header to expand Â Â·Â  Click a unit to view its directory table","","Email","ruralgdg@ksp.gov.in"
"General","Karnataka State Police Headquarters","Click a section header to expand Â Â·Â  Click a unit to view its directory table","","Email","mulagundgdg@ksp.gov.in"
"General","Karnataka State Police Headquarters","Click a section header to expand Â Â·Â  Click a unit to view its directory table","","Email","cpibetagerigdg@ksp.gov.in"
"General","Karnataka State Police Headquarters","Click a section header to expand Â Â·Â  Click a unit to view its directory table","","Email","betagerigdg@ksp.gov.in"
"General","Karnataka State Police Headquarters","Click a section header to expand Â Â·Â  Click a unit to view its directory table","","Email","betageriextngdg@ksp.gov.in"
"General","Karnataka State Police Headquarters","Click a section header to expand Â Â·Â  Click a unit to view its directory table","","Email","trafficgdg@ksp.gov.in"
"General","Karnataka State Police Headquarters","Click a section header to expand Â Â·Â  Click a unit to view its directory table","","Email","cpishirahattigdg@ksp.gov.in"
"General","Karnataka State Police Headquarters","Click a section header to expand Â Â·Â  Click a unit to view its directory table","","Email","shirahattigdg@ksp.gov.in"
"General","Karnataka State Police Headquarters","Click a section header to expand Â Â·Â  Click a unit to view its directory table","","Email","laxmeshwargdg@ksp.gov.in"
"General","Karnataka State Police Headquarters","Click a section header to expand Â Â·Â  Click a unit to view its directory table","","Email","sdponaragundgdg@ksp.gov.in"
"General","Karnataka State Police Headquarters","Click a section header to expand Â Â·Â  Click a unit to view its directory table","","Email","naragundgdg@ksp.gov.in"
"General","Karnataka State Police Headquarters","Click a section header to expand Â Â·Â  Click a unit to view its directory table","","Email","cpirongdg@ksp.gov.in"
"General","Karnataka State Police Headquarters","Click a section header to expand Â Â·Â  Click a unit to view its directory table","","Email","rongdg@ksp.gov.in"
"General","Karnataka State Police Headquarters","Click a section header to expand Â Â·Â  Click a unit to view its directory table","","Email","gajendragadgdg@ksp.gov.in"
"General","Karnataka State Police Headquarters","Click a section header to expand Â Â·Â  Click a unit to view its directory table","","Email","naregalgdg@ksp.gov.in"
"General","Karnataka State Police Headquarters","Click a section header to expand Â Â·Â  Click a unit to view its directory table","","Email","mundaragigdg@ksp.gov.in"
"General","Karnataka State Police Headquarters","Click a section header to expand Â Â·Â  Click a unit to view its directory table","","Email","dspdcrbgdg@ksp.gov.in"
"General","Karnataka State Police Headquarters","Click a section header to expand Â Â·Â  Click a unit to view its directory table","","Email","mvccgdg@ksp.gov.in"
"General","Karnataka State Police Headquarters","Click a section header to expand Â Â·Â  Click a unit to view its directory table","","Email","dsbgdg@ksp.gov.in"
"General","Karnataka State Police Headquarters","Click a section header to expand Â Â·Â  Click a unit to view its directory table","","Email","fpugdg@ksp.gov.in"
"General","Karnataka State Police Headquarters","Click a section header to expand Â Â·Â  Click a unit to view its directory table","","Email","dargdg@ksp.gov.in"
"General","Karnataka State Police Headquarters","Click a section header to expand Â Â·Â  Click a unit to view its directory table","","Email","gadagrly@ksp.gov.in"
"General","Karnataka State Police Headquarters","Click a section header to expand Â Â·Â  Click a unit to view its directory table","","Email","dpgadag.prisons-kar@ka.gov.in"
"General","Karnataka State Police Headquarters","Click a section header to expand Â Â·Â  Click a unit to view its directory table","","Email","hgofficegadag330@gmail.com"
"General","Karnataka State Police Headquarters","Click a section header to expand Â Â·Â  Click a unit to view its directory table","","Email","deo.gadag@gmail.com"
"General","Karnataka State Police Headquarters","Click a section header to expand Â Â·Â  Click a unit to view its directory table","","Email","ceo-gadag@gov.in"
"General","Karnataka State Police Headquarters","Click a section header to expand Â Â·Â  Click a unit to view its directory table","","Email","acgadag@gmail.com"
"General","Karnataka State Police Headquarters","Click a section header to expand Â Â·Â  Click a unit to view its directory table","","Email","rtogdg-ka@nic.in"
"General","Karnataka State Police Headquarters","Click a section header to expand Â Â·Â  Click a unit to view its directory table","","Email","tahgdg@gmail.com"
"General","Karnataka State Police Headquarters","Click a section header to expand Â Â·Â  Click a unit to view its directory table","","Email","igpsr@ksp.gov.in"
"General","Karnataka State Police Headquarters","Click a section header to expand Â Â·Â  Click a unit to view its directory table","","Email","sp.dcre.mys@ksp.gov.in"
"General","Karnataka State Police Headquarters","Click a section header to expand Â Â·Â  Click a unit to view its directory table","","Email","spmys@ksp.gov.in"
"General","Karnataka State Police Headquarters","Click a section header to expand Â Â·Â  Click a unit to view its directory table","","Email","addlspmys@ksp.gov.in"
"General","Karnataka State Police Headquarters","Click a section header to expand Â Â·Â  Click a unit to view its directory table","","Email","addlsp2mys@ksp.gov.in"
"General","Karnataka State Police Headquarters","Click a section header to expand Â Â·Â  Click a unit to view its directory table","","Email","dcmys@ksp.gov.in"
"General","Karnataka State Police Headquarters","Click a section header to expand Â Â·Â  Click a unit to view its directory table","","Email","dspwszmys@ksp.gov.in"
"General","Karnataka State Police Headquarters","Click a section header to expand Â Â·Â  Click a unit to view its directory table","","Email","piwdcrmys@gmail.com"
"General","Karnataka State Police Headquarters","Click a section header to expand Â Â·Â  Click a unit to view its directory table","","Email","sdporuralmys@ksp.gov.in"
"General","Karnataka State Police Headquarters","Click a section header to expand Â Â·Â  Click a unit to view its directory table","","Email","womenpsmys@ksp.gov.in"
"General","Karnataka State Police Headquarters","Click a section header to expand Â Â·Â  Click a unit to view its directory table","","Email","cenpsmys@ksp.gov.in"
"General","Karnataka State Police Headquarters","Click a section header to expand Â Â·Â  Click a unit to view its directory table","","Email","southmys@ksp.gov.in"
"General","Karnataka State Police Headquarters","Click a section header to expand Â Â·Â  Click a unit to view its directory table","","Email","krnagarmys@ksp.gov.in"
"General","Karnataka State Police Headquarters","Click a section header to expand Â Â·Â  Click a unit to view its directory table","","Email","saligramamys@ksp.gov.in"
"General","Karnataka State Police Headquarters","Click a section header to expand Â Â·Â  Click a unit to view its directory table","","Email","cpiruralmys@ksp.gov.in"
"General","Karnataka State Police Headquarters","Click a section header to expand Â Â·Â  Click a unit to view its directory table","","Email","jayapuramys@ksp.gov.in"
"General","Karnataka State Police Headquarters","Click a section header to expand Â Â·Â  Click a unit to view its directory table","","Email","yelawalamys@ksp.gov.in"
"General","Karnataka State Police Headquarters","Click a section header to expand Â Â·Â  Click a unit to view its directory table","","Email","varunamys@ksp.gov.in"
"General","Karnataka State Police Headquarters","Click a section header to expand Â Â·Â  Click a unit to view its directory table","","Email","sdpohunsurmys@ksp.gov.in"
"General","Karnataka State Police Headquarters","Click a section header to expand Â Â·Â  Click a unit to view its directory table","","Email","hunsurtownmys@ksp.gov.in"
"General","Karnataka State Police Headquarters","Click a section header to expand Â Â·Â  Click a unit to view its directory table","","Email","hunsurruralmys@ksp.gov.in"
"General","Karnataka State Police Headquarters","Click a section header to expand Â Â·Â  Click a unit to view its directory table","","Email","bilikeremys@ksp.gov.in"
"General","Karnataka State Police Headquarters","Click a section header to expand Â Â·Â  Click a unit to view its directory table","","Email","cpibyalakuppemys@ksp.gov.in"
"General","Karnataka State Police Headquarters","Click a section header to expand Â Â·Â  Click a unit to view its directory table","","Email","byalakuppemys@ksp.gov.in"
"General","Karnataka State Police Headquarters","Click a section header to expand Â Â·Â  Click a unit to view its directory table","","Email","bettadapuramys@ksp.gov.in"
"General","Karnataka State Police Headquarters","Click a section header to expand Â Â·Â  Click a unit to view its directory table","","Email","periyapatnamys@ksp.gov.in"
"General","Karnataka State Police Headquarters","Click a section header to expand Â Â·Â  Click a unit to view its directory table","","Email","cpisargurmys@ksp.gov.in"
"General","Karnataka State Police Headquarters","Click a section header to expand Â Â·Â  Click a unit to view its directory table","","Email","sargurmys@ksp.gov.in"
"General","Karnataka State Police Headquarters","Click a section header to expand Â Â·Â  Click a unit to view its directory table","","Email","antharasanthemys@ksp.gov.in"
"General","Karnataka State Police Headquarters","Click a section header to expand Â Â·Â  Click a unit to view its directory table","","Email","hdkotemys@ksp.gov.in"
"General","Karnataka State Police Headquarters","Click a section header to expand Â Â·Â  Click a unit to view its directory table","","Email","sdponanjangudmys@ksp.gov.in"
"General","Karnataka State Police Headquarters","Click a section header to expand Â Â·Â  Click a unit to view its directory table","","Email","nanjangudtownmys@ksp.gov.in"
"General","Karnataka State Police Headquarters","Click a section header to expand Â Â·Â  Click a unit to view its directory table","","Email","nanjangudtrafficps@ksp.gov.in"
"General","Karnataka State Police Headquarters","Click a section header to expand Â Â·Â  Click a unit to view its directory table","","Email","nanjangudruralmys@ksp.gov.in"
"General","Karnataka State Police Headquarters","Click a section header to expand Â Â·Â  Click a unit to view its directory table","","Email","biligeremys@ksp.gov.in"
"General","Karnataka State Police Headquarters","Click a section header to expand Â Â·Â  Click a unit to view its directory table","","Email","hullahallimys@ksp.gov.in"
"General","Karnataka State Police Headquarters","Click a section header to expand Â Â·Â  Click a unit to view its directory table","","Email","kowlandemys@ksp.gov.in"
"General","Karnataka State Police Headquarters","Click a section header to expand Â Â·Â  Click a unit to view its directory table","","Email","tnpuramys@ksp.gov.in"
"General","Karnataka State Police Headquarters","Click a section header to expand Â Â·Â  Click a unit to view its directory table","","Email","bannurmys@ksp.gov.in"
"General","Karnataka State Police Headquarters","Click a section header to expand Â Â·Â  Click a unit to view its directory table","","Email","talakadumys@ksp.gov.in"
"General","Karnataka State Police Headquarters","Click a section header to expand Â Â·Â  Click a unit to view its directory table","","Email","aaomys@ksp.gov.in"
"General","Karnataka State Police Headquarters","Click a section header to expand Â Â·Â  Click a unit to view its directory table","","Email","pidsbmys@ksp.gov.in"
"General","Karnataka State Police Headquarters","Click a section header to expand Â Â·Â  Click a unit to view its directory table","","Email","darmys@ksp.gov.in"
"General","Karnataka State Police Headquarters","Click a section header to expand Â Â·Â  Click a unit to view its directory table","","Email","fpbmyc@ksp.gov.in"
"General","Karnataka State Police Headquarters","Click a section header to expand Â Â·Â  Click a unit to view its directory table","","Email","rfslmys@ksp.gov.in"
"General","Karnataka State Police Headquarters","Click a section header to expand Â Â·Â  Click a unit to view its directory table","","Email","ptsmyc@ksp.gov.in"
"General","Karnataka State Police Headquarters","Click a section header to expand Â Â·Â  Click a unit to view its directory table","","Email","sphsn@ksp.gov.in"
"General","Karnataka State Police Headquarters","Click a section header to expand Â Â·Â  Click a unit to view its directory table","","Email","addlsphsn@ksp.gov.in"
"General","Karnataka State Police Headquarters","Click a section header to expand Â Â·Â  Click a unit to view its directory table","","Email","dchsn@ksp.gov.in"
"General","Karnataka State Police Headquarters","Click a section header to expand Â Â·Â  Click a unit to view its directory table","","Email","sdpohsn@ksp.gov.in"
"General","Karnataka State Police Headquarters","Click a section header to expand Â Â·Â  Click a unit to view its directory table","","Email","womenpshsn@ksp.gov.in"
"General","Karnataka State Police Headquarters","Click a section header to expand Â Â·Â  Click a unit to view its directory table","","Email","dcbhsn@ksp.gov.in"
"General","Karnataka State Police Headquarters","Click a section header to expand Â Â·Â  Click a unit to view its directory table","","Email","townhsn@ksp.gov.in"
"General","Karnataka State Police Headquarters","Click a section header to expand Â Â·Â  Click a unit to view its directory table","","Email","ruralhsn@ksp.gov.in"
"General","Karnataka State Police Headquarters","Click a section header to expand Â Â·Â  Click a unit to view its directory table","","Email","extensionhsn@ksp.gov.in"
"General","Karnataka State Police Headquarters","Click a section header to expand Â Â·Â  Click a unit to view its directory table","","Email","pensionmohallahsn@ksp.gov.in"
"General","Karnataka State Police Headquarters","Click a section header to expand Â Â·Â  Click a unit to view its directory table","","Email","traffichsn@ksp.gov.in"
"General","Karnataka State Police Headquarters","Click a section header to expand Â Â·Â  Click a unit to view its directory table","","Email","cpiruralhsn@ksp.gov.in"
"General","Karnataka State Police Headquarters","Click a section header to expand Â Â·Â  Click a unit to view its directory table","","Email","sgramahsn@ksp.gov.in"
"General","Karnataka State Police Headquarters","Click a section header to expand Â Â·Â  Click a unit to view its directory table","","Email","gorurhsn@ksp.gov.in"
"General","Karnataka State Police Headquarters","Click a section header to expand Â Â·Â  Click a unit to view its directory table","","Email","duddahsn@ksp.gov.in"
"General","Karnataka State Police Headquarters","Click a section header to expand Â Â·Â  Click a unit to view its directory table","","Email","sdpoarasikerehsn@ksp.gov.in"
"General","Karnataka State Police Headquarters","Click a section header to expand Â Â·Â  Click a unit to view its directory table","","Email","cpiarasikereruralhsn@ksp.gov.in"
"General","Karnataka State Police Headquarters","Click a section header to expand Â Â·Â  Click a unit to view its directory table","","Email","gandasihsn@ksp.gov.in"
"General","Karnataka State Police Headquarters","Click a section header to expand Â Â·Â  Click a unit to view its directory table","","Email","javgalhsn@ksp.gov.in"
"General","Karnataka State Police Headquarters","Click a section header to expand Â Â·Â  Click a unit to view its directory table","","Email","banavarahsn@ksp.gov.in"
"General","Karnataka State Police Headquarters","Click a section header to expand Â Â·Â  Click a unit to view its directory table","","Email","arasikereruralhsn@ksp.gov.in"
"General","Karnataka State Police Headquarters","Click a section header to expand Â Â·Â  Click a unit to view its directory table","","Email","arasikeretownhsn@ksp.gov.in"
"General","Karnataka State Police Headquarters","Click a section header to expand Â Â·Â  Click a unit to view its directory table","","Email","cpibelurhsn@ksp.gov.in"
"General","Karnataka State Police Headquarters","Click a section header to expand Â Â·Â  Click a unit to view its directory table","","Email","halebeeduhsn@ksp.gov.in"
"General","Karnataka State Police Headquarters","Click a section header to expand Â Â·Â  Click a unit to view its directory table","","Email","arehallyhsn@ksp.gov.in"
"General","Karnataka State Police Headquarters","Click a section header to expand Â Â·Â  Click a unit to view its directory table","","Email","belurhsn@ksp.gov.in"
"General","Karnataka State Police Headquarters","Click a section header to expand Â Â·Â  Click a unit to view its directory table","","Email","sdpohnpurahsn@ksp.gov.in"
"General","Karnataka State Police Headquarters","Click a section header to expand Â Â·Â  Click a unit to view its directory table","","Email","cpihnpurahsn@ksp.gov.in"
"General","Karnataka State Police Headquarters","Click a section header to expand Â Â·Â  Click a unit to view its directory table","","Email","hnpuratownhsn@ksp.gov.in"
"General","Karnataka State Police Headquarters","Click a section header to expand Â Â·Â  Click a unit to view its directory table","","Email","hnpuraruralhsn@ksp.gov.in"
"General","Karnataka State Police Headquarters","Click a section header to expand Â Â·Â  Click a unit to view its directory table","","Email","cpiarkalgudhsn@ksp.gov.in"
"General","Karnataka State Police Headquarters","Click a section header to expand Â Â·Â  Click a unit to view its directory table","","Email","arkalgudhsn@ksp.gov.in"
"General","Karnataka State Police Headquarters","Click a section header to expand Â Â·Â  Click a unit to view its directory table","","Email","konanurhsn@ksp.gov.in"
"General","Karnataka State Police Headquarters","Click a section header to expand Â Â·Â  Click a unit to view its directory table","","Email","crpatnatownhsn@ksp.gov.in"
"General","Karnataka State Police Headquarters","Click a section header to expand Â Â·Â  Click a unit to view its directory table","","Email","crpatnaruralhsn@ksp.gov.in"
"General","Karnataka State Police Headquarters","Click a section header to expand Â Â·Â  Click a unit to view its directory table","","Email","cpihirisavehsn@ksp.gov.in"
"General","Karnataka State Police Headquarters","Click a section header to expand Â Â·Â  Click a unit to view its directory table","","Email","hirisavehsn@ksp.gov.in"
"General","Karnataka State Police Headquarters","Click a section header to expand Â Â·Â  Click a unit to view its directory table","","Email","nuggehallyhsn@ksp.gov.in"
"General","Karnataka State Police Headquarters","Click a section header to expand Â Â·Â  Click a unit to view its directory table","","Email","shravanabelagolahsn@ksp.gov.in"
"General","Karnataka State Police Headquarters","Click a section header to expand Â Â·Â  Click a unit to view its directory table","","Email","sdposakaleshapurahsn@ksp.gov.in"
"General","Karnataka State Police Headquarters","Click a section header to expand Â Â·Â  Click a unit to view its directory table","","Email","sakaleshapuratownhsn@ksp.gov.in"
"General","Karnataka State Police Headquarters","Click a section header to expand Â Â·Â  Click a unit to view its directory table","","Email","cpisakaleshapurahsn@ksp.gov.in"
"General","Karnataka State Police Headquarters","Click a section header to expand Â Â·Â  Click a unit to view its directory table","","Email","sakaleshapuraruralhsn@ksp.gov.in"
"General","Karnataka State Police Headquarters","Click a section header to expand Â Â·Â  Click a unit to view its directory table","","Email","yeslurhsn@ksp.gov.in"
"General","Karnataka State Police Headquarters","Click a section header to expand Â Â·Â  Click a unit to view its directory table","","Email","alurhsn@ksp.gov.in"
"General","Karnataka State Police Headquarters","Click a section header to expand Â Â·Â  Click a unit to view its directory table","","Email","darhsn@ksp.gov.in"
"General","Karnataka State Police Headquarters","Click a section header to expand Â Â·Â  Click a unit to view its directory table","","Email","darhassan@ksp.gov.in"
"General","Karnataka State Police Headquarters","Click a section header to expand Â Â·Â  Click a unit to view its directory table","","Email","dsbhsn@ksp.gov.in"
"General","Karnataka State Police Headquarters","Click a section header to expand Â Â·Â  Click a unit to view its directory table","","Email","dcbhsn@ksp.gov.in"
"General","Karnataka State Police Headquarters","Click a section header to expand Â Â·Â  Click a unit to view its directory table","","Email","spmdy@ksp.gov.in"
"General","Karnataka State Police Headquarters","Click a section header to expand Â Â·Â  Click a unit to view its directory table","","Email","addlspmdy@ksp.gov.in"
"General","Karnataka State Police Headquarters","Click a section header to expand Â Â·Â  Click a unit to view its directory table","","Email","Addlsp2mdy@ksp.gov.in"
"General","Karnataka State Police Headquarters","Click a section header to expand Â Â·Â  Click a unit to view its directory table","","Email","dcmdy@ksp.gov.in"
"General","Karnataka State Police Headquarters","Click a section header to expand Â Â·Â  Click a unit to view its directory table","","Email","sdpomdy@ksp.gov.in"
"General","Karnataka State Police Headquarters","Click a section header to expand Â Â·Â  Click a unit to view its directory table","","Email","womenmdy@ksp.gov.in"
"General","Karnataka State Police Headquarters","Click a section header to expand Â Â·Â  Click a unit to view its directory table","","Email","cenmdy@ksp.gov.in"
"General","Karnataka State Police Headquarters","Click a section header to expand Â Â·Â  Click a unit to view its directory table","","Email","westmdy@ksp.gov.in"
"General","Karnataka State Police Headquarters","Click a section header to expand Â Â·Â  Click a unit to view its directory table","","Email","cpitownmdy@ksp.gov.in"
"General","Karnataka State Police Headquarters","Click a section header to expand Â Â·Â  Click a unit to view its directory table","","Email","eastmdy@ksp.gov.in"
"General","Karnataka State Police Headquarters","Click a section header to expand Â Â·Â  Click a unit to view its directory table","","Email","trafficmdy@ksp.gov.in"
"General","Karnataka State Police Headquarters","Click a section header to expand Â Â·Â  Click a unit to view its directory table","","Email","cpiruralmdy@ksp.gov.in"
"General","Karnataka State Police Headquarters","Click a section header to expand Â Â·Â  Click a unit to view its directory table","","Email","keragodumdy@ksp.gov.in"
"General","Karnataka State Police Headquarters","Click a section header to expand Â Â·Â  Click a unit to view its directory table","","Email","shivallimdy@ksp.gov.in"
"General","Karnataka State Police Headquarters","Click a section header to expand Â Â·Â  Click a unit to view its directory table","","Email","basaralumdy@ksp.gov.in"
"General","Karnataka State Police Headquarters","Click a section header to expand Â Â·Â  Click a unit to view its directory table","","Email","ruralmdy@ksp.gov.in"
"General","Karnataka State Police Headquarters","Click a section header to expand Â Â·Â  Click a unit to view its directory table","","Email","sdponmangalamdy@ksp.gov.in"
"General","Karnataka State Police Headquarters","Click a section header to expand Â Â·Â  Click a unit to view its directory table","","Email","cpinmangalamdy@ksp.gov.in"
"General","Karnataka State Police Headquarters","Click a section header to expand Â Â·Â  Click a unit to view its directory table","","Email","nmangalaruralmdy@ksp.gov.in"
"General","Karnataka State Police Headquarters","Click a section header to expand Â Â·Â  Click a unit to view its directory table","","Email","bellurmdy@ksp.gov.in"
"General","Karnataka State Police Headquarters","Click a section header to expand Â Â·Â  Click a unit to view its directory table","","Email","bnavilemdy@ksp.gov.in"
"General","Karnataka State Police Headquarters","Click a section header to expand Â Â·Â  Click a unit to view its directory table","","Email","nmangalamdy@ksp.gov.in"
"General","Karnataka State Police Headquarters","Click a section header to expand Â Â·Â  Click a unit to view its directory table","","Email","cpikrpetmdy@ksp.gov.in"
"General","Karnataka State Police Headquarters","Click a section header to expand Â Â·Â  Click a unit to view its directory table","","Email","krpettownmdy@ksp.gov.in"
"General","Karnataka State Police Headquarters","Click a section header to expand Â Â·Â  Click a unit to view its directory table","","Email","krpetruralmdy@ksp.gov.in"
"General","Karnataka State Police Headquarters","Click a section header to expand Â Â·Â  Click a unit to view its directory table","","Email","kikkerimdy@ksp.gov.in"
"General","Karnataka State Police Headquarters","Click a section header to expand Â Â·Â  Click a unit to view its directory table","","Email","sdpomalavallimdy@ksp.gov.in"
"General","Karnataka State Police Headquarters","Click a section header to expand Â Â·Â  Click a unit to view its directory table","","Email","malavallitownmdy@ksp.gov.in"
"General","Karnataka State Police Headquarters","Click a section header to expand Â Â·Â  Click a unit to view its directory table","","Email","malavalliruralmdy@ksp.gov.in"
"General","Karnataka State Police Headquarters","Click a section header to expand Â Â·Â  Click a unit to view its directory table","","Email","cpikmdoddimdy@ksp.gov.in"
"General","Karnataka State Police Headquarters","Click a section header to expand Â Â·Â  Click a unit to view its directory table","","Email","kmdoddimdy@ksp.gov.in"
"General","Karnataka State Police Headquarters","Click a section header to expand Â Â·Â  Click a unit to view its directory table","","Email","halagurumdy@ksp.gov.in"
"General","Karnataka State Police Headquarters","Click a section header to expand Â Â·Â  Click a unit to view its directory table","","Email","kiragavalumdy@ksp.gov.in"
"General","Karnataka State Police Headquarters","Click a section header to expand Â Â·Â  Click a unit to view its directory table","","Email","belakavadimdy@ksp.gov.in"
"General","Karnataka State Police Headquarters","Click a section header to expand Â Â·Â  Click a unit to view its directory table","","Email","cpimaddurmdy@ksp.gov.in"
"General","Karnataka State Police Headquarters","Click a section header to expand Â Â·Â  Click a unit to view its directory table","","Email","besagarahallimdy@ksp.gov.in"
"General","Karnataka State Police Headquarters","Click a section header to expand Â Â·Â  Click a unit to view its directory table","","Email","koppamdy@ksp.gov.in"
"General","Karnataka State Police Headquarters","Click a section header to expand Â Â·Â  Click a unit to view its directory table","","Email","kesturmdy@ksp.gov.in"
"General","Karnataka State Police Headquarters","Click a section header to expand Â Â·Â  Click a unit to view its directory table","","Email","maduurtrafficmdy@ksp.gov.in"
"General","Karnataka State Police Headquarters","Click a section header to expand Â Â·Â  Click a unit to view its directory table","","Email","maddurmdy@ksp.gov.in"
"General","Karnataka State Police Headquarters","Click a section header to expand Â Â·Â  Click a unit to view its directory table","","Email","sdporpatnamdy@ksp.gov.in"
"General","Karnataka State Police Headquarters","Click a section header to expand Â Â·Â  Click a unit to view its directory table","","Email","cpisrpatnamdy@ksp.gov.in"
"General","Karnataka State Police Headquarters","Click a section header to expand Â Â·Â  Click a unit to view its directory table","","Email","arakeremdy@ksp.gov.in"
"General","Karnataka State Police Headquarters","Click a section header to expand Â Â·Â  Click a unit to view its directory table","","Email","srpatnamdy@ksp.gov.in"
"General","Karnataka State Police Headquarters","Click a section header to expand Â Â·Â  Click a unit to view its directory table","","Email","srpatnaruralmdy@ksp.gov.in"
"General","Karnataka State Police Headquarters","Click a section header to expand Â Â·Â  Click a unit to view its directory table","","Email","ppuramdy@ksp.gov.in"
"General","Karnataka State Police Headquarters","Click a section header to expand Â Â·Â  Click a unit to view its directory table","","Email","melukotemdy@ksp.gov.in"
"General","Karnataka State Police Headquarters","Click a section header to expand Â Â·Â  Click a unit to view its directory table","","Email","darmdy@ksp.gov.in"
"General","Karnataka State Police Headquarters","Click a section header to expand Â Â·Â  Click a unit to view its directory table","","Email","dcrbmdy@ksp.gov.in"
"General","Karnataka State Police Headquarters","Click a section header to expand Â Â·Â  Click a unit to view its directory table","","Email","dsbmdy@ksp.gov.in"
"General","Karnataka State Police Headquarters","Click a section header to expand Â Â·Â  Click a unit to view its directory table","","Email","spchn@ksp.gov.in"
"General","Karnataka State Police Headquarters","Click a section header to expand Â Â·Â  Click a unit to view its directory table","","Email","addlspchn@ksp.gov.in"
"General","Karnataka State Police Headquarters","Click a section header to expand Â Â·Â  Click a unit to view its directory table","","Email","dcchn@ksp.gov.in"
"General","Karnataka State Police Headquarters","Click a section header to expand Â Â·Â  Click a unit to view its directory table","","Email","sdpochn@ksp.gov.in"
"General","Karnataka State Police Headquarters","Click a section header to expand Â Â·Â  Click a unit to view its directory table","","Email","womenchn@ksp.gov.in"
"General","Karnataka State Police Headquarters","Click a section header to expand Â Â·Â  Click a unit to view its directory table","","Email","dcbchn@ksp.gov.in"
"General","Karnataka State Police Headquarters","Click a section header to expand Â Â·Â  Click a unit to view its directory table","","Email","cpismhallichn@ksp.gov.in"
"General","Karnataka State Police Headquarters","Click a section header to expand Â Â·Â  Click a unit to view its directory table","","Email","smhallichn@ksp.gov.in"
"General","Karnataka State Police Headquarters","Click a section header to expand Â Â·Â  Click a unit to view its directory table","","Email","kuderuchn@ksp.gov.in"
"General","Karnataka State Police Headquarters","Click a section header to expand Â Â·Â  Click a unit to view its directory table","","Email","townchn@ksp.gov.in"
"General","Karnataka State Police Headquarters","Click a section header to expand Â Â·Â  Click a unit to view its directory table","","Email","ruralchn@ksp.gov.in"
"General","Karnataka State Police Headquarters","Click a section header to expand Â Â·Â  Click a unit to view its directory table","","Email","eastchn@ksp.gov.in"
"General","Karnataka State Police Headquarters","Click a section header to expand Â Â·Â  Click a unit to view its directory table","","Email","trafficchn@ksp.gov.in"
"General","Karnataka State Police Headquarters","Click a section header to expand Â Â·Â  Click a unit to view its directory table","","Email","cpibegurchn@ksp.gov.in"
"General","Karnataka State Police Headquarters","Click a section header to expand Â Â·Â  Click a unit to view its directory table","","Email","begurchn@ksp.gov.in"
"General","Karnataka State Police Headquarters","Click a section header to expand Â Â·Â  Click a unit to view its directory table","","Email","terakanambichn@ksp.gov.in"
"General","Karnataka State Police Headquarters","Click a section header to expand Â Â·Â  Click a unit to view its directory table","","Email","gundlupetechn@ksp.gov.in"
"General","Karnataka State Police Headquarters","Click a section header to expand Â Â·Â  Click a unit to view its directory table","","Email","sdpokollegalchn@ksp.gov.in"
"General","Karnataka State Police Headquarters","Click a section header to expand Â Â·Â  Click a unit to view its directory table","","Email","cpikollegalchn@ksp.gov.in"
"General","Karnataka State Police Headquarters","Click a section header to expand Â Â·Â  Click a unit to view its directory table","","Email","kollegaltownchn@ksp.gov.in"
"General","Karnataka State Police Headquarters","Click a section header to expand Â Â·Â  Click a unit to view its directory table","","Email","kollegalruralchn@ksp.gov.in"
"General","Karnataka State Police Headquarters","Click a section header to expand Â Â·Â  Click a unit to view its directory table","","Email","hanurchn@ksp.gov.in"
"General","Karnataka State Police Headquarters","Click a section header to expand Â Â·Â  Click a unit to view its directory table","","Email","ramapurachn@ksp.gov.in"
"General","Karnataka State Police Headquarters","Click a section header to expand Â Â·Â  Click a unit to view its directory table","","Email","mmhillschn@ksp.gov.in"
"General","Karnataka State Police Headquarters","Click a section header to expand Â Â·Â  Click a unit to view its directory table","","Email","cpiyelandurchn@ksp.gov.in"
"General","Karnataka State Police Headquarters","Click a section header to expand Â Â·Â  Click a unit to view its directory table","","Email","yelandurchn@ksp.gov.in"
"General","Karnataka State Police Headquarters","Click a section header to expand Â Â·Â  Click a unit to view its directory table","","Email","mamballichn@ksp.gov.in"
"General","Karnataka State Police Headquarters","Click a section header to expand Â Â·Â  Click a unit to view its directory table","","Email","dcrbchn@ksp.gov.in"
"General","Karnataka State Police Headquarters","Click a section header to expand Â Â·Â  Click a unit to view its directory table","","Email","dsbchn@ksp.gov.in"
"General","Karnataka State Police Headquarters","Click a section header to expand Â Â·Â  Click a unit to view its directory table","","Email","pmtchn@ksp.gov.in"
"General","Karnataka State Police Headquarters","Click a section header to expand Â Â·Â  Click a unit to view its directory table","","Email","spmcr@ksp.gov.in"
"General","Karnataka State Police Headquarters","Click a section header to expand Â Â·Â  Click a unit to view its directory table","","Email","addlspmcr@ksp.gov.in"
"General","Karnataka State Police Headquarters","Click a section header to expand Â Â·Â  Click a unit to view its directory table","","Email","spcidforestmcr@ksp.gov.in"
"General","Karnataka State Police Headquarters","Click a section header to expand Â Â·Â  Click a unit to view its directory table","","Email","dcmcr@ksp.gov.in"
"General","Karnataka State Police Headquarters","Click a section header to expand Â Â·Â  Click a unit to view its directory table","","Email","piwirelesskodagu@gmail.com"
"General","Karnataka State Police Headquarters","Click a section header to expand Â Â·Â  Click a unit to view its directory table","","Email","sdpomdkmcr@ksp.gov.in"
"General","Karnataka State Police Headquarters","Click a section header to expand Â Â·Â  Click a unit to view its directory table","","Email","kodaguwomenpsmcr@ksp.gov.in"
"General","Karnataka State Police Headquarters","Click a section header to expand Â Â·Â  Click a unit to view its directory table","","Email","dcbmcr@ksp.gov.in"
"General","Karnataka State Police Headquarters","Click a section header to expand Â Â·Â  Click a unit to view its directory table","","Email","cpitownmcr@ksp.gov.in"
"General","Karnataka State Police Headquarters","Click a section header to expand Â Â·Â  Click a unit to view its directory table","","Email","madikeritownmcr@ksp.gov.in"
"General","Karnataka State Police Headquarters","Click a section header to expand Â Â·Â  Click a unit to view its directory table","","Email","trafficmcr@ksp.gov.in"
"General","Karnataka State Police Headquarters","Click a section header to expand Â Â·Â  Click a unit to view its directory table","","Email","siddapuramcr@ksp.gov.in"
"General","Karnataka State Police Headquarters","Click a section header to expand Â Â·Â  Click a unit to view its directory table","","Email","cpiruralmcr@ksp.gov.in"
"General","Karnataka State Police Headquarters","Click a section header to expand Â Â·Â  Click a unit to view its directory table","","Email","napoklumcr@ksp.gov.in"
"General","Karnataka State Police Headquarters","Click a section header to expand Â Â·Â  Click a unit to view its directory table","","Email","bhagamandalamcr@ksp.gov.in"
"General","Karnataka State Police Headquarters","Click a section header to expand Â Â·Â  Click a unit to view its directory table","","Email","madikeriruralmcr@ksp.gov.in"
"General","Karnataka State Police Headquarters","Click a section header to expand Â Â·Â  Click a unit to view its directory table","","Email","sdpovpetmcr@ksp.gov.in"
"General","Karnataka State Police Headquarters","Click a section header to expand Â Â·Â  Click a unit to view its directory table","","Email","cpivpetmcr@ksp.gov.in"
"General","Karnataka State Police Headquarters","Click a section header to expand Â Â·Â  Click a unit to view its directory table","","Email","virajpettownmcr@ksp.gov.in"
"General","Karnataka State Police Headquarters","Click a section header to expand Â Â·Â  Click a unit to view its directory table","","Email","virajpetruralmcr@ksp.gov.in"
"General","Karnataka State Police Headquarters","Click a section header to expand Â Â·Â  Click a unit to view its directory table","","Email","cpigcoppamcr@ksp.gov.in"
"General","Karnataka State Police Headquarters","Click a section header to expand Â Â·Â  Click a unit to view its directory table","","Email","gonicoppamcr@ksp.gov.in"
"General","Karnataka State Police Headquarters","Click a section header to expand Â Â·Â  Click a unit to view its directory table","","Email","ponnampetmcr@ksp.gov.in"
"General","Karnataka State Police Headquarters","Click a section header to expand Â Â·Â  Click a unit to view its directory table","","Email","cpikuttamcr@ksp.gov.in"
"General","Karnataka State Police Headquarters","Click a section header to expand Â Â·Â  Click a unit to view its directory table","","Email","kuttamcr@ksp.gov.in"
"General","Karnataka State Police Headquarters","Click a section header to expand Â Â·Â  Click a unit to view its directory table","","Email","srimangalamcr@ksp.gov.in"
"General","Karnataka State Police Headquarters","Click a section header to expand Â Â·Â  Click a unit to view its directory table","","Email","sdpospetmcr@ksp.gov.in"
"General","Karnataka State Police Headquarters","Click a section header to expand Â Â·Â  Click a unit to view its directory table","","Email","kushalnagarmcr@ksp.gov.in"
"General","Karnataka State Police Headquarters","Click a section header to expand Â Â·Â  Click a unit to view its directory table","","Email","kushalnagartrafficmcr@ksp.gov.in"
"General","Karnataka State Police Headquarters","Click a section header to expand Â Â·Â  Click a unit to view its directory table","","Email","cpiknagarmcr@ksp.gov.in"
"General","Karnataka State Police Headquarters","Click a section header to expand Â Â·Â  Click a unit to view its directory table","","Email","kushalanagararuralmcr@ksp.gov.in"
"General","Karnataka State Police Headquarters","Click a section header to expand Â Â·Â  Click a unit to view its directory table","","Email","sunticoppamcr@ksp.gov.in"
"General","Karnataka State Police Headquarters","Click a section header to expand Â Â·Â  Click a unit to view its directory table","","Email","cpispetmcr@ksp.gov.in"
"General","Karnataka State Police Headquarters","Click a section header to expand Â Â·Â  Click a unit to view its directory table","","Email","somawarpetmcr@ksp.gov.in"
"General","Karnataka State Police Headquarters","Click a section header to expand Â Â·Â  Click a unit to view its directory table","","Email","shanivarasanthemcr@ksp.gov.in"
"General","Karnataka State Police Headquarters","Click a section header to expand Â Â·Â  Click a unit to view its directory table","","Email","aaomcr@ksp.gov.in"
"General","Karnataka State Police Headquarters","Click a section header to expand Â Â·Â  Click a unit to view its directory table","","Email","darmcr@ksp.gov.in"
"General","Karnataka State Police Headquarters","Click a section header to expand Â Â·Â  Click a unit to view its directory table","","Email","dcrbmcr@ksp.gov.in"
"General","Karnataka State Police Headquarters","Click a section header to expand Â Â·Â  Click a unit to view its directory table","","Email","spmcrcdr@ksp.gov.in"
"General","Karnataka State Police Headquarters","Click a section header to expand Â Â·Â  Click a unit to view its directory table","","Email","dsbmcr@ksp.gov.in"
"General","Karnataka State Police Headquarters","Click a section header to expand Â Â·Â  Click a unit to view its directory table","","Email","Mcr.int@ksp.gov.in"
"General","Karnataka State Police Headquarters","Click a section header to expand Â Â·Â  Click a unit to view its directory table","","Email","dpmdk.prisons-kar@gov.in"
"General","Karnataka State Police Headquarters","Click a section header to expand Â Â·Â  Click a unit to view its directory table","","Email","piisdhsn@ksp.gov.in"
"General","Karnataka State Police Headquarters","Click a section header to expand Â Â·Â  Click a unit to view its directory table","","Email","commandant228427@gmail.com"
"General","Karnataka State Police Headquarters","Click a section header to expand Â Â·Â  Click a unit to view its directory table","","Email","igpwr@ksp.gov.in"
"General","Karnataka State Police Headquarters","Click a section header to expand Â Â·Â  Click a unit to view its directory table","","Email","dyspdewr@ksp.gov.in"
"General","Karnataka State Police Headquarters","Click a section header to expand Â Â·Â  Click a unit to view its directory table","","Email","dspwrfpb@ksp.gov.in"
"General","Karnataka State Police Headquarters","Click a section header to expand Â Â·Â  Click a unit to view its directory table","","Email","fpumcq@ksp.gov.in"
"General","Karnataka State Police Headquarters","Click a section header to expand Â Â·Â  Click a unit to view its directory table","","Email","spwrdcre@ksp.gov.in"
"General","Karnataka State Police Headquarters","Click a section header to expand Â Â·Â  Click a unit to view its directory table","","Email","spmaq@ksp.gov.in"
"General","Karnataka State Police Headquarters","Click a section header to expand Â Â·Â  Click a unit to view its directory table","","Email","addlspmaq@ksp.gov.in"
"General","Karnataka State Police Headquarters","Click a section header to expand Â Â·Â  Click a unit to view its directory table","","Email","dcmaq@ksp.gov.in"
"General","Karnataka State Police Headquarters","Click a section header to expand Â Â·Â  Click a unit to view its directory table","","Email","dcbmaq@ksp.gov.in"
"General","Karnataka State Police Headquarters","Click a section header to expand Â Â·Â  Click a unit to view its directory table","","Email","sdpoputturmaq@ksp.gov.in"
"General","Karnataka State Police Headquarters","Click a section header to expand Â Â·Â  Click a unit to view its directory table","","Email","womenmaq@ksp.gov.in"
"General","Karnataka State Police Headquarters","Click a section header to expand Â Â·Â  Click a unit to view its directory table","","Email","putturtownmaq@ksp.gov.in"
"General","Karnataka State Police Headquarters","Click a section header to expand Â Â·Â  Click a unit to view its directory table","","Email","putturtrafficmaq@ksp.gov.in"
"General","Karnataka State Police Headquarters","Click a section header to expand Â Â·Â  Click a unit to view its directory table","","Email","putturruralmaq@ksp.gov.in"
"General","Karnataka State Police Headquarters","Click a section header to expand Â Â·Â  Click a unit to view its directory table","","Email","cpiputturruralmaq@ksp.gov.in"
"General","Karnataka State Police Headquarters","Click a section header to expand Â Â·Â  Click a unit to view its directory table","","Email","uppinangadymaq@ksp.gov.in"
"General","Karnataka State Police Headquarters","Click a section header to expand Â Â·Â  Click a unit to view its directory table","","Email","kadabamaq@ksp.gov.in"
"General","Karnataka State Police Headquarters","Click a section header to expand Â Â·Â  Click a unit to view its directory table","","Email","cpisulliamaq@ksp.gov.in"
"General","Karnataka State Police Headquarters","Click a section header to expand Â Â·Â  Click a unit to view its directory table","","Email","sulliamaq@ksp.gov.in"
"General","Karnataka State Police Headquarters","Click a section header to expand Â Â·Â  Click a unit to view its directory table","","Email","subramanyamaq@ksp.gov.in"
"General","Karnataka State Police Headquarters","Click a section header to expand Â Â·Â  Click a unit to view its directory table","","Email","bellaremaq@ksp.gov.in"
"General","Karnataka State Police Headquarters","Click a section header to expand Â Â·Â  Click a unit to view its directory table","","Email","sdpobantawalamaq@ksp.gov.in"
"General","Karnataka State Police Headquarters","Click a section header to expand Â Â·Â  Click a unit to view its directory table","","Email","cpibantwalamaq@ksp.gov.in"
"General","Karnataka State Police Headquarters","Click a section header to expand Â Â·Â  Click a unit to view its directory table","","Email","bantwalaruralmaq@ksp.gov.in"
"General","Karnataka State Police Headquarters","Click a section header to expand Â Â·Â  Click a unit to view its directory table","","Email","bantwalatownmaq@ksp.gov.in"
"General","Karnataka State Police Headquarters","Click a section header to expand Â Â·Â  Click a unit to view its directory table","","Email","bantwalatrafficmaq@ksp.gov.in"
"General","Karnataka State Police Headquarters","Click a section header to expand Â Â·Â  Click a unit to view its directory table","","Email","vittalmaq@ksp.gov.in"
"General","Karnataka State Police Headquarters","Click a section header to expand Â Â·Â  Click a unit to view its directory table","","Email","cpibelthangadymaq@ksp.gov.in"
"General","Karnataka State Police Headquarters","Click a section header to expand Â Â·Â  Click a unit to view its directory table","","Email","pkattemaq@ksp.gov.in"
"General","Karnataka State Police Headquarters","Click a section header to expand Â Â·Â  Click a unit to view its directory table","","Email","venoormaq@ksp.gov.in"
"General","Karnataka State Police Headquarters","Click a section header to expand Â Â·Â  Click a unit to view its directory table","","Email","dharmasthalamaq@ksp.gov.in"
"General","Karnataka State Police Headquarters","Click a section header to expand Â Â·Â  Click a unit to view its directory table","","Email","belthangadymaq@ksp.gov.in"
"General","Karnataka State Police Headquarters","Click a section header to expand Â Â·Â  Click a unit to view its directory table","","Email","belthangadytrafficmaq@ksp.gov.in"
"General","Karnataka State Police Headquarters","Click a section header to expand Â Â·Â  Click a unit to view its directory table","","Email","aaomaq@ksp.gov.in"
"General","Karnataka State Police Headquarters","Click a section header to expand Â Â·Â  Click a unit to view its directory table","","Email","dsbmaq@ksp.gov.in"
"General","Karnataka State Police Headquarters","Click a section header to expand Â Â·Â  Click a unit to view its directory table","","Email","darmaq@ksp.gov.in"
"General","Karnataka State Police Headquarters","Click a section header to expand Â Â·Â  Click a unit to view its directory table","","Email","mangalorerly@ksp.gov.in"
"General","Karnataka State Police Headquarters","Click a section header to expand Â Â·Â  Click a unit to view its directory table","","Email","rfslmaq@ksp.gov.in"
"General","Karnataka State Police Headquarters","Click a section header to expand Â Â·Â  Click a unit to view its directory table","","Email","spkwr@ksp.gov.in"
"General","Karnataka State Police Headquarters","Click a section header to expand Â Â·Â  Click a unit to view its directory table","","Email","addlspkwr@ksp.gov.in"
"General","Karnataka State Police Headquarters","Click a section header to expand Â Â·Â  Click a unit to view its directory table","","Email","dckwr@ksp.gov.in"
"General","Karnataka State Police Headquarters","Click a section header to expand Â Â·Â  Click a unit to view its directory table","","Email","sdpokwr@ksp.gov.in"
"General","Karnataka State Police Headquarters","Click a section header to expand Â Â·Â  Click a unit to view its directory table","","Email","womenpskwr@ksp.gov.in"
"General","Karnataka State Police Headquarters","Click a section header to expand Â Â·Â  Click a unit to view its directory table","","Email","cencrimepskwr@ksp.gov.in"
"General","Karnataka State Police Headquarters","Click a section header to expand Â Â·Â  Click a unit to view its directory table","","Email","cpikwr@ksp.gov.in"
"General","Karnataka State Police Headquarters","Click a section header to expand Â Â·Â  Click a unit to view its directory table","","Email","townkwr@ksp.gov.in"
"General","Karnataka State Police Headquarters","Click a section header to expand Â Â·Â  Click a unit to view its directory table","","Email","traffickwr@ksp.gov.in"
"General","Karnataka State Police Headquarters","Click a section header to expand Â Â·Â  Click a unit to view its directory table","","Email","ruralkwr@ksp.gov.in"
"General","Karnataka State Police Headquarters","Click a section header to expand Â Â·Â  Click a unit to view its directory table","","Email","cpikadrakwr@ksp.gov.in"
"General","Karnataka State Police Headquarters","Click a section header to expand Â Â·Â  Click a unit to view its directory table","","Email","kadrakwr@ksp.gov.in"
"General","Karnataka State Police Headquarters","Click a section header to expand Â Â·Â  Click a unit to view its directory table","","Email","mallapurkwr@ksp.gov.in"
"General","Karnataka State Police Headquarters","Click a section header to expand Â Â·Â  Click a unit to view its directory table","","Email","chittakulakwr@ksp.gov.in"
"General","Karnataka State Police Headquarters","Click a section header to expand Â Â·Â  Click a unit to view its directory table","","Email","ankolakwr@ksp.gov.in"
"General","Karnataka State Police Headquarters","Click a section header to expand Â Â·Â  Click a unit to view its directory table","","Email","ankolakwr@ksp.gov.in"
"General","Karnataka State Police Headquarters","Click a section header to expand Â Â·Â  Click a unit to view its directory table","","Email","sdpobhatkalkwr@ksp.gov.in"
"General","Karnataka State Police Headquarters","Click a section header to expand Â Â·Â  Click a unit to view its directory table","","Email","bhatkaltownkwr@ksp.gov.in"
"General","Karnataka State Police Headquarters","Click a section header to expand Â Â·Â  Click a unit to view its directory table","","Email","bhatkalruralkwr@ksp.gov.in"
"General","Karnataka State Police Headquarters","Click a section header to expand Â Â·Â  Click a unit to view its directory table","","Email","cpihonnavarkwr@ksp.gov.in"
"General","Karnataka State Police Headquarters","Click a section header to expand Â Â·Â  Click a unit to view its directory table","","Email","honnavarkwr@ksp.gov.in"
"General","Karnataka State Police Headquarters","Click a section header to expand Â Â·Â  Click a unit to view its directory table","","Email","cpikumtakwr@ksp.gov.in"
"General","Karnataka State Police Headquarters","Click a section header to expand Â Â·Â  Click a unit to view its directory table","","Email","kumtakwr@ksp.gov.in"
"General","Karnataka State Police Headquarters","Click a section header to expand Â Â·Â  Click a unit to view its directory table","","Email","gokarnkwr@ksp.gov.in"
"General","Karnataka State Police Headquarters","Click a section header to expand Â Â·Â  Click a unit to view its directory table","","Email","cpibhatkalkwr@ksp.gov.in"
"General","Karnataka State Police Headquarters","Click a section header to expand Â Â·Â  Click a unit to view its directory table","","Email","murdeshwarkwr@ksp.gov.in"
"General","Karnataka State Police Headquarters","Click a section header to expand Â Â·Â  Click a unit to view its directory table","","Email","mankikwr@ksp.gov.in"
"General","Karnataka State Police Headquarters","Click a section header to expand Â Â·Â  Click a unit to view its directory table","","Email","sdposirsikwr@ksp.gov.in"
"General","Karnataka State Police Headquarters","Click a section header to expand Â Â·Â  Click a unit to view its directory table","","Email","cpisirasikwr@ksp.gov.in"
"General","Karnataka State Police Headquarters","Click a section header to expand Â Â·Â  Click a unit to view its directory table","","Email","sirsitownkwr@ksp.gov.in"
"General","Karnataka State Police Headquarters","Click a section header to expand Â Â·Â  Click a unit to view its directory table","","Email","sirsinewmarketkwr@ksp.gov.in"
"General","Karnataka State Police Headquarters","Click a section header to expand Â Â·Â  Click a unit to view its directory table","","Email","banavasikwr@ksp.gov.in"
"General","Karnataka State Police Headquarters","Click a section header to expand Â Â·Â  Click a unit to view its directory table","","Email","sirsitraffickwr@ksp.gov.in"
"General","Karnataka State Police Headquarters","Click a section header to expand Â Â·Â  Click a unit to view its directory table","","Email","sirsiruralkwr@ksp.gov.in"
"General","Karnataka State Police Headquarters","Click a section header to expand Â Â·Â  Click a unit to view its directory table","","Email","yellapurkwr@ksp.gov.in"
"General","Karnataka State Police Headquarters","Click a section header to expand Â Â·Â  Click a unit to view its directory table","","Email","siddapurkwr@ksp.gov.in"
"General","Karnataka State Police Headquarters","Click a section header to expand Â Â·Â  Click a unit to view its directory table","","Email","mundgodkwr@ksp.gov.in"
"General","Karnataka State Police Headquarters","Click a section header to expand Â Â·Â  Click a unit to view its directory table","","Email","sdpodandelikwr@ksp.gov.in"
"General","Karnataka State Police Headquarters","Click a section header to expand Â Â·Â  Click a unit to view its directory table","","Email","cpidandelikwr@ksp.gov.in"
"General","Karnataka State Police Headquarters","Click a section header to expand Â Â·Â  Click a unit to view its directory table","","Email","dandelitownkwr@ksp.gov.in"
"General","Karnataka State Police Headquarters","Click a section header to expand Â Â·Â  Click a unit to view its directory table","","Email","dandeliruralkwr@ksp.gov.in"
"General","Karnataka State Police Headquarters","Click a section header to expand Â Â·Â  Click a unit to view its directory table","","Email","cpihaliyalkwr@ksp.gov.in"
"General","Karnataka State Police Headquarters","Click a section header to expand Â Â·Â  Click a unit to view its directory table","","Email","haliyalkwr@ksp.gov.in"
"General","Karnataka State Police Headquarters","Click a section header to expand Â Â·Â  Click a unit to view its directory table","","Email","ambikanagarkwr@ksp.gov.in"
"General","Karnataka State Police Headquarters","Click a section header to expand Â Â·Â  Click a unit to view its directory table","","Email","cpijoidakwr@ksp.gov.in"
"General","Karnataka State Police Headquarters","Click a section header to expand Â Â·Â  Click a unit to view its directory table","","Email","joidakwr@ksp.gov.in"
"General","Karnataka State Police Headquarters","Click a section header to expand Â Â·Â  Click a unit to view its directory table","","Email","ramnagarkwr@ksp.gov.in"
"General","Karnataka State Police Headquarters","Click a section header to expand Â Â·Â  Click a unit to view its directory table","","Email","spudp@ksp.gov.in"
"General","Karnataka State Police Headquarters","Click a section header to expand Â Â·Â  Click a unit to view its directory table","","Email","addlspudp@ksp.gov.in"
"General","Karnataka State Police Headquarters","Click a section header to expand Â Â·Â  Click a unit to view its directory table","","Email","addlsp2udp@ksp.gov.in"
"General","Karnataka State Police Headquarters","Click a section header to expand Â Â·Â  Click a unit to view its directory table","","Email","dcudp@ksp.gov.in"
"General","Karnataka State Police Headquarters","Click a section header to expand Â Â·Â  Click a unit to view its directory table","","Email","dcudp@ksp.gov.in"
"General","Karnataka State Police Headquarters","Click a section header to expand Â Â·Â  Click a unit to view its directory table","","Email","sdpoudp@ksp.gov.in"
"General","Karnataka State Police Headquarters","Click a section header to expand Â Â·Â  Click a unit to view its directory table","","Email","womenudp@ksp.gov.in"
"General","Karnataka State Police Headquarters","Click a section header to expand Â Â·Â  Click a unit to view its directory table","","Email","womenpsudp@ksp.gov.in"
"General","Karnataka State Police Headquarters","Click a section header to expand Â Â·Â  Click a unit to view its directory table","","Email","womenpsudp@ksp.gov.in"
"General","Karnataka State Police Headquarters","Click a section header to expand Â Â·Â  Click a unit to view its directory table","","Email","dcpsudp@ksp.gov.in"
"General","Karnataka State Police Headquarters","Click a section header to expand Â Â·Â  Click a unit to view its directory table","","Email","dcpsudp@ksp.gov.in"
"General","Karnataka State Police Headquarters","Click a section header to expand Â Â·Â  Click a unit to view its directory table","","Email","cpiudupitownudp@ksp.gov.in"
"General","Karnataka State Police Headquarters","Click a section header to expand Â Â·Â  Click a unit to view its directory table","","Email","malpeudp@ksp.gov.in"
"General","Karnataka State Police Headquarters","Click a section header to expand Â Â·Â  Click a unit to view its directory table","","Email","malpeudp@ksp.gov.in"
"General","Karnataka State Police Headquarters","Click a section header to expand Â Â·Â  Click a unit to view its directory table","","Email","udupitrafficudp@ksp.gov.in"
"General","Karnataka State Police Headquarters","Click a section header to expand Â Â·Â  Click a unit to view its directory table","","Email","udupitrafficudp@ksp.gov.in"
"General","Karnataka State Police Headquarters","Click a section header to expand Â Â·Â  Click a unit to view its directory table","","Email","udupitownudp@ksp.gov.in"
"General","Karnataka State Police Headquarters","Click a section header to expand Â Â·Â  Click a unit to view its directory table","","Email","udupitownudp@ksp.gov.in"
"General","Karnataka State Police Headquarters","Click a section header to expand Â Â·Â  Click a unit to view its directory table","","Email","udupitownudp@ksp.gov.in"
"General","Karnataka State Police Headquarters","Click a section header to expand Â Â·Â  Click a unit to view its directory table","","Email","udupitownudp@ksp.gov.in"
"General","Karnataka State Police Headquarters","Click a section header to expand Â Â·Â  Click a unit to view its directory table","","Email","manipaludp@ksp.gov.in"
"General","Karnataka State Police Headquarters","Click a section header to expand Â Â·Â  Click a unit to view its directory table","","Email","manipaludp@ksp.gov.in"
"General","Karnataka State Police Headquarters","Click a section header to expand Â Â·Â  Click a unit to view its directory table","","Email","manipaludp@ksp.gov.in"
"General","Karnataka State Police Headquarters","Click a section header to expand Â Â·Â  Click a unit to view its directory table","","Email","cpibrahmavarudp@ksp.gov.in"
"General","Karnataka State Police Headquarters","Click a section header to expand Â Â·Â  Click a unit to view its directory table","","Email","brahmavarudp@ksp.gov.in"
"General","Karnataka State Police Headquarters","Click a section header to expand Â Â·Â  Click a unit to view its directory table","","Email","brahmavarudp@ksp.gov.in"
"General","Karnataka State Police Headquarters","Click a section header to expand Â Â·Â  Click a unit to view its directory table","","Email","kotaudp@ksp.gov.in"
"General","Karnataka State Police Headquarters","Click a section header to expand Â Â·Â  Click a unit to view its directory table","","Email","kotaudp@ksp.gov.in"
"General","Karnataka State Police Headquarters","Click a section header to expand Â Â·Â  Click a unit to view its directory table","","Email","hiriyadkaudp@ksp.gov.in"
"General","Karnataka State Police Headquarters","Click a section header to expand Â Â·Â  Click a unit to view its directory table","","Email","hiriyadkaudp@ksp.gov.in"
"General","Karnataka State Police Headquarters","Click a section header to expand Â Â·Â  Click a unit to view its directory table","","Email","sdpokndudp@ksp.gov.in"
"General","Karnataka State Police Headquarters","Click a section header to expand Â Â·Â  Click a unit to view its directory table","","Email","kundapuraudp@ksp.gov.in"
"General","Karnataka State Police Headquarters","Click a section header to expand Â Â·Â  Click a unit to view its directory table","","Email","kundapuraudp@ksp.gov.in"
"General","Karnataka State Police Headquarters","Click a section header to expand Â Â·Â  Click a unit to view its directory table","","Email","kundapuraudp@ksp.gov.in"
"General","Karnataka State Police Headquarters","Click a section header to expand Â Â·Â  Click a unit to view its directory table","","Email","kundapurtrfudp@ksp.gov.in"
"General","Karnataka State Police Headquarters","Click a section header to expand Â Â·Â  Click a unit to view its directory table","","Email","kundapurtrfudp@ksp.gov.in"
"General","Karnataka State Police Headquarters","Click a section header to expand Â Â·Â  Click a unit to view its directory table","","Email","cpikundapuraudp@ksp.gov.in"
"General","Karnataka State Police Headquarters","Click a section header to expand Â Â·Â  Click a unit to view its directory table","","Email","kundapuraruraludp@ksp.gov.in"
"General","Karnataka State Police Headquarters","Click a section header to expand Â Â·Â  Click a unit to view its directory table","","Email","kundapuraruraludp@ksp.gov.in"
"General","Karnataka State Police Headquarters","Click a section header to expand Â Â·Â  Click a unit to view its directory table","","Email","shankaranarayanaudp@ksp.gov.in"
"General","Karnataka State Police Headquarters","Click a section header to expand Â Â·Â  Click a unit to view its directory table","","Email","shankaranarayanaudp@ksp.gov.in"
"General","Karnataka State Police Headquarters","Click a section header to expand Â Â·Â  Click a unit to view its directory table","","Email","amasebailudp@ksp.gov.in"
"General","Karnataka State Police Headquarters","Click a section header to expand Â Â·Â  Click a unit to view its directory table","","Email","amasebailudp@ksp.gov.in"
"General","Karnataka State Police Headquarters","Click a section header to expand Â Â·Â  Click a unit to view its directory table","","Email","cpibyndoorudp@ksp.gov.in"
"General","Karnataka State Police Headquarters","Click a section header to expand Â Â·Â  Click a unit to view its directory table","","Email","byndoorudp@ksp.gov.in"
"General","Karnataka State Police Headquarters","Click a section header to expand Â Â·Â  Click a unit to view its directory table","","Email","byndoorudp@ksp.gov.in"
"General","Karnataka State Police Headquarters","Click a section header to expand Â Â·Â  Click a unit to view its directory table","","Email","gangolloudp@ksp.gov.in"
"General","Karnataka State Police Headquarters","Click a section header to expand Â Â·Â  Click a unit to view its directory table","","Email","gangolloudp@ksp.gov.in"
"General","Karnataka State Police Headquarters","Click a section header to expand Â Â·Â  Click a unit to view its directory table","","Email","kollurudp@ksp.gov.in"
"General","Karnataka State Police Headquarters","Click a section header to expand Â Â·Â  Click a unit to view its directory table","","Email","kollurudp@ksp.gov.in"
"General","Karnataka State Police Headquarters","Click a section header to expand Â Â·Â  Click a unit to view its directory table","","Email","sdpokarkaludp@ksp.gov.in"
"General","Karnataka State Police Headquarters","Click a section header to expand Â Â·Â  Click a unit to view its directory table","","Email","cpikarkaludp@ksp.gov.in"
"General","Karnataka State Police Headquarters","Click a section header to expand Â Â·Â  Click a unit to view its directory table","","Email","karkalruraludp@ksp.gov.in"
"General","Karnataka State Police Headquarters","Click a section header to expand Â Â·Â  Click a unit to view its directory table","","Email","karkalruraludp@ksp.gov.in"
"General","Karnataka State Police Headquarters","Click a section header to expand Â Â·Â  Click a unit to view its directory table","","Email","hebriudp@ksp.gov.in"
"General","Karnataka State Police Headquarters","Click a section header to expand Â Â·Â  Click a unit to view its directory table","","Email","hebriudp@ksp.gov.in"
"General","Karnataka State Police Headquarters","Click a section header to expand Â Â·Â  Click a unit to view its directory table","","Email","ajekarudp@ksp.gov.in"
"General","Karnataka State Police Headquarters","Click a section header to expand Â Â·Â  Click a unit to view its directory table","","Email","ajekarudp@ksp.gov.in"
"General","Karnataka State Police Headquarters","Click a section header to expand Â Â·Â  Click a unit to view its directory table","","Email","karkaltownudp@ksp.gov.in"
"General","Karnataka State Police Headquarters","Click a section header to expand Â Â·Â  Click a unit to view its directory table","","Email","karkaltownudp@ksp.gov.in"
"General","Karnataka State Police Headquarters","Click a section header to expand Â Â·Â  Click a unit to view its directory table","","Email","cpikaupudp@ksp.gov.in"
"General","Karnataka State Police Headquarters","Click a section header to expand Â Â·Â  Click a unit to view its directory table","","Email","kaupudp@ksp.gov.in"
"General","Karnataka State Police Headquarters","Click a section header to expand Â Â·Â  Click a unit to view its directory table","","Email","padubidriudp@ksp.gov.in"
"General","Karnataka State Police Headquarters","Click a section header to expand Â Â·Â  Click a unit to view its directory table","","Email","padubidriudp@ksp.gov.in"
"General","Karnataka State Police Headquarters","Click a section header to expand Â Â·Â  Click a unit to view its directory table","","Email","shirvaudp@ksp.gov.in"
"General","Karnataka State Police Headquarters","Click a section header to expand Â Â·Â  Click a unit to view its directory table","","Email","shirvaudp@ksp.gov.in"
"General","Karnataka State Police Headquarters","Click a section header to expand Â Â·Â  Click a unit to view its directory table","","Email","kla-dsp-udp@karnataka.gov.in"
"General","Karnataka State Police Headquarters","Click a section header to expand Â Â·Â  Click a unit to view its directory table","","Email","darudp@ksp.gov.in"
"General","Karnataka State Police Headquarters","Click a section header to expand Â Â·Â  Click a unit to view its directory table","","Email","darudp@ksp.gov.in"
"General","Karnataka State Police Headquarters","Click a section header to expand Â Â·Â  Click a unit to view its directory table","","Email","kla-piudp-ka@nic.in"
"General","Karnataka State Police Headquarters","Click a section header to expand Â Â·Â  Click a unit to view its directory table","","Email","kla-piudp-ka@nic.in"
"General","Karnataka State Police Headquarters","Click a section header to expand Â Â·Â  Click a unit to view its directory table","","Email","dsbudp@ksp.gov.in"
"General","Karnataka State Police Headquarters","Click a section header to expand Â Â·Â  Click a unit to view its directory table","","Email","dcrbudp@ksp.gov.in"
"General","Karnataka State Police Headquarters","Click a section header to expand Â Â·Â  Click a unit to view its directory table","","Email","piintudp@ksp.gov.in"
"General","Karnataka State Police Headquarters","Click a section header to expand Â Â·Â  Click a unit to view its directory table","","Email","piisdudp@ksp.gov.in"
"General","Karnataka State Police Headquarters","Click a section header to expand Â Â·Â  Click a unit to view its directory table","","Email","dcudp-ex-ka@nic.in"
"General","Karnataka State Police Headquarters","Click a section header to expand Â Â·Â  Click a unit to view its directory table","","Email","cmdthg@gmail.com"
"General","Karnataka State Police Headquarters","Click a section header to expand Â Â·Â  Click a unit to view its directory table","","Email","spckm@ksp.gov.in"
"General","Karnataka State Police Headquarters","Click a section header to expand Â Â·Â  Click a unit to view its directory table","","Email","addlspckm@ksp.gov.in"
"General","Karnataka State Police Headquarters","Click a section header to expand Â Â·Â  Click a unit to view its directory table","","Email","dcckm@ksp.gov.in"
"General","Karnataka State Police Headquarters","Click a section header to expand Â Â·Â  Click a unit to view its directory table","","Email","womenckm@ksp.gov.in"
"General","Karnataka State Police Headquarters","Click a section header to expand Â Â·Â  Click a unit to view its directory table","","Email","cenckm@ksp.gov.in"
"General","Karnataka State Police Headquarters","Click a section header to expand Â Â·Â  Click a unit to view its directory table","","Email","sdpockm@ksp.gov.in"
"General","Karnataka State Police Headquarters","Click a section header to expand Â Â·Â  Click a unit to view its directory table","","Email","cpibasavanahallickm@ksp.gov.in"
"General","Karnataka State Police Headquarters","Click a section header to expand Â Â·Â  Click a unit to view its directory table","","Email","basavanahallickm@ksp.gov.in"
"General","Karnataka State Police Headquarters","Click a section header to expand Â Â·Â  Click a unit to view its directory table","","Email","trafficckm@ksp.gov.in"
"General","Karnataka State Police Headquarters","Click a section header to expand Â Â·Â  Click a unit to view its directory table","","Email","townckm@ksp.gov.in"
"General","Karnataka State Police Headquarters","Click a section header to expand Â Â·Â  Click a unit to view its directory table","","Email","cpialdurckm@ksp.gov.in"
"General","Karnataka State Police Headquarters","Click a section header to expand Â Â·Â  Click a unit to view its directory table","","Email","aldurckm@ksp.gov.in"
"General","Karnataka State Police Headquarters","Click a section header to expand Â Â·Â  Click a unit to view its directory table","","Email","mallandurckm@ksp.gov.in"
"General","Karnataka State Police Headquarters","Click a section header to expand Â Â·Â  Click a unit to view its directory table","","Email","ruralckm@ksp.gov.in"
"General","Karnataka State Police Headquarters","Click a section header to expand Â Â·Â  Click a unit to view its directory table","","Email","cpimudigereckm@ksp.gov.in"
"General","Karnataka State Police Headquarters","Click a section header to expand Â Â·Â  Click a unit to view its directory table","","Email","mudigereckm@ksp.gov.in"
"General","Karnataka State Police Headquarters","Click a section header to expand Â Â·Â  Click a unit to view its directory table","","Email","banakalckm@ksp.gov.in"
"General","Karnataka State Police Headquarters","Click a section header to expand Â Â·Â  Click a unit to view its directory table","","Email","gonibeeduckm@ksp.gov.in"
"General","Karnataka State Police Headquarters","Click a section header to expand Â Â·Â  Click a unit to view its directory table","","Email","balurckm@ksp.gov.in"
"General","Karnataka State Police Headquarters","Click a section header to expand Â Â·Â  Click a unit to view its directory table","","Email","sdpokoppackm@ksp.gov.in"
"General","Karnataka State Police Headquarters","Click a section header to expand Â Â·Â  Click a unit to view its directory table","","Email","cpikoppackm@ksp.gov.in"
"General","Karnataka State Police Headquarters","Click a section header to expand Â Â·Â  Click a unit to view its directory table","","Email","koppackm@ksp.gov.in"
"General","Karnataka State Police Headquarters","Click a section header to expand Â Â·Â  Click a unit to view its directory table","","Email","hariharapurackm@ksp.gov.in"
"General","Karnataka State Police Headquarters","Click a section header to expand Â Â·Â  Click a unit to view its directory table","","Email","jayapurackm@ksp.gov.in"
"General","Karnataka State Police Headquarters","Click a section header to expand Â Â·Â  Click a unit to view its directory table","","Email","sringerickm@ksp.gov.in"
"General","Karnataka State Police Headquarters","Click a section header to expand Â Â·Â  Click a unit to view its directory table","","Email","cpinrpurackm@ksp.gov.in"
"General","Karnataka State Police Headquarters","Click a section header to expand Â Â·Â  Click a unit to view its directory table","","Email","nrpurackm@ksp.gov.in"
"General","Karnataka State Police Headquarters","Click a section header to expand Â Â·Â  Click a unit to view its directory table","","Email","balehonnurckm@ksp.gov.in"
"General","Karnataka State Police Headquarters","Click a section header to expand Â Â·Â  Click a unit to view its directory table","","Email","cpikudremukhackm@ksp.gov.in"
"General","Karnataka State Police Headquarters","Click a section header to expand Â Â·Â  Click a unit to view its directory table","","Email","kudremukhackm@ksp.gov.in"
"General","Karnataka State Police Headquarters","Click a section header to expand Â Â·Â  Click a unit to view its directory table","","Email","kalasackm@ksp.gov.in"
"General","Karnataka State Police Headquarters","Click a section header to expand Â Â·Â  Click a unit to view its directory table","","Email","sdpotarikereckm@ksp.gov.in"
"General","Karnataka State Police Headquarters","Click a section header to expand Â Â·Â  Click a unit to view its directory table","","Email","tarikereckm@ksp.gov.in"
"General","Karnataka State Police Headquarters","Click a section header to expand Â Â·Â  Click a unit to view its directory table","","Email","cpitarikereckm@ksp.gov.in"
"General","Karnataka State Police Headquarters","Click a section header to expand Â Â·Â  Click a unit to view its directory table","","Email","lakkavallickm@ksp.gov.in"
"General","Karnataka State Police Headquarters","Click a section header to expand Â Â·Â  Click a unit to view its directory table","","Email","lingadahallickm@ksp.gov.in"
"General","Karnataka State Police Headquarters","Click a section header to expand Â Â·Â  Click a unit to view its directory table","","Email","ajjampurackm@ksp.gov.in"
"General","Karnataka State Police Headquarters","Click a section header to expand Â Â·Â  Click a unit to view its directory table","","Email","cpibirurckm@ksp.gov.in"
"General","Karnataka State Police Headquarters","Click a section header to expand Â Â·Â  Click a unit to view its directory table","","Email","birurckm@ksp.gov.in"
"General","Karnataka State Police Headquarters","Click a section header to expand Â Â·Â  Click a unit to view its directory table","","Email","yagatickm@ksp.gov.in"
"General","Karnataka State Police Headquarters","Click a section header to expand Â Â·Â  Click a unit to view its directory table","","Email","cpikadurckm@ksp.gov.in"
"General","Karnataka State Police Headquarters","Click a section header to expand Â Â·Â  Click a unit to view its directory table","","Email","kadurckm@ksp.gov.in"
"General","Karnataka State Police Headquarters","Click a section header to expand Â Â·Â  Click a unit to view its directory table","","Email","sakarayapatnackm@ksp.gov.in"
"General","Karnataka State Police Headquarters","Click a section header to expand Â Â·Â  Click a unit to view its directory table","","Email","singatagereckm@ksp.gov.in"
"General","Karnataka State Police Headquarters","Click a section header to expand Â Â·Â  Click a unit to view its directory table","","Email","panchanahallickm@ksp.gov.in"
"General","Karnataka State Police Headquarters","Click a section header to expand Â Â·Â  Click a unit to view its directory table","","Email","dsbcckm@ksp.gov.in"
"General","Karnataka State Police Headquarters","Click a section header to expand Â Â·Â  Click a unit to view its directory table","","Email","darckm@ksp.gov.in"
"General","Karnataka State Police Headquarters","Click a section header to expand Â Â·Â  Click a unit to view its directory table","","Email","igpner@ksp.gov.in"
"General","Karnataka State Police Headquarters","Click a section header to expand Â Â·Â  Click a unit to view its directory table","","Email","spnerdcre@ksp.gov.in"
"General","Karnataka State Police Headquarters","Click a section header to expand Â Â·Â  Click a unit to view its directory table","","Email","spgba@ksp.gov.in"
"General","Karnataka State Police Headquarters","Click a section header to expand Â Â·Â  Click a unit to view its directory table","","Email","addlspgba@ksp.gov.in"
"General","Karnataka State Police Headquarters","Click a section header to expand Â Â·Â  Click a unit to view its directory table","","Email","dcgba@ksp.gov.in"
"General","Karnataka State Police Headquarters","Click a section header to expand Â Â·Â  Click a unit to view its directory table","","Email","womengba@ksp.gov.in"
"General","Karnataka State Police Headquarters","Click a section header to expand Â Â·Â  Click a unit to view its directory table","","Email","sdporuralgba@ksp.gov.in"
"General","Karnataka State Police Headquarters","Click a section header to expand Â Â·Â  Click a unit to view its directory table","","Email","kamalapurblr@ksp.gov.in"
"General","Karnataka State Police Headquarters","Click a section header to expand Â Â·Â  Click a unit to view its directory table","","Email","mahagoangba@ksp.gov.in"
"General","Karnataka State Police Headquarters","Click a section header to expand Â Â·Â  Click a unit to view its directory table","","Email","cpijewargigba@ksp.gov.in"
"General","Karnataka State Police Headquarters","Click a section header to expand Â Â·Â  Click a unit to view its directory table","","Email","jewargigba@ksp.gov.in"
"General","Karnataka State Police Headquarters","Click a section header to expand Â Â·Â  Click a unit to view its directory table","","Email","nelogigba@ksp.gov.in"
"General","Karnataka State Police Headquarters","Click a section header to expand Â Â·Â  Click a unit to view its directory table","","Email","yedramigba@ksp.gov.in"
"General","Karnataka State Police Headquarters","Click a section header to expand Â Â·Â  Click a unit to view its directory table","","Email","sdposhahabadgba@ksp.gov.in"
"General","Karnataka State Police Headquarters","Click a section header to expand Â Â·Â  Click a unit to view its directory table","","Email","shahabadtowngba@ksp.gov.in"
"General","Karnataka State Police Headquarters","Click a section header to expand Â Â·Â  Click a unit to view its directory table","","Email","cpikalagigba@ksp.gov.in"
"General","Karnataka State Police Headquarters","Click a section header to expand Â Â·Â  Click a unit to view its directory table","","Email","kalagigba@ksp.gov.in"
"General","Karnataka State Police Headquarters","Click a section header to expand Â Â·Â  Click a unit to view its directory table","","Email","madboolgba@ksp.gov.in"
"General","Karnataka State Police Headquarters","Click a section header to expand Â Â·Â  Click a unit to view its directory table","","Email","chittaputagba@ksp.gov.in"
"General","Karnataka State Police Headquarters","Click a section header to expand Â Â·Â  Click a unit to view its directory table","","Email","chittapurgba@ksp.gov.in"
"General","Karnataka State Police Headquarters","Click a section header to expand Â Â·Â  Click a unit to view its directory table","","Email","wadirly@ksp.gov.in"
"General","Karnataka State Police Headquarters","Click a section header to expand Â Â·Â  Click a unit to view its directory table","","Email","sdpochincholigba@ksp.gov.in"
"General","Karnataka State Police Headquarters","Click a section header to expand Â Â·Â  Click a unit to view its directory table","","Email","cpichincholigba@ksp.gov.in"
"General","Karnataka State Police Headquarters","Click a section header to expand Â Â·Â  Click a unit to view its directory table","","Email","chincholigba@ksp.gov.in"
"General","Karnataka State Police Headquarters","Click a section header to expand Â Â·Â  Click a unit to view its directory table","","Email","kunchawaramgba@ksp.gov.in"
"General","Karnataka State Police Headquarters","Click a section header to expand Â Â·Â  Click a unit to view its directory table","","Email","miriyangba@ksp.gov.in"
"General","Karnataka State Police Headquarters","Click a section header to expand Â Â·Â  Click a unit to view its directory table","","Email","cpisulupethgba@ksp.gov.in"
"General","Karnataka State Police Headquarters","Click a section header to expand Â Â·Â  Click a unit to view its directory table","","Email","sulupethgba@ksp.gov.in"
"General","Karnataka State Police Headquarters","Click a section header to expand Â Â·Â  Click a unit to view its directory table","","Email","ratkalgba@ksp.gov.in"
"General","Karnataka State Police Headquarters","Click a section header to expand Â Â·Â  Click a unit to view its directory table","","Email","cpisedamgba@ksp.gov.in"
"General","Karnataka State Police Headquarters","Click a section header to expand Â Â·Â  Click a unit to view its directory table","","Email","sedamgbagba@ksp.gov.in"
"General","Karnataka State Police Headquarters","Click a section header to expand Â Â·Â  Click a unit to view its directory table","","Email","malkhedgba@ksp.gov.in"
"General","Karnataka State Police Headquarters","Click a section header to expand Â Â·Â  Click a unit to view its directory table","","Email","kurkuntagba@ksp.gov.in"
"General","Karnataka State Police Headquarters","Click a section header to expand Â Â·Â  Click a unit to view its directory table","","Email","mudholbgk@ksp.gov.in"
"General","Karnataka State Police Headquarters","Click a section header to expand Â Â·Â  Click a unit to view its directory table","","Email","sdpoalandgba@ksp.gov.in"
"General","Karnataka State Police Headquarters","Click a section header to expand Â Â·Â  Click a unit to view its directory table","","Email","alalndgba@ksp.gov.in"
"General","Karnataka State Police Headquarters","Click a section header to expand Â Â·Â  Click a unit to view its directory table","","Email","cpialandgba@ksp.gov.in"
"General","Karnataka State Police Headquarters","Click a section header to expand Â Â·Â  Click a unit to view its directory table","","Email","nimbargagba@ksp.gov.in"
"General","Karnataka State Police Headquarters","Click a section header to expand Â Â·Â  Click a unit to view its directory table","","Email","madanhihipparagagba@ksp.gov.in"
"General","Karnataka State Police Headquarters","Click a section header to expand Â Â·Â  Click a unit to view its directory table","","Email","naronagba@ksp.gov.in"
"General","Karnataka State Police Headquarters","Click a section header to expand Â Â·Â  Click a unit to view its directory table","","Email","cpiafzalpurgba@ksp.gov.in"
"General","Karnataka State Police Headquarters","Click a section header to expand Â Â·Â  Click a unit to view its directory table","","Email","afzalpurgba@ksp.gov.in"
"General","Karnataka State Police Headquarters","Click a section header to expand Â Â·Â  Click a unit to view its directory table","","Email","revoorgba@ksp.gov.in"
"General","Karnataka State Police Headquarters","Click a section header to expand Â Â·Â  Click a unit to view its directory table","","Email","dgpuragba@ksp.gov.in"
"General","Karnataka State Police Headquarters","Click a section header to expand Â Â·Â  Click a unit to view its directory table","","Email","dcrbgba@ksp.gov.in"
"General","Karnataka State Police Headquarters","Click a section header to expand Â Â·Â  Click a unit to view its directory table","","Email","dargba@ksp.gov.in"
"General","Karnataka State Police Headquarters","Click a section header to expand Â Â·Â  Click a unit to view its directory table","","Email","mtodargba@ksp.gov.in"
"General","Karnataka State Police Headquarters","Click a section header to expand Â Â·Â  Click a unit to view its directory table","","Email","dsbgba@ksp.gov.in"
"General","Karnataka State Police Headquarters","Click a section header to expand Â Â·Â  Click a unit to view its directory table","","Email","dcibgba@ksp.gov.in"
"General","Karnataka State Police Headquarters","Click a section header to expand Â Â·Â  Click a unit to view its directory table","","Email","dcrb1gba@ksp.gov.in"
"General","Karnataka State Police Headquarters","Click a section header to expand Â Â·Â  Click a unit to view its directory table","","Email","dcbga@ksp.gov.in"
"General","Karnataka State Police Headquarters","Click a section header to expand Â Â·Â  Click a unit to view its directory table","","Email","fpugba@ksp.gov.in"
"General","Karnataka State Police Headquarters","Click a section header to expand Â Â·Â  Click a unit to view its directory table","","Email","spydr@ksp.gov.in"
"General","Karnataka State Police Headquarters","Click a section header to expand Â Â·Â  Click a unit to view its directory table","","Email","addlspydr@ksp.gov.in"
"General","Karnataka State Police Headquarters","Click a section header to expand Â Â·Â  Click a unit to view its directory table","","Email","dcydr@ksp.gov.in"
"General","Karnataka State Police Headquarters","Click a section header to expand Â Â·Â  Click a unit to view its directory table","","Email","sdpoyadgirydr@ksp.gov.in"
"General","Karnataka State Police Headquarters","Click a section header to expand Â Â·Â  Click a unit to view its directory table","","Email","womenydr@ksp.gov.in"
"General","Karnataka State Police Headquarters","Click a section header to expand Â Â·Â  Click a unit to view its directory table","","Email","picenyadagiri@ksp.gov.in"
"General","Karnataka State Police Headquarters","Click a section header to expand Â Â·Â  Click a unit to view its directory table","","Email","cpiyadgirydr@ksp.gov.in"
"General","Karnataka State Police Headquarters","Click a section header to expand Â Â·Â  Click a unit to view its directory table","","Email","yadgirydr@ksp.gov.in"
"General","Karnataka State Police Headquarters","Click a section header to expand Â Â·Â  Click a unit to view its directory table","","Email","yadgirruralydr@ksp.gov.in"
"General","Karnataka State Police Headquarters","Click a section header to expand Â Â·Â  Click a unit to view its directory table","","Email","wadagerydr@ksp.gov.in"
"General","Karnataka State Police Headquarters","Click a section header to expand Â Â·Â  Click a unit to view its directory table","","Email","trafficydr@ksp.gov.in"
"General","Karnataka State Police Headquarters","Click a section header to expand Â Â·Â  Click a unit to view its directory table","","Email","cpigurmitkalydr@ksp.gov.in"
"General","Karnataka State Police Headquarters","Click a section header to expand Â Â·Â  Click a unit to view its directory table","","Email","gurmitkalydr@ksp.gov.in"
"General","Karnataka State Police Headquarters","Click a section header to expand Â Â·Â  Click a unit to view its directory table","","Email","saidapurydr@ksp.gov.in"
"General","Karnataka State Police Headquarters","Click a section header to expand Â Â·Â  Click a unit to view its directory table","","Email","sdposhorapurydr@ksp.gov.in"
"General","Karnataka State Police Headquarters","Click a section header to expand Â Â·Â  Click a unit to view its directory table","","Email","shahapurydr@ksp.gov.in"
"General","Karnataka State Police Headquarters","Click a section header to expand Â Â·Â  Click a unit to view its directory table","","Email","shorapurydr@ksp.gov.in"
"General","Karnataka State Police Headquarters","Click a section header to expand Â Â·Â  Click a unit to view its directory table","","Email","cpishahapurydr@ksp.gov.in"
"General","Karnataka State Police Headquarters","Click a section header to expand Â Â·Â  Click a unit to view its directory table","","Email","bgudiydr@ksp.gov.in"
"General","Karnataka State Police Headquarters","Click a section header to expand Â Â·Â  Click a unit to view its directory table","","Email","gogiydr@ksp.gov.in"
"General","Karnataka State Police Headquarters","Click a section header to expand Â Â·Â  Click a unit to view its directory table","","Email","cpishorapurydr@ksp.gov.in"
"General","Karnataka State Police Headquarters","Click a section header to expand Â Â·Â  Click a unit to view its directory table","","Email","hunasagiydr@ksp.gov.in"
"General","Karnataka State Police Headquarters","Click a section header to expand Â Â·Â  Click a unit to view its directory table","","Email","kembhaviydr@ksp.gov.in"
"General","Karnataka State Police Headquarters","Click a section header to expand Â Â·Â  Click a unit to view its directory table","","Email","kodekalydr@ksp.gov.in"
"General","Karnataka State Police Headquarters","Click a section header to expand Â Â·Â  Click a unit to view its directory table","","Email","narayanapurydr@ksp.gov.in"
"General","Karnataka State Police Headquarters","Click a section header to expand Â Â·Â  Click a unit to view its directory table","","Email","spklayadagir@gmail.com"
"General","Karnataka State Police Headquarters","Click a section header to expand Â Â·Â  Click a unit to view its directory table","","Email","kla.dsp-ydgr@karnataka.gov.in"
"General","Karnataka State Police Headquarters","Click a section header to expand Â Â·Â  Click a unit to view its directory table","","Email","kla.pi1-ydgr@karnataka.gov.in"
"General","Karnataka State Police Headquarters","Click a section header to expand Â Â·Â  Click a unit to view its directory table","","Email","kla.pi2-ydgr@karnataka.gov.in"
"General","Karnataka State Police Headquarters","Click a section header to expand Â Â·Â  Click a unit to view its directory table","","Email","dsbydr@ksp.gov.in"
"General","Karnataka State Police Headquarters","Click a section header to expand Â Â·Â  Click a unit to view its directory table","","Email","dcrbydr@ksp.gov.in"
"General","Karnataka State Police Headquarters","Click a section header to expand Â Â·Â  Click a unit to view its directory table","","Email","darydr@ksp.gov.in"
"General","Karnataka State Police Headquarters","Click a section header to expand Â Â·Â  Click a unit to view its directory table","","Email","ccydr@ksp.gov.in"
"General","Karnataka State Police Headquarters","Click a section header to expand Â Â·Â  Click a unit to view its directory table","","Email","spbdr@ksp.gov.in"
"General","Karnataka State Police Headquarters","Click a section header to expand Â Â·Â  Click a unit to view its directory table","","Email","addlspbdr@ksp.gov.in"
"General","Karnataka State Police Headquarters","Click a section header to expand Â Â·Â  Click a unit to view its directory table","","Email","addlsp2dbr@ksp.gov.in"
"General","Karnataka State Police Headquarters","Click a section header to expand Â Â·Â  Click a unit to view its directory table","","Email","dcbdr@ksp.gov.in"
"General","Karnataka State Police Headquarters","Click a section header to expand Â Â·Â  Click a unit to view its directory table","","Email","sdpobdr@ksp.gov.in"
"General","Karnataka State Police Headquarters","Click a section header to expand Â Â·Â  Click a unit to view its directory table","","Email","cenpsbdr@ksp.gov.in"
"General","Karnataka State Police Headquarters","Click a section header to expand Â Â·Â  Click a unit to view its directory table","","Email","cpitownbdr@ksp.gov.in"
"General","Karnataka State Police Headquarters","Click a section header to expand Â Â·Â  Click a unit to view its directory table","","Email","townbdr@ksp.gov.in"
"General","Karnataka State Police Headquarters","Click a section header to expand Â Â·Â  Click a unit to view its directory table","","Email","marketbdr@ksp.gov.in"
"General","Karnataka State Police Headquarters","Click a section header to expand Â Â·Â  Click a unit to view its directory table","","Email","newtownbdr@ksp.gov.in"
"General","Karnataka State Police Headquarters","Click a section header to expand Â Â·Â  Click a unit to view its directory table","","Email","gandhigunjbdr@ksp.gov.in"
"General","Karnataka State Police Headquarters","Click a section header to expand Â Â·Â  Click a unit to view its directory table","","Email","pitrafficbdr@ksp.gov.in"
"General","Karnataka State Police Headquarters","Click a section header to expand Â Â·Â  Click a unit to view its directory table","","Email","ruralbdr@ksp.gov.in"
"General","Karnataka State Police Headquarters","Click a section header to expand Â Â·Â  Click a unit to view its directory table","","Email","womenpsbdr@ksp.gov.in"
"General","Karnataka State Police Headquarters","Click a section header to expand Â Â·Â  Click a unit to view its directory table","","Email","cpiruralbdr@ksp.gov.in"
"General","Karnataka State Police Headquarters","Click a section header to expand Â Â·Â  Click a unit to view its directory table","","Email","janwadabdr@ksp.gov.in"
"General","Karnataka State Police Headquarters","Click a section header to expand Â Â·Â  Click a unit to view its directory table","","Email","bagdalbdr@ksp.gov.in"
"General","Karnataka State Police Headquarters","Click a section header to expand Â Â·Â  Click a unit to view its directory table","","Email","mannallibdr@ksp.gov.in"
"General","Karnataka State Police Headquarters","Click a section header to expand Â Â·Â  Click a unit to view its directory table","","Email","sdpohumnabadbdr@ksp.gov.in"
"General","Karnataka State Police Headquarters","Click a section header to expand Â Â·Â  Click a unit to view its directory table","","Email","cpihumnabadbdr@ksp.gov.in"
"General","Karnataka State Police Headquarters","Click a section header to expand Â Â·Â  Click a unit to view its directory table","","Email","humnabadbdr@ksp.gov.in"
"General","Karnataka State Police Headquarters","Click a section header to expand Â Â·Â  Click a unit to view its directory table","","Email","hallikhedbdr@ksp.gov.in"
"General","Karnataka State Police Headquarters","Click a section header to expand Â Â·Â  Click a unit to view its directory table","","Email","humnadbadtrafficbdr@ksp.gov.in"
"General","Karnataka State Police Headquarters","Click a section header to expand Â Â·Â  Click a unit to view its directory table","","Email","cpichitaguppabdr@ksp.gov.in"
"General","Karnataka State Police Headquarters","Click a section header to expand Â Â·Â  Click a unit to view its directory table","","Email","chittaguppabdr@ksp.gov.in"
"General","Karnataka State Police Headquarters","Click a section header to expand Â Â·Â  Click a unit to view its directory table","","Email","mannaekhellbdr@ksp.gov.in"
"General","Karnataka State Police Headquarters","Click a section header to expand Â Â·Â  Click a unit to view its directory table","","Email","bemalkhedbdr@ksp.gov.in"
"General","Karnataka State Police Headquarters","Click a section header to expand Â Â·Â  Click a unit to view its directory table","","Email","cpibkalyanbdr@ksp.gov.in"
"General","Karnataka State Police Headquarters","Click a section header to expand Â Â·Â  Click a unit to view its directory table","","Email","bkalyantownbdr@ksp.gov.in"
"General","Karnataka State Police Headquarters","Click a section header to expand Â Â·Â  Click a unit to view its directory table","","Email","hulsoorbdr@ksp.gov.in"
"General","Karnataka State Police Headquarters","Click a section header to expand Â Â·Â  Click a unit to view its directory table","","Email","bkalyantrafficbdr@ksp.gov.in"
"General","Karnataka State Police Headquarters","Click a section header to expand Â Â·Â  Click a unit to view its directory table","","Email","cpimanthalabdr@ksp.gov.in"
"General","Karnataka State Police Headquarters","Click a section header to expand Â Â·Â  Click a unit to view its directory table","","Email","manthalabdr@ksp.gov.in"
"General","Karnataka State Police Headquarters","Click a section header to expand Â Â·Â  Click a unit to view its directory table","","Email","bkalyanruralbdr@ksp.gov.in"
"General","Karnataka State Police Headquarters","Click a section header to expand Â Â·Â  Click a unit to view its directory table","","Email","mudbibdr@ksp.gov.in"
"General","Karnataka State Police Headquarters","Click a section header to expand Â Â·Â  Click a unit to view its directory table","","Email","sdpobhalkibdr@ksp.gov.in"
"General","Karnataka State Police Headquarters","Click a section header to expand Â Â·Â  Click a unit to view its directory table","","Email","bhalkitownbdr@ksp.gov.in"
"General","Karnataka State Police Headquarters","Click a section header to expand Â Â·Â  Click a unit to view its directory table","","Email","cpibhalkiruralbdrbdr@ksp.gov.in"
"General","Karnataka State Police Headquarters","Click a section header to expand Â Â·Â  Click a unit to view its directory table","","Email","bhalkiruralbdr@ksp.gov.in"
"General","Karnataka State Police Headquarters","Click a section header to expand Â Â·Â  Click a unit to view its directory table","","Email","dhannurabdr@ksp.gov.in"
"General","Karnataka State Police Headquarters","Click a section header to expand Â Â·Â  Click a unit to view its directory table","","Email","kchinchollibdr@ksp.gov.in"
"General","Karnataka State Police Headquarters","Click a section header to expand Â Â·Â  Click a unit to view its directory table","","Email","mehakarbdr@ksp.gov.in"
"General","Karnataka State Police Headquarters","Click a section header to expand Â Â·Â  Click a unit to view its directory table","","Email","cpiknagarbdr@ksp.gov.in"
"General","Karnataka State Police Headquarters","Click a section header to expand Â Â·Â  Click a unit to view its directory table","","Email","kamalanagarbdr@ksp.gov.in"
"General","Karnataka State Police Headquarters","Click a section header to expand Â Â·Â  Click a unit to view its directory table","","Email","kushnurbdr@ksp.gov.in"
"General","Karnataka State Police Headquarters","Click a section header to expand Â Â·Â  Click a unit to view its directory table","","Email","cpiauradbdr@ksp.gov.in"
"General","Karnataka State Police Headquarters","Click a section header to expand Â Â·Â  Click a unit to view its directory table","","Email","auradbdr@ksp.gov.in"
"General","Karnataka State Police Headquarters","Click a section header to expand Â Â·Â  Click a unit to view its directory table","","Email","santhapurbdr@ksp.gov.in"
"General","Karnataka State Police Headquarters","Click a section header to expand Â Â·Â  Click a unit to view its directory table","","Email","chintakibdr@ksp.gov.in"
"General","Karnataka State Police Headquarters","Click a section header to expand Â Â·Â  Click a unit to view its directory table","","Email","hokranabdr@ksp.gov.in"
"General","Karnataka State Police Headquarters","Click a section header to expand Â Â·Â  Click a unit to view its directory table","","Email","darbbdr@ksp.gov.in"
"General","Karnataka State Police Headquarters","Click a section header to expand Â Â·Â  Click a unit to view its directory table","","Email","dsbbdr@ksp.gov.in"
"General","Karnataka State Police Headquarters","Click a section header to expand Â Â·Â  Click a unit to view its directory table","","Email","dcrbbdr@ksp.gov.in"
"General","Karnataka State Police Headquarters","Click a section header to expand Â Â·Â  Click a unit to view its directory table","","Email","pidcidunitbdr@ksp.gov.in"
"General","Karnataka State Police Headquarters","Click a section header to expand Â Â·Â  Click a unit to view its directory table","","Email","fpubdr@ksp.gov.in"
"General","Karnataka State Police Headquarters","Click a section header to expand Â Â·Â  Click a unit to view its directory table","","Email","igpblr@ksp.gov.in"
"General","Karnataka State Police Headquarters","Click a section header to expand Â Â·Â  Click a unit to view its directory table","","Email","dsphqigpblr@ksp.gov.in"
"General","Karnataka State Police Headquarters","Click a section header to expand Â Â·Â  Click a unit to view its directory table","","Email","spblrdcre@ksp.gov.in"
"General","Karnataka State Police Headquarters","Click a section header to expand Â Â·Â  Click a unit to view its directory table","","Email","spblr@ksp.gov.in"
"General","Karnataka State Police Headquarters","Click a section header to expand Â Â·Â  Click a unit to view its directory table","","Email","addlspblr@ksp.gov.in"
"General","Karnataka State Police Headquarters","Click a section header to expand Â Â·Â  Click a unit to view its directory table","","Email","addlsp2blr@ksp.gov.in"
"General","Karnataka State Police Headquarters","Click a section header to expand Â Â·Â  Click a unit to view its directory table","","Email","dcblr@ksp.gov.in"
"General","Karnataka State Police Headquarters","Click a section header to expand Â Â·Â  Click a unit to view its directory table","","Email","cybercrimeblr@ksp.gov.in"
"General","Karnataka State Police Headquarters","Click a section header to expand Â Â·Â  Click a unit to view its directory table","","Email","womenpsblr@ksp.gov.in"
"General","Karnataka State Police Headquarters","Click a section header to expand Â Â·Â  Click a unit to view its directory table","","Email","sdpoblr@ksp.gov.in"
"General","Karnataka State Police Headquarters","Click a section header to expand Â Â·Â  Click a unit to view its directory table","","Email","gandhinagarblr@ksp.gov.in"
"General","Karnataka State Police Headquarters","Click a section header to expand Â Â·Â  Click a unit to view its directory table","","Email","brucepetblr@ksp.gov.in"
"General","Karnataka State Police Headquarters","Click a section header to expand Â Â·Â  Click a unit to view its directory table","","Email","cowlbazarblr@ksp.gov.in"
"General","Karnataka State Police Headquarters","Click a section header to expand Â Â·Â  Click a unit to view its directory table","","Email","apmcblr@ksp.gov.in"
"General","Karnataka State Police Headquarters","Click a section header to expand Â Â·Â  Click a unit to view its directory table","","Email","bellarytrafficblr@ksp.gov.in"
"General","Karnataka State Police Headquarters","Click a section header to expand Â Â·Â  Click a unit to view its directory table","","Email","sdposiruguppa@ksp.gov.in"
"General","Karnataka State Police Headquarters","Click a section header to expand Â Â·Â  Click a unit to view its directory table","","Email","bellaryruralblr@ksp.gov.in"
"General","Karnataka State Police Headquarters","Click a section header to expand Â Â·Â  Click a unit to view its directory table","","Email","cpisgpblr@ksp.gov.in"
"General","Karnataka State Police Headquarters","Click a section header to expand Â Â·Â  Click a unit to view its directory table","","Email","siruguppablr@ksp.gov.in"
"General","Karnataka State Police Headquarters","Click a section header to expand Â Â·Â  Click a unit to view its directory table","","Email","hatcholliblr@ksp.gov.in"
"General","Karnataka State Police Headquarters","Click a section header to expand Â Â·Â  Click a unit to view its directory table","","Email","cpiruralblr@ksp.gov.in"
"General","Karnataka State Police Headquarters","Click a section header to expand Â Â·Â  Click a unit to view its directory table","","Email","pdhalliblr@ksp.gov.in"
"General","Karnataka State Police Headquarters","Click a section header to expand Â Â·Â  Click a unit to view its directory table","","Email","mokablr@ksp.gov.in"
"General","Karnataka State Police Headquarters","Click a section header to expand Â Â·Â  Click a unit to view its directory table","","Email","cpitkotablr@ksp.gov.in"
"General","Karnataka State Police Headquarters","Click a section header to expand Â Â·Â  Click a unit to view its directory table","","Email","tekkalakotablr@ksp.gov.in"
"General","Karnataka State Police Headquarters","Click a section header to expand Â Â·Â  Click a unit to view its directory table","","Email","siregeriblr@ksp.gov.in"
"General","Karnataka State Police Headquarters","Click a section header to expand Â Â·Â  Click a unit to view its directory table","","Email","sdpotngblr@ksp.gov.in"
"General","Karnataka State Police Headquarters","Click a section header to expand Â Â·Â  Click a unit to view its directory table","","Email","cpikampliblr@ksp.gov.in"
"General","Karnataka State Police Headquarters","Click a section header to expand Â Â·Â  Click a unit to view its directory table","","Email","kampliblr@ksp.gov.in"
"General","Karnataka State Police Headquarters","Click a section header to expand Â Â·Â  Click a unit to view its directory table","","Email","cpikurugodublr@ksp.gov.in"
"General","Karnataka State Police Headquarters","Click a section header to expand Â Â·Â  Click a unit to view its directory table","","Email","kurugodublrblr@ksp.gov.in"
"General","Karnataka State Police Headquarters","Click a section header to expand Â Â·Â  Click a unit to view its directory table","","Email","kuduthiniblr@ksp.gov.in"
"General","Karnataka State Police Headquarters","Click a section header to expand Â Â·Â  Click a unit to view its directory table","","Email","cpisdrblr@ksp.gov.in"
"General","Karnataka State Police Headquarters","Click a section header to expand Â Â·Â  Click a unit to view its directory table","","Email","sandurblr@ksp.gov.in"
"General","Karnataka State Police Headquarters","Click a section header to expand Â Â·Â  Click a unit to view its directory table","","Email","torangalblr@ksp.gov.in"
"General","Karnataka State Police Headquarters","Click a section header to expand Â Â·Â  Click a unit to view its directory table","","Email","choranurublr@ksp.gov.in"
"General","Karnataka State Police Headquarters","Click a section header to expand Â Â·Â  Click a unit to view its directory table","","Email","kla-blrysp-ka@nic.in"
"General","Karnataka State Police Headquarters","Click a section header to expand Â Â·Â  Click a unit to view its directory table","","Email","kla-blrysp-ka@nic.in"
"General","Karnataka State Police Headquarters","Click a section header to expand Â Â·Â  Click a unit to view its directory table","","Email","dspdarblr@ksp.gov.in"
"General","Karnataka State Police Headquarters","Click a section header to expand Â Â·Â  Click a unit to view its directory table","","Email","pidsbblr@ksp.gov.in"
"General","Karnataka State Police Headquarters","Click a section header to expand Â Â·Â  Click a unit to view its directory table","","Email","rpidarblr@ksp.gov.in"
"General","Karnataka State Police Headquarters","Click a section header to expand Â Â·Â  Click a unit to view its directory table","","Email","piintblr@ksp.gov.in"
"General","Karnataka State Police Headquarters","Click a section header to expand Â Â·Â  Click a unit to view its directory table","","Email","spvjn@ksp.gov.in"
"General","Karnataka State Police Headquarters","Click a section header to expand Â Â·Â  Click a unit to view its directory table","","Email","addlspvjn@ksp.gov.in"
"General","Karnataka State Police Headquarters","Click a section header to expand Â Â·Â  Click a unit to view its directory table","","Email","dcvjn@ksp.gov.in"
"General","Karnataka State Police Headquarters","Click a section header to expand Â Â·Â  Click a unit to view its directory table","","Email","pcrvjn@gmail.com"
"General","Karnataka State Police Headquarters","Click a section header to expand Â Â·Â  Click a unit to view its directory table","","Email","sdpohptvjn@ksp.gov.in"
"General","Karnataka State Police Headquarters","Click a section header to expand Â Â·Â  Click a unit to view its directory table","","Email","hospettownvjn@ksp.gov.in"
"General","Karnataka State Police Headquarters","Click a section header to expand Â Â·Â  Click a unit to view its directory table","","Email","hospettownvjn@ksp.gov.in"
"General","Karnataka State Police Headquarters","Click a section header to expand Â Â·Â  Click a unit to view its directory table","","Email","hospettrafficvjn@ksp.gov.in"
"General","Karnataka State Police Headquarters","Click a section header to expand Â Â·Â  Click a unit to view its directory table","","Email","hospettrafficvjn@ksp.gov.in"
"General","Karnataka State Police Headquarters","Click a section header to expand Â Â·Â  Click a unit to view its directory table","","Email","hospetruralvjn@ksp.gov.in"
"General","Karnataka State Police Headquarters","Click a section header to expand Â Â·Â  Click a unit to view its directory table","","Email","hospetruralvjn@ksp.gov.in"
"General","Karnataka State Police Headquarters","Click a section header to expand Â Â·Â  Click a unit to view its directory table","","Email","chitawadgivjn@ksp.gov.in"
"General","Karnataka State Police Headquarters","Click a section header to expand Â Â·Â  Click a unit to view its directory table","","Email","chitwadgivjn@ksp.gov.in"
"General","Karnataka State Police Headquarters","Click a section header to expand Â Â·Â  Click a unit to view its directory table","","Email","cpitbdamvjn@ksp.gov.in"
"General","Karnataka State Police Headquarters","Click a section header to expand Â Â·Â  Click a unit to view its directory table","","Email","tbdamvjn@ksp.gov.in"
"General","Karnataka State Police Headquarters","Click a section header to expand Â Â·Â  Click a unit to view its directory table","","Email","hospetextnvjn@ksp.gov.in"
"General","Karnataka State Police Headquarters","Click a section header to expand Â Â·Â  Click a unit to view its directory table","","Email","cpihampivjn@ksp.gov.in"
"General","Karnataka State Police Headquarters","Click a section header to expand Â Â·Â  Click a unit to view its directory table","","Email","hampivjn@ksp.gov.in"
"General","Karnataka State Police Headquarters","Click a section header to expand Â Â·Â  Click a unit to view its directory table","","Email","hampivjn@ksp.gov.in"
"General","Karnataka State Police Headquarters","Click a section header to expand Â Â·Â  Click a unit to view its directory table","","Email","hampitrafficvjn@ksp.gov.in"
"General","Karnataka State Police Headquarters","Click a section header to expand Â Â·Â  Click a unit to view its directory table","","Email","hampitrafficvjn@ksp.gov.in"
"General","Karnataka State Police Headquarters","Click a section header to expand Â Â·Â  Click a unit to view its directory table","","Email","kamalapurvjn@ksp.gov.in"
"General","Karnataka State Police Headquarters","Click a section header to expand Â Â·Â  Click a unit to view its directory table","","Email","kamalapurvjn@ksp.gov.in"
"General","Karnataka State Police Headquarters","Click a section header to expand Â Â·Â  Click a unit to view its directory table","","Email","sdpokdgvjn@ksp.gov.in"
"General","Karnataka State Police Headquarters","Click a section header to expand Â Â·Â  Click a unit to view its directory table","","Email","cpikdlvjn@ksp.gov.in"
"General","Karnataka State Police Headquarters","Click a section header to expand Â Â·Â  Click a unit to view its directory table","","Email","kudligivjn@ksp.gov.in"
"General","Karnataka State Police Headquarters","Click a section header to expand Â Â·Â  Click a unit to view its directory table","","Email","gudekotevjn@ksp.gov.in"
"General","Karnataka State Police Headquarters","Click a section header to expand Â Â·Â  Click a unit to view its directory table","","Email","cpikotavjn@ksp.gov.in"
"General","Karnataka State Police Headquarters","Click a section header to expand Â Â·Â  Click a unit to view its directory table","","Email","kotturpsvjn@ksp.gov.in"
"General","Karnataka State Police Headquarters","Click a section header to expand Â Â·Â  Click a unit to view its directory table","","Email","hosahallivjn@ksp.gov.in"
"General","Karnataka State Police Headquarters","Click a section header to expand Â Â·Â  Click a unit to view its directory table","","Email","cpihbhallivjn@ksp.gov.in"
"General","Karnataka State Police Headquarters","Click a section header to expand Â Â·Â  Click a unit to view its directory table","","Email","hbhallivjn@ksp.gov.in"
"General","Karnataka State Police Headquarters","Click a section header to expand Â Â·Â  Click a unit to view its directory table","","Email","tbhallivjn@ksp.gov.in"
"General","Karnataka State Police Headquarters","Click a section header to expand Â Â·Â  Click a unit to view its directory table","","Email","mmhallivjn@ksp.gov.in"
"General","Karnataka State Police Headquarters","Click a section header to expand Â Â·Â  Click a unit to view its directory table","","Email","sdpoharapanhallivjn@ksp.gov.in"
"General","Karnataka State Police Headquarters","Click a section header to expand Â Â·Â  Click a unit to view its directory table","","Email","cpiharapanhallivjn@ksp.gov.in"
"General","Karnataka State Police Headquarters","Click a section header to expand Â Â·Â  Click a unit to view its directory table","","Email","harapanhallivjn@ksp.gov.in"
"General","Karnataka State Police Headquarters","Click a section header to expand Â Â·Â  Click a unit to view its directory table","","Email","arasikerevjn@ksp.gov.in"
"General","Karnataka State Police Headquarters","Click a section header to expand Â Â·Â  Click a unit to view its directory table","","Email","halwagaluvjn@ksp.gov.in"
"General","Karnataka State Police Headquarters","Click a section header to expand Â Â·Â  Click a unit to view its directory table","","Email","chigaterivjn@ksp.gov.in"
"General","Karnataka State Police Headquarters","Click a section header to expand Â Â·Â  Click a unit to view its directory table","","Email","cpihadagalivjn@ksp.gov.in"
"General","Karnataka State Police Headquarters","Click a section header to expand Â Â·Â  Click a unit to view its directory table","","Email","hadagalivjn@ksp.gov.in"
"General","Karnataka State Police Headquarters","Click a section header to expand Â Â·Â  Click a unit to view its directory table","","Email","hirehadagalivjn@ksp.gov.in"
"General","Karnataka State Police Headquarters","Click a section header to expand Â Â·Â  Click a unit to view its directory table","","Email","ittigivjn@ksp.gov.in"
"General","Karnataka State Police Headquarters","Click a section header to expand Â Â·Â  Click a unit to view its directory table","","Email","dcrbvjn@ksp.gov.in"
"General","Karnataka State Police Headquarters","Click a section header to expand Â Â·Â  Click a unit to view its directory table","","Email","dsbvjn@ksp.gov.in"
"General","Karnataka State Police Headquarters","Click a section header to expand Â Â·Â  Click a unit to view its directory table","","Email","darvjn@ksp.gov.in"
"General","Karnataka State Police Headquarters","Click a section header to expand Â Â·Â  Click a unit to view its directory table","","Email","fpbvjn@ksp.gov.in"
"General","Karnataka State Police Headquarters","Click a section header to expand Â Â·Â  Click a unit to view its directory table","","Email","smmcvjn@ksp.gov.in"
"General","Karnataka State Police Headquarters","Click a section header to expand Â Â·Â  Click a unit to view its directory table","","Email","spkpl@ksp.gov.in"
"General","Karnataka State Police Headquarters","Click a section header to expand Â Â·Â  Click a unit to view its directory table","","Email","addlspkpl@ksp.gov.in"
"General","Karnataka State Police Headquarters","Click a section header to expand Â Â·Â  Click a unit to view its directory table","","Email","dckpl@ksp.gov.in"
"General","Karnataka State Police Headquarters","Click a section header to expand Â Â·Â  Click a unit to view its directory table","","Email","sdpokpl@ksp.gov.in"
"General","Karnataka State Police Headquarters","Click a section header to expand Â Â·Â  Click a unit to view its directory table","","Email","womenpskpl@ksp.gov.in"
"General","Karnataka State Police Headquarters","Click a section header to expand Â Â·Â  Click a unit to view its directory table","","Email","dcbkpl@ksp.gov.in"
"General","Karnataka State Police Headquarters","Click a section header to expand Â Â·Â  Click a unit to view its directory table","","Email","townkpl@ksp.gov.in"
"General","Karnataka State Police Headquarters","Click a section header to expand Â Â·Â  Click a unit to view its directory table","","Email","traffickpl@ksp.gov.in"
"General","Karnataka State Police Headquarters","Click a section header to expand Â Â·Â  Click a unit to view its directory table","","Email","cpiruralkpl@ksp.gov.in"
"General","Karnataka State Police Headquarters","Click a section header to expand Â Â·Â  Click a unit to view its directory table","","Email","ruralkpl@ksp.gov.in"
"General","Karnataka State Police Headquarters","Click a section header to expand Â Â·Â  Click a unit to view its directory table","","Email","munirabdkpl@ksp.gov.in"
"General","Karnataka State Police Headquarters","Click a section header to expand Â Â·Â  Click a unit to view its directory table","","Email","alwabdikpl@ksp.gov.in"
"General","Karnataka State Police Headquarters","Click a section header to expand Â Â·Â  Click a unit to view its directory table","","Email","cpiyelburgakpl@ksp.gov.in"
"General","Karnataka State Police Headquarters","Click a section header to expand Â Â·Â  Click a unit to view its directory table","","Email","yelburgakpl@ksp.gov.in"
"General","Karnataka State Police Headquarters","Click a section header to expand Â Â·Â  Click a unit to view its directory table","","Email","kuknoorkpl@ksp.gov.in"
"General","Karnataka State Police Headquarters","Click a section header to expand Â Â·Â  Click a unit to view its directory table","","Email","bevoorkpl@ksp.gov.in"
"General","Karnataka State Police Headquarters","Click a section header to expand Â Â·Â  Click a unit to view its directory table","","Email","sdpogovtkpl@ksp.gov.in"
"General","Karnataka State Police Headquarters","Click a section header to expand Â Â·Â  Click a unit to view its directory table","","Email","gvttownkpl@ksp.gov.in"
"General","Karnataka State Police Headquarters","Click a section header to expand Â Â·Â  Click a unit to view its directory table","","Email","gvttraffickpl@ksp.gov.in"
"General","Karnataka State Police Headquarters","Click a section header to expand Â Â·Â  Click a unit to view its directory table","","Email","gvtruralkpl@ksp.gov.in"
"General","Karnataka State Police Headquarters","Click a section header to expand Â Â·Â  Click a unit to view its directory table","","Email","karatagikpl@ksp.gov.in"
"General","Karnataka State Police Headquarters","Click a section header to expand Â Â·Â  Click a unit to view its directory table","","Email","kanakagirikpl@ksp.gov.in"
"General","Karnataka State Police Headquarters","Click a section header to expand Â Â·Â  Click a unit to view its directory table","","Email","cpikushtagikpl@ksp.gov.in"
"General","Karnataka State Police Headquarters","Click a section header to expand Â Â·Â  Click a unit to view its directory table","","Email","kushtagikpl@ksp.gov.in"
"General","Karnataka State Police Headquarters","Click a section header to expand Â Â·Â  Click a unit to view its directory table","","Email","tawargerakpl@ksp.gov.in"
"General","Karnataka State Police Headquarters","Click a section header to expand Â Â·Â  Click a unit to view its directory table","","Email","hanumsagarkpl@ksp.gov.in"
"General","Karnataka State Police Headquarters","Click a section header to expand Â Â·Â  Click a unit to view its directory table","","Email","dcbkpl@ksp.gov.in"
"General","Karnataka State Police Headquarters","Click a section header to expand Â Â·Â  Click a unit to view its directory table","","Email","dcrbkpl@ksp.gov.in"
"General","Karnataka State Police Headquarters","Click a section header to expand Â Â·Â  Click a unit to view its directory table","","Email","darkpl@ksp.gov.in"
"General","Karnataka State Police Headquarters","Click a section header to expand Â Â·Â  Click a unit to view its directory table","","Email","sprcr@ksp.gov.in"
"General","Karnataka State Police Headquarters","Click a section header to expand Â Â·Â  Click a unit to view its directory table","","Email","addlsprcr@ksp.gov.in"
"General","Karnataka State Police Headquarters","Click a section header to expand Â Â·Â  Click a unit to view its directory table","","Email","addlsp2rcr@ksp.gov.in"
"General","Karnataka State Police Headquarters","Click a section header to expand Â Â·Â  Click a unit to view its directory table","","Email","dcrcr@ksp.gov.in"
"General","Karnataka State Police Headquarters","Click a section header to expand Â Â·Â  Click a unit to view its directory table","","Email","sdporcr@ksp.gov.in"
"General","Karnataka State Police Headquarters","Click a section header to expand Â Â·Â  Click a unit to view its directory table","","Email","womenpsrcr@ksp.gov.in"
"General","Karnataka State Police Headquarters","Click a section header to expand Â Â·Â  Click a unit to view its directory table","","Email","cenpsrcr@ksp.gov.in"
"General","Karnataka State Police Headquarters","Click a section header to expand Â Â·Â  Click a unit to view its directory table","","Email","sardarbazarrcr@ksp.gov.in"
"General","Karnataka State Police Headquarters","Click a section header to expand Â Â·Â  Click a unit to view its directory table","","Email","cpiwestrcr@ksp.gov.in"
"General","Karnataka State Police Headquarters","Click a section header to expand Â Â·Â  Click a unit to view its directory table","","Email","westrcr@ksp.gov.in"
"General","Karnataka State Police Headquarters","Click a section header to expand Â Â·Â  Click a unit to view its directory table","","Email","marketyardrcr@ksp.gov.in"
"General","Karnataka State Police Headquarters","Click a section header to expand Â Â·Â  Click a unit to view its directory table","","Email","netajinagarrcr@ksp.gov.in"
"General","Karnataka State Police Headquarters","Click a section header to expand Â Â·Â  Click a unit to view its directory table","","Email","trafficrcr@ksp.gov.in"
"General","Karnataka State Police Headquarters","Click a section header to expand Â Â·Â  Click a unit to view its directory table","","Email","cpiruralrcr@ksp.gov.in"
"General","Karnataka State Police Headquarters","Click a section header to expand Â Â·Â  Click a unit to view its directory table","","Email","ruralrcr@ksp.gov.in"
"General","Karnataka State Police Headquarters","Click a section header to expand Â Â·Â  Click a unit to view its directory table","","Email","shaktinagarrcr@ksp.gov.in"
"General","Karnataka State Police Headquarters","Click a section header to expand Â Â·Â  Click a unit to view its directory table","","Email","yapaladinnircr@ksp.gov.in"
"General","Karnataka State Police Headquarters","Click a section header to expand Â Â·Â  Click a unit to view its directory table","","Email","cpiyeragerarcr@ksp.gov.in"
"General","Karnataka State Police Headquarters","Click a section header to expand Â Â·Â  Click a unit to view its directory table","","Email","yeragerarcr@ksp.gov.in"
"General","Karnataka State Police Headquarters","Click a section header to expand Â Â·Â  Click a unit to view its directory table","","Email","idapanoorrcr@ksp.gov.in"
"General","Karnataka State Police Headquarters","Click a section header to expand Â Â·Â  Click a unit to view its directory table","","Email","sdpolingasugurrcr@ksp.gov.in"
"General","Karnataka State Police Headquarters","Click a section header to expand Â Â·Â  Click a unit to view its directory table","","Email","cpilingasugurrcr@ksp.gov.in"
"General","Karnataka State Police Headquarters","Click a section header to expand Â Â·Â  Click a unit to view its directory table","","Email","lingasugurrcr@ksp.gov.in"
"General","Karnataka State Police Headquarters","Click a section header to expand Â Â·Â  Click a unit to view its directory table","","Email","huttircr@ksp.gov.in"
"General","Karnataka State Police Headquarters","Click a section header to expand Â Â·Â  Click a unit to view its directory table","","Email","huttircr@ksp.gov.in"
"General","Karnataka State Police Headquarters","Click a section header to expand Â Â·Â  Click a unit to view its directory table","","Email","cpimaskircr@ksp.gov.in"
"General","Karnataka State Police Headquarters","Click a section header to expand Â Â·Â  Click a unit to view its directory table","","Email","maskircr@ksp.gov.in"
"General","Karnataka State Police Headquarters","Click a section header to expand Â Â·Â  Click a unit to view its directory table","","Email","mudgalrcr@ksp.gov.in"
"General","Karnataka State Police Headquarters","Click a section header to expand Â Â·Â  Click a unit to view its directory table","","Email","cpideodurgarcr@ksp.gov.in"
"General","Karnataka State Police Headquarters","Click a section header to expand Â Â·Â  Click a unit to view its directory table","","Email","jalahallircr@ksp.gov.in"
"General","Karnataka State Police Headquarters","Click a section header to expand Â Â·Â  Click a unit to view its directory table","","Email","gabburrcr@ksp.gov.in"
"General","Karnataka State Police Headquarters","Click a section header to expand Â Â·Â  Click a unit to view its directory table","","Email","deodurgarcr@ksp.gov.in"
"General","Karnataka State Police Headquarters","Click a section header to expand Â Â·Â  Click a unit to view its directory table","","Email","deodurgatrafficrcr@ksp.gov.in"
"General","Karnataka State Police Headquarters","Click a section header to expand Â Â·Â  Click a unit to view its directory table","","Email","sdposindhanoorrcr@ksp.gov.in"
"General","Karnataka State Police Headquarters","Click a section header to expand Â Â·Â  Click a unit to view its directory table","","Email","sindhanoortownrcr@ksp.gov.in"
"General","Karnataka State Police Headquarters","Click a section header to expand Â Â·Â  Click a unit to view its directory table","","Email","sindhanoortrafficrcr@ksp.gov.in"
"General","Karnataka State Police Headquarters","Click a section header to expand Â Â·Â  Click a unit to view its directory table","","Email","cpisindhanoorrcr@ksp.gov.in"
"General","Karnataka State Police Headquarters","Click a section header to expand Â Â·Â  Click a unit to view its directory table","","Email","sindhanoorruralrcr@ksp.gov.in"
"General","Karnataka State Police Headquarters","Click a section header to expand Â Â·Â  Click a unit to view its directory table","","Email","balaganoorrcr@ksp.gov.in"
"General","Karnataka State Police Headquarters","Click a section header to expand Â Â·Â  Click a unit to view its directory table","","Email","turvihalrcr@ksp.gov.in"
"General","Karnataka State Police Headquarters","Click a section header to expand Â Â·Â  Click a unit to view its directory table","","Email","cpimanvircr@ksp.gov.in"
"General","Karnataka State Police Headquarters","Click a section header to expand Â Â·Â  Click a unit to view its directory table","","Email","manvircr@ksp.gov.in"
"General","Karnataka State Police Headquarters","Click a section header to expand Â Â·Â  Click a unit to view its directory table","","Email","sirwarrcr@ksp.gov.in"
"General","Karnataka State Police Headquarters","Click a section header to expand Â Â·Â  Click a unit to view its directory table","","Email","sirwarrcr@ksp.gov.in"
"General","Karnataka State Police Headquarters","Click a section header to expand Â Â·Â  Click a unit to view its directory table","","Email","kowthalrcr@ksp.gov.in"
"General","Karnataka State Police Headquarters","Click a section header to expand Â Â·Â  Click a unit to view its directory table","","Email","darrcr@ksp.gov.in"
"General","Karnataka State Police Headquarters","Click a section header to expand Â Â·Â  Click a unit to view its directory table","","Email","darrcr@ksp.gov.in"
"General","Karnataka State Police Headquarters","Click a section header to expand Â Â·Â  Click a unit to view its directory table","","Email","dsbrrcr@ksp.gov.in"
"General","Karnataka State Police Headquarters","Click a section header to expand Â Â·Â  Click a unit to view its directory table","","Email","dcrbrcr@ksp.gov.in"
"General","Karnataka State Police Headquarters","Click a section header to expand Â Â·Â  Click a unit to view its directory table","","Email","piisdrcr@ksp.gov.in"
