"Section","Unit","Designation","Phone","Email"
"State Police Headquarters","Headquarters","Director General & Inspector General of Police, Head of Police Force (HoPF), Karnataka State","080-22211803, 080-22942999, 080-22942882, 080-22212164 / 9480800001, 9448466133","police@ksp.gov.in"
"State Police Headquarters","Headquarters","ADGP, Admin","080-22942101, 080-22210662 / 9480800002","adgpadmin@ksp.gov.in"
"State Police Headquarters","Headquarters","ADGP, L&O","080-22942103, 22240496, 22211834 / 9480800005","adgplo@ksp.gov.in"
"State Police Headquarters","Headquarters","ADGP ANTF","—",""
"State Police Headquarters","Headquarters","ADGP, C&TS","080-22942102, 22212227, 22943294, RES-29533404 / 9480800007","adgpcts@ksp.gov.in"
"State Police Headquarters","Headquarters","ADGP, Grievances & Human Rights","22213431, 22942105 / 9480800026","adgpgc@ksp.gov.in"
"State Police Headquarters","Headquarters","IGP, HQ -1","080-22245077, 22942282 / 9480800024","igphq@ksp.gov.in"
"State Police Headquarters","Headquarters","ADGP, KSRP","22213351, 22942104 / 9480800009","adgpksrp@ksp.gov.in"
"State Police Headquarters","Headquarters","IGP, KSRP","22211424, 22942247 / 9480800025","igpksrp@ksp.gov.in"
"State Police Headquarters","Headquarters","DIGP, Admin","080-22942107, 22212693 / 9480800021","igpadmin@ksp.gov.in"
"State Police Headquarters","Headquarters","DIGP, General","22215641, 22942360 / 9480800072","digpgnl@ksp.gov.in"
"State Police Headquarters","Headquarters","DIGP ANTF","080-22942592 / —",""
"State Police Headquarters","Headquarters","DIGP, Crime","080-22211845, 22942349 / 9480800071","digpcrime@ksp.gov.in"
"State Police Headquarters","Headquarters","DIGP HQRS","22943430, 22279002 / 9480800053","digphqco@ksp.gov.in"
"State Police Headquarters","Headquarters","DIGP, CTRS","080-22942106, 22238000 / 9480800022","digpctrs@ksp.gov.in"
"State Police Headquarters","Headquarters","DIGP, Railways","22102659, 22942279–F / 9480800455","igprly@ksp.gov.in"
"State Police Headquarters","Headquarters","DIGP, KSRP HQ","22215259, 22942290 / 9480800052","digpksrp@ksp.gov.in"
"State Police Headquarters","Headquarters","DIGP KSRP BENGALURU ZONE","22943680, 22943142 / 9480800845",""
"State Police Headquarters","Headquarters","SP (W), DGP Control Room","080-22942334, 22215911, RES-22942626 / 9480800908","crdgcontrol@ksp.gov.in, wrdgcontrol@ksp.gov.in"
"State Police Headquarters","Headquarters","SP PRO, CHIEF OFFICE","080-22210391, 22942364, RES-22943528 / 9480800074","murthyaproco@gmail.com"
"State Police Headquarters","Headquarters","APRO","080-22943045 / 9480800728",""
"State Police Headquarters","Headquarters","CAO","22212108, 22942409 / 9480800033","caoco@ksp.gov.in"
"State Police Headquarters","Headquarters","DSP, Law","22942615 / 9480800092, 9886243473, 7892387276",""
"State Police Headquarters","Headquarters","PI LAW","22942615 / 7899759737",""
"State Police Headquarters","Headquarters","DSP, Crime","22942121 / 9480800091","dspcrime2001@gmail.com"
"State Police Headquarters","Headquarters","Assistant Commandant, KSISF","22943127 / 9480800778","acksisfdgoffice@ksp.gov.in"
"State Police Headquarters","Headquarters","DSP, MTO, Chief Office","22942814 / 9480800495",""
"State Police Headquarters","Headquarters","DSP, PRC-I","22942384, 22943598 / 9480800095, 9742122990",""
"State Police Headquarters","Headquarters","PI, PRC","— / 9731232721, 9480800094",""
"State Police Headquarters","Headquarters","PI, PRC","— / 9480336556",""
"State Police Headquarters","Headquarters","Legal Advisor","22109419, 22094606-CID / 9480800162-CID, 9449243110",""
"State Police Headquarters","Headquarters","JCF (Joint Controller Finance)","22212561, 22942414 / 9480800566","jcfco@ksp.gov.in"
"State Police Headquarters","Headquarters","DCF (Deputy Controller Finance)","22942413 / 9448621989",""
"State Police Headquarters","Headquarters","DSP (W), DGP Control Room","22943432 / 9364881600","crdgcontrol@ksp.gov.in, wrdgcontrol@ksp.gov.in"
"State Police Headquarters","Headquarters","PI (W) DGP Control Room","22942337 / 9480800924",""
"State Police Headquarters","Headquarters","PI (W) DGP Control Room","22943463 / 9865151535",""
"State Police Headquarters","Headquarters","DGP CONTROL ROOM","22211777, 22942111, 22942777, 22943404 / 9480800100, 7483645561 (WhatsApp)","crdgcontrol@ksp.gov.in"
"State Police Headquarters","Headquarters","DGP CONTROL ROOM FAX NUMBERS","22215911, 22943413, 22943418 / —",""
"State Police Headquarters","Headquarters","TOLL FREE HELP LINE","18004250100, 22942336, 22943292, 22943293 / —",""
"State Police Headquarters","Headquarters","PA TO ADGP ADMN","22942101 / 9845720494",""
"State Police Headquarters","Headquarters","PA TO ADGP ADMN","22942101 / 9845571243",""
"State Police Headquarters","Headquarters","PA TO ADGP ADMIN","22942101 / 8861782699",""
"State Police Headquarters","Headquarters","PA TO ADGP L&O","22942103 / 9980092652",""
"State Police Headquarters","Headquarters","PA TO ADGP L&O","22942103 / —",""
"State Police Headquarters","Headquarters","PA TO ADGP KSRP","22942104 / —",""
"State Police Headquarters","Headquarters","PA TO ADGP Cr & TS","22942102 / 9901417661",""
"State Police Headquarters","Headquarters","PATO ADGP GHR","22942105 / 9844622316",""
"State Police Headquarters","Headquarters","PA TO IGP KSRP","22942247, 22211424 / 9886596473",""
"State Police Headquarters","Headquarters","PA TO IGP HQRS-1","22245077, 22942282 / 9449906124",""
"State Police Headquarters","Headquarters","PA TO DIGP ADMN","22942107, 22212693 / 9886787774",""
"State Police Headquarters","Headquarters","PA TO DIGP CTRS","22942106 / 9739576698",""
"State Police Headquarters","Headquarters","PA TO DIGP KSRP","22215259 / 9844231596",""
"State Police Headquarters","Headquarters","PA TO DIGP CRIME","22211845, 22942349 / 9844345704",""
"State Police Headquarters","Headquarters","PA TO DIGP GENERAL","22215641, 22942360 / 8710004369",""
"State Police Headquarters","Headquarters","PA TO DIGP HQ","22279002, 22943430 / 9901882762",""
"State Police Headquarters","Headquarters","AAO HRM-I","22942837 / 9448703385",""
"State Police Headquarters","Headquarters","AAO HRM-II","22942826 / 9632963754",""
"State Police Headquarters","Headquarters","AAO L&O","22942840 / 9980680758",""
"State Police Headquarters","Headquarters","AAO GC, BUILDING, ABY SECTION","22942833 / 9886506419",""
"State Police Headquarters","Headquarters","AAO Cr & TS","22943390 / 9036185986",""
"State Police Headquarters","Headquarters","AAO KSRP","22112136 / 8971621903",""
"State Police Headquarters","Control Rooms in Bengaluru","DGP CONTROL ROOM","22211777 / 22942111 / 22942777 / 22215911 / 9480800100 / Toll Free: 18004250100","crdgcontrol@ksp.gov.in, wrdgcontrol@ksp.gov.in"
"State Police Headquarters","Control Rooms in Bengaluru","CID CIVIL CONTROL ROOM","22942444 / 22094498 / 9480800123","spnoccid@ksp.gov.in"
"State Police Headquarters","Control Rooms in Bengaluru","CID WIRELESS CONTROL ROOM","22942434 / 22094500 / —","crcod@ksp.gov.in"
"State Police Headquarters","Control Rooms in Bengaluru","ISD CONTROL ROOM","25596006 / 22943801 / 9480800600",""
"State Police Headquarters","Control Rooms in Bengaluru","BENGALURU CITY CONTROL ROOM","22942222 / 22250999 / 22943400 / 8277945406 / 9480801556",""
"State Police Headquarters","Control Rooms in Bengaluru","108 CONTROL ROOM (Ambulance)","23280161 (108) / —",""
"State Police Headquarters","Control Rooms in Bengaluru","CENTRAL CONTROL ROOM","22943003 / 9480801100",""
"State Police Headquarters","Control Rooms in Bengaluru","EAST CONTROL ROOM","22943535 / 9480801200",""
"State Police Headquarters","Control Rooms in Bengaluru","SOUTH EAST CONTROL ROOM","22943482 / 9480801600",""
"State Police Headquarters","Control Rooms in Bengaluru","WEST CONTROL ROOM","22943232 / 9480801700",""
"State Police Headquarters","Control Rooms in Bengaluru","NORTH CONTROL ROOM","22943434 / 9480801300",""
"State Police Headquarters","Control Rooms in Bengaluru","NORTH EAST CONTROL ROOM","22943060 / 9480801400",""
"State Police Headquarters","Control Rooms in Bengaluru","SOUTH CONTROL ROOM","22943111 / 9480801500",""
"State Police Headquarters","Control Rooms in Bengaluru","TRAFFIC NORTH CONTROL ROOM","22943684 / 9480801096",""
"State Police Headquarters","Control Rooms in Bengaluru","TRAFFIC SOUTH CONTROL ROOM","22942704 / 9480801097",""
"State Police Headquarters","Control Rooms in Bengaluru","TRAFFIC EAST CONTROL ROOM","22943131 / 9480801095",""
"State Police Headquarters","Control Rooms in Bengaluru","TRAFFIC WEST CONTROL ROOM","22943030 / 9480801900",""
"State Police Headquarters","Control Rooms in Bengaluru","TRAFFIC CENTRAL CONTROL ROOM","22943663 / 9480801094",""
"State Police Headquarters","Control Rooms in Bengaluru","MASTER CONTROL ROOM","22943322 / —",""
"State Police Headquarters","Control Rooms in Bengaluru","CCB CONTROL ROOM","22943084 / —",""
"State Police Headquarters","Control Rooms in Bengaluru","CAR HQRS CONTROL ROOM","22943555 / —",""
"State Police Headquarters","Control Rooms in Bengaluru","CAR NORTH CONTROL ROOM","22943222 / 9480801046",""
"State Police Headquarters","Control Rooms in Bengaluru","CAR SOUTH CONTROL ROOM","22943333 / —",""
"State Police Headquarters","Control Rooms in Bengaluru","WHITE FIELD CONTROL ROOM","22942959 / 9480801144 / 7411747100",""
"State Police Headquarters","Control Rooms in Bengaluru","RAILWAY CONTROL ROOM","22942666 / 22871291 / 9480802140","dcrly@ksp.gov.in"
"State Police Headquarters","Control Rooms in Bengaluru","RPF CONTROL ROOM","22156322 / —",""
"State Police Headquarters","Control Rooms in Bengaluru","BBMP CONTROL ROOM","22221188 / 22660000 / —",""
"State Police Headquarters","Control Rooms in Bengaluru","DEAD BODY CONTROL ROOM","22975829 / —",""
"State Police Headquarters","Control Rooms in Bengaluru","CISF CONTROL ROOM","22001509 / 22001519 / 22001514 / 22001513 / 22001520 / —",""
"State Police Headquarters","Control Rooms in Bengaluru","DISASTER CONTROL ROOM","22340676 / 22253707 / —",""
"State Police Headquarters","Control Rooms in Bengaluru","INT CONTROL ROOM","22240372 / 22942608 / 9449878811",""
"State Police Headquarters","Control Rooms in Bengaluru","I BN KSRP CONTROL ROOM BENGALURU","25584116 / 22942555 / 22943635 / 9480800829",""
"State Police Headquarters","Control Rooms in Bengaluru","III BN KSRP CONTROL ROOM BENGALURU","22943638 / 9480800836",""
"State Police Headquarters","Control Rooms in Bengaluru","IV BN KSRP CONTROL ROOM BENGALURU","22942118 / 25530257 / 9480800840",""
"State Police Headquarters","Control Rooms in Bengaluru","IX BN KSRP CONTROL ROOM KOODLU","28440661 / 28440673 / 9480800857",""
"State Police Headquarters","Control Rooms in Bengaluru","CBI CONTROL ROOM","23331026 / 23331977 / —",""
"State Police Headquarters","Control Rooms in Bengaluru","ISPW CONTROL ROOM","22259660 / —",""
"State Police Headquarters","Control Rooms in Bengaluru","DISASTER CONTROL ROOM (REVENUE DEPT)","22253707 / 22340676 / —",""
"State Police Headquarters","Control Rooms in Bengaluru","DISASTER CONTROL ROOM, COP","22943283 / —",""
"State Police Headquarters","Control Rooms in Bengaluru","FIRE & EMERGENCY SERVICES CONTROL ROOM","22971500 / 22971600 / 22971550 / 22971512 / 101 / 9513749109",""
"State Police Headquarters","Control Rooms in Bengaluru","HOME GUARDS CONTROL ROOM","25553234 / 25576853 / 25576850 / 22267920 / —",""
"State Police Headquarters","Control Rooms in Bengaluru","CIVIL DEFENCE CONTROL ROOM","22267920 / 22942720 / —",""
"State Police Headquarters","Control Rooms in Bengaluru","CRPF BENGALURU","080-28567730 / —",""
"State Police Headquarters","Control Rooms in Bengaluru","VIDHANA SOUDHA EXCHANGE","22032000 / 22032998 / —",""
"State Police Headquarters","Control Rooms in Bengaluru","VIKASA SOUDHA EXCHANGE","22035005 / 22034545 / 22032222 / —",""
"State Police Headquarters","Officers on State Deputation","ADGP & Principal Secretary to Government, Home Department (PCAS)","080-22256774 / 22033710 / 22342730 / 9448400100","secypcas-home@karnataka.gov.in, prspcas-home@karnataka.gov.in"
"State Police Headquarters","Officers on State Deputation","IGP, Vigilance Water Resource Development, Bengaluru","22384076 / 22874201 / —","igpwrv@gmail.com"
"State Police Headquarters","Officers on State Deputation","DIGP, COMMISSIONER, YOUTH EMPOWERMENT & SPORTS DEPARTMENT","080-22215601 / 9480886544","dyesdept@gmail.com"
"State Police Headquarters","Officers on State Deputation","DIGP & Secretary, Karnataka Building and Other Construction Workers Welfare Board Bengaluru","— / 9902956196",""
"State Police Headquarters","Officers on State Deputation","DIGP, Vigilance Karnataka Power Corporation Ltd (KPCL)","— / 9880902400","cvokpcl@karnataka.gov.in"
"State Police Headquarters","Officers on State Deputation","DIGP & Director, BMTC (Security & Vigilance), Bengaluru","080-22537512 / 080-22537513 / 7760994200 (BMTC) / 7022749923","directorsv@mybmtc.com"
"State Police Headquarters","Officers on State Deputation","SP, vigilance CHESCOM, Mysuru","0821-2342708 / 2342707 / 9448499964","dyspvigmos@gmail.com, spvigilance@cescmysore.org"
"State Police Headquarters","Officers on State Deputation","SP, HESCOM, Hubballi","0836-2361034 / 9448356984 / 9900334382","sp_vigilance@yahoo.com"
"State Police Headquarters","Officers on State Deputation","SP BMRDA (EXCLUDING BDA & BMICAPA)","— / 9916865069",""
"State Police Headquarters","Officers on State Deputation","SP, BDA, Bengaluru","080-23364227 / 7019053100","sp@bdabangalore.org"
"State Police Headquarters","Officers on State Deputation","SP, BESCOM Vigilance, Bengaluru","080-22381838 / 9448042375","spvigilance@yahoo.in"
"State Police Headquarters","Officers on State Deputation","SP, GESCOM, Kalaburagi","08472-256738 / 256842 / 9448359010","gescomsp@gmail.com"
"State Police Headquarters","Officers on State Deputation","Director of Kannada and Culture Department","080-22214379 / 22213530 / 9449842130","kanbhavblr@gmail.com"
"State Police Headquarters","Officers on State Deputation","MD KARNATAKA SILK MARKETING BOARD LIMITED BENGALURU","080-23120155 / —","ksmblt@gmail.com"
"State Police Headquarters","Officers on State Deputation","Additional Director (Vigilance & Information Technology (I.T))","080-22354857 / —","ddit.fcs-ka@nic.in"
"State Police Headquarters","Retired Police Officers","K.U.BALAKRISHNA RAU RETD. DG & IGP","080-25258776 / —",""
"State Police Headquarters","Retired Police Officers","M.S.RAGHURAMAN RETD. DG & IGP","080-25257950 / 9663512721",""
"State Police Headquarters","Retired Police Officers","R.RAMALINGAM RETD DG & IGP","080-23537979 / 9448357979",""
"State Police Headquarters","Retired Police Officers","S.N.S.MURTHY RETD. DG & IGP","080-25266966 / 9886394206","sampige05@gmail.com"
"State Police Headquarters","Retired Police Officers","F.T.R.COLASO RETD. DG & IGP","080-22236969 / 8892498545",""
"State Police Headquarters","Retired Police Officers","A.S.MALURKAR RETD. DG & IGP","— / 9880300477",""
"State Police Headquarters","Retired Police Officers","DR. K.SREENIVASAN RETD. DG & IGP","080-25265620, 25984455 / 9448065620",""
"State Police Headquarters","Retired Police Officers","V.V.BHASKAR RETD. DG & IGP","— / 9845517343",""
"State Police Headquarters","Retired Police Officers","T.MADIYAL RETD. DG & IGP","— / 9448327335",""
"State Police Headquarters","Retired Police Officers","M.D.SINGH RETD. DG & IGP","— / 9844264400",""
"State Police Headquarters","Retired Police Officers","SUSIL N.BORKAR RETD. DG & IGP","080-26681451 / 9845495070, 9342811449",""
"State Police Headquarters","Retired Police Officers","B.N.P.ALBUQUERQUE RETD. DG & IGP","080-22103377 / 9886982719",""
"State Police Headquarters","Retired Police Officers","R. SRIKUMAR RETD. DG & IG","080-26682275 / 9844093548",""
"State Police Headquarters","Retired Police Officers","Dr. AJAI KUMAR SINGH RETD. DG & IG","— / 9036353833",""
"State Police Headquarters","Retired Police Officers","Dr. S.T.RAMESH RETD. DG & IGP","— / 9902788641","stramesh@gamil.com"
"State Police Headquarters","Retired Police Officers","N.ACHUTA RAO RETD. DG & IGP","— / 9482324949",""
"State Police Headquarters","Retired Police Officers","S.M.BIDARI RETD. DG & IGP","080-26682915 / 9900027854",""
"State Police Headquarters","Retired Police Officers","A.R.INFANT RETD. DG & IGP","080-26684688 / 9742601346",""
"State Police Headquarters","Retired Police Officers","LALROKHUMA PACHUAU RETD. DG & IGP","— / 7085629457",""
"State Police Headquarters","Retired Police Officers","RUPAK KUMAR DUTTA RETD. DG & IGP (Advisor to Hon'ble Chief Minister, West Bengal State)","— / 9650409494",""
"State Police Headquarters","Retired Police Officers","NEELMANI N RAJU RETD. DG & IGP (Hon'ble Member, RERA)","— / 9810578274","neelamaniraju@gmail.com"
"State Police Headquarters","Retired Police Officers","DR. ALOK MOHAN RETD. DG & IGP","— / 9844266099",""
"State Police Headquarters","Retired Police Officers","P.P.R.NAIR RETD. Spl. Secretary, Govt. of India","080-25262566 / 9886425169",""
"State Police Headquarters","Retired Police Officers","BALAKRISHNAN RETD. Spl Cabinet Secretary","080-22227456 / 9379058687",""
"State Police Headquarters","Retired Police Officers","S.GOPAL RETD. Special Secretary, Cabinet Secretariat","— / 9449810347",""
"State Police Headquarters","Retired Police Officers","N.NARASIMHAN RETD. Secretary Cabinet Secretariat","— / 9900195803",""
"State Police Headquarters","Retired Police Officers","A.ARJUNAN RETD. Spl. Secretary","080-26762831 / 9480611218",""
"State Police Headquarters","Retired Police Officers","S.C.BURMAN RETD. DGP","— / 9880280804",""
"State Police Headquarters","Retired Police Officers","R.M.VASANTH KUMAR RETD. DGP","— / 7017481276",""
"State Police Headquarters","Retired Police Officers","CHANDU LAL RETD. DGP","— / 9449631100",""
"State Police Headquarters","Retired Police Officers","R.S.CHOPRA RETD. DGP","— / 9632759095",""
"State Police Headquarters","Retired Police Officers","Dr. D.V.GURUPRASAD RETD. DGP","— / 9448090440",""
"State Police Headquarters","Retired Police Officers","JAIPARKASH RETD. DGP","080-25533825 / 9482031027, 9986806504",""
"State Police Headquarters","Retired Police Officers","JIJA MADHAVAN HARISINGH RETD. DGP","— / 9880140477",""
"State Police Headquarters","Retired Police Officers","Dr. S.KRISHNA MURTHY RETD. DGP","080-23418655 / 9980517125",""
"State Police Headquarters","Retired Police Officers","KUCHANNA SRINIVASAN RETD. DGP","— / 9483503999, 9448357962",""
"State Police Headquarters","Retired Police Officers","S.MARISWAMY RETD. DGP","— / 9611112192",""
"State Police Headquarters","Retired Police Officers","L.REVANNASIDDAIAH RETD. DGP","— / 9448138828",""
"State Police Headquarters","Retired Police Officers","Y.S.RAO RETD. DGP","080-26588895 / 9481603449",""
"State Police Headquarters","Retired Police Officers","Dr. P.S.RAMANUJAM RETD. DGP","— / 8792416998",""
"State Police Headquarters","Retired Police Officers","Dr. H.T.SANGLIANA RETD. DGP","080-25703838 / 9740119901",""
"State Police Headquarters","Retired Police Officers","M.K.SRIVASTAVA RETD. DGP","080-26686582 / 9845214008","mkdgp77@gmail.com"
"State Police Headquarters","Retired Police Officers","Dr. B.E.UMAPATHY RETD. DGP","— / 9845240900",""
"State Police Headquarters","Retired Police Officers","N.S.MEGHARIKH RETD. DGP","— / 9844044166","megharikh@yahoo.com"
"State Police Headquarters","Retired Police Officers","H.N SATHYANARAYANA RAO RETD. DGP","080-26536140 / 9945298898",""
"State Police Headquarters","Retired Police Officers","PREM SHANKAR MEENA RETD. DGP","— / 8197777911",""
"State Police Headquarters","Retired Police Officers","H.C.KISHORE CHANDRA RETD. DGP (Hon'ble Chairman, RERA)","— / 9902030009",""
"State Police Headquarters","Retired Police Officers","M.N.REDDI RETD. DGP","— / 9481830000",""
"State Police Headquarters","Retired Police Officers","R.H.AURADKAR RETD. DGP (Hon'ble Member, KAT)","— / 9449084841, 9449003662",""
"State Police Headquarters","Retired Police Officers","ASHIT MOHAN PRASAD RETD. DGP","— / 9448074100",""
"State Police Headquarters","Retired Police Officers","PADAM KUMAR GARG RETD. DGP","— / 9480824808",""
"State Police Headquarters","Retired Police Officers","T.SUNEEL KUMAR RETD. DGP","80-25355353 / 9845666077",""
"State Police Headquarters","Retired Police Officers","Dr. AMAR KUMAR PANDEY RETD. DGP","— / 9945179024",""
"State Police Headquarters","Retired Police Officers","P.S.SANDHU RETD. DGP","— / 9481300000","pavanjeetsinghsandhu@gmail.com"
"State Police Headquarters","Retired Police Officers","Dr. P.RAVINDRANATH RETD. DGP","— / 9739405565, 9845048431",""
"State Police Headquarters","Retired Police Officers","C.H.PRATAP REDDY RETD. DGP","— / 9448956555",""
"State Police Headquarters","Retired Police Officers","KAMAL PANT RETD. DGP","— / 9845991451",""
"State Police Headquarters","Retired Police Officers","MALINI KRISHNAMOORTHY RETD. DGP","— / 9945979999",""
"State Police Headquarters","Retired Police Officers","CHANDRASHEKARA RETD. ADGP","— / 9845072185",""
"State Police Headquarters","Retired Police Officers","DHARMAPAL NEGI RETD. ADGP","— / 9900115209",""
"State Police Headquarters","Retired Police Officers","J.V.GAONKAR RETD. ADGP","— / 9482851770",""
"State Police Headquarters","Retired Police Officers","B.G.J.MIRJI RETD. ADGP","— / 9845188995",""
"State Police Headquarters","Retired Police Officers","KEMPAIAH RETD. ADGP","— / 9591536477",""
"State Police Headquarters","Retired Police Officers","P.KODANDARAMAIAH RETD. ADGP","— / 9448045295",""
"State Police Headquarters","Retired Police Officers","B.N.NAGARAJ RETD. ADGP","— / 9741385968",""
"State Police Headquarters","Retired Police Officers","K.NARAYAN RETD. ADGP","080-25251531 / 9448361531",""
"State Police Headquarters","Retired Police Officers","Dr. SUBASH BHARANI RETD. ADGP","— / 9945400123",""
"State Police Headquarters","Retired Police Officers","SURATH PRASAD RETD. ADGP","— / 9945570406",""
"State Police Headquarters","Retired Police Officers","K.S.N.CHIKKERUR RETD. ADGP","— / 9448467662",""
"State Police Headquarters","Retired Police Officers","MOHAMED WAZIR AHMED RETD. ADGP","— / 7899827080",""
"State Police Headquarters","Retired Police Officers","K.V.GAGANDEEP RETD. ADGP","— / 9611751222",""
"State Police Headquarters","Retired Police Officers","SANJAY SAHAY RETD. ADGP","— / 9845246669",""
"State Police Headquarters","Retired Police Officers","Dr. S.PARASHIVA MURTHY RETD. ADGP","— / 9741177775",""
"State Police Headquarters","Retired Police Officers","SUNIL AGARWAL RETD. ADGP","080-25720287 / 9448371117",""
"State Police Headquarters","Retired Police Officers","BHASKAR RAO RETD. ADGP","— / 9980915100",""
"State Police Headquarters","Retired Police Officers","N SHIVA KUMAR RETD. ADGP","— / 9448123234, 8951863632",""
"State Police Headquarters","Retired Police Officers","Dr. A.S.N.MURTHY RETD. ADGP","— / 9972792119",""
"State Police Headquarters","Retired Police Officers","AYACHIT RETD. IGP","— / 9741877882",""
"State Police Headquarters","Retired Police Officers","S.K. BALARAMAN RETD. IGP","080-25455869 / 9448808076",""
"State Police Headquarters","Retired Police Officers","C.CHANDRASHEKAR RETD. IGP","— / 9482222854",""
"State Police Headquarters","Retired Police Officers","DORESWAMY NAIK RETD. IGP","— / 9448505666",""
"State Police Headquarters","Retired Police Officers","T.JAYAPRAKASH RETD. IGP","— / 9845911115",""
"State Police Headquarters","Retired Police Officers","JAYPRAKASH V.NAYAK RETD. IGP","— / 9663945079",""
"State Police Headquarters","Retired Police Officers","H.R.KASTURI RANGAN RETD. IGP","080-23565252 / 9448065256",""
"State Police Headquarters","Retired Police Officers","U.NISSAR AHAMED RETD. IGP","— / 9845099499",""
"State Police Headquarters","Retired Police Officers","M.LAXMAN RETD. IGP","— / 9449348140",""
"State Police Headquarters","Retired Police Officers","D.N.MUNIKRISHNA RETD. IGP","080-48668724 / 9342811600",""
"State Police Headquarters","Retired Police Officers","K.S.MANDEGAR RETD. IGP","080-25630672 / 9886651769",""
"State Police Headquarters","Retired Police Officers","M.V.MURTHY RETD. IGP","— / 9845525252",""
"State Police Headquarters","Retired Police Officers","Dr. M.K.NAGARAJ RETD. IGP","— / 8095501072",""
"State Police Headquarters","Retired Police Officers","NARAYAN R.NADAMANI RETD. IGP","— / 9448194513",""
"State Police Headquarters","Retired Police Officers","SURESH KUNNI MOHAMMED RETD. IGP","— / 8747976333",""
"State Police Headquarters","Retired Police Officers","Y.R.PATIL RETD. IGP","— / 9844354803",""
"State Police Headquarters","Retired Police Officers","M.F PASHA RETD. IGP","— / 9980053054",""
"State Police Headquarters","Retired Police Officers","K.C. RAMAMURTHY RETD. IGP","— / 9845323700, 9108146700",""
"State Police Headquarters","Retired Police Officers","S. RAMAKRISHNA RETD. IGP","— / 9448400093",""
"State Police Headquarters","Retired Police Officers","S.K.VENUGOPAL RETD. IGP","— / 9900096569, 9845656569",""
"State Police Headquarters","Retired Police Officers","GOPAL B.HOSUR RETD. IGP","— / 9880975000",""
"State Police Headquarters","Retired Police Officers","K.L.SUDHEER RETD. IGP","— / 9980661575",""
"State Police Headquarters","Retired Police Officers","SYED ULFATH HUSSAIN RETD. IGP","— / 9448045234",""
"State Police Headquarters","Retired Police Officers","B.A.PADMANAYANA RETD. IGP","080-23401901 / 9482855875",""
"State Police Headquarters","Retired Police Officers","B.SHIVAKUMAR RETD. IGP","080-25632285 / 7022146331",""
"State Police Headquarters","Retired Police Officers","P.H.RANE RETD. IGP","— / 9448110533",""
"State Police Headquarters","Retired Police Officers","B.N.S.REDDY RETD. IGP","— / 7760996262",""
"State Police Headquarters","Retired Police Officers","N.SHIVAPRASAD RETD. IGP","— / 9845201832",""
"State Police Headquarters","Retired Police Officers","M.R.PUJAR RETD. IGP","— / 9611988880",""
"State Police Headquarters","Retired Police Officers","H.S.REVANNA RETD. IGP","— / 9164619777, 9480861031",""
"State Police Headquarters","Retired Police Officers","K.T.BALAKRISHNA RETD. IGP","— / 9945278100",""
"State Police Headquarters","Retired Police Officers","S N SIDDARAMAPPA RETD. IGP","— / 9731806397",""
"State Police Headquarters","Retired Police Officers","B.S.LOKESH KUMAR RETD. IGP","— / 9845689500",""
"State Police Headquarters","Retired Police Officers","B.SRIKANTAPPA RETD. DIGP","— / 9538554571",""
"State Police Headquarters","Retired Police Officers","G.B.CHEBBI RETD. DIGP","080-26686060 / 9845106747",""
"State Police Headquarters","Retired Police Officers","RAVINDRA PRASAD RETD. DIGP","— / 9845176270",""
"State Police Headquarters","Retired Police Officers","RAMESH HARIHAR RETD. DIGP","— / 7204543369",""
"State Police Headquarters","Retired Police Officers","K.H.SRINIVASAN RETD. DIGP","080-22581821 / 9448511274",""
"State Police Headquarters","Retired Police Officers","N.B.Bhat RETD. DIGP","— / 9448053377",""
"State Police Headquarters","Retired Police Officers","G.RAMESH RETD. DIGP","— / 9900066300",""
"State Police Headquarters","Retired Police Officers","H.S.VENKATESH RETD. DIGP","— / 9964610000, 9448710000",""
"State Police Headquarters","Retired Police Officers","T.G.KRISHNA BHAT RETD. DIGP","— / 9972677999",""
"State Police Headquarters","Retired Police Officers","Dr. T.D.PAWAR RETD. DIGP","— / 7349282828",""
"State Police Headquarters","Retired Police Officers","Dr. D.C.RAJAPPA RETD. DIGP","— / 9448149194, 9353333109",""
"State Police Headquarters","Retired Police Officers","T.R.SURESH RETD. DIGP","— / 9448061330",""
"State Police Headquarters","Retired Police Officers","ESHWARCHANDRA VIDYASAGAR RETD. SP","— / 9448556666",""
"State Police Headquarters","Retired Police Officers","P.MUNISWAMY RETD. SP","— / 9449085580",""
"State Police Headquarters","Retired Police Officers","S.B.BISNALLI RETD. SP","— / 9448691999","sbbisnalli11@gmail.com"
"State Police Headquarters","Retired Police Officers","RAMASUBBU RETD. SP","— / 9980955188",""
"State Police Headquarters","Retired Police Officers","K.SRINIVASA RETD. DCP","— / 9945121169",""
"State Police Headquarters","Retired Police Officers","RANGASWAMY NAIK RETD. SP","080-25279433 / 9845194614",""
"State Police Headquarters","Retired Police Officers","M.MUTHURAYA RETD. SP","— / 9449399973",""
"State Police Headquarters","Retired Police Officers","A. KUMARASWAMY RETD. SP","— / 9243456629",""
"State Police Headquarters","Retired Police Officers","K.G.DEVARAJU RETD. SP","— / 9449721149",""
"Special Units","Home, Civil Defence, Fire & Emergency Services","DGP & Director General, Fire & Emergency Services / Commandant General Home Guards / Director General SDRF / Director Civil Defence","080-25570733, 080-22942108 / 9480823601","dgp.ksfes@ksp.gov.in"
"Special Units","Home, Civil Defence, Fire & Emergency Services","Additional Director General, Fire & Emergency Services & SDRF","080-22971567, 080-25575575 / 9448461144","adgp.ksfes@ka.gov.in"
"Special Units","Home, Civil Defence, Fire & Emergency Services","Deputy Inspector General, Fire & Emergency Services","080-22971505 / 9480823603","digp.ksfes@ka.gov.in"
"Special Units","Home, Civil Defence, Fire & Emergency Services","Deputy Inspector General & Additional Commandant General, Home Guards","080-25573333 / 9448021663","adgphgcdban@gmail.com"
"Special Units","Home, Civil Defence, Fire & Emergency Services","Deputy Commandant General, Home Guards","080-25573553 / -","dcghgcd935@gmail.com"
"Special Units","Home, Civil Defence, Fire & Emergency Services","Commandant, Home Guards & Civil Defence Academy","080-25541505 / 9448797990","comdthgcd@gmail.com"
"Special Units","Home, Civil Defence, Fire & Emergency Services","Chief Fire Officer East","080-22971513 / 9448100177","cfoblreast@gmail.com"
"Special Units","Home, Civil Defence, Fire & Emergency Services","Commandant, Fire & Emergency Services Training","080-29564055 / 9448100177","cfireacademy@gmail.com"
"Special Units","Home, Civil Defence, Fire & Emergency Services","Chief Fire Officer West","080-22971523 / 9449478178","cfobngwestksfes@gmail.com"
"Special Units","Home, Civil Defence, Fire & Emergency Services","Deputy Director (Administration)","080-22971507 / 9449549823","dda.ksfes@ka.gov.in"
"Special Units","Home, Civil Defence, Fire & Emergency Services","Director, Fire Service","080-25540656 / 9448132101","director.ksfes@ka.gov.in"
"Special Units","Home, Civil Defence, Fire & Emergency Services","Deputy Director (Technical)","080-25544042 / 8277007351","ddt.ksfes@ka.gov.in"
"Special Units","Home, Civil Defence, Fire & Emergency Services","North Fire Station, Bengaluru","080-22971536 / -","fsonorth.ksfes@ka.gov.in"
"Special Units","Home, Civil Defence, Fire & Emergency Services","South Fire Station, Bengaluru","080-22971535 / -","fsosouth.ksfes@ka.gov.in"
"Special Units","Home, Civil Defence, Fire & Emergency Services","City Fire Control Room","080-22971500 / 600 / -",""
"Special Units","Home, Civil Defence, Fire & Emergency Services","Home Guards Control Room","080-25553234 / -","hgcdhqrsban@gmail.com"
"Special Units","Home, Civil Defence, Fire & Emergency Services","Civil Defence Control Room","080-22267920 / -",""
"Special Units","Internal Security Division (ISD)","DGP, ISD","080-22943816 / 25304575 / 9480800008","dgisd@ksp.gov.in"
"Special Units","Internal Security Division (ISD)","ADGP, ISD","080-22943812 / 25303900 / 9480800055","adgpis@ksp.gov.in"
"Special Units","Internal Security Division (ISD)","IGP, Counter Intelligence and Investigation","080-22943812 / 9480800055",""
"Special Units","Internal Security Division (ISD)","ADGP, Second-In-Command Karnataka State Bengaluru","080-22943812 / 25303900 / 9480800055",""
"Special Units","Internal Security Division (ISD)","IGP, Operation, ISD","080-25302070 / 080-22943801 / 9480800601","igpisd@ksp.gov.in"
"Special Units","Internal Security Division (ISD)","IGP, Security Division, ISD","080-22943813 / 9480800603","igpisdsecurity@ksp.gov.in"
"Special Units","Internal Security Division (ISD)","DIGP, Commander, ANF ISD","—","digpanf@ksp.gov.in"
"Special Units","Internal Security Division (ISD)","DIGP, Admin ISD","080-22943811 / 25592733 / 9480800606","digpis@ksp.gov.in"
"Special Units","Internal Security Division (ISD)","SP, HQ ISD","080-22943824 / 25592736 / 9480800607","sphqisd@ksp.gov.in"
"Special Units","Internal Security Division (ISD)","Director CCT, ISD","080-22943818 / 25593961 / 29516151 / 9480800604","dircctisd@ksp.gov.in"
"Special Units","Internal Security Division (ISD)","SP, ISD, B’luru City","080-22346789 / 9480800609","spbcpcrerisd@ksp.gov.in"
"Special Units","Internal Security Division (ISD)","SP, SR/WR, ISD","0824-2423600 / 9480800612","spwrsrisd@ksp.gov.in"
"Special Units","Internal Security Division (ISD)","SP, ISD Northern Range, Dharwad","0836-2774833 / 9480800613","spnrisd@ksp.gov.in"
"Special Units","Internal Security Division (ISD)","SP, ANF, Karkala","08258-233888 / 9480800510","spanf@ksp.gov.in"
"Special Units","Internal Security Division (ISD)","SP CSP, Udupi","0820-2538120 / 2538100 / 9480800555","spcsp@ksp.gov.in"
"Special Units","Internal Security Division (ISD)","SP, ISD, North-Eastern Range, Kalaburagi","08472-262521 / 9480800611","spisdner@ksp.gov.in"
"Special Units","Internal Security Division (ISD)","SP, Admin, ISD","080-25592737 / 22943817 / 9480800608","spadminisd@ksp.gov.in"
"Special Units","Internal Security Division (ISD)","Commandant KSISF-I BN, Bengaluru","080-22942291 / 22942285 / 9480800610","cmdbtn1ksisf@ksp.gov.in"
"Special Units","Internal Security Division (ISD)","DEPUTY COMMANDANT KSISF-I & METRO QRT","080-22942291 / 29791560-C/R / 9480800647","crksisf@ksp.gov.in"
"Special Units","Internal Security Division (ISD)","Commandant KSISF-II BN, Shivamogga","08182-296211 / 9480800616","cmdbtn2ksisf@ksp.gov.in"
"Special Units","Internal Security Division (ISD)","SP, Center for Counter Terrorism (CCT), ISD","080-25746151 / 9480800605","spcct@ksp.gov.in"
"Special Units","Internal Security Division (ISD)","Commandant KSISF-III BN, Dharwad","0836-2777790 / 9480800637","cmbtn3ksisf@ksp.gov.in"
"Special Units","Internal Security Division (ISD)","Commandant KSISF-IV BN, MYSURU","— / 9886967508",""
"Special Units","Internal Security Division (ISD)","PI (WIRELESS) ISD","080-22943801 / 080-25596006 / 9480800666",""
"Special Units","Internal Security Division (ISD)","ISD CONTROL ROOM","080-22943801 / 25596006 / 9480800600","crisd@ksp.gov.in"
"Special Units","Internal Security Division (ISD)","CSP CONTROL ROOM","0820-2538100 / 9480800573","cspudp@ksp.gov.in"
"Special Units","Internal Security Division (ISD)","CCT CONTROL ROOM","080-29526151 / 9480800672","crcct@ksp.gov.in"
"Special Units","Internal Security Division (ISD)","ANF CONTROL ROOM","08258-233111 / 9480800521","cranf@ksp.gov.in"
"Special Units","Internal Security Division (ISD)","KSISF 1 st BN, CONTROL ROOM","080-29791560 / 22943270 / 9480800783","crksisf@ksp.gov.in"
"Special Units","Internal Security Division (ISD)","KSISF 2 nd BN, CONTROL ROOM","08182-291100 / 9480800648","crksisf2@ksp.gov.in"
"Special Units","Internal Security Division (ISD)","KSISF 3 rd BN, CONTROL ROOM","0836-2777799 / —","cr3btnksisf@ksp.gov.in"
"Special Units","Internal Security Division (ISD)","DSP, ISD ADMIN","— / 9480800617",""
"Special Units","Internal Security Division (ISD)","DSP, ISD SECURITY AUDIT","— / 9480800618",""
"Special Units","Internal Security Division (ISD)","DSP, ISD DOCUMENTATION","— / 9480800619",""
"Special Units","Internal Security Division (ISD)","DSP, ISD TECHNICAL","— / 9480800620",""
"Special Units","Internal Security Division (ISD)","DSP, ISD BENGALURU EAST","— / 9480800623",""
"Special Units","Internal Security Division (ISD)","DSP, ISD BENGALURU WEST","— / 9480800626",""
"Special Units","Internal Security Division (ISD)","DSP, ISD BENGALURU CENTRAL","— / 9480800627",""
"Special Units","Internal Security Division (ISD)","PI, MTO, ISD","— / 9480800628",""
"Special Units","Internal Security Division (ISD)","PI, TECH WING (CDR)","— / 9480800640",""
"Special Units","Internal Security Division (ISD)","PI, NORTH EAST DIVISION","— / 9480800687",""
"Special Units","Internal Security Division (ISD)","PI, TECHNICAL WING DR","— / 9480800689",""
"Special Units","Internal Security Division (ISD)","PI, SOUTH DIVISION BENGALURU","— / 9480800706",""
"Special Units","Internal Security Division (ISD)","PI, ISD SMAC","— / 9480800708",""
"Special Units","Internal Security Division (ISD)","PI, ISD SOUTH EAST DIVISION","— / 9480800736",""
"Special Units","Internal Security Division (ISD)","PI, LOGISTIC","— / 9480800738",""
"Special Units","Internal Security Division (ISD)","PI, ISD DOCUMENTATION","— / 9480800664",""
"Special Units","Internal Security Division (ISD)","PI, TECH WING DOCUMENTATION-2","— / 9480800665",""
"Special Units","Internal Security Division (ISD)","PI, EAST DIVISION BENGALURU","— / 9480800667",""
"Special Units","Internal Security Division (ISD)","PI, WEST DIVISION BENGALURU","— / 9480800668",""
"Special Units","Internal Security Division (ISD)","PI, TECH WING SOCIAL MEDIA","— / 9480800669",""
"Special Units","Internal Security Division (ISD)","PI, TECH WING INTERCEPTION","— / 9480800670",""
"Special Units","Internal Security Division (ISD)","ISD, SYSTEM ADMIN","— / 9480800688",""
"Special Units","Karnataka Lokayukta","Hon’ble Lokayuktha","080-22257638 / RES-22207773 / 22207772 / 9448289002","kla.kar@nic.in"
"Special Units","Karnataka Lokayukta","Hon’ble Upalokayuktha-I","22343747 / RES-23512269 / 9480812202","kla-kula1-ka@nic.in"
"Special Units","Karnataka Lokayukta","Hon’ble Upalokayuktha-II","22259499 / 9008430096","kla-kula2-ka@nic.in"
"Special Units","Karnataka Lokayukta","ADGP, KLA","22942229 / 22353754 / 22281470 / 9364062501 / 9480800106","kla-adg@nic.in"
"Special Units","Karnataka Lokayukta","IGP, KLA","22943669 / 22011327 / 9364062502","kla.igp-ka@karnataka.gov.in"
"Special Units","Karnataka Lokayukta","Registrar, KLA","22251394 / 9448477772","kla-reg@nic.in"
"Special Units","Karnataka Lokayukta","Deputy Registrar, Admin-1","22353823 / 22257013 / 9945916758","kla-dra1-ka@gov.in"
"Special Units","Karnataka Lokayukta","Deputy Registrar, Admin-2","22011270 / 9663982799","kla-dra2-ka@gov.in"
"Special Units","Karnataka Lokayukta","Deputy Director (Statistics)","22011296 / 22011295 / 9986213744","kla.jds@nic.in"
"Special Units","Karnataka Lokayukta","KLA EXCHANGE","22011289 / 22011052 / 22257013 / 22250278 / 22342105 / —",""
"Special Units","Karnataka Lokayukta","SP Bengaluru City-II, KLA","080-22011273 / 9364062505",""
"Special Units","Karnataka Lokayukta","SP, KLA, Bengaluru Rural","080-22353821 / 22011598 / 9364062509","kla_spbangalore_ka@ka.gov.in"
"Special Units","Karnataka Lokayukta","SP Scrutiny, KLA","080-22342101 / 22011392 / 9364062508","kla-sp4-ka@ka.gov.in"
"Special Units","Karnataka Lokayukta","SP Bengaluru City-I, KLA","22011206 / 22011205 / 22353850 / 9364062507","kla-citysp-ka@nic.in"
"Special Units","Karnataka Lokayukta","SP Admin, KLA","080-22011259 / 22011260 / 22353755 / 9364062504","kla-sp@nic.in"
"Special Units","Karnataka Lokayukta","SP, KLA, Mysuru","0821-2957494 / 9364062521","kla-myssp-ka@nic.in"
"Special Units","Karnataka Lokayukta","SP, KLA, Belagavi","0831-2950756 / 9364062512","kla-spbgm-ka@nic.in"
"Special Units","Karnataka Lokayukta","SP, KLA, Ramanagar","080-27276066 / 29916006 / 9364062524","kla-spramngr-ka@nic.in"
"Special Units","Karnataka Lokayukta","SP, KLA, Dharwad","0836-2957651 / 9364062516","kla-spdwd-ka@nic.in"
"Special Units","Karnataka Lokayukta","SP, KLA, Chikkaballapura","08156-295193 / 9364062514","kla-cbpursp-ka@nic.in, spklacbpura@gmail.com"
"Special Units","Karnataka Lokayukta","SP, KLA, Kolara","08152-295805 / 9364062520","kla-klrsp-ka@nic.in"
"Special Units","Karnataka Lokayukta","SP Enquiries, KLA","080-22342102 / 22011505 / 9364062506","kla_spbangalore_ka@ka.gov.in"
"Special Units","Karnataka Lokayukta","SP, KLA, Mandya","08232-291185 / 9364062522","Kla.sp-mdy@karnataka.gov.in"
"Special Units","Karnataka Lokayukta","SP, KLA, Hassan","08172-268005 / 295198 / 9364062518","kla-hsnsp-ka@nic.in"
"Special Units","Karnataka Lokayukta","SP, KLA, Tumkur","0816-2950332 / 2278540 / 9364062526","kla-sptkr-ka@nic.in"
"Special Units","Karnataka Lokayukta","SP, KLA, Davanagere","08192-296027 / 9364062515","Kla-spdvg_ka@nic.in"
"Special Units","Karnataka Lokayukta","SP, KLA, Chitradurga","08194-295638 / 9364062513","kla-spcdg-ka@nic.in, splokcta@ksp.gov.in"
"Special Units","Karnataka Lokayukta","SP, KLA, Ballari","08392-294825 / 9364062511","kla-blrysp-ka@nic.in"
"Special Units","Karnataka Lokayukta","SP, KLA, Karwar","08382-295293 / 08382-220198 / 9364062527","kla-kwrsp-ka@nic.in"
"Special Units","Karnataka Lokayukta","SP, KLA, Mangaluru","0824-2950997 / 9364062517","kla-spmng-ka@nic.in"
"Special Units","Karnataka Lokayukta","SP, KLA (Co-Ordination & Training)","080-22011287 / 9364062503",""
"Special Units","Karnataka Lokayukta","SP, KLA, Bagalkote","08354-226200 / 9364062510",""
"Special Units","Karnataka Lokayukta","SP, KLA, Raichur","08532-226592 / 295376 / 9364062523","kla-sprcr-ka@nic.in"
"Special Units","Karnataka Lokayukta","SP, KLA, Vijayapura","08352-252252 / 295074 / 9364062528","spklabjp@gmail.com, kla-bjpsp-ka@nic.in"
"Special Units","Karnataka Lokayukta","SP, KLA, Kalaburgi","08472-295364 / 9364062519","kla-gbasp-ka@nic.in"
"Special Units","Karnataka Lokayukta","SP, KLA, Yadagiri","08473-253355 / 253802 / 250077 / 9364062529","spklayadagir@gmail.com, kla-spydr-ka@nic.in"
"Special Units","Karnataka Lokayukta","SP, KLA, Shivamogga","08182-222276 / 295464 / 222671 / 9364062525","kla.sp-smg@karnataka.gov.in"
"Special Units","Karnataka Lokayukta","DSP, KLA, BELAGAVI","0831-2421922 / 9364062554 / 9364062555 / 9364062556",""
"Special Units","Karnataka Lokayukta","DSP, KLA, BAGALKOTE","08354-236200 / 2421922 / 9364062558",""
"Special Units","Karnataka Lokayukta","DSP, KLA, BALLARI","08392-271875 / 9364062552",""
"Special Units","Karnataka Lokayukta","DSP, KLA, BIDAR","08482-295445 / 9364062571",""
"Special Units","Karnataka Lokayukta","DSP, KLA, GADAG","08372-220007 / 295551 / 9364062566",""
"Special Units","Karnataka Lokayukta","DSP, KLA, HAVERI","08375-296021 / 237167 / 9364062563",""
"Special Units","Karnataka Lokayukta","DSP, KLA, HOSPETE","— / 9364062632",""
"Special Units","Karnataka Lokayukta","DSP, KLA, KODAGU","08272-295297 / 9364062578",""
"Special Units","Karnataka Lokayukta","DSP, KLA, KOPPAL","08539-295200 / 220553 / 9364062583 / 9364062699",""
"Special Units","Karnataka Lokayukta","DSP, KLA, KOLAR","08152-295805 / 9364062573 / 9364062574",""
"Special Units","Karnataka Lokayukta","DSP, KLA, MANDYA","08232-295657 / 224450 / 9364062586",""
"Special Units","Karnataka Lokayukta","DSP, KLA, CHIKKAMAGALURU","08262-230179 / 295679 / 9364062568",""
"Special Units","Karnataka Lokayukta","DSP, KLA, CHITRADURGA","08194-231530 / 9364062559",""
"Special Units","Karnataka Lokayukta","DSP, KLA, CHAMARAJANAGARA","08226-226177 / 223333 / 9364062577",""
"Special Units","Karnataka Lokayukta","DSP, KLA, CHIKKABALLAPURA","— / 9364062561",""
"Special Units","Karnataka Lokayukta","DSP, KLA, DAVANAGERE","08192-236820 / 9364062562",""
"Special Units","Karnataka Lokayukta","DSP, KLA, SHIVAMOGGA","08182-229671 / 9364062560",""
"Special Units","Karnataka Lokayukta","DSP, KLA, UDUPI","0820-2536661 / 0820-2958881 / 9364062581",""
"Special Units","Karnataka Lokayukta","DSP, KLA, DHARWAD","0836-2793999 / 9364062564 / 9364062565",""
"Special Units","Karnataka Lokayukta","DSP, KLA, KARWAR","08382-222202 / 220198 / 9364062572",""
"Special Units","Karnataka Lokayukta","DSP, KLA, VIJAYAPURA","08352-255333 / 9364062557",""
"Special Units","Karnataka Lokayukta","DSP, KLA, KALABURAGI","08472-295364 / 9364062569 / 9364062570",""
"Special Units","Karnataka Lokayukta","DSP, KLA, RAMANAGARA","080-27275050 / 29915006 / 9364062584 / 9364062585",""
"Special Units","Karnataka Lokayukta","DSP, KLA, MANGALURU (D.K)","0824-2443420 / 9364062579",""
"Special Units","Karnataka Lokayukta","DSP, KLA, HASSAN","08172-232198 / 9364062567",""
"Special Units","Karnataka Lokayukta","DSP, KLA, VIJAYANAGAR","08394-295206 / 9364062553",""
"Special Units","Karnataka Lokayukta","DSP, KLA, MYSURU","0821-2521100 / 9364062575 / 9364062576",""
"Special Units","Karnataka Lokayukta","DSP, KLA, RAICHUR","08532-226173 / 9364062582",""
"Special Units","Karnataka Lokayukta","DSP, KLA, TUMAKURU","0816-2251460 / 9364062587 / 9364062588",""
"Special Units","Karnataka Lokayukta","DSP, KLA, YADAGIRI","08473-250077 / 9364062589",""
"Special Units","Special Investigation Team (SIT)","ADGP, Special Investigation Team, KLA","080-23411492 / 9449840242","igpsit-kla@nic.in"
"Special Units","Special Investigation Team (SIT)","SP, SIT KLA-I","080-23411491 / 9449840243","sp1sit-kla@nic.in"
"Special Units","Special Investigation Team (SIT)","SP, SIT KLA-II","080-22942702 / 9449840251","sp2sit-kla@nic.in"
"Special Units","Criminal Investigation Department (CID)","DGP, CID, Special Units & Economic Offences","080-22254789 / 22942211 / 22204033–F / PA:22944411 / 9480800101","dgpcid@ksp.gov.in"
"Special Units","Criminal Investigation Department (CID)","DGP, CE & N (Cyber Economics and Narcotics)","PA:22094405 / 22094402 / —","dgpc&n@ksp.gov.in"
"Special Units","Criminal Investigation Department (CID)","ADGP, Admin, CID","080-22255802 / 22094419 / 22094418 / 9480800103","adgpcid@ksp.gov.in"
"Special Units","Criminal Investigation Department (CID)","ADGP, E.O, CID","080-22942628 / 22256963 / PA:22094413 / —","adgpeocid@ksp.gov.in"
"Special Units","Criminal Investigation Department (CID)","IGP Admin CID","PA: 22094432 / 080-22094422 / 9480800112","digpcid@ksp.gov.in"
"Special Units","Criminal Investigation Department (CID)","DIGP Cyber Crimes & Narcotics, CID","080-22094678 / 22094677-PA / 9480800161","digpnc@ksp.gov.in, crcod@ksp.gov.in"
"Special Units","Criminal Investigation Department (CID)","DIGP, E.O, CID","PA:22094416 / 22942292 / 22094406 / 9480800107","digpeocid@ksp.gov.in"
"Special Units","Criminal Investigation Department (CID)","DIGP CYBER COMMAND","PA:22094677 / 22094678 / 9480800161",""
"Special Units","Criminal Investigation Department (CID)","SP, CID, (NOC) (Narcotics Organized Crime Division)","080-22094424 / PA:22094434 / 9480800135","spnoccid@ksp.gov.in"
"Special Units","Criminal Investigation Department (CID)","SP, Admin, CID","080-22942472 / 22094540-PA / 9480800113","spadmincid@ksp.gov.in"
"Special Units","Criminal Investigation Department (CID)","SP, CIU, CID","080-22094404 / 22094414-PA / 9480800119","spciucid@ksp.gov.in"
"Special Units","Criminal Investigation Department (CID)","SP, H&B (Homicide & Burglary), Detective, CID","080-22094401 / 9480800181","sphnbcid@ksp.gov.in"
"Special Units","Criminal Investigation Department (CID)","SP, Special Enquiry Division, CID","080-22094433-PA / 22094423 / 9480800118","spsccid@ksp.gov.in"
"Special Units","Criminal Investigation Department (CID)","SP, EOD, CID (Economic Offence Division)","080-22094435-PA / 22094425 / 9480800138","speocid@ksp.gov.in"
"Special Units","Criminal Investigation Department (CID)","SP, (Deposit Fraud Investigation Division), CID","080-22094421 / PA:22094431 / 9480800122","spdfidcid@ksp.gov.in"
"Special Units","Criminal Investigation Department (CID)","SP, Anti-Human Trafficking Unit (AHTU)","080-22094443 / 22094566 / 22942479 / 9480800121","spahtucid@ksp.gov.in"
"Special Units","Criminal Investigation Department (CID)","SP, FIU, CID (Financial Intelligence Unit)","080-22943041-PA / 22251845 / 22094608 / 22094451 / 9480800194","spfiucid@ksp.gov.in"
"Special Units","Criminal Investigation Department (CID)","SP CID CYBER CRIME DIVISION","080-2209 4426 / 2209 4436-PA / 9480800197","spccpscid@ksp.gov.in"
"Special Units","Criminal Investigation Department (CID)","SP CT&R CID (CYBER TRAINING & RESERCH)","— / 9480800136","spctrcid@ksp.gov.in"
"Special Units","Criminal Investigation Department (CID)","MTO","080-22094493 / 22094494 / 9480800158",""
"Special Units","Criminal Investigation Department (CID)","AO, CID BENGALURU","080-22094634 / 22942815 / 9480806008",""
"Special Units","Criminal Investigation Department (CID)","CID CIVIL CONTROL ROOM","080-22942444 / 22094498 / 9480800123",""
"Special Units","Criminal Investigation Department (CID)","WIRELESS CID CONTROL ROOM","080-22942434 / 22094490-Exchange / —","crcod@ksp.gov.in"
"Special Units","Criminal Investigation Department (CID)","CYBER CRIME, PS","080-22094480 / 22942475 / 22943050 / 22094601 / —",""
"Special Units","Criminal Investigation Department (CID)","DSP, CYBER CRIME","080-22094638 / 22094565 / 22094515 / —",""
"Special Units","Criminal Investigation Department (CID)","CYBER CRIME, ADMIN","080-22094601 / —",""
"Special Units","Criminal Investigation Department (CID)","CID EXCHANGE","080-22094500 / 22260404 / 22380764 / 22261739 / 22378355 / —",""
"Special Units","Criminal Investigation Department (CID)","CRIME SECTION","080-22094481 / 22094480 / —",""
"Special Units","Criminal Investigation Department (CID)","NASCOM LAB","080-22374726 / —",""
"Special Units","Criminal Investigation Department (CID)","NARCOTICS CONTROL BUREAU","080-22943601 / 22094592 / 22094434 / —",""
"Special Units","Criminal Investigation Department (CID)","EST SECTION","080-22094455 / —",""
"Special Units","Forest Cell","DIGP, Forest Cell","080-22094676 / 22094672-PA / 9480800211","digpforestcell@ksp.gov.in, igpforestcell@ksp.gov.in"
"Special Units","Forest Cell","SP, Forest Cell, Madikeri","08272-228662 / 9480800220","spcidforestmcr@ksp.gov.in"
"Special Units","Forest Cell","DSP, Admin, Forest Cell","080-22943491 / 9480800226","igpforestcell@ksp.gov.in"
"Special Units","Forest Cell","Deputy Conservator of Forest Urban Forest Department, Malleshwaram","080-23343464 / 23343770 / 9448922118","dcfurban82@yahoo.co.in"
"Special Units","Police Training Wing","ADGP, Training, Bengaluru","080-22343708 / 22943031 / 22264311 / 22942231 / 9480800301","dgptraining@ksp.gov.in, igptrg@ksp.gov.in"
"Special Units","Police Training Wing","DIGP, Training","080-29703705 / 22943031 / 22942231 / 22343708 / 22264311 / 9480800304","igptrg@ksp.gov.in"
"Special Units","Police Training Wing","AAO","080-22942835 / 22943039 / —",""
"Special Units","Police Recruitment Wing","DGP, Recruitment","080-22343641 / 22943650 / RES-25210000 / 22942386 / 9480800102","dgprntcod@ksp.gov.in"
"Special Units","Police Recruitment Wing","DIGP, Recruitment","080-22207044 / 22942261 / 9480800308","digprect@ksp.gov.in"
"Special Units","Police Recruitment Wing","AAO, RECRUITMENT","080-22094602 / —",""
"Special Units","Police Recruitment Wing","RECRUITMENT SECTION","080-22942069 / —",""
"Special Units","Police Recruitment Wing","RECRUITMENT HELPLINE","080-22943346 / 22943345 / —",""
"Special Units","Special Task Force (STF)","DSP, STF","080-22942367 / 22942239 / 9535076677","digpstfbng@ksp.gov.in"
"Special Units","Special Action Force (SAF) – Mangaluru","DIGP & Special Action Force, Mangaluru","— / 9480800502","digpsafmgc@ksp.gov.in"
"Special Units","Special Action Force (SAF) – Mangaluru","DSP HQ SAF Mangaluru","— / 9480800511","dspsafmgc@ksp.gov.in"
"Special Units","Special Action Force (SAF) – Mangaluru","DSP / Asst. Commandant","—",""
"Special Units","Special Action Force (SAF) – Mangaluru","PI HQ SAF Mangaluru","—",""
"Special Units","Special Action Force (SAF) – Mangaluru","PI SAF Mangaluru","— / 9480800680",""
"Special Units","Special Action Force (SAF) – Mangaluru","PI SAF Shivamogga","— / 9480800682",""
"Special Units","Special Action Force (SAF) – Mangaluru","PI SAF Udupi","—",""
"Special Units","Special Action Force (SAF) – Mangaluru","RSI SAF HQ Mangalore","— / 9480800683",""
"Special Units","Special Action Force (SAF) – Mangaluru","RSI SAF Mangalore","— / 9480800685",""
"Special Units","Special Action Force (SAF) – Mangaluru","RSI SAF Shivamogga","— / 9865642261",""
"Special Units","Police Training Institutions","DIGP & Principal, PTC, Kalaburagi (Nagenahalli)","08472-298321 / 298323 / 9480800315","principalptcklb@ksp.gov.in, ptcklb@ksp.gov.in"
"Special Units","Police Training Institutions","Vice Principal, PTC, Kalaburagi","08472-298323 / 9480800314","ptcklb@ksp.gov.in"
"Special Units","Police Training Institutions","Principal, PTS, Mysuru City","0821-2418733 / —","principalptsmyc@ksp.gov.in, ptsmys@ksp.gov.in"
"Special Units","Police Training Institutions","Principal, PDMS, Yelahanka","29733405 / 22942392 / 9480800318","sppdmsynk@ksp.gov.in"
"Special Units","Police Training Institutions","Principal, KSPTS, Channapatna","080-29541248 / 080-29780021 / 9480800313","ksptscptrmn@ksp.gov.in"
"Special Units","Police Training Institutions","Principal, KSPTS, Khanapur-Belagavi","08336-223223 / 9480800316","ptskhanapurabgm@ksp.gov.in"
"Special Units","Police Training Institutions","Principal, APTS, Yelahanka","080-29733403 / 9480800312","aptsylnk@ksp.gov.in"
"Special Units","Police Training Institutions","Principal, PTS, Hubballi-Dharwad","0836-2233248 / 0836-2233259 / 8884100927","ptshdc@ksp.gov.in"
"Special Units","Police Training Institutions","Principal, PTS, Kadur","— / 63621 07289","ptskadurckm@ksp.gov.in"
"Special Units","Police Training Institutions","Principal, PTS, Aimangala","08193-273220 / 08193-273222 / 9480803175","aimangalaptscta@ksp.gov.in"
"Special Units","Police Training Institutions","Principal, PTS, Hassan","08172-200100 / 9591250020","principalptshsn@ksp.gov.in"
"Special Units","Police Training Institutions","Principal, PTS, Thanisandra","080-29736905 / 9686777555","ptsthanisandrabcp@ksp.gov.in"
"Special Units","Police Training Institutions","Principal, KSRP Training School, Munirabad","08539-200100 / 9480804286-C/R / 9480805813","ksrpts@ksp.gov.in"
"Special Units","Police Training Institutions","Principal, KSRP Training School, Kangralli, Belagavi","0831-2405676 / 9480800831","ptskangrallibgm@ksp.gov.in"
"Special Units","Police Training Institutions","Vice Principal, KSRP Training School, Kangralli, Belagavi","0831-2405678 / 9480800832","asish.meghannanavar@gmail.com"
"Special Units","Police Training Institutions","DSP(W), KSPWTS, Bengaluru","080-22942757 / 080-22943626 / 9480800913","kspwtraining@gmail.com"
"Special Units","KSPH & IDCL","DGP, Chairman and MD, KSPH & IDCL Bengaluru","080-22943190 / 25584304 / 9900025100","mdksphc@ksp.gov.in"
"Special Units","KSPH & IDCL","AAO, KSPH & IDCL","080-22942844 / 25584402 / 9900106642","aaoksphidcl@gmail.com"
"Special Units","KSPH & IDCL","KSPHC GENERAL","080-25584102 / 25594893 / 22942219 / —",""
"Special Units","Bengaluru Metropolitan Task Force (BMTF)","ADGP BMTF","080-22975586 / 080-22943454 / 9480683066 / 8197991111","bmtf.policestation@gmail.com, adgpbmtf@gmail.com"
"Special Units","Bengaluru Metropolitan Task Force (BMTF)","SP BMTF","080-22975587 / 9480685372","spbmtf@gmail.com"
"Special Units","Bengaluru Metropolitan Task Force (BMTF)","DSP, BMTF","080-22975588 / 9480683347","bmtfdysp@gmail.com"
"Special Units","Police Computer Wing (PCW) / SCRB","DGP, PCW","080-22942237 / 080-22353871 / RES-29917266 / 9480800427","dgppcw@ksp.gov.in"
"Special Units","Police Computer Wing (PCW) / SCRB","DIGP, SCRB","080-22254790 / 22942314 / 9480800430","digpscrb@ksp.gov.in"
"Special Units","Police Computer Wing (PCW) / SCRB","DSP, SCRB","080-22353888 / 9480800434","dyspscrb@ksp.gov.in"
"Special Units","Police Computer Wing (PCW) / SCRB","SCRB GENERAL (POLICE IT HELP DESK)","080-22943781 / 22943072 / —","policeithelpdesk@ksp.gov.in"
"Special Units","Police Computer Wing (PCW) / SCRB","DATA CENTRE, KORAMANGALA","080-22943776 / 22943361 / 22943500 / 9480800865","kspdcnoc@ksp.gov.in"
"Special Units","Police Computer Wing (PCW) / SCRB","AAO","080-22943784 / —",""
"Special Units","Department of Prisons & Correctional Services","DGP, Prisons & Correctional Services","080-22267169 / 22942213 / 22262263 / RES-22942252 / 22107288 / 9480800011","dg.prisons.cs@karnataka.gov.in"
"Special Units","Department of Prisons & Correctional Services","DIGP PRISON","080-22262263 / 9480800012",""
"Special Units","Department of Prisons & Correctional Services","SP, Admin Prisons","080-22280550 / 080-22262263 / 9480806500","spprisions@ksp.gov.in"
"Special Units","Department of Prisons & Correctional Services","Addl. IG, Prisons HQ","080-22263171 / 9480806401 / 9980776483","digprisons@ksp.gov.in"
"Special Units","Department of Prisons & Correctional Services","DIG, Prison Academy Of Prisons And Correction Services","080-25736408 / 9480806400 / 6364736084 / 6366069999",""
"Special Units","Department of Prisons & Correctional Services","Chief Superintendent of Academy Of Prisons And Correction Services","—",""
"Special Units","Department of Prisons & Correctional Services","DIG, Prisons, North Range, Belagavi","0831-2405261 / 2950614 / 2405275 / 2447551 / 9480806403","dignorth.prisons@ka.gov.in"
"Special Units","Department of Prisons & Correctional Services","DIG Prisons Southern Range","080-22545519 / 9480806402","digsouth.prisons-kar@ka.gov.in"
"Special Units","Department of Prisons & Correctional Services","SP, Prisons (Prison Dept.)","080-22261131 / 9480806406","phq.prisons-kar@gov.in, spprisions@ksp.gov.in"
"Special Units","Department of Prisons & Correctional Services","PRISON HEAD OFFICE","080-22262263 / —",""
"Special Units","Department of Prisons & Correctional Services","Chief Superintendent of Prison, Bengaluru","080-25731611 / 25737564 / 9480806404","cpblr.prisons-kar@gov.in"
"Special Units","Department of Prisons & Correctional Services","Chief Superintendent of Prison, Belagavi","0831-2405275 / 9480806473","cpbgm.prisons-kar@gov.in"
"Special Units","Department of Prisons & Correctional Services","Superintendent of Prison, Ballari","08392-255025 / 9480806515","cpbly.prisons-kar@gov.in"
"Special Units","Department of Prisons & Correctional Services","Chief Superintendent of Prison, Kalaburgi","08472-212567 / 212505 / 212554 / 9480806495","cpgbg.prisons-kar@gov.in"
"Special Units","Department of Prisons & Correctional Services","Chief Superintendent of Central Women Prison, Shivamogga","08182-298401 / 9480806420","cpwsmg.prisons@ka.gov.in"
"Special Units","Department of Prisons & Correctional Services","Chief Superintendent of Prison, Shivamogga","08182-295502 / 8147415128:PA / 9480806465","cpsmg.prisons@ka.gov.in"
"Special Units","Department of Prisons & Correctional Services","Chief Superintendent of Prison, Mysuru","0821-2492089 / 2492092–F / 9480806429","cpmys.prisons-kar@gov.in"
"Special Units","Department of Prisons & Correctional Services","Superintendent of Prison, Vijayapura","08352-272044 / 9480800459","cpbpr.prisons-kar@gov.in"
"Special Units","Department of Prisons & Correctional Services","Superintendent of Prison, Dharwad","0836-2447428 / 2956471 / 2447429–F / 9480806479","cpdwd.prisons-kar@gov.in, supdtcentralprisondharwad@gmail.com"
"Special Units","Department of Prisons & Correctional Services","CENTRAL JAIL, PARAPPANA AGRAHARA, BENGALURU","25733743 / 25733809 / 25731611 / 25733742 / —",""
"Special Units","Department of Prisons & Correctional Services","Principal, PTI, Mysuru","0821-2497744 / 9480806436","cpmys.prisons-kar@gov.in"
"Special Units","Department of Prisons & Correctional Services","Asst. Superintendent of Prison, Karwar","08382-226347 / 9480806458","cpkrw.prisons-kar@gov.in"
"Special Units","Department of Prisons & Correctional Services","Asst. Superintendent of Prison, Tumkur","0816-2950047 / 9480806423","dptmr.prisons-kar@gov.in"
"Special Units","Department of Prisons & Correctional Services","Asst. Superintendent of Prison, Bidar","08482-228225 / 9480806504","dpbdr-prisons-kar@gov.in"
"Special Units","Department of Prisons & Correctional Services","Asst. Superintendent of Prison, Mangaluru","— / 8618641520 / 9141208042",""
"Special Units","Department of Prisons & Correctional Services","PRISON, MADIKERI","08272-228462 / 9480806447","dpmdk.prisons-kar@gov.in"
"Special Units","Department of Prisons & Correctional Services","PRISON, MANGALURU","0824-2492303 / 9480806450","dpmng.prisons-kar@gov.in"
"Special Units","Department of Prisons & Correctional Services","PRISON, RAICHUR","08532-226134 / 9480806508","dprcr.prisons-kar@gov.in"
"Special Units","Department of Prisons & Correctional Services","PRISON, SHIVAMOGGA","08182-295663 / 295670 / 9480806465","cpsmg.prisons@ka.gov.in"
"Special Units","State Intelligence","ADGP STATE INT (Chief of Intelligence)","22213495 / 22942223 / 9449878500","director.int@ksp.gov.in, adgpint@ksp.gov.in"
"Special Units","State Intelligence","IGP State INT. Security","080-22215129 / 22494751 / 22240371 / 9449878501","add.int@ksp.gov.in"
"Special Units","State Intelligence","DIGP Admin State INT.","080-22215568 / 22942251 / 9449878502","jd.int@ksp.gov.in, crstateint@ksp.gov.in"
"Special Units","State Intelligence","DIGP INT. Bengaluru City Cell","080-22494774 / 22240371 / 9449878853","ddcitycell.int@ksp.gov.in"
"Special Units","State Intelligence","SP, Admin INT","080-22241261 / 080-22942297 / 9449878503","spadminint@ksp.gov.in, ddadmin.int@ksp.gov.in"
"Special Units","State Intelligence","SP INT Mysuru Division","0821-2342142 / 0821-2341802 / 9449878509","ddmys.int@ksp.gov.in"
"Special Units","State Intelligence","SP INT. Mangaluru, Division","0824-2455713 / 9449878510","ddmaq.int@ksp.gov.in"
"Special Units","State Intelligence","SP, INT. CM Security","080-22942489 / 9449878506","ddcm.int@ksp.gov.in"
"Special Units","State Intelligence","SP SITA (STATE INT TRAINING ACADEMY)","080-2210 0577 / 9449878852","sita.int@ksp.gov.in"
"Special Units","State Intelligence","SP INT. (CI Cell) Counter Intelligence Cell","080-29606111 / 080-29605111 / 080-22942362 / 9449878532","ddcicell.int@ksp.gov.in"
"Special Units","State Intelligence","SP INT. Bengaluru Division","080-23337221 / 080-22942496 / 9449878508","bcpint@ksp.gov.in"
"Special Units","State Intelligence","SP Current Affairs","080-22213932 / 080-22494706 / 9449878505","ddca.int@ksp.gov.in"
"Special Units","State Intelligence","SP INT. Davanagere Division","08192-230501 / 297694 / 9449878573","dddvg.int@ksp.gov.in"
"Special Units","State Intelligence","SP, INT. Security","080-22214268 / 080-22275516 / 9449878507","spsecint@ksp.gov.in, ddsec.int@ksp.gov.in"
"Special Units","State Intelligence","SP, INT. Communal (Social Affairs)","080-22215828 / 080-22494707 / 9449878504","ddsa.int@ksp.gov.in"
"Special Units","State Intelligence","SP, INT. Belagavi Division","0831-2405213 / 2475702 / 9449878511","ddbgm.int@ksp.gov.in"
"Special Units","State Intelligence","SP, INT. BDDS","080-22100575 / 9449878524","ddbdds.int@ksp.gov.in"
"Special Units","State Intelligence","SP INT. Kalaburagi Division","08472-263649 / 9449878512","ddklb.int@ksp.gov.in"
"Special Units","State Intelligence","SP INT. Bellari","— / 9449878529",""
"Special Units","State Intelligence","SP, Airport","------ / 9449878551 (INT NO.) / 9449878821 (AIRPORT)","airport.int@ksp.gov.in"
"Special Units","State Intelligence","INT CONTROL ROOM","22240372 / 22942608 / 22240371 / 22494762-EST / 22494768-STORE / 9449878811 / 9449878822 {SMS}","crstateint@ksp.gov.in"
"Special Units","State Intelligence","PI (WIRELESS)","— / 9449878591",""
"Special Units","State Intelligence","PSI (IAD) ADMIN","— / 9449878513",""
"Special Units","State Intelligence","PSI (INT) INT DATA CENTER","— / 9449878837","ciodc.int@ksp.gov.in"
"Special Units","State Intelligence","DSP, SITA (Spl. BRANCH TRAINING INSTITUTE)","22211393 / 9449878516",""
"Special Units","State Intelligence","DSP, CONTROL ROOM","22211393 / 22943802 / 9449878549",""
"Special Units","State Intelligence","DSP, FR","22942243 / 9449878575",""
"Special Units","State Intelligence","DSP, CITY CELL","— / 9449878555",""
"Special Units","State Intelligence","DSP, (POL)","— / 9449878537",""
"Special Units","State Intelligence","DSP, (BD) DIVISION","— / 9449878599",""
"Special Units","State Intelligence","DSP, BDDS","— / 9449878566",""
"Special Units","State Intelligence","DSP, M.T SECTION (CIO)","— / 9449878536",""
"Special Units","State Intelligence","DSP, L&S","22942485 / 9449878515",""
"Special Units","State Intelligence","DSP, CI CELL","22211393 / 9449878534",""
"Special Units","State Intelligence","DSP, VIP SECURITY ADMIN","— / 9449878522",""
"Special Units","State Intelligence","DSP, CM SECURITY","22211393 / 27403090 / 22943035 / 22942491 / 9449878582 / 9449878576 / 9449878517 / 9449778574 / 9449878573 / 9449878592 / 9449878579",""
"Special Units","State Intelligence","INT EXCHANGE","22494800 / —",""
"Special Units","State Intelligence","AAO","22211393 / 22942218 / 9449878589",""
"Special Units","State Intelligence","INT VIP SECURITY","22494728 / 22943243 / —",""
"Special Units","State Intelligence","PA TO DIRECTOR INT","22942223 / 9449878590",""
"Special Units","State Intelligence","CM, SPECIAL OFFICER","— / 9449878584",""
"Special Units","State Intelligence","DSP, KALABURAGI DIVISION","08472-263650 / 9449878614",""
"Special Units","State Intelligence","DSP, DAVANAGERE DIVISION","08192-230501 / 9449878525",""
"Special Units","State Intelligence","DSP, MYSURU DIVISION","08172-2657580 / 9449878624",""
"Special Units","State Intelligence","DSP, HUBBALLI-BELAGAVI DIVISION","0836-2371302 / 9449878526",""
"Special Units","State Intelligence","DSP, SHIVAMOGGA DIVISION","08182-226905 / 9449878527",""
"Special Units","State Intelligence","PI, DAVANAGERE","08192-230501 / 9449878611",""
"Special Units","State Intelligence","PI, DHARWAD","0836-2270346 / 9449878612",""
"Special Units","State Intelligence","PI, GADAG","08372-245044 / 9449878613",""
"Special Units","State Intelligence","PI, GOKAK","08332-225332 / 9449878603",""
"Special Units","State Intelligence","PI, HASSAN","08172-267580 / 9449878616",""
"Special Units","State Intelligence","PI, KGF","08153-274080 / 9449878750",""
"Special Units","State Intelligence","PI, KOPPAL","08539-222133 / 9449878622",""
"Special Units","State Intelligence","PI, BALLARI","08392-277974 / 9449878604",""
"Special Units","State Intelligence","PI, VIJAYAPURA","08352-265656 / 9449878606",""
"Special Units","State Intelligence","PI, BIDAR","08482-225179 / 9449878605",""
"Special Units","State Intelligence","PI, CHITRADURGA","08194-222774 / 9449878609",""
"Special Units","State Intelligence","PI, MADIKERI","08272-228425 / 9449878619",""
"Special Units","State Intelligence","PI, MADHUGIRI","08137-282285 / 9449878628",""
"Special Units","State Intelligence","PI, RAMANAGAR","080-27271807 / 9449878600",""
"Special Units","State Intelligence","PI, SHIVAMOGGA","08182-227273 / 9449878626",""
"Special Units","State Intelligence","PI, UDUPI","0820-2521278 / 9449878629",""
"Special Units","State Intelligence","PI, YADAGIRI","08473-252266 / 9449878615",""
"Special Units","Karnataka State Reserve Police (KSRP)","ADGP, KSRP","080-22213351 / 22942104 / 9480800009","adgpksrp@ksp.gov.in"
"Special Units","Karnataka State Reserve Police (KSRP)","IGP, KSRP","080-22942247 / 22211424 / 9480800025","igpksrp@ksp.gov.in"
"Special Units","Karnataka State Reserve Police (KSRP)","DIGP, KSRP, HQ","080-22215259 / 22942290 / 9480800052","digpksrp@ksp.gov.in"
"Special Units","Karnataka State Reserve Police (KSRP)","DIGP KSRP Training","—","digptrgksrphq@ksp.gov.in"
"Special Units","Karnataka State Reserve Police (KSRP)","DIGP KSRP CENTRAL (BENGALURU) ZONE","080-22943680 / 22943142 / 9480800845",""
"Special Units","Karnataka State Reserve Police (KSRP)","Commandant, I-BN, Bengaluru","080-22942316 / 25584416 / 9480805801","cmdt1bn@ksp.gov.in"
"Special Units","Karnataka State Reserve Police (KSRP)","Commandant, III-BN, Bengaluru","080-25532332 / 25538262 / 22942396 / RES-25591969 / 22943580 / 9480805803","cmdt3bn@ksp.gov.in"
"Special Units","Karnataka State Reserve Police (KSRP)","Commandant, IV-BN, Bengaluru","080-22942398 / 25533541 / 22942118 / 9480805804","cmdt4bn@ksp.gov.in"
"Special Units","Karnataka State Reserve Police (KSRP)","Commandant, IX-BN, Koodlu, Bengaluru","080-28440673 / 25741554 / 9480805809","cmdt9bn@ksp.gov.in"
"Special Units","Karnataka State Reserve Police (KSRP)","DIGP KSRP MYSURU ZONE","— / 7483645781",""
"Special Units","Karnataka State Reserve Police (KSRP)","Commandant, V-BN, Mysuru","0821-2473549 / 2418619 / 2418620 / RES-2447514 / 2418719 / 9480805805","cmdt5bn@ksp.gov.in"
"Special Units","Karnataka State Reserve Police (KSRP)","Commandant, VII-BN, Mangaluru","0824-2220543 / 2220546 / 9480805807","cmdt7bn@ksp.gov.in"
"Special Units","Karnataka State Reserve Police (KSRP)","Commandant, XI-BN, Hassan","08172-295031 / 295033 / 9480805811","cmdt11bn@ksp.gov.in"
"Special Units","Karnataka State Reserve Police (KSRP)","Commandant, XII-BN, Tumkur","08138-200590 / 200580 / 200585 / 9480800843","cmdt12bn@ksp.gov.in"
"Special Units","Karnataka State Reserve Police (KSRP)","DIGP KSRP BELAGAVI ZONE","— / 7483645658",""
"Special Units","Karnataka State Reserve Police (KSRP)","Commandant, II-BN, Belagavi","0831-2412304 / RES-2466002 / 9480805802","cmdt2bn@ksp.gov.in"
"Special Units","Karnataka State Reserve Police (KSRP)","Commandant, VI-BN, Kalaburagi","08472-212026 / 212196 / 9480805806","cmdt6bn@ksp.gov.in"
"Special Units","Karnataka State Reserve Police (KSRP)","Commandant, VIII-BN, Shivamogga","08182-246188 / 9480805808","cmdt8bn@ksp.gov.in"
"Special Units","Karnataka State Reserve Police (KSRP)","Commandant, X-BN, Shiggaon-Haveri","08378-255802 / RES-255300 / 9480805810","cmdt10bn@ksp.gov.in"
"Special Units","Karnataka State Reserve Police (KSRP)","SP, KSRP, Training School, Kangralli, Belagavi City","0831-2405676 / 9480800831","ptskangrallibgm@ksp.gov.in"
"Special Units","Karnataka State Reserve Police (KSRP)","DIGP IRB AVATHI ZONE","9480800829- C/R / 9380679066",""
"Special Units","Karnataka State Reserve Police (KSRP)","Commandant, IRB, AVATI-KUDUGURKI, BENGALURU URBAN","— / 9448065817 (PER.NO)","irbavathi@ksp.gov.in"
"Special Units","Karnataka State Reserve Police (KSRP)","DIGP IRB, MUNIRABAD ZONE","9480805991/2 C/R / 7483645977","digpirbm@gmail.com"
"Special Units","Karnataka State Reserve Police (KSRP)","Commandant, IRB, Munirabad","— / 9480805812","cmdtirb@ksp.gov.in"
"Special Units","Karnataka State Reserve Police (KSRP)","Commandant, IRB, Vijayapura","08352-295001 / 241193 / 9480804280","cmdtirbbjp@ksp.gov.in"
"Special Units","Karnataka State Reserve Police (KSRP)","SP, KSRP, Training School, Munirabad","9480804286 C/R / 9480805813","ksrpts@ksp.gov.in"
"Special Units","Karnataka State Reserve Police (KSRP)","SP, KSRP, Training School, Kangralli, Belagavi City","0831-2405676 / 9480800831","ptskangrallibgm@ksp.gov.in"
"Special Units","IRB","DIGP IRB AVATHI ZONE","9480800829 (C/R) / 9380679066",""
"Special Units","IRB","Commandant, IRB, AVATI-KUDUGURKI, BENGALURU URBAN","— / 9448065817 (PER.NO)",""
"Special Units","IRB","Commandant, IRB, KGF","— / 9448787714 (PER.NO)","irbkgf@ksp.gov.in"
"Special Units","IRB","DIGP IRB, MUNIRABAD ZONE","9480805991/2 (C/R) / 7483645977","digpirbm@gmail.com"
"Special Units","IRB","Commandant, IRB, Munirabad","— / 9480805812","cmdtirb@ksp.gov.in"
"Special Units","IRB","Commandant, IRB, Vijayapura","08352-295001 / 241193 / 9480804280","cmdtirbbjp@ksp.gov.in"
"Special Units","IRB","SP, KSRP, Training School, Munirabad","9480804286 (C/R) / 9480805813","ksrpts@ksp.gov.in"
"Special Units","KSRP Battalions","Commandant, I-BN, Bengaluru","25584416 / 22942316 / 22942831 / 9480805801","cmdt1bn@ksp.gov.in"
"Special Units","KSRP Battalions","Assistant Commandant, I-BN","22942135 / 9480805826",""
"Special Units","KSRP Battalions","Assistant Commandant, I-BN","22942131 / 9480805828",""
"Special Units","KSRP Battalions","Assistant Commandant, I-BN","22942133 / 9480805827",""
"Special Units","KSRP Battalions","I-BN KSRP, CONTROL ROOM BENGALURU","25584116 / 22942555 / 22943635 / 9480800829","ksrpcr1bn@ksp.gov.in"
"Special Units","KSRP Battalions","POLICE PUBLIC SCHOOL (KSRP Campus, Koramangala, Bengaluru)","25506765 / 22943674 / 6362598124",""
"Special Units","KSRP Battalions","KSRP SOCIETY & CPC CANTEEN","25505959 / —",""
"Special Units","KSRP Battalions","Commandant, II-BN, Belagavi","0831-2412304 / RES-2466002 / 9480805802","cmdt2bn@ksp.gov.in"
"Special Units","KSRP Battalions","Assistant Commandant, II-BN","0831-2412626 / 9480805829",""
"Special Units","KSRP Battalions","Assistant Commandant, II-BN","0831-2412165 / 9480805830",""
"Special Units","KSRP Battalions","II-BN, CONTROL ROOM BELAGAVI","0831-2412252 / 9480805895","ksrpcr2bn@ksp.gov.in, ksrpcr2bnbgm@ksp.gov.in"
"Special Units","KSRP Battalions","Commandant, III-BN, Bengaluru","25532332 / 22942396 / RES-22343589 / 9480805803","cmdt3bn@ksp.gov.in"
"Special Units","KSRP Battalions","Deputy Commandant, III-BN","—",""
"Special Units","KSRP Battalions","Assistant Commandant, III-BN","22942127 / 9480805832",""
"Special Units","KSRP Battalions","Assistant Commandant, III-BN","22943640 / 9480805834",""
"Special Units","KSRP Battalions","Assistant Commandant, III-BN","22942129 / 9480805833",""
"Special Units","KSRP Battalions","III-BN KSRP, CONTROL ROOM BENGALURU","22943638 / 9480800836","ksrpcr3bn@ksp.gov.in"
"Special Units","KSRP Battalions","Commandant, IV-BN, Bengaluru","080-22942398 / 25533541 / 22942118 / 9480805804","cmdt4bn@ksp.gov.in"
"Special Units","KSRP Battalions","Assistant Commandant, IV-BN","080-22942125 / 9480805836",""
"Special Units","KSRP Battalions","Assistant Commandant, IV-BN","22943687 / 9480805835",""
"Special Units","KSRP Battalions","Assistant Commandant, IV-BN","22942120 / 9480805837",""
"Special Units","KSRP Battalions","IV-BN KSRP, CONTROL ROOM BENGALURU","22942118 / 25530257 / —","ksrpcr4bn@ksp.gov.in"
"Special Units","KSRP Battalions","Commandant, V-BN, Mysuru","0821-2473549 / 0821-2418619 / RES-2447514 / 9480805805","cmdt5bn@ksp.gov.in"
"Special Units","KSRP Battalions","Assistant Commandant, V-BN","0821-2418721 / 9480805839",""
"Special Units","KSRP Battalions","Assistant Commandant, V-BN","0821-2418626 / 9480805838",""
"Special Units","KSRP Battalions","Assistant Commandant, V-BN","— / 9480805840",""
"Special Units","KSRP Battalions","V-BN KSRP, CONTROL ROOM MYSURU","0821-2476594 / 2418625 / 9480800847","ksrpcr5bn@ksp.gov.in"
"Special Units","KSRP Battalions","Commandant, VI-BN, Kalaburagi","08472-212062 / 212196 / 9480805806","cmdt6bn@ksp.gov.in"
"Special Units","KSRP Battalions","Deputy Commandant, VI-BN","— / 9480805844",""
"Special Units","KSRP Battalions","Assistant Commandant, VI-BN","— / 9480805843",""
"Special Units","KSRP Battalions","VI-BN KSRP, CONTROL ROOM KALABURAGI","08472-212336 / 9480805936","ksrpcr6bn@ksp.gov.in"
"Special Units","KSRP Battalions","Commandant, VII-BN, Mangaluru","0824-2220543 / 2220546 / RES-2220877 / 9480805807","cmdt7bn@ksp.gov.in"
"Special Units","KSRP Battalions","Assistant Commandant, VII-BN","0824-2220551 / 9480805845",""
"Special Units","KSRP Battalions","Assistant Commandant, VII-BN","0824-2220547 / 9480805846",""
"Special Units","KSRP Battalions","Assistant Commandant, VII-BN","0824-2220554 / 9480805847",""
"Special Units","KSRP Battalions","VII-BN KSRP, CONTROL ROOM MANGALURU","0824-2220545 / 2220556 / 9480805945","ksrpcr7bn@ksp.gov.in"
"Special Units","KSRP Battalions","Commandant, VIII-BN, Shivamogga","08182-246188 / 246205 / 9480805808","cmdt8bn@ksp.gov.in"
"Special Units","KSRP Battalions","Deputy Commandant, VIII-BN","—",""
"Special Units","KSRP Battalions","Assistant Commandant, VIII-BN","08182-246192 / 9480805851",""
"Special Units","KSRP Battalions","Assistant Commandant, VIII-BN","08182-246193 / 9480805850",""
"Special Units","KSRP Battalions","VIII-BN KSRP, CONTROL ROOM SHIVAMOGGA","08182-246192 / 246399 / 9480800856","ksrpcr8bn@ksp.gov.in"
"Special Units","KSRP Battalions","Commandant, IX-BN, Koodlu, Bengaluru","28440673 / 25741554 / 9480805809","cmdt9bn@ksp.gov.in"
"Special Units","KSRP Battalions","Assistant Commandant, IX-BN","25741602 / 9480805853",""
"Special Units","KSRP Battalions","Assistant Commandant, IX-BN","25741603 / 9480805855",""
"Special Units","KSRP Battalions","Assistant Commandant, IX-BN","25741605 / 9480805857",""
"Special Units","KSRP Battalions","Assistant Commandant, IX-BN","— / 9480805856",""
"Special Units","KSRP Battalions","IX-BN KSRP, CONTROL ROOM KOODLU","28440661 / 9480800857","ksrpcr9bn@ksp.gov.in"
"Special Units","KSRP Battalions","Commandant, X-BN, Shiggaon-Haveri","08378-255802 / 255955 / 9480805810","cmdt10bn@ksp.gov.in"
"Special Units","KSRP Battalions","Assistant Commandant, X-BN","08378-255966 / 9480805858",""
"Special Units","KSRP Battalions","Assistant Commandant, X-BN","— / 9480805859",""
"Special Units","KSRP Battalions","Assistant Commandant, X-BN","— / 9480805860",""
"Special Units","KSRP Battalions","X-BN KSRP, CONTROL ROOM SHIGGAON-HAVERI","08378-255955 / 9480805978","ksrpcr10bn@ksp.gov.in"
"Special Units","KSRP Battalions","Commandant, XI-BN, Hassan","08172-295031 / 295032 / 9480805811","cmdt11bn@ksp.gov.in"
"Special Units","KSRP Battalions","Deputy Commandant, XI-BN","08172-200781 / 9480805818",""
"Special Units","KSRP Battalions","Assistant Commandant, XI-BN","— / 9480805862",""
"Special Units","KSRP Battalions","Assistant Commandant, XI-BN","— / 9480805865",""
"Special Units","KSRP Battalions","XI-BN KSRP, CONTROL ROOM HASSAN","08172-250017 / 295033 / 295082 / 9480805979","ksrpcr11bn@ksp.gov.in"
"Special Units","KSRP Battalions","Commandant, XII-BN, Tumkur","08138-200590 / 9480800843","cmdt12bn@ksp.gov.in"
"Special Units","KSRP Battalions","Deputy Commandant, XII-BN","— / 9480800844",""
"Special Units","KSRP Battalions","Assistant Commandant, XII-BN","— / 9480801581",""
"Special Units","KSRP Battalions","AAO, XII-BN","08138-200585 / —",""
"Special Units","KSRP Battalions","XII-BN KSRP, CONTROL ROOM TUMAKUR","08138-200580 / 9480801582","ksrpcr12bn@ksp.gov.in"
"Special Units","IRB Battalions & Training Institutions","DIGP IRB AVATHI ZONE","9480800829 (C/R) / 9380679066",""
"Special Units","IRB Battalions & Training Institutions","Commandant, IRB, AVATI-KUDUGURKI, BENGALURU URBAN","— / 9448065817 (PER.NO)","irbavathi@ksp.gov.in"
"Special Units","IRB Battalions & Training Institutions","Commandant, IRB, KGF","— / 9448787714 (PER.NO)","irbkgf@ksp.gov.in"
"Special Units","IRB Battalions & Training Institutions","DIGP IRB, MUNIRABAD ZONE","9480805991/2 (C/R) / 7483645977","digpirbm@gmail.com"
"Special Units","IRB Battalions & Training Institutions","Commandant, IRB, Munirabad","— / 9480805812","cmdtirb@ksp.gov.in"
"Special Units","IRB Battalions & Training Institutions","Commandant, IRB, Vijayapura","08352-295001 / 241193 / 9480804280","cmdtirbbjp@ksp.gov.in"
"Special Units","IRB Battalions & Training Institutions","SP, KSRP, Training School, Munirabad","9480804286 (C/R) / 9480805813","ksrpts@ksp.gov.in"
"Special Units","SPORTI","Secretary, SPORTI","— / 9480805801","sportikarnataka@gmail.com"
"Special Units","SPORTI","Assistant Commandant, KSRP","080-22942137 / 22943652 / 9480805887 / 8277945903 (Reception)","sportikarnataka@gmail.com"
"Special Units","SPORTI","KSRP, SPORTI-2","080-22942634 / 9480805828 / 9480805640 / 9480800826","sporti2gov@gmail.com"
"Special Units","SPORTI","JUNIOR POLICE OFFICER","— / 9480805885",""
"Special Units","SPORTI","JUNIOR POLICE OFFICER’S MESS, RECEPTION","080-22943137 / 9480864609","jpomess1234@gmail.com"
"Special Units","Karnataka State Sports Promotion Control Board","Chairman","080-22213351 / 22942104 / 9480800009","kspspb@ksp.gov.in, adgpksrp@ksp.gov.in"
"Special Units","Karnataka State Sports Promotion Control Board","Secretary","080-22942247 / 22211424 / 9480800025","igpksrp@ksp.gov.in"
"Special Units","Karnataka State Sports Promotion Control Board","Asst. Secretary","080-25532332 / 25538262 / 22942396 / 9480805803","cmdt3bn@ksp.gov.in"
"Special Units","Karnataka State Sports Promotion Control Board","Sports Officer","080-22943550 / 9480805923","kspspb@ksp.gov.in"
"Special Units","Karnataka State Sports Promotion Control Board","Sports Section (Chief Office)","080-22943599 / —","kspspb@ksp.gov.in"
"Special Units","Communication, Logistics & Modernisation","ADGP, CL & M","080-22863286 / 22942112 / 9480800900","adgpclm@ksp.gov.in"
"Special Units","Communication, Logistics & Modernisation","DIGP WIRELESS","080-22864626 / 9480800901","digpwireless@ksp.gov.in"
"Special Units","Communication, Logistics & Modernisation","SP, Wireless","080-22942324 / 22864626 / 9480800911","spwireless@ksp.gov.in, spwadminoffice@ksp.gov.in"
"Special Units","Communication, Logistics & Modernisation","SP, MTO","080-22862186 / 22942323 / 9480800904","spmto@ksp.gov.in, ssstatemt@ksp.gov.in"
"Special Units","Communication, Logistics & Modernisation","DCP(W), Bengaluru City","080-22942338 / 22250999 / RES-22943749 / 9480801004","dcpcontrol@ksp.gov.in, ccrblore@ksp.gov.in"
"Special Units","Communication, Logistics & Modernisation","SP(W), DGP Control Room","080-22942334 / 22215911 / RES-22942626 / 9480800908","crdgcontrol@ksp.gov.in, wrdgcontrol@ksp.gov.in"
"Special Units","Communication, Logistics & Modernisation","DSP (W), Crypto & Training, KSPWTS Bengaluru","080-22942757 / 22943626 / 9480800913","kspwtraining@gmail.com, kspwtrg@ksp.gov.in"
"Special Units","Communication, Logistics & Modernisation","DSP(W), Headquarters","080-22943530 / 9480800909",""
"Special Units","Communication, Logistics & Modernisation","DSP(W), Tech","080-22942625 / 9480800902",""
"Special Units","Communication, Logistics & Modernisation","ACP(W), Mysuru City","0821-2418542 / 9480802223",""
"Special Units","Communication, Logistics & Modernisation","DSP(W), South Zone Mysuru","0821-2418572 / 9480800912",""
"Special Units","Communication, Logistics & Modernisation","ACP(W), Hubballi City","0836-2233421 / 0836-2233555 / 9741291863",""
"Special Units","Communication, Logistics & Modernisation","DSP(W), Central Zone Bengaluru","080-22942332 / 9480800907",""
"Special Units","Communication, Logistics & Modernisation","DSP(W), Check & Monitoring","080-22943521 / 9480800906","dyspwcheckoffice@ksp.gov.in"
"Special Units","Communication, Logistics & Modernisation","ACP(W), Control Room Bengaluru City","080-22200914 / 9480800905",""
"Special Units","Communication, Logistics & Modernisation","DSP(W), North Zone Belagavi","— / 9480800910","dspwnzbgm@gmail.com"
"Special Units","Communication, Logistics & Modernisation","DSP(W), DGP Control Room","080-22943432 / 9364881600","crdgcontrol@ksp.gov.in"
"Special Units","Communication, Logistics & Modernisation","PI (W), Check Office","080-22942329 / 9480800923","kspwco@ksp.gov.in"
"Special Units","Communication, Logistics & Modernisation","PI (W), Monitoring","— / 9480800922","kspwmon@ksp.gov.in"
"Special Units","Communication, Logistics & Modernisation","PI (W), CWS","080-22942327 / 9480800921","piwcws@ksp.gov.in, kspwcws@ksp.gov.in"
"Special Units","Communication, Logistics & Modernisation","PI (W), CTS","080-22942330 / 22943170 / 9480800920","piwcts@ksp.gov.in, piwcts@gmail.com, kspwcts@ksp.gov.in"
"Special Units","Communication, Logistics & Modernisation","ERSS – EMERGENCY RESPONSE SUPPORT SYSTEM – 112","080-22940112 / 22942200 / 8277961222",""
"Special Units","Communication, Logistics & Modernisation","INDIAN CYBER CRIME CO-ORDINATION CENTRE (I4C) IN KARNATAKA","HELPLINE – 1930 / 9364881601",""
"Special Units","Communication, Logistics & Modernisation","AAO","080-22942328 / 9739893578","aao.dgpclm@ksp.gov.in"
"Special Units","Communication, Logistics & Modernisation","SS to Wireless, Radio Grid Office","080-22942639 / 9739605444","kspwadminoffice@ksp.gov.in, kspwgnl@ksp.gov.in, kspwinward@ksp.gov.in, kspwest1@ksp.gov.in, kspwest2@ksp.gov.in"
"Special Units","Communication, Logistics & Modernisation","P.A. to ADGP CL&M","080-22942112 / 22863286 / 9242759013","adgpclm@ksp.gov.in"
"Special Units","Communication, Logistics & Modernisation","P.A. to SP (W)","080-22942324 / —",""
"Special Units","Communication, Logistics & Modernisation","M.T. SECTION (Motor Transportation)","080-22942737 / —",""
"Special Units","Communication, Logistics & Modernisation","SIGNAL OFFICE","080-22942803 / —","kspwsignaloffice@ksp.gov.in"
"Special Units","Directorate of Civil Rights Enforcement (DCRE)","DGP, DCRE","080-22258949 / 22942227 / 9480806101","adgpcre@ksp.gov.in"
"Special Units","Directorate of Civil Rights Enforcement (DCRE)","DIGP, DCRE","080-22374163 / 9480804102","igpcre@ksp.gov.in"
"Special Units","Directorate of Civil Rights Enforcement (DCRE)","SP, HQ, DCRE, Bengaluru","080-22266891 / 9480806103","sphqdcre@ksp.gov.in"
"Special Units","Directorate of Civil Rights Enforcement (DCRE)","SP, ADMIN, DCRE, Bengaluru","080-22268003 / 9480806104","spadmindcre@ksp.gov.in"
"Special Units","Directorate of Civil Rights Enforcement (DCRE)","DDP DCRE","— / 9480806113",""
"Special Units","Directorate of Civil Rights Enforcement (DCRE)","DSP DCRE HQ PS","080-22265794 / 9480806114","hqpsdcre@ksp.gov.in"
"Special Units","Directorate of Civil Rights Enforcement (DCRE)","PI DCRE HQ PS","080-22268002 / 9480806115",""
"Special Units","Directorate of Civil Rights Enforcement (DCRE)","PSI DCRE HQ PS","— / 9480806116",""
"Special Units","Directorate of Civil Rights Enforcement (DCRE)","PI DCRE MTO","— / 9480806117",""
"Special Units","Directorate of Civil Rights Enforcement (DCRE)","PI WIRELESS DCRE","— / 9480806118",""
"Special Units","Directorate of Civil Rights Enforcement (DCRE)","DCRE CONTROL ROOM","080-22268001 / 9480806100","dcrehqcontrolroom@ksp.gov.in"
"Special Units","Directorate of Civil Rights Enforcement (DCRE)","AO DCRE","080-22260827 / 9480806119","aohqdcre@ksp.gov.in"
"Special Units","Directorate of Civil Rights Enforcement (DCRE)","SECTION SUPERINTENDENT","—","ss1hqdcre@ksp.gov.in, ss2hqdcre@ksp.gov.in"
"Special Units","Directorate of Civil Rights Enforcement (DCRE)","SYSTEM ADMIN DCRE HQ","— / 9480806120",""
"Special Units","Directorate of Civil Rights Enforcement (DCRE)","SP, DCRE, Bengaluru City Range","080-29910753 / 9480806105","spbngcitydcre@ksp.gov.in"
"Special Units","Directorate of Civil Rights Enforcement (DCRE)","DCRE PS Bengaluru East","080-29910763 / —","bngeastpsdcre@ksp.gov.in"
"Special Units","Directorate of Civil Rights Enforcement (DCRE)","DSP DCRE PS Bengaluru East","— / 9480806121",""
"Special Units","Directorate of Civil Rights Enforcement (DCRE)","PI DCRE PS Bengaluru East","— / 9480806122",""
"Special Units","Directorate of Civil Rights Enforcement (DCRE)","PSI DCRE PS Bengaluru East","— / 9480806123",""
"Special Units","Directorate of Civil Rights Enforcement (DCRE)","DCRE PS Bengaluru West","080-29910793 / —","bngwestpsdcre@ksp.gov.in"
"Special Units","Directorate of Civil Rights Enforcement (DCRE)","DSP DCRE PS Bengaluru West","— / 9480806124",""
"Special Units","Directorate of Civil Rights Enforcement (DCRE)","PI DCRE PS Bengaluru West","— / 9480806125",""
"Special Units","Directorate of Civil Rights Enforcement (DCRE)","PSI DCRE PS Bengaluru West","— / 9480806126",""
"Special Units","Directorate of Civil Rights Enforcement (DCRE)","SP DCRE Central Range","080-29910724 / 9480806106","spcrdcre@ksp.gov.in"
"Special Units","Directorate of Civil Rights Enforcement (DCRE)","DCRE PS Bengaluru Rural","080-29910723 / —","sscrdcre@ksp.gov.in"
"Special Units","Directorate of Civil Rights Enforcement (DCRE)","DSP DCRE PS Bengaluru Rural","— / 9480806127",""
"Special Units","Directorate of Civil Rights Enforcement (DCRE)","PI DCRE PS Bengaluru Rural","— / 9480806128",""
"Special Units","Directorate of Civil Rights Enforcement (DCRE)","PSI DCRE PS Bengaluru Rural","— / 9480806129",""
"Special Units","Directorate of Civil Rights Enforcement (DCRE)","DCRE PS Kolar","08152-221647 / —","klrpsdcre@ksp.gov.in"
"Special Units","Directorate of Civil Rights Enforcement (DCRE)","DSP DCRE PS Kolar","— / 9480806130",""
"Special Units","Directorate of Civil Rights Enforcement (DCRE)","PSI DCRE PS Kolar","— / 9480806131",""
"Special Units","Directorate of Civil Rights Enforcement (DCRE)","DCRE PS Tumakuru","0816-2260824 / —","tkrpsdcre@ksp.gov.in"
"Special Units","Directorate of Civil Rights Enforcement (DCRE)","DSP DCRE PS Tumakuru","— / 9480806132",""
"Special Units","Directorate of Civil Rights Enforcement (DCRE)","PI DCRE PS Tumakuru","— / 9480806133",""
"Special Units","Directorate of Civil Rights Enforcement (DCRE)","DCRE PS Ramanagara","080-29911891 / —","rmnpsdcre@ksp.gov.in"
"Special Units","Directorate of Civil Rights Enforcement (DCRE)","DSP DCRE PS Ramanagara","— / 9480806134",""
"Special Units","Directorate of Civil Rights Enforcement (DCRE)","PSI DCRE PS Ramanagara","— / 9480806135",""
"Special Units","Directorate of Civil Rights Enforcement (DCRE)","DCRE PS Chikkaballapur","08156-272733 / —","cbppsdcre@ksp.gov.in"
"Special Units","Directorate of Civil Rights Enforcement (DCRE)","PI DCRE PS Chikkaballapur","— / 9480806136",""
"Special Units","Directorate of Civil Rights Enforcement (DCRE)","PSI DCRE PS Chikkaballapur","— / 9480806137",""
"Special Units","Directorate of Civil Rights Enforcement (DCRE)","SP, DCRE, Southern Range","0821-2344970 / 2344912 / 9480806107","spsrdcre@ksp.gov.in"
"Special Units","Directorate of Civil Rights Enforcement (DCRE)","DCRE PS Mysuru","0821-2344970 / —","mycpsdcre@ksp.gov.in"
"Special Units","Directorate of Civil Rights Enforcement (DCRE)","DSP DCRE PS Mysuru","— / 9480806138",""
"Special Units","Directorate of Civil Rights Enforcement (DCRE)","PSI DCRE PS Mysuru","— / 9480806139",""
"Special Units","Directorate of Civil Rights Enforcement (DCRE)","DCRE PS Hassan","08172-200023 / —","hsnpsdcre@ksp.gov.in"
"Special Units","Directorate of Civil Rights Enforcement (DCRE)","DSP DCRE PS Hassan","— / 9480806140",""
"Special Units","Directorate of Civil Rights Enforcement (DCRE)","PSI DCRE PS Hassan","— / 9480806141",""
"Special Units","Directorate of Civil Rights Enforcement (DCRE)","DCRE PS Mandya","08232-230703 / —","mdypsdcre@ksp.gov.in"
"Special Units","Directorate of Civil Rights Enforcement (DCRE)","PI DCRE PS Mandya","— / 9480806142",""
"Special Units","Directorate of Civil Rights Enforcement (DCRE)","PSI DCRE PS Mandya","— / 9480806143",""
"Special Units","Directorate of Civil Rights Enforcement (DCRE)","DCRE PS Chamarajanagara","08226-224122 / —","chnpsdcre@ksp.gov.in"
"Special Units","Directorate of Civil Rights Enforcement (DCRE)","PI DCRE PS Chamarajanagara","— / 9480806144",""
"Special Units","Directorate of Civil Rights Enforcement (DCRE)","PSI DCRE PS Chamarajanagara","— / 9480806145",""
"Special Units","Directorate of Civil Rights Enforcement (DCRE)","DCRE PS Kodagu","08272-221050 / —","mcrpsdcre@ksp.gov.in"
"Special Units","Directorate of Civil Rights Enforcement (DCRE)","PI DCRE PS Kodagu","— / 9480806146",""
"Special Units","Directorate of Civil Rights Enforcement (DCRE)","PSI DCRE PS Kodagu","— / 9480806147",""
"Special Units","Directorate of Civil Rights Enforcement (DCRE)","SP, DCRE Northern Range","0831-2453802 / 9480806108","spnrdcre@ksp.gov.in"
"Special Units","Directorate of Civil Rights Enforcement (DCRE)","DCRE PS Belagavi","0831-2453802 / —","bgmpsdcre@ksp.gov.in"
"Special Units","Directorate of Civil Rights Enforcement (DCRE)","PI DCRE PS Belagavi","— / 9480806148",""
"Special Units","Directorate of Civil Rights Enforcement (DCRE)","PSI DCRE PS Belagavi","— / 9480806149",""
"Special Units","Directorate of Civil Rights Enforcement (DCRE)","DCRE PS Bagalkote","08354-295768 / —","bgkpsdcre@ksp.gov.in"
"Special Units","Directorate of Civil Rights Enforcement (DCRE)","PI DCRE PS Bagalkote","— / 9480806150",""
"Special Units","Directorate of Civil Rights Enforcement (DCRE)","PSI DCRE PS Bagalkote","— / 9480806151",""
"Special Units","Directorate of Civil Rights Enforcement (DCRE)","DCRE PS Dharwad","0836-2445580 / —","dwdpsdcre@ksp.gov.in"
"Special Units","Directorate of Civil Rights Enforcement (DCRE)","PI DCRE PS Dharwad","— / 9480806152",""
"Special Units","Directorate of Civil Rights Enforcement (DCRE)","PSI DCRE PS Dharwad","— / 9480806153",""
"Special Units","Directorate of Civil Rights Enforcement (DCRE)","DCRE PS Gadag","08372-200223 / —","gdgpsdcre@ksp.gov.in"
"Special Units","Directorate of Civil Rights Enforcement (DCRE)","PI DCRE PS Gadag","— / 9480806154",""
"Special Units","Directorate of Civil Rights Enforcement (DCRE)","PSI DCRE PS Gadag","— / 9480806155",""
"Special Units","Directorate of Civil Rights Enforcement (DCRE)","DCRE PS Vijayapura","08352-200150 / —","vjppsdcre@ksp.gov.in"
"Special Units","Directorate of Civil Rights Enforcement (DCRE)","DSP DCRE PS Vijayapura","— / 9480806156",""
"Special Units","Directorate of Civil Rights Enforcement (DCRE)","PSI DCRE PS Vijayapura","— / 9480806157",""
"Special Units","Directorate of Civil Rights Enforcement (DCRE)","SP, DCRE Eastern Range","08192-259574 / 9480806109","sperdcre@ksp.gov.in"
"Special Units","Directorate of Civil Rights Enforcement (DCRE)","DCRE PS Shivamogga","08182-200788 / —","shipsdcre@ksp.gov.in"
"Special Units","Directorate of Civil Rights Enforcement (DCRE)","DSP DCRE PS Shivamogga","— / 9480806158",""
"Special Units","Directorate of Civil Rights Enforcement (DCRE)","PSI DCRE PS Shivamogga","— / 9480806159",""
"Special Units","Directorate of Civil Rights Enforcement (DCRE)","DCRE PS Chitradurga","08194-231217 / —","ctapsdcre@ksp.gov.in"
"Special Units","Directorate of Civil Rights Enforcement (DCRE)","PI DCRE PS Chitradurga","— / 9480806160",""
"Special Units","Directorate of Civil Rights Enforcement (DCRE)","PSI DCRE PS Chitradurga","— / 9480806161",""
"Special Units","Directorate of Civil Rights Enforcement (DCRE)","DCRE PS Davanagere","08192-259575 / —","dvgpsdcre@ksp.gov.in"
"Special Units","Directorate of Civil Rights Enforcement (DCRE)","PI DCRE PS Davanagere","— / 9480806162",""
"Special Units","Directorate of Civil Rights Enforcement (DCRE)","PSI DCRE PS Davanagere","— / 9480806163",""
"Special Units","Directorate of Civil Rights Enforcement (DCRE)","DCRE PS Haveri","08375-200867 / —","hvrpsdcre@ksp.gov.in"
"Special Units","Directorate of Civil Rights Enforcement (DCRE)","PI DCRE PS Haveri","— / 9480806164",""
"Special Units","Directorate of Civil Rights Enforcement (DCRE)","PSI DCRE PS Haveri","— / 9480806165",""
"Special Units","Directorate of Civil Rights Enforcement (DCRE)","SP, DCRE, Western Range","0824-2453644 / 9480806110","spwrdcre@ksp.gov.in"
"Special Units","Directorate of Civil Rights Enforcement (DCRE)","DCRE PS Dakshina Kannada","0824-2003644 / —","dkpsdcre@ksp.gov.in"
"Special Units","Directorate of Civil Rights Enforcement (DCRE)","PI DCRE PS Dakshina Kannada","— / 9480806166",""
"Special Units","Directorate of Civil Rights Enforcement (DCRE)","PSI DCRE PS Dakshina Kannada","— / 9480806167",""
"Special Units","Directorate of Civil Rights Enforcement (DCRE)","DCRE PS Uttara Kannada","08382-221214 / —","ukpsdcre@ksp.gov.in"
"Special Units","Directorate of Civil Rights Enforcement (DCRE)","PI DCRE PS Uttara Kannada","— / 9480806168",""
"Special Units","Directorate of Civil Rights Enforcement (DCRE)","PSI DCRE PS Uttara Kannada","— / 9480806169",""
"Special Units","Directorate of Civil Rights Enforcement (DCRE)","DCRE PS Udupi","0820-2003644 / —","udppsdcre@ksp.gov.in"
"Special Units","Directorate of Civil Rights Enforcement (DCRE)","PI DCRE PS Udupi","— / 9480806170",""
"Special Units","Directorate of Civil Rights Enforcement (DCRE)","PSI DCRE PS Udupi","— / 9480806171",""
"Special Units","Directorate of Civil Rights Enforcement (DCRE)","DCRE PS Chikkamagaluru","08262-232335 / —","ckmpsdcre@ksp.gov.in"
"Special Units","Directorate of Civil Rights Enforcement (DCRE)","PI DCRE PS Chikkamagaluru","— / 9480806172",""
"Special Units","Directorate of Civil Rights Enforcement (DCRE)","PSI DCRE PS Chikkamagaluru","— / 9480806173",""
"Special Units","Directorate of Civil Rights Enforcement (DCRE)","SP, DCRE, North-Eastern Range","08472-263647 / 9480806111","spnerdcre@ksp.gov.in"
"Special Units","Directorate of Civil Rights Enforcement (DCRE)","DCRE PS Kalaburagi","08472-255266 / —","kbcpsdcre@ksp.gov.in"
"Special Units","Directorate of Civil Rights Enforcement (DCRE)","DSP DCRE PS Kalaburagi","— / 9480806174",""
"Special Units","Directorate of Civil Rights Enforcement (DCRE)","PSI DCRE PS Kalaburagi","— / 9480806175",""
"Special Units","Directorate of Civil Rights Enforcement (DCRE)","DCRE PS Yadagiri","08473-200141 / —","ydrpsdcre@ksp.gov.in"
"Special Units","Directorate of Civil Rights Enforcement (DCRE)","PI DCRE PS Yadagiri","— / 9480806176",""
"Special Units","Directorate of Civil Rights Enforcement (DCRE)","PSI DCRE PS Yadagiri","— / 9480806177",""
"Special Units","Directorate of Civil Rights Enforcement (DCRE)","DCRE PS Bidar","08482-200988 / —","bdrpsdcre@ksp.gov.in"
"Special Units","Directorate of Civil Rights Enforcement (DCRE)","PI DCRE PS Bidar","— / 9480806178",""
"Special Units","Directorate of Civil Rights Enforcement (DCRE)","PSI DCRE PS Bidar","— / 9480806179",""
"Special Units","Directorate of Civil Rights Enforcement (DCRE)","SP, DCRE, Ballari Range","08392-299039 / 9480806112","spblrdcre@ksp.gov.in"
"Special Units","Directorate of Civil Rights Enforcement (DCRE)","DCRE PS Ballari","08392-299038 / —","blrpsdcre@ksp.gov.in"
"Special Units","Directorate of Civil Rights Enforcement (DCRE)","PI DCRE PS Ballari","— / 9480806180",""
"Special Units","Directorate of Civil Rights Enforcement (DCRE)","PSI DCRE PS Ballari","— / 9480806181",""
"Special Units","Directorate of Civil Rights Enforcement (DCRE)","DCRE PS Raichur","08532-230100 / —","rcrpsdcre@ksp.gov.in"
"Special Units","Directorate of Civil Rights Enforcement (DCRE)","PI DCRE PS Raichur","— / 9480806182",""
"Special Units","Directorate of Civil Rights Enforcement (DCRE)","PSI DCRE PS Raichur","— / 9480806183",""
"Special Units","Directorate of Civil Rights Enforcement (DCRE)","DCRE PS Koppal","08539-230227 / —","kplpsdcre@ksp.gov.in"
"Special Units","Directorate of Civil Rights Enforcement (DCRE)","PI DCRE PS Koppal","— / 9480806184",""
"Special Units","Directorate of Civil Rights Enforcement (DCRE)","PSI DCRE PS Koppal","— / 9480806185",""
"Special Units","Directorate of Civil Rights Enforcement (DCRE)","DCRE PS Vijayanagar","08394-266100 / —","vjnpsdcre@ksp.gov.in"
"Special Units","Directorate of Civil Rights Enforcement (DCRE)","PI DCRE PS Vijayanagar","— / 9480806186",""
"Special Units","Directorate of Civil Rights Enforcement (DCRE)","PSI DCRE PS Vijayanagar","— / 9480806187",""
"Special Units","Karnataka Railways Police","DIGP, Railways","080-22102659 / 22942279 / 9480800455","igprly@ksp.gov.in"
"Special Units","Karnataka Railways Police","SP, Railways","080-22942351 / 22872149 / 9480800458","sprly@ksp.gov.in"
"Special Units","Karnataka Railways Police","Railway Police Control Room","080-22942666 / 22871291 / 9480802140","dcrly@ksp.gov.in"
"Special Units","Karnataka Railways Police","RPF Control Room","080-22871245 / 7022627070",""
"Special Units","Karnataka Railways Police","AAO","080-22942843 / —","aaorly@ksp.gov.in"
"Special Units","Karnataka Railways Police","DSP, Railways Bengaluru Sub-Division","080-22872483 / 22943733 / 9480800461","sdpoblorerly@ksp.gov.in"
"Special Units","Karnataka Railways Police","DSP, Railways Hubballi Sub-Division","0836-2233510 / 9480800462","sdpohublirly@ksp.gov.in"
"Special Units","Karnataka Railways Police","PI, Railways RCRB, Bengaluru","080-22943176 / 22268591 / 9480802105","rcrbrly@ksp.gov.in"
"Special Units","Karnataka Railways Police","CPI, Railways Cantonment, Bengaluru","080-22266260 / 22942212 / 9480802102","cpiblorecantrly@ksp.gov.in"
"Special Units","Karnataka Railways Police","CPI, Railways, Mysuru","0821-25165790 / 9480802104","cpimysorerly@ksp.gov.in"
"Special Units","Karnataka Railways Police","PI, Railways, Mangaluru","0824-2220559 / 9480800470","mangalorerly@ksp.gov.in"
"Special Units","Karnataka Railways Police","PI, Railways, Davanagere","08192-259643 / 9480800469","davanagererly@ksp.gov.in"
"Special Units","Karnataka Railways Police","CPI, Railways, Hubballi","0836-2364751 / 9480800468","cpihublirly@ksp.gov.in"
"Special Units","Karnataka Railways Police","CPI, Railways, Raichur","08532-225534 / 9480800471","cpiraichurrly@ksp.gov.in"
"Special Units","Karnataka Railways Police","PSI (L&O) SBC, Bangalore City","080-22371057 / 9480802113","blorecityrly@ksp.gov.in"
"Special Units","Karnataka Railways Police","PSI (Crime) SBC, Bangalore City","080-22371057 / 9480802112","blorecityrly@ksp.gov.in"
"Special Units","Karnataka Railways Police","PSI Traffic-1 SBC, Bangalore City","080-22371057 / 9480802115","blorecityrly@ksp.gov.in"
"Special Units","Karnataka Railways Police","PSI Traffic-2 SBC, Bangalore City","080-22371057 / 9480802114","blorecityrly@ksp.gov.in"
"Special Units","Karnataka Railways Police","PSI (L&O) BR, Yeshvanthapur","080-23376404 / 22942719 / 9480802118","bloreruralrly@ksp.gov.in"
"Special Units","Karnataka Railways Police","PSI (Crime) BR, Yeshvanthapur","080-23376404 / 22942719 / —","bloreruralrly@ksp.gov.in"
"Special Units","Karnataka Railways Police","PSI (L&O) BNC, Cantonment","080-22266260 / 22942212 / 9480802116","blorecantrly@ksp.gov.in"
"Special Units","Karnataka Railways Police","PSI (Crime) BNC, Cantonment","080-22266260 / 22942212 / 9480802117","blorecantrly@ksp.gov.in"
"Special Units","Karnataka Railways Police","PSI (L&O), Bayappanahalli","080-25460851 / 22943509 / 9480802119","byapanahallirly@ksp.gov.in"
"Special Units","Karnataka Railways Police","PSI Traffic, Bayappanahalli","080-25460851 / 22943509 / —","byapanahallirly@ksp.gov.in"
"Special Units","Karnataka Railways Police","PSI (L&O) Banagarapete","08153-255304 / 9480802120","bangarapeterly@ksp.gov.in"
"Special Units","Karnataka Railways Police","PSI (L&O) Mysuru","0821-2516879 / 9480802122","mysorerly@ksp.gov.in"
"Special Units","Karnataka Railways Police","PSI (L&O) Arasikere","08174-232244 / 9480802125","arasikererly@ksp.gov.in"
"Special Units","Karnataka Railways Police","PSI (L&O) Shivamogga","08182-222974 / 9480802124","shimogarly@ksp.gov.in"
"Special Units","Karnataka Railways Police","PSI (L&O) Mangaluru","0824-2220559 / 9480802121","mangalorerly@ksp.gov.in"
"Special Units","Karnataka Railways Police","PSI (L&O) Davanagere","08192-259643 / 9480802123","davangererly@ksp.gov.in"
"Special Units","Karnataka Railways Police","PSI (L&O) Hubballi","0836-2364757 / 9480802126","hublirly@ksp.gov.in"
"Special Units","Karnataka Railways Police","PSI (L&O) Belagavi","0831-2405273 / 9480802127","belgaumrly@ksp.gov.in"
"Special Units","Karnataka Railways Police","PSI (L&O) Gadag","08372-278744 / 9480802128","gadagrly@ksp.gov.in"
"Special Units","Karnataka Railways Police","PSI (L&O) Vijayapura","08352-250883 / 9480802129","bijapurrly@ksp.gov.in"
"Special Units","Karnataka Railways Police","PSI (Crime) Vijayapura","08352-250883 / —","bijapurrly@ksp.gov.in"
"Special Units","Karnataka Railways Police","PSI (L&O) Raichur","08532-231716 / 9480802111","raichurrly@ksp.gov.in"
"Special Units","Karnataka Railways Police","PSI (L&O) Ballari","08392-276063 / 9480802131","bellaryrly@ksp.gov.in"
"Special Units","Karnataka Railways Police","PSI (L&O) Wadi","08476-202244 / 9480802132","wadirly@ksp.gov.in"
"Special Units","Karnataka Railways Police","PSI (L&O) Bidar","08482-226389 / 9480802133","bidarrly@ksp.gov.in"
"Special Units","Karnataka Police Academy (KPA)","DIGP & Director, KPA","0821-2418627 / 2522057 / 9480800302","directorkpa@ksp.gov.in"
"Special Units","Karnataka Police Academy (KPA)","Deputy Director, KPA","0821-2564297 / 0821-2418628 / 9480800332","ddkpa@ksp.gov.in"
"Special Units","Karnataka Police Academy (KPA)","Asst. Director (Training)","— / 9480800333",""
"Special Units","Karnataka Police Academy (KPA)","Asst. Director (ICT/FS)","— / 9480800335","idnodelkpa@ksp.gov.in"
"Special Units","Karnataka Police Academy (KPA)","Asst. Director (Works)","0821-2418629 / 9480800334",""
"Special Units","Karnataka Police Academy (KPA)","Asst. Director (Outdoor)","0821-2418633 / —","adoutdoorkpa@ksp.gov.in"
"Special Units","Karnataka Police Academy (KPA)","Asst. Director (FPB)","— / 9480800340",""
"Special Units","Karnataka Police Academy (KPA)","Asst. Director (H&S)","0821-2418734 / 9480800336",""
"Special Units","Karnataka Police Academy (KPA)","Asst. Director (SC)","— / 9980128562",""
"Special Units","Karnataka Police Academy (KPA)","DD Prosecution-1","— / 9980624374",""
"Special Units","Karnataka Police Academy (KPA)","DD Prosecution-2","0821-2418630 / 9480800337",""
"Special Units","Karnataka Police Academy (KPA)","CHC, System Admin","— / 9480806073","kpasysadm@ksp.gov.in"
"Special Units","Karnataka Police Academy (KPA)","FSL LAB","0821-2418631 / —",""
"Special Units","Karnataka Police Academy (KPA)","AAO","0821-2418636 (O) / 0821-2520980 / —","kpamyc@ksp.gov.in"
"Special Units","Karnataka Police Academy (KPA)","LIBRARY","0821-2418635 / —",""
"Special Units","Karnataka Police Academy (KPA)","KPA, NEW MESS","0821-2418637 / —",""
"Special Units","Karnataka Police Academy (KPA)","KPA, GUEST HOUSE","0821-2418638 / —",""
"Special Units","Karnataka Police Academy (KPA)","SENIOR POLICE OFFICERS HOTEL (SANGAMA)","0821-2418729 / —",""
"Special Units","Karnataka Police Academy (KPA)","HOSALLI & NETHRAVATHI GUEST HOUSE","0821-2418730 / —",""
"Special Units","Finger Print Bureau (FPB)","SP, FPB, Bengaluru","080-22943590 / 22942387 / 9480800475","fpb@ksp.gov.in, spfpb@ksp.gov.in"
"Special Units","Finger Print Bureau (FPB)","ACP, FPB, Bengaluru City","080-22942190 / 22943280 / 9480800477","fpubcp@ksp.gov.in"
"Special Units","Finger Print Bureau (FPB)","DSP, FPB, Admin Madiwala, Bengaluru","080-22943215 / 9480800479",""
"Special Units","Finger Print Bureau (FPB)","DSP, FPB HQRS, Madiwala, Bengaluru","22943438 / 9480800478",""
"Special Units","Finger Print Bureau (FPB)","DSP, Central Range","080-22942619 / 9480800481",""
"Special Units","Finger Print Bureau (FPB)","PI, FPB, Bengaluru","080-22208393 / 9480802410",""
"Special Units","Finger Print Bureau (FPB)","PI, FPB, Tumkur","— / 9480802910",""
"Special Units","Finger Print Bureau (FPB)","PI, FPB, Kolar","—",""
"Special Units","Finger Print Bureau (FPB)","DSP, Eastern Range","08192-272001 / 9480800482",""
"Special Units","Finger Print Bureau (FPB)","PI FPB, Davanagere","— / 9480803210",""
"Special Units","Finger Print Bureau (FPB)","PI FPB, Shivamogga","— / 9480803310",""
"Special Units","Finger Print Bureau (FPB)","PI FPB, Chitradurga","— / 9480803178",""
"Special Units","Finger Print Bureau (FPB)","PI FPB, Haveri","— / 9480804510",""
"Special Units","Finger Print Bureau (FPB)","DSP, Southern Range","— / 9480800488",""
"Special Units","Finger Print Bureau (FPB)","ACP, FPB, Mysuru City","0821-2418336 / 9480800487",""
"Special Units","Finger Print Bureau (FPB)","PSI FPB, Mysuru District","— / 9480805010",""
"Special Units","Finger Print Bureau (FPB)","PI FPB, Mandya","— / 9480804810",""
"Special Units","Finger Print Bureau (FPB)","PI FPB, Chamarajanagar","— / 9480804610",""
"Special Units","Finger Print Bureau (FPB)","PI FPB, Kodagu","— / 8277987463",""
"Special Units","Finger Print Bureau (FPB)","PI FPB, Hassan","—",""
"Special Units","Finger Print Bureau (FPB)","DSP, Western Range","— / 9480800486",""
"Special Units","Finger Print Bureau (FPB)","PI FPB, Mangaluru","— / 8277986369",""
"Special Units","Finger Print Bureau (FPB)","PI FPB, Chikkamagaluru","— / 9945325388",""
"Special Units","Finger Print Bureau (FPB)","PI FPB, Karwar","— / 8277987463",""
"Special Units","Finger Print Bureau (FPB)","PI FPB, Udupi","—",""
"Special Units","Finger Print Bureau (FPB)","DSP, Northern Range","0831-2405245 / 9480800480",""
"Special Units","Finger Print Bureau (FPB)","ACP, FPB, Hubballi-Dharwad","0836-2233539 / 9480800484",""
"Special Units","Finger Print Bureau (FPB)","PI FPB, Dharwad","— / 9480804310",""
"Special Units","Finger Print Bureau (FPB)","PI FPB, Bagalkote","— / 9480803910",""
"Special Units","Finger Print Bureau (FPB)","PI FPB, Vijayapura","— / 9480804210",""
"Special Units","Finger Print Bureau (FPB)","PI FPB, Belagavi","— / 9480804010",""
"Special Units","Finger Print Bureau (FPB)","PSI FPB, Gadag","— / 9480804410",""
"Special Units","Finger Print Bureau (FPB)","DSP, North Eastern Range","— / 9480800483",""
"Special Units","Finger Print Bureau (FPB)","PI FPB, Kalaburagi","— / 9480803510",""
"Special Units","Finger Print Bureau (FPB)","PI FPB, Yadagiri","— / 9480803665",""
"Special Units","Finger Print Bureau (FPB)","PSI FPB, Bidar","— / 9480803409",""
"Special Units","Finger Print Bureau (FPB)","PSI FPB, Raichur","— / 9480803810",""
"Special Units","Finger Print Bureau (FPB)","PSI FPB, Vijayanagar","— / 9480805711",""
"Special Units","Finger Print Bureau (FPB)","PSI FPB, Koppal","— / 9480803710",""
"Special Units","Directorate of Forensic Science Laboratory (FSL)","DIGP & Director, FSL","080-25532910 / 22942385 / 9480800823","directorfsl@ksp.gov.in"
"Special Units","Directorate of Forensic Science Laboratory (FSL)","Joint Director, FSL","080-29918805 / 6361525427","jdadminfsl@ksp.gov.in"
"Special Units","Directorate of Forensic Science Laboratory (FSL)","Deputy Director, DNA Centre","080-25634892 / 22943264 / 8310377453",""
"Special Units","Directorate of Forensic Science Laboratory (FSL)","Deputy Director, RFSL, Mangaluru","0824-2220564 / 2220542 / 9481266081","rfslmaq@ksp.gov.in"
"Special Units","Directorate of Forensic Science Laboratory (FSL)","Deputy Director, RFSL, Mysuru","0821-2522250 / 2418538 / 9620513276","rfslmys@ksp.gov.in"
"Special Units","Directorate of Forensic Science Laboratory (FSL)","Deputy Director, RFSL, Hubballi","0836-2233488 / 9620513276","ddrfslhubballi@gmail.com"
"Special Units","Directorate of Forensic Science Laboratory (FSL)","Deputy Director, RFSL, Davangere","08192-291593 / 9686616586","rfsldvg@ksp.gov.in, ddrfslbathi@gmail.com"
"Special Units","Directorate of Forensic Science Laboratory (FSL)","Deputy Director, RFSL, Kalaburagi","08472-298040 / 298048 / 8095179804","rfslgba@ksp.gov.in"
"Special Units","Directorate of Forensic Science Laboratory (FSL)","Deputy Director, RFSL, Belagavi","0831-2405249 / 8095179804","rfslbgm@ksp.gov.in"
"Special Units","Directorate of Forensic Science Laboratory (FSL)","Deputy Director, RFSL, Ballari","08392-200453 / 9980011544","rfslgba@ksp.gov.in, adrfslbly@gmail.com"
"Special Units","Directorate of Forensic Science Laboratory (FSL)","Asst. Director, Psychology Division","080-22943150 / —",""
"Special Units","Directorate of Forensic Science Laboratory (FSL)","Questioned Document Division","080-22943350 / —",""
"Special Units","Directorate of Forensic Science Laboratory (FSL)","Store Section","080-22943739 / —",""
"Special Units","Directorate of Forensic Science Laboratory (FSL)","Section Superintendent","080-22943356 / —",""
"Special Units","Directorate of Forensic Science Laboratory (FSL)","Administrative Office, FSL","080-25532910 / —",""
"Special Units","Directorate of Forensic Science Laboratory (FSL)","President (ADGP & Commissioner of Bengaluru City)","— / 9480801001",""
"Special Units","Directorate of Forensic Science Laboratory (FSL)","Secretary (IGP)","— / 9448174755",""
"Special Units","Directorate of Forensic Science Laboratory (FSL)","President (Retd. SP)","080-23389797 / 9448519888",""
"Special Units","Directorate of Forensic Science Laboratory (FSL)","Vice-President-1 (Retd. DSP)","— / 9448784550",""
"Special Units","Directorate of Forensic Science Laboratory (FSL)","Vice-President-2 (Retd. DSP)","— / 9845563322",""
"Special Units","Directorate of Forensic Science Laboratory (FSL)","Secretary (Retd. DSP)","— / 9900844988",""
"Special Units","Directorate of Forensic Science Laboratory (FSL)","Joint Secretary (Retd. DSP)","— / 9886013214",""
"Special Units","Directorate of Forensic Science Laboratory (FSL)","Treasurer (Retd. SP)","— / 9901089999",""
"Special Units","Directorate of Forensic Science Laboratory (FSL)","Magadi Road Office","080-23389797 / 9606704500",""
"Special Units","Karnataka State Police Complaint Authority","Chairman (Former Judge High Court of Karnataka)","080-22868302 / 22868303 / —","adgpgc@ksp.gov.in, spca@karnataka.gov.in"
"Special Units","Karnataka State Police Complaint Authority","DGP & Member (Women)","080-22868302 / 22868303 / —",""
"Special Units","Karnataka State Police Complaint Authority","Member Secretary (ADGP, Grievances & Human Rights)","080-22868302 / 22868303 / 9480800026","adgpgc@ksp.gov.in"
"Special Units","Karnataka State Police Complaint Authority","Member (Civil Society)","080-22868302 / 22868303 / —",""
"Commissionerates","Bengaluru City","ADGP, Commissioner of Police, Bengaluru City","22260222 / 22942215 / 22374022 / 9480801001","compolbcp@ksp.gov.in"
"Commissionerates","Bengaluru City","IGP, Addl. CP, Intelligence, Bengaluru City","22200924 / 22942254 / 9480801012","jtcpintbcp@ksp.gov.in"
"Commissionerates","Bengaluru City","IGP, Addl. CP, Crime","22263875 / 22942372 / 9480801011","jtcpcrimebcp@ksp.gov.in"
"Commissionerates","Bengaluru City","DIGP, Joint CP, Traffic","22942276 / 22862222 / 9480801006","jtcptrafficbcp@ksp.gov.in, addlcptrafficbcp@ksp.gov.in"
"Commissionerates","Bengaluru City","DIGP, Joint CP, West Bengaluru City","22200902 / 22942259 / 9480801002","addlcpwest@ksp.gov.in"
"Commissionerates","Bengaluru City","DIGP, Joint CP, East Bengaluru City","22200904 / 22942267 / 9480801010","addlcpeast@ksp.gov.in"
"Commissionerates","Bengaluru City","DIGP, Joint CP, Admin","22268374 / 22943359 / 9480801003","ddlcpadmin@ksp.gov.in"
"Commissionerates","Bengaluru City","DCP, East","25567085 / 22942312 / 9480801201","dcpeastbcp@ksp.gov.in"
"Commissionerates","Bengaluru City","DCP, Traffic North","23551133 / 22942411 / 9480801133","dcptrafficnorth@gmail.com"
"Commissionerates","Bengaluru City","DCP, West","22370195 / 22942356 / 9480801020","dcpwest@ksp.gov.in"
"Commissionerates","Bengaluru City","DCP, Traffic South","22943561 / 9480800820","dcptrfsouthbcp@ksp.gov.in"
"Commissionerates","Bengaluru City","DCP, Traffic West","22942318 / 22943034 / 23562771 / 9480801901","dcptrafficwest@gmail.com, dcptrfwest@ksp.gov.in"
"Commissionerates","Bengaluru City","DCP, South-East","25530284 / 22943465 / 22943481 / 9480801601","dcpsoutheastbcp@ksp.gov.in"
"Commissionerates","Bengaluru City","DCP, Crime-1","22200912 / 22942366 / 9480801016","dcpcrbcp@ksp.gov.in"
"Commissionerates","Bengaluru City","DCP, Central","22942344 / 22865907 / 9480801101","dcpcentral@ksp.gov.in"
"Commissionerates","Bengaluru City","DCP, CAR, HQ","26701406 / 22942415 / 9480801017","dcpcarhq@gmail.com"
"Commissionerates","Bengaluru City","DCP, North-West","22943553 / 22943661 (C/R) / 9480801007","dcpnorthwestbcp@ksp.gov.in"
"Commissionerates","Bengaluru City","DCP, South","26635199 / 22942309 / 22943296 / 9480801501","dcpsouthbcp@ksp.gov.in"
"Commissionerates","Bengaluru City","DCP, North","22942299 / 23567714 / 9480801301","dcpnorth@ksp.gov.in"
"Commissionerates","Bengaluru City","DCP, Command Center","22202593 / 22943177 / 9480801092","dcpcomdcentrebcp@ksp.gov.in"
"Commissionerates","Bengaluru City","DCP, INT, Bengaluru City","22200920 / 22942354 / 9480801032","dcpintbcp@ksp.gov.in"
"Commissionerates","Bengaluru City","DCP, Whitefield","22942852 / 25223022 / 22942959 / 9480801084","dcpwhitefieldbcp@ksp.gov.in"
"Commissionerates","Bengaluru City","DCP, North-East","23632002 / 22943676 / 9480801064","dcpnortheast@ksp.gov.in"
"Commissionerates","Bengaluru City","DCP, Admin","22200918 / 22942358 / 9480801015","dcpadminbcp@ksp.gov.in"
"Commissionerates","Bengaluru City","DCP, Traffic East","22860787 / 22942346 / 9480801801","dcptrfeast@ksp.gov.in"
"Commissionerates","Bengaluru City","DCP, South-West","080-22942300 / 9480801005","dcpsouthwestbcp@ksp.gov.in"
"Commissionerates","Bengaluru City","DCP, Electronic City","— / 9480801008",""
"Commissionerates","Bengaluru City","DCP, Vidhan Soudha Security","22353129 / 22033968 / 22943554 / 9480801109","dcpvsoudhasec@ksp.gov.in"
"Commissionerates","Bengaluru City","DCP, CAR-South","29510856 / 22942370 / 9480801019","dcpcarsouthbcp@ksp.gov.in"
"Commissionerates","Bengaluru City","DCP, CAR-North","28465406 / 22942368 / 9480801018","dcpcarnorthbcp@ksp.gov.in"
"Commissionerates","Bengaluru City","DCP, CAR-West","22942964 / 9480806022","dcpcarwestbcp@ksp.gov.in"
"Commissionerates","Bengaluru City","DCP, Crime-2","22942374 / 22202375 / 9480801021","dcpcrime2bcp@ksp.gov.in"
"Commissionerates","Bengaluru City","DCP, VVIP Security","22280020 / 22942941 / 9480801022","dcpvvipsec@ksp.gov.in"
"Commissionerates","Bengaluru City","DCP(W), Control Room, Bengaluru City","22942338 / 22250999 / RES-22943749 / 9480801004","dcpcontrol@ksp.gov.in, ccrblore@ksp.gov.in"
"Commissionerates","Bengaluru City","ACP(W), Control Room, Bengaluru City","22200914 / 9480800905",""
"Commissionerates","Bengaluru City","PI(W)-1, Control Room, Bengaluru City","22943772 / 9480801036",""
"Commissionerates","Bengaluru City","PI(W)-2, Control Room, Bengaluru City","— / 9480801701",""
"Commissionerates","Bengaluru City","Control Room, Bengaluru City","22942222 / 22943400 / 22250999 / 8277945406 / 9480801556 / 9480801100 / 9480801014 (WhatsApp)","ccrblore@ksp.gov.in"
"Commissionerates","Bengaluru City","ACP Cyber Crime PS","22375522 / 9480801110",""
"Commissionerates","Bengaluru City","PI Cyber Crime PS","22375522 / 9480801554",""
"Commissionerates","Bengaluru City","PI Cyber Crime PS","— / 9113201439",""
"Commissionerates","Bengaluru City","PI Cyber Crime PS","— / 9113201446",""
"Commissionerates","Bengaluru City","VIP Control Room","22943660 / —",""
"Commissionerates","Bengaluru City","Master Control Room","22943322 / —",""
"Commissionerates","Bengaluru City","Central Control Room","22943003 / 9480801100",""
"Commissionerates","Bengaluru City","East Control Room","22943535 / 9480801200",""
"Commissionerates","Bengaluru City","West Control Room","22943232 / 9480801700",""
"Commissionerates","Bengaluru City","North Control Room","22943434 / 9480801300",""
"Commissionerates","Bengaluru City","South Control Room","22943111 / 22943296 / 9480801500",""
"Commissionerates","Bengaluru City","South-East Control Room","22943482/81 / 9480801600",""
"Commissionerates","Bengaluru City","North-East Control Room","22943060 / 9480801400",""
"Commissionerates","Bengaluru City","Whitefield Control Room","22942959 / 9480801144 / 7411747100",""
"Commissionerates","Bengaluru City","North-West Control Room","22943661 / 9480801141",""
"Commissionerates","Bengaluru City","South-West Control Room","22943300 / 9480801140",""
"Commissionerates","Bengaluru City","Electronic City Control Room","22943355 / 9480801142",""
"Commissionerates","Bengaluru City","Hoysala Control Room","22943000 / 22943743 / —",""
"Commissionerates","Bengaluru City","Traffic Central Control Room","22943663 / —",""
"Commissionerates","Bengaluru City","Traffic East Control Room","22943131 / 22942346 / —",""
"Commissionerates","Bengaluru City","Traffic West Control Room","22943030 / 9480801900",""
"Commissionerates","Bengaluru City","Traffic North Control Room","22943684 / 9480801096",""
"Commissionerates","Bengaluru City","Traffic South Control Room","22942704 / 9480801097",""
"Commissionerates","Bengaluru City","Namma 112","22943747 / 22943745 / 22943770 / —",""
"Commissionerates","Bengaluru City","Makkala Sahayavani","22943224 / —",""
"Commissionerates","Bengaluru City","Vanitha Sahayavani","22943225 / 1091 / —",""
"Commissionerates","Bengaluru City","Elders Helpline","22943226 / 1090 / —",""
"Commissionerates","Bengaluru City","NDPS","22943769 / —",""
"Commissionerates","Bengaluru City","ACP PRO","22259590 / 9480801089",""
"Commissionerates","Bengaluru City","Social Media Cell","22943001 / 9480801000 / 9480801811",""
"Commissionerates","Bengaluru City","Deployment Section","22942865 / —",""
"Commissionerates","Bengaluru City","Command Centre","22202593 / 22943177 / —",""
"Commissionerates","Bengaluru City","GPS","22943658 / —",""
"Commissionerates","Bengaluru City","CCTV","22943746 / —",""
"Commissionerates","Bengaluru City","Arms","22942373 / —",""
"Commissionerates","Bengaluru City","Automation Centre","22943381 / 22943173 / —",""
"Commissionerates","Bengaluru City","Studio Section","22943228 / —",""
"Commissionerates","Bengaluru City","COP Stores","22943667 / —",""
"Commissionerates","Bengaluru City","COP Main Gate","22943275 / —",""
"Commissionerates","Bengaluru City","COP Back Gate","22943100 / —",""
"Commissionerates","Bengaluru City","EST Accounts","22943138 / 22943395 / —",""
"Commissionerates","Bengaluru City","Human Rights","22392205 / —",""
"Commissionerates","Bengaluru City","FRRO","22218195 / —",""
"Commissionerates","Bengaluru City","KAS Officers Guest House","22206287 / —",""
"Commissionerates","Bengaluru City","KSP App","22943772 / —",""
"Commissionerates","Bengaluru City","Press Room","22943227 / —",""
"Commissionerates","Bengaluru City","Wireless Workshop","22943132 / —",""
"Commissionerates","Bengaluru City","Conference Hall","22943274 / —",""
"Commissionerates","Bengaluru City","DE Section","22942184 / —",""
"Commissionerates","Bengaluru City","Immigration","22943278 / —",""
"Commissionerates","Bengaluru City","City SB","22943245 / —",""
"Commissionerates","Bengaluru City","Technical Centre","22942620 / —",""
"Commissionerates","Bengaluru City","Computer Section","22943553 / —",""
"Commissionerates","Bengaluru City","Dog Squad","22943085 / —",""
"Commissionerates","Bengaluru City","AO COP","22942825 / —",""
"Commissionerates","Bengaluru City","SS EST, COP","22942834 / —",""
"Commissionerates","Bengaluru City","SS ACT, COP","22943395 / —",""
"Commissionerates","Bengaluru City","SS Arms, Mag Genrl COP","22942373 / —",""
"Commissionerates","Bengaluru City","SS Building & Recruitment, Training & Pension","22943138 / —",""
"Commissionerates","Bengaluru City","SS Crime Section","22942187 / —",""
"Commissionerates","Bengaluru City","DCP, Central","22942344 / 22865907 / 9480801101","dcpcentral@ksp.gov.in"
"Commissionerates","Bengaluru City","Central Control Room","22943003 / 9480801100",""
"Commissionerates","Bengaluru City","ACP Seshadripuram","22942637 / 9480801105","ablesspurambcp@ksp.gov.in"
"Commissionerates","Bengaluru City","PI Seshadripuram PS","22942586 / 22942082 / 9480801125","sspurambcp@ksp.gov.in"
"Commissionerates","Bengaluru City","PI High Ground PS","22942587 / 22942083 / 9480801126","hgroundbcp@ksp.gov.in"
"Commissionerates","Bengaluru City","PI Vyalikaval PS","22942588 / 22942084 / 9480801128","vkavalbcp@ksp.gov.in"
"Commissionerates","Bengaluru City","PI Sadashiva Nagar PS","22942589 / 22942085 / 9480801127","ssnagarabcp@ksp.gov.in"
"Commissionerates","Bengaluru City","ACP Cubbon Park","22942167 / 9480801107","ablecparkbcp@ksp.gov.in"
"Commissionerates","Bengaluru City","PI Cubbon Park PS","22942591 / 22942087 / 9480801122","cparkbcp@ksp.gov.in"
"Commissionerates","Bengaluru City","PI Ashoknagar PS","22942580 / 22942076 / 9480801116","anagarbcp@ksp.gov.in"
"Commissionerates","Bengaluru City","PI Viveknagar PS","22942584 / 22942080 / 9480801121","vknagarbcp@ksp.gov.in"
"Commissionerates","Bengaluru City","PI Vidhana Soudha PS","22942590 / 22942086 / 9480801123","vsoudhabcp@ksp.gov.in"
"Commissionerates","Bengaluru City","ACP Halasoor Gate","22942171 / 9480801106","ableugatebcp@ksp.gov.in"
"Commissionerates","Bengaluru City","PI Halasoor Gate PS","22942579 / 22942075 / 9480801115","hgatebcp@ksp.gov.in"
"Commissionerates","Bengaluru City","PI Wilson Garden PS","22942581 / 22942077 / 9480801118","wgardenbcp@ksp.gov.in"
"Commissionerates","Bengaluru City","PI S.R Nagar PS","22942582 / 22942078 / 9480801117","srnagarabcp@ksp.gov.in"
"Commissionerates","Bengaluru City","PI S.J Park PS","22942583 / 22942079 / 9480801119","sjparkbcp@ksp.gov.in"
"Commissionerates","Bengaluru City","PI Women PS","22942728 / 9364107013","womenpscentralbcp@ksp.gov.in"
"Commissionerates","Bengaluru City","DCP Vidhana Soudha Security","22943554 / 22033968 / 9480801109","dcpvsoudhasec@ksp.gov.in"
"Commissionerates","Bengaluru City","SP, Marshal Vidhana Soudha Assembly","22943116 / 9663730385",""
"Commissionerates","Bengaluru City","ACP, Marshal Vidhana Soudha Council","22943423 / —",""
"Commissionerates","Bengaluru City","ACP Vidhana Soudha Security","22943731 / 9480801108",""
"Commissionerates","Bengaluru City","PI Vidhana Soudha Security -1","22943548 / 9480801131",""
"Commissionerates","Bengaluru City","PI Vidhana Soudha Security -2","22033703 / 9480801124",""
"Commissionerates","Bengaluru City","ACP Vikasa Soudha Security","22035199 / 9480801068","acpvikassoudhasecbcp@ksp.gov.in"
"Commissionerates","Bengaluru City","PI Vikasa Soudha Security-1","22035200 / 9480801130",""
"Commissionerates","Bengaluru City","PI Vikasa Soudha Security-2","22942908 / 9480801129",""
"Commissionerates","Bengaluru City","PI L.H (Legislative House)","22942692 / —",""
"Commissionerates","Bengaluru City","DCP High Court Vigilance","22954540 / 9448289038 (High Court CUG) / 9980199032",""
"Commissionerates","Bengaluru City","DSP High Court Vigilance","22954540 / 22943282 / 9480801093","ablehcourtsecbcp@ksp.gov.in"
"Commissionerates","Bengaluru City","PI High Court Vigilance","— / 9448288649",""
"Commissionerates","Bengaluru City","ACP High Court Security","22943282 / 9480801093","ablehcourtsec@ksp.gov.in"
"Commissionerates","Bengaluru City","PI High Court Security","22943282 / —",""
"Commissionerates","Bengaluru City","DCP West","22370195 / 22942356 / 9480801020","dcpwest@ksp.gov.in"
"Commissionerates","Bengaluru City","West Control Room","22943232 / 9480801700","westcontrolbcp@ksp.gov.in"
"Commissionerates","Bengaluru City","ACP, Cyber Crime PS Basaveshwaranagar","22943242 / 9480801112","cenpswestbcp@ksp.gov.in"
"Commissionerates","Bengaluru City","PI Cyber Crime PS Basaveshwaranagar","22943242 / 9480801113","cenpswestbcp@ksp.gov.in"
"Commissionerates","Bengaluru City","ACP Chickpete","22942149 / 22251773 / 9480801705","ablechikpetbcp@ksp.gov.in"
"Commissionerates","Bengaluru City","PI Upparpete PS","22942503 / 22873367 / 9480801716","upetbcp@ksp.gov.in"
"Commissionerates","Bengaluru City","PI City Market PS","22942506 / 9480801717","marketbcp@ksp.gov.in"
"Commissionerates","Bengaluru City","PI Kalasipalya PS","22942504 / 26702195 / 9480801718","kpalyabcp@ksp.gov.in"
"Commissionerates","Bengaluru City","K.S.R.T.C Out Post","22943113 / —",""
"Commissionerates","Bengaluru City","PI Cottonpete PS","22942508 / 26700675 / 9480801719","cotpetbcp@ksp.gov.in"
"Commissionerates","Bengaluru City","PI Chamarajapete PS","22942575 / 9480801521","cmpetbcp@ksp.gov.in"
"Commissionerates","Bengaluru City","ACP Byatarayanapura","22942151 / 9480801706","ablebypurabcp@ksp.gov.in"
"Commissionerates","Bengaluru City","PI J.J. Nagar PS","22942509 / 9480801720","jjnagarbcp@ksp.gov.in"
"Commissionerates","Bengaluru City","PI Byatarayanapura PS","22942507 / 9480801721","bypurabcp@ksp.gov.in"
"Commissionerates","Bengaluru City","PI Chandra Layout PS","22942512 / 9480801722","clayoutbcp@ksp.gov.in"
"Commissionerates","Bengaluru City","PI Annapurneshwari Nagar PS","23482644 / 9480801715","apnagarbcp@ksp.gov.in"
"Commissionerates","Bengaluru City","PI Rajarajeshwarinagara PS (R R Nagar)","22942559 / 9480801725","rrnagarbcp@ksp.gov.in"
"Commissionerates","Bengaluru City","ACP Vijayanagar","22942153 / 9480801707","ablevnagarbcp@ksp.gov.in"
"Commissionerates","Bengaluru City","PI Women PS, Vijayanagar","22943448 / 9480801114","womenpswestbcp@ksp.gov.in"
"Commissionerates","Bengaluru City","PI Vijayanagar PS","22942514 / 9480801726","vjnagarbcp@ksp.gov.in"
"Commissionerates","Bengaluru City","PI Magadi Road PS","22942515 / 9480801727","mroadbcp@ksp.gov.in"
"Commissionerates","Bengaluru City","PI K.P. Agrahara PS","22942518 / 9480801730","kpagarharabcp@ksp.gov.in"
"Commissionerates","Bengaluru City","PI Basaveshwaranagar PS","22942516 / 9480801729","bwnagarbcp@ksp.gov.in"
"Commissionerates","Bengaluru City","PI Kamakshipalya PS","22942517 / 9480801728","kmpalyabcp@ksp.gov.in"
"Commissionerates","Bengaluru City","PI Govindarajnagar PS","22942283 / 9480801049","grnagarbcp@ksp.gov.in"
"Commissionerates","Bengaluru City","DCP East","25567085 / 22942312 / 9480801201","dcpeastbcp@ksp.gov.in"
"Commissionerates","Bengaluru City","East Control Room","22943535 / 9480801200","eastcontrol75@gmail.com"
"Commissionerates","Bengaluru City","ACP Cyber Crime PS","22943089 / 9480801023","ablecenpseastbcp@ksp.gov.in"
"Commissionerates","Bengaluru City","PI Cyber Crime PS","22943089 / 9480801025","cenpseastbcp@ksp.gov.in"
"Commissionerates","Bengaluru City","ACP Halasoor","22942143 / 9480801205","ableulsoorbcp@ksp.gov.in"
"Commissionerates","Bengaluru City","PI Halasoor PS","22942540 / 9480801226","halsoorbcp@ksp.gov.in"
"Commissionerates","Bengaluru City","PI Indiranagar PS","22942541 / 9480801228","inagarbcp@ksp.gov.in"
"Commissionerates","Bengaluru City","PI Byappanahalli PS","22942545 / 9480801227","bpnhallibcp@ksp.gov.in"
"Commissionerates","Bengaluru City","PI J.B. Nagar PS","22942543 / 9480801229","jbnagarbcp@ksp.gov.in"
"Commissionerates","Bengaluru City","ACP Pulakeshinagar","22942145 / 9480801206","ableftownbcp@ksp.gov.in"
"Commissionerates","Bengaluru City","PI Women PS, Shivajinagar","22942585 / 9480801120","womenpseastbcp@ksp.gov.in"
"Commissionerates","Bengaluru City","PI Bharathinagar PS","22942547 / 9480801216","bnagarbcp@ksp.gov.in"
"Commissionerates","Bengaluru City","PI Pulakeshinagar PS","22942548 / 9480801215","ftownbcp@ksp.gov.in"
"Commissionerates","Bengaluru City","PI Shivajinagar PS","22942597 / 9480801219","snagarbcp@ksp.gov.in"
"Commissionerates","Bengaluru City","Cyber Crime PS Shivajinagar PS","22943089 / 9480801025","cenpseastbcp@ksp.gov.in"
"Commissionerates","Bengaluru City","Boring Hospital OP","22943504 / —",""
"Commissionerates","Bengaluru City","PI Commercial Street PS","22942549 / 25587880 / 9480801218","commercialbcp@ksp.gov.in"
"Commissionerates","Bengaluru City","ACP Banaswadi","22942147 / 9480801207","ablekrpura@ksp.gov.in, bswadibcp@ksp.gov.in"
"Commissionerates","Bengaluru City","PI Ramamurthy Nagar PS","22942554 / 9480801224","rmnagarbcp@ksp.gov.in"
"Commissionerates","Bengaluru City","PI Hennur PS","22942557 / 9480801225","hennurbcp@ksp.gov.in"
"Commissionerates","Bengaluru City","PI Banaswadi PS","22942552 / 9480801222","bwadibcp@ksp.gov.in"
"Commissionerates","Bengaluru City","ACP K.G. Halli","22942725 / 9480801013","acpkghalli@gmail.com, ablekghallibcp@ksp.gov.in"
"Commissionerates","Bengaluru City","PI K.G. Halli PS","22942556 / 9480801223","kghallibcp@ksp.gov.in"
"Commissionerates","Bengaluru City","PI D.J. Halli PS","22942550 / 9480801220","djhallibcp@ksp.gov.in"
"Commissionerates","Bengaluru City","PI Govindpura PS","22943305 / 9480801024","govindpurabcp@ksp.gov.in"
"Commissionerates","Bengaluru City","DCP, South","26635199 / 22942309 / 22943296 / 9480801501","dcpsouthbcp@ksp.gov.in"
"Commissionerates","Bengaluru City","South Control Room","22943111 / 22943296 / 9480801500","southcontrolbcp@ksp.gov.in"
"Commissionerates","Bengaluru City","ACP Cyber Crime PS, Banashankari","22943507 / 9480801098",""
"Commissionerates","Bengaluru City","PI Cyber Crime PS, Banashankari (Cyber Economic Narcotic)","22943507 / 9480801099","cenpssouthbcp@ksp.gov.in"
"Commissionerates","Bengaluru City","ACP Jayanagar","22942161 / 9480801505","ablejayanagarbcp@ksp.gov.in"
"Commissionerates","Bengaluru City","PI Jayanagar PS","22942562 / 9480801515","pijnagarbcp@ksp.gov.in"
"Commissionerates","Bengaluru City","PI Basavanagudi PS","22942057 / 9480801516","bgudibcp@ksp.gov.in"
"Commissionerates","Bengaluru City","PI J.P. Nagar PS","22942563 / 9480801517","jpnagarbcp@ksp.gov.in"
"Commissionerates","Bengaluru City","PI Siddapura PS","22942572 / 9480801519","spurabcp@ksp.gov.in"
"Commissionerates","Bengaluru City","PI Banashankari PS","22942564 / 26710245 / 9480801527","bskbcpbcp@ksp.gov.in"
"Commissionerates","Bengaluru City","PI Puttenahalli PS","22942566 / 9480801523","puttenahallipsbcp@ksp.gov.in"
"Commissionerates","Bengaluru City","ACP V.V. Puram","22942165 / 9480801506","ablevvpurabcp@ksp.gov.in"
"Commissionerates","Bengaluru City","PI V.V. Puram PS","22942574 / 9480801522","vvpurapsbcp@ksp.gov.in"
"Commissionerates","Bengaluru City","PI Hanumanthanagara PS","22942576 / 9480801524","hnagarbcp@ksp.gov.in"
"Commissionerates","Bengaluru City","PI Kempegowda Nagar PS","22942578 / 9480801525","kgnagarbcp@ksp.gov.in"
"Commissionerates","Bengaluru City","PI Shankarapuram PS","22942558 / 9480801526","piskpurabcp@ksp.gov.in, skpurabcp@ksp.gov.in"
"Commissionerates","Bengaluru City","PI Girinagar PS","22942577 / 9480801528","gnagarbcp@ksp.gov.in"
"Commissionerates","Bengaluru City","PI Chennammanakere Achukattu PS","22943483 / 9480801532","chkactps@ksp.gov.in"
"Commissionerates","Bengaluru City","PI South Women PS","22943250 / 9480801530","womensouthbcp@ksp.gov.in"
"Commissionerates","Bengaluru City","Victoria Hospital OP","22943857 / —",""
"Commissionerates","Bengaluru City","DCP, North","23567714 / 22942299 / 9480801301","dcpnorth@ksp.gov.in, dcpnorthbcp@ksp.gov.in"
"Commissionerates","Bengaluru City","ACP CEN North","22942302 / 9480801065","cenpsnorthbcp@ksp.gov.in"
"Commissionerates","Bengaluru City","PI CEN North","— / 9449295758",""
"Commissionerates","Bengaluru City","North Control Room","22943434 / 9480801300","ccrnbcp@ksp.gov.in"
"Commissionerates","Bengaluru City","ACP Malleshwaram","22942155 / 9480801305","ablemvmbcp@ksp.gov.in"
"Commissionerates","Bengaluru City","PI Malleshwaram PS","22942519 / 9480801315","mvmbcp@ksp.gov.in"
"Commissionerates","Bengaluru City","PI Srirampura PS","22942520 / 9480801321","srpurambcp@ksp.gov.in"
"Commissionerates","Bengaluru City","PI Rajajinagar PS","22942522 / 9480801316","rnagarbcp@ksp.gov.in"
"Commissionerates","Bengaluru City","PI Subramanya Nagar PS","22942524 / 9480801320","sbnagarbcp@ksp.gov.in"
"Commissionerates","Bengaluru City","PI Mahalakshmi Layout PS","22942523 / 9480801318","mllayoutbcp@ksp.gov.in"
"Commissionerates","Bengaluru City","ACP Yeshwanthapura","22942157 / 9480801306","ableypurabcp@ksp.gov.in"
"Commissionerates","Bengaluru City","PI Yeshwanthapura PS","22942526 / 9480801322","yspurabcp@ksp.gov.in"
"Commissionerates","Bengaluru City","PI Jalahalli PS","22942527 / 9480801323","jhallibcp@ksp.gov.in"
"Commissionerates","Bengaluru City","PI R.M.C Yard PS","22942531 / 9480801325","rmcyardbcp@ksp.gov.in"
"Commissionerates","Bengaluru City","PI Nandini Layout PS","22942539 / 9480801317","nlayoutbcp@ksp.gov.in"
"Commissionerates","Bengaluru City","ACP J.C. Nagar","22942159 / 9480801307","ablejcngarbcp@ksp.gov.in"
"Commissionerates","Bengaluru City","PI Women PS, Sanjayanagara","22942616 / 9480801067","womenpsnorthbcp@ksp.gov.in"
"Commissionerates","Bengaluru City","PI J.C. Nagar PS","22942534 / 9480801329","jcnagarbcp@ksp.gov.in"
"Commissionerates","Bengaluru City","PI Sanjayanagar PS","22942533 / 9480801332","sanjaynagarbcp@ksp.gov.in"
"Commissionerates","Bengaluru City","PI Hebbala PS","22942535 / 9480801331","hebbalbcp@ksp.gov.in"
"Commissionerates","Bengaluru City","PI R.T. Nagar PS","22942538 / 9480801330","rtnagarbcp@ksp.gov.in"
"Commissionerates","Bengaluru City","DCP, North-East","22942363 / 22943676 / 9480801064","dcpnortheast@ksp.gov.in"
"Commissionerates","Bengaluru City","North-East Control Room","22943060 / 9480801400",""
"Commissionerates","Bengaluru City","ACP Cyber Crime PS Yelahanka","22943810 / 9480801050","ablecenpsnortheastbcp@ksp.gov.in"
"Commissionerates","Bengaluru City","PI Cyber Crime PS Yelahanka","22943810 / 9480801051","cenpsnortheastbcp@ksp.gov.in"
"Commissionerates","Bengaluru City","ACP Yelahanka","22943734 / 9480801070","acpylkbcp@ksp.gov.in"
"Commissionerates","Bengaluru City","PI Yelahanka PS","22942536 / 9480801415","ylankabcp@ksp.gov.in"
"Commissionerates","Bengaluru City","PI Yelahanka New Town PS","22942537 / 9480801416","piylkntbcp@ksp.gov.in, ylkntbcp@ksp.gov.in"
"Commissionerates","Bengaluru City","PI Kodigehalli PS","22943703 / 9480801422","pikodigehallibcp@ksp.gov.in, kodigehallibcp@ksp.gov.in"
"Commissionerates","Bengaluru City","PI Vidyaranyapura PS","22942528 / 9480801327","vrpurabcp@ksp.gov.in"
"Commissionerates","Bengaluru City","ACP Sampigehalli","22943690 / 9480801069","ablesampigehalli@ksp.gov.in"
"Commissionerates","Bengaluru City","PI Sampigehalli PS","22943692 / 9480801424","sampigehallipsbcp@ksp.gov.in"
"Commissionerates","Bengaluru City","PI Kothanur PS","22943694 / 9480801423","kottanurbcp@ksp.gov.in"
"Commissionerates","Bengaluru City","PI Bhagaluru PS","28469100 / 9480801418","bhagalurpsbcp@ksp.gov.in"
"Commissionerates","Bengaluru City","PI Amruthahalli PS","22943644 / 9480801417","amruthahallipsbcp@ksp.gov.in"
"Commissionerates","Bengaluru City","PI Women PS Yelahanka","22943188 / 9480801052","womenpsnebcp@ksp.gov.in"
"Commissionerates","Bengaluru City","ACP Devanahalli","27680111 / 9480801071","abledevanahalli@ksp.gov.in"
"Commissionerates","Bengaluru City","PI Devanahalli PS","27680333 / 9480801420","devanahallipsbcp@ksp.gov.in"
"Commissionerates","Bengaluru City","PI Chikkajala PS","28467200 / 9480801419","chikkajalapsbcp@ksp.gov.in"
"Commissionerates","Bengaluru City","PI Kempegowda International Airport (KIA) PS","22001102 / 22001103 / 9480801421","biapsbcp@ksp.gov.in"
"Commissionerates","Bengaluru City","Kempegowda International Airport (KIA) OP","22001101 / —",""
"Commissionerates","Bengaluru City","DCP, South-East","25530284 / 22943465 / 9480801601","dcpsoutheastbcp@ksp.gov.in"
"Commissionerates","Bengaluru City","South-East Control Room","22943481 / 22943482 / 9480801600","southeastbcpcr@ksp.gov.in"
"Commissionerates","Bengaluru City","ACP Cyber Crime PS, HSR Layout","22942759 / 9480801057",""
"Commissionerates","Bengaluru City","PI Cyber Crime PS, HSR Layout","22942759 / 9480801058","cenpssoutheastbcp@ksp.gov.in"
"Commissionerates","Bengaluru City","ACP Mico Layout","22943466 / 9480801605","ablemicolayoutbcp@ksp.gov.in"
"Commissionerates","Bengaluru City","PI Thilakanagar PS","22942571 / 9480801621","tlknagarbcp@ksp.gov.in"
"Commissionerates","Bengaluru City","PI Mico Layout PS","22942569 / 9480801620","micobcp@ksp.gov.in"
"Commissionerates","Bengaluru City","PI Bommanahalli PS","22942269 / 9480801544","bommanahallibcp@ksp.gov.in"
"Commissionerates","Bengaluru City","PI Suddguntepalya PS","22942762 / 9480801425","sgpalyabcp@ksp.gov.in"
"Commissionerates","Bengaluru City","ACP Madivala","22942163 / 9480801606","ablemadivalabcp@ksp.gov.in"
"Commissionerates","Bengaluru City","PI Koramangala PS","22942570 / 9480801625","kmangalabcp@ksp.gov.in"
"Commissionerates","Bengaluru City","PI Madivala PS","22942568 / 9480801624","madivalabcp@ksp.gov.in"
"Commissionerates","Bengaluru City","PI H.S.R Layout PS","22943467 / 9480801626","hsrlayoutbcp@ksp.gov.in"
"Commissionerates","Bengaluru City","PI Adugodi PS","22942573 / 9480801518","adugodibcp@ksp.gov.in"
"Commissionerates","Bengaluru City","PI Women PS","22943180 / 9480801059","womenpssebcp@ksp.gov.in"
"Commissionerates","Bengaluru City","DCP North-West","22943553 / 9480801007","dcpnorthwestbcp@ksp.gov.in"
"Commissionerates","Bengaluru City","North-West Control Room","22943661 / 9480801141",""
"Commissionerates","Bengaluru City","ACP Peenya","22942286 / 9480801042","ablepeenyabcp@ksp.gov.in"
"Commissionerates","Bengaluru City","PI Peenya PS","22942532 / 9480801324","peenyabcp@ksp.gov.in"
"Commissionerates","Bengaluru City","PI Rajagopal Nagar PS","22942525 / 9480801319","rgnagarbcp@ksp.gov.in"
"Commissionerates","Bengaluru City","PI Madanayakanahalli PS","23713699 / 9480802472","mnayakahallibng@ksp.gov.in"
"Commissionerates","Bengaluru City","PI Byadarahalli PS","23484899 / 9480801550","byhallibcp@ksp.gov.in"
"Commissionerates","Bengaluru City","ACP Chikkabanavar","—",""
"Commissionerates","Bengaluru City","PI Gangammanagudi PS","22942530 / 22942026 / 9480801326","gggudibcp@ksp.gov.in"
"Commissionerates","Bengaluru City","PI Soladevanahalli PS","28394805 / 9480801328","sdhallibcp@ksp.gov.in"
"Commissionerates","Bengaluru City","PI Bagalgunte PS","22942258 / 9480801547","bagalguntepsbcp@ksp.gov.in"
"Commissionerates","Bengaluru City","PI Rajanukunte PS","28468936 / 9480802457","rajanukuntebng@ksp.gov.in"
"Commissionerates","Bengaluru City","PI Chikkabanavar PS","—",""
"Commissionerates","Bengaluru City","DCP, South-West","080-22942300 / 9480801005","dcpsouthwestbcp@ksp.gov.in"
"Commissionerates","Bengaluru City","South-West Control Room","080-22943300 / 9480801140",""
"Commissionerates","Bengaluru City","ACP Kengeri","— / 9480801711",""
"Commissionerates","Bengaluru City","PI Kengeri PS","22942510 / 9480801724","kengeribcp@ksp.gov.in"
"Commissionerates","Bengaluru City","PI Jnanabharathi PS","22942513 / 23213586 / 9480801723","jbharathibcp@ksp.gov.in"
"Commissionerates","Bengaluru City","PI Kumbalagodu PS","28437599 / 9480802808","kumbalagudurmn@ksp.gov.in"
"Commissionerates","Bengaluru City","ACP Subramanyapura","22943473 / 9480801507","ablesbpurabcp@ksp.gov.in"
"Commissionerates","Bengaluru City","PI Subramanyapura PS","22942565 / 9480801529","sbpurabcp@ksp.gov.in"
"Commissionerates","Bengaluru City","PI K.S. Layout PS","22942567 / 9480801531","kslayoutbcp@ksp.gov.in"
"Commissionerates","Bengaluru City","PI Talaghattapura PS","22942359 / 9480801075","tgpurabcp@ksp.gov.in"
"Commissionerates","Bengaluru City","PI Konanakunte PS","22942560 / 9480801520","konanakuntepsbcp@ksp.gov.in"
"Commissionerates","Bengaluru City","DCP, Whitefield","080-22942852 / 22942959 / 9480801084","dcpwhitefieldbcp@ksp.gov.in"
"Commissionerates","Bengaluru City","Whitefield Control Room","22942959 / 7411747100",""
"Commissionerates","Bengaluru City","ACP Cyber Crime PS, Whitefield","22942872 / 9480801145",""
"Commissionerates","Bengaluru City","PI Cyber Crime PS, Whitefield","22942872 / 9480801146","cenpswhitefieldbcp@ksp.gov.in"
"Commissionerates","Bengaluru City","ACP Whitefield","22943155 / 9480801076","ablewhitefieldbcp@ksp.gov.in"
"Commissionerates","Bengaluru City","PI Whitefield PS","22943472 / 9480801617","whitefieldbcp@ksp.gov.in"
"Commissionerates","Bengaluru City","PI K.R. Puram PS","22942553 / 9480801221","krpurambcp@ksp.gov.in"
"Commissionerates","Bengaluru City","PI Mahadevapura PS","22942546 / 9480801230","mdpurabcp@ksp.gov.in"
"Commissionerates","Bengaluru City","PI Kadugodi PS","22943471 / 22943478 / 9480801619",""
"Commissionerates","Bengaluru City","PI Avalahalli PS","28472500 / 9480802473","avalahallibng@ksp.gov.in"
"Commissionerates","Bengaluru City","PI Women PS","22943510 / 9480801147","womenpswfbcp@gmail.com"
"Commissionerates","Bengaluru City","ACP Marathahalli","22943199 / 9480801607","ablemarathahallibcp@ksp.gov.in"
"Commissionerates","Bengaluru City","PI Marathahalli PS","25639999 / 9480801615","marathahallibcp@ksp.gov.in"
"Commissionerates","Bengaluru City","PI H.A.L PS","22942542 / 9480801616","halbcp@ksp.gov.in"
"Commissionerates","Bengaluru City","PI Bellanduru PS","25747771 / 9480801543","bellandurubcp@ksp.gov.in"
"Commissionerates","Bengaluru City","PI Varthur PS","28539196 / 9480801618","varthurbcp@ksp.gov.in"
"Commissionerates","Bengaluru City","DCP, Electronic City","— / 9480801008","dcpelectroniccitybcp@ksp.gov.in"
"Commissionerates","Bengaluru City","Control Room","22943355 / 9480801142",""
"Commissionerates","Bengaluru City","ACP Electronic City","22943603 / 9480801063","ableelectroniccitybcp@ksp.gov.in"
"Commissionerates","Bengaluru City","PI Electronic City PS","22943469 / 22943476 / 9480801623","electroniccitybcp@ksp.gov.in"
"Commissionerates","Bengaluru City","PI Bandepalya PS","22942236 / 9480801078","bandepalyabcp@ksp.gov.in"
"Commissionerates","Bengaluru City","PI Hulimavu PS","22943470 / 9480801622","hulimavubcp@ksp.gov.in"
"Commissionerates","Bengaluru City","PI Beguru PS","22942551 / 9480801217","begurbcp@ksp.gov.in"
"Commissionerates","Bengaluru City","PI Parappana Agrahara PS","22943468 / 9480801627","pagraharabcp@ksp.gov.in"
"Commissionerates","Bengaluru City","PI Hebbagodi PS","27832922 / 9480802451","hebbagodibng@ksp.gov.in"
"Commissionerates","Bengaluru City","DCP, Traffic East","22860787 / 22942346 / 22942676 / 9480801801","dcptrfeast@ksp.gov.in, dcptrafficeastoffice@gmail.com"
"Commissionerates","Bengaluru City","Traffic East Control Room","22943131 / 9480801095",""
"Commissionerates","Bengaluru City","ACP Traffic East","22942098 / 9480801806","acpeasttraffic123@gmail.com, acpeasttrafficbcp@ksp.gov.in"
"Commissionerates","Bengaluru City","PI Tr. Halasoor PS","22942659 / 22942751 / 9480801815","halasoortrafficbcp@ksp.gov.in"
"Commissionerates","Bengaluru City","PI Tr. Jeevanbheema Nagar PS","22942919 / 22942658 / 9480801816","jbnagartraffic@gmail.com"
"Commissionerates","Bengaluru City","PI Tr. Shivajinagar PS","22942921 / 9480801821","shivajinagartrafficbcp@ksp.gov.in"
"Commissionerates","Bengaluru City","PI Tr. Pulakeshi Nagar PS","22942924 / 9480801820","ftowntrafficps@gmail.com"
"Commissionerates","Bengaluru City","PI Tr. Banasawadi PS","22942217 / 9480801819","bwaditrafficbcp@ksp.gov.in"
"Commissionerates","Bengaluru City","PI Tr. K.G. Halli PS","22942969 / 9480801584","kghallitrafficbcp@ksp.gov.in"
"Commissionerates","Bengaluru City","ACP Traffic Whitefield","29917704 / 9480801132","acpwhitefieldtraffic@gmail.com"
"Commissionerates","Bengaluru City","PI Tr. HAL Airport PS","22943115 / 9480801817","airporttrafficbcp@ksp.gov.in"
"Commissionerates","Bengaluru City","PI Tr. Whitefield PS","22943706 / 9480801831","whitefieldtrafficbcp@ksp.gov.in"
"Commissionerates","Bengaluru City","PI Tr. K.R. Puram PS","29532928 / 9480801818","krpuramtrafficbcp@ksp.gov.in"
"Commissionerates","Bengaluru City","PI Tr. Mahadevapura PS","22943389 / 9449296253","mdpuratrfbcp@ksp.gov.in"
"Commissionerates","Bengaluru City","DCP, Traffic West","22942318 / 22943034 / 9480801901","dcptrafficwest@gmail.com, dcptrfwest@ksp.gov.in"
"Commissionerates","Bengaluru City","Traffic West Control Room","22943030 / 9480801900",""
"Commissionerates","Bengaluru City","ACP Traffic West","22942094 / 9480801905","acpwesttrafficbcp@ksp.gov.in"
"Commissionerates","Bengaluru City","PI Tr. Chamarajapete PS","22942664 / 9480801916","chickpettrafficbcp@ksp.gov.in"
"Commissionerates","Bengaluru City","PI Tr. Upparpete PS","22942665 / 9480801915","upettrafficbcp@ksp.gov.in"
"Commissionerates","Bengaluru City","PI Tr. City Market PS","22942808 / 9480801917","citymarkettrafficbcp@ksp.gov.in"
"Commissionerates","Bengaluru City","PI Tr. Byatarayanapura PS","22943011 / 9480801919","bypuratrafficpsbcp@ksp.gov.in"
"Commissionerates","Bengaluru City","PI Tr. Kengeri PS","22943013 / 9480806021","kengeritrfbcp@ksp.gov.in"
"Commissionerates","Bengaluru City","ACP Traffic Central","22942096 / 9480801807","acpcentraltrafficbcp@gmail.com, acpcentraltrafficbcp@ksp.gov.in"
"Commissionerates","Bengaluru City","PI Tr. Cubbon Park PS","22942675 / 22942912 / 9480801828","cparktrafficbcp@ksp.gov.in"
"Commissionerates","Bengaluru City","PI Tr. Halsoor Gate PS","22943124 / 9480801829","hgatetrafficbcp@ksp.gov.in"
"Commissionerates","Bengaluru City","PI Tr. High Ground PS","22942916 / 9480801827","hgroundtrafficbcp@ksp.gov.in"
"Commissionerates","Bengaluru City","PI Tr. Ashokanagar PS","22943122 / 9480801823","angartrafficbcp@ksp.gov.in"
"Commissionerates","Bengaluru City","PI Tr. Wilson Garden PS","22943120 / 9480801826","wgardentrafficbcp@ksp.gov.in"
"Commissionerates","Bengaluru City","PI Tr. Sadashivanagar PS","22942804 / 9480801830","ssnagrtrafficbcp@ksp.gov.in"
"Commissionerates","Bengaluru City","PI Tr. Sheshadripuram PS","22943774 / 9480801138","sspuramtraffic@gmail.com"
"Commissionerates","Bengaluru City","ACP Traffic Vijayanagara","22942943 / 9480801611",""
"Commissionerates","Bengaluru City","PI Tr. Vijayanagar PS","22942809 / 9480801920","vijayanagartrafficbcp@ksp.gov.in"
"Commissionerates","Bengaluru City","PI Tr. Magadi Road PS","22943010 / 9480801918","mroadtraffic@gmail.com"
"Commissionerates","Bengaluru City","PI Tr. Kamakshipalya PS","22943009 / 9480801921","kamakshipalyatrps@gmail.com"
"Commissionerates","Bengaluru City","PI Tr. Jnanabharathi PS","22942271 / 9480801137",""
"Commissionerates","Bengaluru City","DCP Traffic North","22942411 / 9480801133","dcpnorthtrfbcp@ksp.gov.in"
"Commissionerates","Bengaluru City","Traffic North Control Room","22943684 / 9480801096",""
"Commissionerates","Bengaluru City","ACP Traffic North","22942092 / 22943015 / 9480801907","acpnorthtrafficbcp@ksp.gov.in"
"Commissionerates","Bengaluru City","PI Tr. Malleshwaram PS","22942810 / 9480801922","mvmtrafficbcp@ksp.gov.in"
"Commissionerates","Bengaluru City","PI Tr. Rajajinagar PS","22942807 / 9480801924","rnagartrafficbcp@ksp.gov.in"
"Commissionerates","Bengaluru City","PI Tr. Yeshwanthapura PS","22942661 / 9480801925","yspuratrafficbcp@ksp.gov.in"
"Commissionerates","Bengaluru City","PI Tr. Jalahalli PS","22943020 / 9480801558","jalahallitrafficbcp@ksp.gov.in"
"Commissionerates","Bengaluru City","PI Tr. Peenya PS","22942674 / 9480801923","peenyatrafficbcp@ksp.gov.in"
"Commissionerates","Bengaluru City","PI Tr. Chikkabanawara PS","22943516 / 9480801134",""
"Commissionerates","Bengaluru City","ACP Traffic North-East","22943708 / 9480801073","ablenortheasttrafficbcp@ksp.gov.in"
"Commissionerates","Bengaluru City","PI Tr. Yelahanka PS","22943024 / 22943025 / 9480801933","ylktrafficbcp@ksp.gov.in"
"Commissionerates","Bengaluru City","PI Tr. Hebbala PS","22943023 / 9480801931","hebbaltrafficbcp@ksp.gov.in"
"Commissionerates","Bengaluru City","PI Tr. Chikkajala PS","22943186 / 9480801934","chikkajalatrafficbcp@ksp.gov.in"
"Commissionerates","Bengaluru City","PI Tr. Devanahalli PS","27681100 / 9480801074","bialtrafficbcp@ksp.gov.in"
"Commissionerates","Bengaluru City","PI Tr. R.T. Nagar PS","22943026 / 9480801932","rtnagartrafficbcp@ksp.gov.in"
"Commissionerates","Bengaluru City","PI Tr. Hennur PS","22943732 / 9449295596","hennurut@gmail.com"
"Commissionerates","Bengaluru City","PI Tr. Sanjay Nagar PS","22943035 / 9480801135","sanjayanagaratr@ksp.gov.in, sanjayanagaratr@gmail.com"
"Commissionerates","Bengaluru City","ACP Traffic Training & Road Safety Institute","22942117 / 9480801808","ttitrfnorthbcpbcp@ksp.gov.in"
"Commissionerates","Bengaluru City","DCP Traffic South","22943561 / 9480800820","dcptrfsouthbcp@ksp.gov.in"
"Commissionerates","Bengaluru City","Traffic South Control Room","22942704 / 9480801097",""
"Commissionerates","Bengaluru City","ACP Traffic South","22942090 / 22942470 / 9480801906","acpsouthtrafficbcp@ksp.gov.in, acptrafficsouth@gmail.com"
"Commissionerates","Bengaluru City","PI V.V. Puram PS","22942670 / 22943029 / 9480801926","cmpettraffbcp@ksp.gov.in"
"Commissionerates","Bengaluru City","PI Tr. Jayanagar PS","22942669 / 22943366 / 9480801927","jnagartrafficbcp@ksp.gov.in, jayanagartrafficps@gmail.com"
"Commissionerates","Bengaluru City","PI Tr. Basavanagudi PS","22942668 / 9480801928","bguditrafficbcp@ksp.gov.in"
"Commissionerates","Bengaluru City","PI Tr. Banashankari PS","22943108 / 9480801929","bsktrafficbcp@ksp.gov.in"
"Commissionerates","Bengaluru City","PI Tr. Kumaraswamy Layout PS","22943109 / 22942063 / 9480801930","kslyttrafficbcp@ksp.gov.in"
"Commissionerates","Bengaluru City","PI Tr. Talaghattapura PS","22942862 / 9449296259","tgpuratraffic@gmail.com"
"Commissionerates","Bengaluru City","PI Tr. JP Nagar PS","22943192 / 9480801136","jpnagartraffic@gmail.com, jpnagartrafficbc@ksp.gov.in"
"Commissionerates","Bengaluru City","ACP Traffic South-East","22942115 / 9480801805","acpsetrf@gmail.com"
"Commissionerates","Bengaluru City","PI Tr. Adugodi PS","22943125 / 9480801822","adugoditrafficbcp@ksp.gov.in"
"Commissionerates","Bengaluru City","PI Tr. Madivala PS","22942805 / 9480801824","madivalatrafficbcp@ksp.gov.in"
"Commissionerates","Bengaluru City","PI Tr. Mico Layout PS","22943118 / 9480801825","micolayouttrafficbcp@ksp.gov.in"
"Commissionerates","Bengaluru City","PI Tr. Hulimavu PS","22942884 / 9480801553","hulimavutrfebcp@ksp.gov.in"
"Commissionerates","Bengaluru City","ACP Traffic HSR Layout","22942408 / 9480801211","acphsrtr@gmail.com, acphsrlyttrsbcp@ksp.gov.in"
"Commissionerates","Bengaluru City","PI Tr. H.S.R Layout PS","25747574 / 22942399 / 9480801426","hsrltrafficbcp@gmail.com, hsrlyttrafficbcp@gov.in"
"Commissionerates","Bengaluru City","PI Tr. Electronic City PS","22943718 / 9480801832","electroniccitytraffic@gmail.com, electroniccitybcp@ksp.gov.in"
"Commissionerates","Bengaluru City","PI Tr. Bellanduru PS","22943153 / 9449296666","bellandurtrafficps@gmail.com, bellandurubcp@ksp.gov.in"
"Commissionerates","Bengaluru City","DCP, Crime-1","22200912 / 22942366 / 9480801016","dcpcrbcp@ksp.gov.in"
"Commissionerates","Bengaluru City","DCP, Crime-2","22942374 / 22202375 / 9480801021","dcpcrime2bcp@gmail.com"
"Commissionerates","Bengaluru City","CCB Control Room","22943084 / 22942372 / —",""
"Commissionerates","Bengaluru City","ACP EOW","— / 9480801029","ccbfms@gmail.com"
"Commissionerates","Bengaluru City","PI EOW","— / 9480801559",""
"Commissionerates","Bengaluru City","PI EOW","— / 9480801562",""
"Commissionerates","Bengaluru City","PI EOW","— / 9113201453",""
"Commissionerates","Bengaluru City","PI EOW","— / 9480801560",""
"Commissionerates","Bengaluru City","ACP ANW","— / 9480801028","ccbanwbcp@ksp.gov.in"
"Commissionerates","Bengaluru City","PI ANW","— / 9480801561",""
"Commissionerates","Bengaluru City","PI ANW","— / 9480801548",""
"Commissionerates","Bengaluru City","PI ANW","— / 9480801542",""
"Commissionerates","Bengaluru City","PI ANW","— / 9480801549",""
"Commissionerates","Bengaluru City","ACP OCW (West)","— / 9480801030",""
"Commissionerates","Bengaluru City","PI OCW","— / 9113201474",""
"Commissionerates","Bengaluru City","ACP OCW (East)","— / 9480801061",""
"Commissionerates","Bengaluru City","PI OCW","— / 9113201471",""
"Commissionerates","Bengaluru City","PI OCW","— / 9113201461",""
"Commissionerates","Bengaluru City","PI OCW","— / 9113201472",""
"Commissionerates","Bengaluru City","ACP SEW","— / 9480801087",""
"Commissionerates","Bengaluru City","PI SEW","— / 9480801034",""
"Commissionerates","Bengaluru City","PI SEW","— / 9480801557",""
"Commissionerates","Bengaluru City","PI SEW","— / 9480801555",""
"Commissionerates","Bengaluru City","ACP WPW","22942181 / 9480801027",""
"Commissionerates","Bengaluru City","PI WPW","— / 9480801560",""
"Commissionerates","Bengaluru City","PI WPW","— / 9480801551",""
"Commissionerates","Bengaluru City","PI WPW","— / 9480801546",""
"Commissionerates","Bengaluru City","DCP, Intelligence, Bengaluru City","22200920 / 22942354 / 9480801032","dcpintbcp@ksp.gov.in"
"Commissionerates","Bengaluru City","City SB Control Room","22943245 / —",""
"Commissionerates","Bengaluru City","ACP Admin","22942186 / 9480801033","ableadminbcp@ksp.gov.in"
"Commissionerates","Bengaluru City","City SB Admin","22207055 / —",""
"Commissionerates","Bengaluru City","PI City SB","22943246 / —",""
"Commissionerates","Bengaluru City","ACP City SB Field","22942186 / 9480801031","ableadminbcp@ksp.gov.in"
"Commissionerates","Bengaluru City","ACP ATC","— / 9480801089","atcbcp@ksp.gov.in"
"Commissionerates","Bengaluru City","PI City SB","— / 9480801086",""
"Commissionerates","Bengaluru City","PI City SB","— / 9480801085",""
"Commissionerates","Bengaluru City","PI City SB","— / 9480801088",""
"Commissionerates","Bengaluru City","DCP, VVIP Security","22942941 / 22280020 / 22282064 / 9480801022","dcpvvipsec@ksp.gov.in"
"Commissionerates","Bengaluru City","ACP VVIP Security Admin","22282065 / 9113202103","acpvvipsec@gmail.com"
"Commissionerates","Bengaluru City","ACP VVIP Security (Field)","22943662 / 9480801080",""
"Commissionerates","Bengaluru City","ACP Ex-PM Security","22942196 / 9480801081","acpexpmsecurity@ksp.gov.in"
"Commissionerates","Bengaluru City","PI MTO","22942194 / 9480801072",""
"Commissionerates","Bengaluru City","PI BDDS","— / 9113201950",""
"Commissionerates","Bengaluru City","PI Admin","— / 9480801092",""
"Commissionerates","Bengaluru City","PI Field-1","— / 9480801062",""
"Commissionerates","Bengaluru City","PI Field-2","22942192 / 9113202098",""
"Commissionerates","Bengaluru City","PI Field-3","— / 9480801083",""
"Commissionerates","Bengaluru City","VVIP Security Section","22942192 / 22282066 / —",""
"Commissionerates","Bengaluru City","DCP, CAR HQ","26701406 / 22942415 / 9480801017","dcpcarhqbcp@ksp.gov.in, dcpcarhq@gmail.com"
"Commissionerates","Bengaluru City","CAR HQRS Control Room","22943555 / 9845333551 / 9449295764",""
"Commissionerates","Bengaluru City","ACP CAR HQRS","— / 9480801039","acp1carhqbcp@ksp.gov.in"
"Commissionerates","Bengaluru City","ACP CAR HQRS","— / 9480801038",""
"Commissionerates","Bengaluru City","ACP CAR HQRS","— / 9480801040",""
"Commissionerates","Bengaluru City","ACP CAR HQRS","— / 9480801037",""
"Commissionerates","Bengaluru City","ACP CAR HQRS","— / 9480801041",""
"Commissionerates","Bengaluru City","DCP, CAR South","22942492 / 22942370 / 9480801019","dcpcarsouthbcp@ksp.gov.in"
"Commissionerates","Bengaluru City","CAR South Control Room","22943333 / —",""
"Commissionerates","Bengaluru City","ACP CAR South-I","— / 9480801054",""
"Commissionerates","Bengaluru City","ACP CAR South-II","— / 9480801055",""
"Commissionerates","Bengaluru City","ACP CAR South-III","— / 9480801056",""
"Commissionerates","Bengaluru City","ACP CAR South-IV","— / 9480801053",""
"Commissionerates","Bengaluru City","Dog Squad","22943085 / —",""
"Commissionerates","Bengaluru City","DCP, CAR North","29736959 / 22942368 / 9480801018","dcpcarnorthbcp@ksp.gov.in"
"Commissionerates","Bengaluru City","CAR North Control Room","22943222 / 9480801046",""
"Commissionerates","Bengaluru City","ACP CAR North","— / 9480801047",""
"Commissionerates","Bengaluru City","ACP CAR North","— / 9480801048",""
"Commissionerates","Bengaluru City","DCP, CAR West","22942964 / 22942130 / 9480806022","dcpcarwestbcp@ksp.gov.in"
"Commissionerates","Bengaluru City","CAR West Control Room","22943441 / —","crcarwestbcp@ksp.gov.in"
"Commissionerates","Bengaluru City","ACP CAR West-1","— / 9480801911",""
"Commissionerates","Bengaluru City","ACP CAR West-2","— / 9480801111",""
"Commissionerates","Belagavi City","DIGP, Commissioner of Police, Belagavi City","2405279 / 2452126 / RES-2464264 / 9480800650","copbgc@ksp.gov.in"
"Commissionerates","Belagavi City","DCP L&O","2405246 / 9480800651","dcplobgc@ksp.gov.in"
"Commissionerates","Belagavi City","DCP Crime & Traffic","2405272 / 2405271 (TMC) / 9480800652","dcpcrmbgc@ksp.gov.in"
"Commissionerates","Belagavi City","DCP CAR","2405243 / 9480800653","dcpcarbgc@ksp.gov.in, carbgc@ksp.gov.in"
"Commissionerates","Belagavi City","City Control Room","2405233 / 2405278 / 9483931100","dcbgc@ksp.gov.in"
"Commissionerates","Belagavi City","PI Wireless","2452131 / 9108416236","dcbgc@ksp.gov.in"
"Commissionerates","Belagavi City","ACP Cyber Crime PS","2950320 / —","cenpsbgc@ksp.gov.in"
"Commissionerates","Belagavi City","PI Cyber Crime PS","2950320 / 9480804084","cenps@ksp.gov.in"
"Commissionerates","Belagavi City","ACP Crime","2471577 / —","acpcrimebgc@ksp.gov.in"
"Commissionerates","Belagavi City","DSP Market","2405221 / 9480804021","sdpomarketbgm@ksp.gov.in"
"Commissionerates","Belagavi City","PI Market PS","2405242 / 9480804045","marketbgm@ksp.gov.in"
"Commissionerates","Belagavi City","PSI Market PS","2405242 / 9480804089",""
"Commissionerates","Belagavi City","PI Shahapur PS","2405244 / 9480804046","shshapurbgm@ksp.gov.in"
"Commissionerates","Belagavi City","PSI Shahapur PS","2405244 / 9480804104",""
"Commissionerates","Belagavi City","PI APMC PS","2405250 / 9480804106","apmcbgm@ksp.gov.in"
"Commissionerates","Belagavi City","PSI APMC PS","2405250 / 9480804047",""
"Commissionerates","Belagavi City","PI Malamaruthi PS","2405251 / 9480804107","malmaruthibgm@ksp.gov.in"
"Commissionerates","Belagavi City","PSI Malamaruthi PS","2405251 / 9480804048",""
"Commissionerates","Belagavi City","ACP Khadebazar Sub-Division","2405219 / 9480804020","sdpokhadebazarbgm@ksp.gov.in"
"Commissionerates","Belagavi City","PI Khadebazar PS","2405232 / 9480804050","khadebazarbgm@ksp.gov.in"
"Commissionerates","Belagavi City","PSI Khadebazar PS","2405232 / 9480804108",""
"Commissionerates","Belagavi City","PI Camp PS","2405234 / 9480804051","campbgm@ksp.gov.in"
"Commissionerates","Belagavi City","PSI Camp PS","2405234 / 9480804110",""
"Commissionerates","Belagavi City","PI Tilakwadi PS","2405236 / 9480804052","tilakwadibgm@ksp.gov.in"
"Commissionerates","Belagavi City","PSI Tilakwadi PS","2405236 / 9480804112",""
"Commissionerates","Belagavi City","PI Udyambag PS","2405238 / 9480804053","udyambagbgm@ksp.gov.in"
"Commissionerates","Belagavi City","PSI Udyambag PS","2405238 / 9480804114",""
"Commissionerates","Belagavi City","PI Women PS","2405253 / 9480804049",""
"Commissionerates","Belagavi City","ACP Belagavi Rural","2405223 / 9480804022","sdporuralbgm@ksp.gov.in"
"Commissionerates","Belagavi City","PI Belagavi Rural PS","2405252 / 9480804031","ruralbgm@ksp.gov.in"
"Commissionerates","Belagavi City","PSI Belagavi Rural PS","2405252 / 9480804082",""
"Commissionerates","Belagavi City","PI Kakati PS","2405203 / 9480804115","kakatibgm@ksp.gov.in"
"Commissionerates","Belagavi City","PSI Kakati PS","2405203 / 9480804083",""
"Commissionerates","Belagavi City","PI Hirebagewadi PS","2405280 / 9480804032","bagewadibgm@ksp.gov.in"
"Commissionerates","Belagavi City","PI Marihal PS","2405239 / 9480804111","marihalbgm@ksp.gov.in"
"Commissionerates","Belagavi City","PSI Marihal PS","2405239 / 9480804085",""
"Commissionerates","Belagavi City","ACP Traffic","2452128 / 2405248 / 9480800654","acptrafficbgc@ksp.gov.in"
"Commissionerates","Belagavi City","PI Traffic North PS","2405240 / 9480804103","trafficnorthbgm@ksp.gov.in"
"Commissionerates","Belagavi City","PSI-1 Traffic North PS","2405240 / 9480804116",""
"Commissionerates","Belagavi City","PSI-2 Traffic North PS","— / 9480804054",""
"Commissionerates","Belagavi City","PI Traffic South PS","2405248 / 9480804117","trafficsouthbgm@ksp.gov.in"
"Commissionerates","Belagavi City","PSI Traffic South PS","2405248 / 9480804055",""
"Commissionerates","Belagavi City","AAO","2451148 / —",""
"Commissionerates","Belagavi City","PI CCRB","— / 9480804109","ccrbbgc@ksp.gov.in"
"Commissionerates","Belagavi City","PI CCB","2452133 / 9480804105","ccbbgc@ksp.gov.in"
"Commissionerates","Belagavi City","PI ISD","— / 9480800710","piisdbgm@ksp.gov.in"
"Commissionerates","Belagavi City","PI CSB","2405235 / 9480804113","csbbgc@ksp.gov.in"
"Commissionerates","Belagavi City","RPI CAR","2405243 / 9480804090","carbgc@ksp.gov.in"
"Commissionerates","Belagavi City","RPI MTO CAR","—","mtcarbgc@ksp.gov.in"
"Commissionerates","Belagavi City","PSI Railway","— / 9480802127","belgaumrly@ksp.gov.in"
"Commissionerates","Belagavi City","Central Jail","2405275 / 9480806473","cpbgm.prisons-kar@gov.in"
"Commissionerates","Belagavi City","DC","2407200 / —","deo.belagavi@gmail.com"
"Commissionerates","Belagavi City","AC","2407275 / —",""
"Commissionerates","Belagavi City","Regional Commissioner","2404007 / —","rcbgm_kar@nic.in"
"Commissionerates","Belagavi City","Tahsildar Belagavi","2407286 / —","thashildarbgm@gmail.com"
"Commissionerates","Belagavi City","Dy. Commissioner Labour","2428066 / —",""
"Commissionerates","Belagavi City","Dist. Inform Officer","2420344 / —",""
"Commissionerates","Belagavi City","D.C. State Excise","2471198 / —",""
"Commissionerates","Belagavi City","D.C. Backward & Minority","2407247 / —",""
"Commissionerates","Belagavi City","A.C. Belagavi","2407287 / —","acbelgaum@gmail.com"
"Commissionerates","Belagavi City","Fire Officer Belagavi","2429441 / —","dfobgv@gmail.com"
"Commissionerates","Belagavi City","CEO Z.P. Belagavi","2407201 / —",""
"Commissionerates","Belagavi City","Forest Officer Belagavi","2467071 / —",""
"Commissionerates","Belagavi City","Dist. Surgeon Hospital","2420173 / —",""
"Commissionerates","Belagavi City","RTO","2465503 / —",""
"Commissionerates","Belagavi City","D.C. KSRTC","2468130 / —",""
"Commissionerates","Belagavi City","Dy. Director BIMS","2421464 / —",""
"Commissionerates","Belagavi City","Police Housing Board","2475610 / —",""
"Commissionerates","Belagavi City","Circuit House","2420350 / —",""
"Commissionerates","Belagavi City","Commissioner Corporation","2405304 / —","itstop_ulb_belgaum@yahoo.com"
"Commissionerates","Belagavi City","Guest House","2420350 / —",""
"Commissionerates","Belagavi City","High Way Toll","— / 9885420786",""
"Commissionerates","Hubballi–Dharwad City","Commissioner of Police, Hubballi-Dharwad City","0836-2233500 / 2222620 / RES-2233400 / 2223000 / 9480802001","compolhdc@ksp.gov.in"
"Commissionerates","Hubballi–Dharwad City","DCP Law & Order","0836-2233501 / RES-2233401 / 9480802005","dcplohdc@ksp.gov.in"
"Commissionerates","Hubballi–Dharwad City","DCP CAR","2233503 / RES-2233403 / 9480802004","dcpcarhdc@ksp.gov.in"
"Commissionerates","Hubballi–Dharwad City","DCP Crime & Traffic","0836-2233502 / RES-2233402 / 9480802003","dcpcrimehdc@ksp.gov.in"
"Commissionerates","Hubballi–Dharwad City","ACP (W) Hubballi City","2233421 / 2233555 / 9480802016",""
"Commissionerates","Hubballi–Dharwad City","City Control Room Hubballi-Dharwad","2233555 / 2233521 / 2222603 / 9480802000","ccrhub@ksp.gov.in"
"Commissionerates","Hubballi–Dharwad City","PI Wireless","2233421 / 9480800928",""
"Commissionerates","Hubballi–Dharwad City","ACP South Hubballi","2233507 / 9480802011","acpsouthhdc@ksp.gov.in"
"Commissionerates","Hubballi–Dharwad City","PI Town Hubballi PS","2233540 / 9480802021","townhdc@ksp.gov.in"
"Commissionerates","Hubballi–Dharwad City","PI Ghantikeri PS","2233527 / 9480802022","ghantikerihdc@ksp.gov.in"
"Commissionerates","Hubballi–Dharwad City","PI Kasabapeth PS","2233536 / 9480802023","kasabapethhdc@ksp.gov.in"
"Commissionerates","Hubballi–Dharwad City","PI Old Hubballi PS","2233541 / 9480802024","oldhublihdc@ksp.gov.in"
"Commissionerates","Hubballi–Dharwad City","PI Bendigeri PS","2233526 / 9480802025","bendigerihdc@ksp.gov.in"
"Commissionerates","Hubballi–Dharwad City","ACP North Hubballi","2233505 / 9480802012","acpnorthhdc@ksp.gov.in"
"Commissionerates","Hubballi–Dharwad City","PI Keshwapur PS","2233518 / 9480802026","keshwapurhdc@ksp.gov.in"
"Commissionerates","Hubballi–Dharwad City","PI Vidya Nagar PS","2233516 / 9480802027","vidyanagarhdc@ksp.gov.in"
"Commissionerates","Hubballi–Dharwad City","PI Kamaripeth PS","2233519 / 9480802028","kamaripethhdc@ksp.gov.in"
"Commissionerates","Hubballi–Dharwad City","PI Sub-Urban PS","2233517 / 9480802030","suburbanhdc@ksp.gov.in"
"Commissionerates","Hubballi–Dharwad City","PI Women PS","2233514 / 9480802031","womenhdc@ksp.gov.in"
"Commissionerates","Hubballi–Dharwad City","PI Ashok Nagar PS","2233490 / 9480802038","ashoknagarhdc@ksp.gov.in"
"Commissionerates","Hubballi–Dharwad City","PI APMC Navanagar PS","2233492 / 9480802039","apmcnavanagarhdc@ksp.gov.in"
"Commissionerates","Hubballi–Dharwad City","PI Gokul Road PS","2233252 / 9480802047","gokulroadhdc@ksp.gov.in"
"Commissionerates","Hubballi–Dharwad City","ACP Cyber Crime PS","2233567 / —",""
"Commissionerates","Hubballi–Dharwad City","Cyber Crime PS","2233567 / 9480802042","cenhdc@ksp.gov.in, cybercrimehdc@ksp.gov.in"
"Commissionerates","Hubballi–Dharwad City","ACP Dharwad","2233506 / 9480802014","acpdwdhdc@ksp.gov.in"
"Commissionerates","Hubballi–Dharwad City","PI Dharwad Town PS","2233512 / 9480802032","dwdtownhdc@ksp.gov.in"
"Commissionerates","Hubballi–Dharwad City","PI Sub-Urban PS","2233511 / 9480802033","dwdsurhdc@ksp.gov.in"
"Commissionerates","Hubballi–Dharwad City","PI Vidyagiri PS","2233513 / 9480802034","vidyagirihdc@ksp.gov.in"
"Commissionerates","Hubballi–Dharwad City","ACP Traffic","2233504 / 9480802013","acptraffichdc@ksp.gov.in"
"Commissionerates","Hubballi–Dharwad City","PI Traffic North PS","2233515 / 9480802035","northtraffichdc@ksp.gov.in"
"Commissionerates","Hubballi–Dharwad City","PI Traffic South PS","2233538 / 9480802036","southtraffichdc@ksp.gov.in"
"Commissionerates","Hubballi–Dharwad City","PI Traffic East PS","2233543 / 9480802040","easttraffichdc@ksp.gov.in"
"Commissionerates","Hubballi–Dharwad City","PI Traffic Dharwad PS","2233542 / 9480802037","dwdtraffichdc@ksp.gov.in"
"Commissionerates","Hubballi–Dharwad City","RPI CAR","2233523 / 2233522 / 9480802044","carhdc@ksp.gov.in"
"Commissionerates","Hubballi–Dharwad City","RPI MTO CAR","2233524 / 9480802045","mtcarhdc@ksp.gov.in"
"Commissionerates","Hubballi–Dharwad City","AAO","2233528 / 9480802046",""
"Commissionerates","Hubballi–Dharwad City","ACP FPB","2233539 / 9480800484","fpuhdc@ksp.gov.in"
"Commissionerates","Hubballi–Dharwad City","DSP Railway","2233510 / 9480800462",""
"Commissionerates","Hubballi–Dharwad City","DSP INT","2371302 / 9449878526","dspint@ksp.gov.in"
"Commissionerates","Hubballi–Dharwad City","DSP","— / 9480800624",""
"Commissionerates","Hubballi–Dharwad City","DSP CCRB","— / 9480802015",""
"Commissionerates","Hubballi–Dharwad City","PI ISD","2774934 / 9480800696",""
"Commissionerates","Hubballi–Dharwad City","PI CCB-I","2233535 / —",""
"Commissionerates","Hubballi–Dharwad City","PI CSB","2233533 / 9480802041","csbhdc@ksp.gov.in"
"Commissionerates","Hubballi–Dharwad City","RPI CAR","2233523 / 9480802044",""
"Commissionerates","Hubballi–Dharwad City","RPI MTO CAR","2233524 / 9480802045",""
"Commissionerates","Hubballi–Dharwad City","PI Railway","2233597 / 9480800468",""
"Commissionerates","Hubballi–Dharwad City","PI ISD","2774933 / 9480800696",""
"Commissionerates","Hubballi–Dharwad City","Central Jail","2447428 / —",""
"Commissionerates","Hubballi–Dharwad City","Training School","2233249 / —",""
"Commissionerates","Hubballi–Dharwad City","Technical Cell","2233485 / —",""
"Commissionerates","Hubballi–Dharwad City","WhatsApp Number","— / 9480802002",""
"Commissionerates","Hubballi–Dharwad City","CMDT. Home Guard","2442496 / —",""
"Commissionerates","Hubballi–Dharwad City","DC Dharwad","2233888 / 2233840 / —",""
"Commissionerates","Hubballi–Dharwad City","AC Dharwad","2233860 / —",""
"Commissionerates","Hubballi–Dharwad City","CEO ZP Dharwad","2447542 / 2742221 / —",""
"Commissionerates","Hubballi–Dharwad City","MD HESCOM Hubballi","2322771 / —",""
"Commissionerates","Hubballi–Dharwad City","OP Dharwad","2233553 / —",""
"Commissionerates","Hubballi–Dharwad City","SP Excise","2322066 / —",""
"Commissionerates","Hubballi–Dharwad City","Womens Helpline","2233478 / —",""
"Commissionerates","Hubballi–Dharwad City","Railway Station Hubli-Dharwad","2345354 / 2326859 / —",""
"Commissionerates","Hubballi–Dharwad City","Airport Counter","2237921 / —",""
"Commissionerates","Hubballi–Dharwad City","Snake Catcher","— / 9448565136",""
"Commissionerates","Hubballi–Dharwad City","Fire Officer","2794101 / —",""
"Commissionerates","Hubballi–Dharwad City","Corporation Control Room","2213888 / 2213898 / —",""
"Commissionerates","Hubballi–Dharwad City","High Court Dharwad","2486281 / —",""
"Commissionerates","Hubballi–Dharwad City","KIMS OP Hubballi","2373641 / 2485265 / —",""
"Commissionerates","Hubballi–Dharwad City","Passport Cell COP Office","2233460 / —","passportcellhdc@ksp.gov.in"
"Commissionerates","Mangaluru City","Commissioner of Police, Mangaluru City","2220801 / 2220800 / RES-2220802 / 9480802301","compolmgc@ksp.gov.in"
"Commissionerates","Mangaluru City","DCP Law & Order","2220803 / RES-2220804 / 9480802304","dcplomgc@ksp.gov.in"
"Commissionerates","Mangaluru City","DCP Crime & Traffic","2220805 / 9480802305","dcpcrimemgc@ksp.gov.in"
"Commissionerates","Mangaluru City","DCP CAR","2220811 / 9480802306","dcpcarmgc@ksp.gov.in"
"Commissionerates","Mangaluru City","PI (W)","2220825 / 9480800929",""
"Commissionerates","Mangaluru City","City Control Room Mangaluru","2220800 / 2220822 / 9480802321 / 9480802300","ccrmgc@ksp.gov.in"
"Commissionerates","Mangaluru City","DSP Cyber Crime PS","2220844 / —",""
"Commissionerates","Mangaluru City","Cyber Crime PS","2220844 / 2220594 / 9480802341 / 9480802340","cenmgc@ksp.gov.in"
"Commissionerates","Mangaluru City","ACP City","2220514 / 9480805320","sdpocitymgc@ksp.gov.in"
"Commissionerates","Mangaluru City","PI North PS","2220516 / 9480805338",""
"Commissionerates","Mangaluru City","PSI-1 North PS","2220516 / 9480805345","mangalorenorthmgc@ksp.gov.in"
"Commissionerates","Mangaluru City","PSI-2 North PS","2220516 / 9480802338",""
"Commissionerates","Mangaluru City","PI East PS (Kadri)","2220520 / 9480805347",""
"Commissionerates","Mangaluru City","PSI-1 East PS","2220520 / 9480802336","mangaloreeastmgc@ksp.gov.in"
"Commissionerates","Mangaluru City","PSI-2 East PS","2220520 / 9480802337",""
"Commissionerates","Mangaluru City","PI Urva PS","2220521 / 9480802323","urwamgc@ksp.gov.in"
"Commissionerates","Mangaluru City","PSI-1 Urva PS","2220521 / 9480805349",""
"Commissionerates","Mangaluru City","PSI-2 Urva PS","2220521 / —",""
"Commissionerates","Mangaluru City","PI Barke PS","2220522 / 9480805350","barkemgc@ksp.gov.in"
"Commissionerates","Mangaluru City","PSI-1 Barke PS","2220522 / 9480802340",""
"Commissionerates","Mangaluru City","PSI-2 Barke PS","2220522 / —",""
"Commissionerates","Mangaluru City","PI Women PS","2220525 / 9480805348","womenmgc@ksp.gov.in"
"Commissionerates","Mangaluru City","PSI Women PS","2220525 / 9480802352",""
"Commissionerates","Mangaluru City","ACP South","2460814 / 9480802310","sdposouthmgc@ksp.gov.in"
"Commissionerates","Mangaluru City","PI Rural PS","2220535 / 9480805330","mangaloreruralmgc@ksp.gov.in"
"Commissionerates","Mangaluru City","PSI-1 Rural PS","— / 9480802343",""
"Commissionerates","Mangaluru City","PSI-2 Rural PS","— / 9480805352",""
"Commissionerates","Mangaluru City","PSI-3 Rural PS","—",""
"Commissionerates","Mangaluru City","PI Ullal PS","2466269 / 9480802315","ullalmgc@ksp.gov.in"
"Commissionerates","Mangaluru City","PSI-1 Ullal PS","— / 9480805353",""
"Commissionerates","Mangaluru City","PSI-2 Ullal PS","— / 9480802342",""
"Commissionerates","Mangaluru City","PI Konaje PS","2220536 / 9480802350","konajemgc@ksp.gov.in"
"Commissionerates","Mangaluru City","PSI-1 Konaje PS","— / 9480802351",""
"Commissionerates","Mangaluru City","PI Kankanady PS","2220529 / 9480805354","kankanadymgc@ksp.gov.in"
"Commissionerates","Mangaluru City","PSI-1 Kankanady PS","2220529 / 9480802348",""
"Commissionerates","Mangaluru City","PI South PS","2220518 / 9480805339","mangaloresouthmgc@ksp.gov.in"
"Commissionerates","Mangaluru City","PSI-1 South PS","2220518 / 9480805346",""
"Commissionerates","Mangaluru City","PSI-2 South PS","2220518 / 9480802339",""
"Commissionerates","Mangaluru City","ACP Traffic","2220823 / 9480802312","sdpotrafficmgc@ksp.gov.in"
"Commissionerates","Mangaluru City","PI Traffic East PS","2220523 / 9480805337",""
"Commissionerates","Mangaluru City","PSI Traffic East PS","—","trafficeastmgc@ksp.gov.in"
"Commissionerates","Mangaluru City","PI Traffic West PS","2220524 / 9480802325","trafficwestmgc@ksp.gov.in"
"Commissionerates","Mangaluru City","PSI Traffic West PS","2220524 / 9480805351",""
"Commissionerates","Mangaluru City","PI Traffic North PS","2220833 / 9480802349","trafficnorthmgc@ksp.gov.in"
"Commissionerates","Mangaluru City","PI Traffic South PS","2220850 / 9480805371","trafficsouthmgc@ksp.gov.in"
"Commissionerates","Mangaluru City","ACP North","2220526 / 9480805322","sdponorthmgc@ksp.gov.in"
"Commissionerates","Mangaluru City","PI Panambur PS","2220530 / 9480805331","panamburmgc@ksp.gov.in"
"Commissionerates","Mangaluru City","PSI-1 Panambur PS","— / 9480805355",""
"Commissionerates","Mangaluru City","PI Bajpe PS","2220531 / 9480802313","bajpemgc@ksp.gov.in"
"Commissionerates","Mangaluru City","PSI-1 Bajpe PS","— / 9480805356",""
"Commissionerates","Mangaluru City","PI Kavanoor PS","2220533 / 9480802346","kavoormgc@ksp.gov.in"
"Commissionerates","Mangaluru City","PSI-1 Kavanoor PS","— / 9480805358",""
"Commissionerates","Mangaluru City","PI Mulki PS","2290533 / 9480805332","mulkimgc@ksp.gov.in"
"Commissionerates","Mangaluru City","PSI Mulki PS","— / 9480805359",""
"Commissionerates","Mangaluru City","PI Moodabidri PS","08258-236333 / 9480802314","moodbidremgc@ksp.gov.in"
"Commissionerates","Mangaluru City","PSI-1 Moodabidri PS","— / 9480805357",""
"Commissionerates","Mangaluru City","PI Surathkal PS","— / 9480805360","surathkalmgc@ksp.gov.in"
"Commissionerates","Mangaluru City","PSI-1 Surathkal PS","— / 9480802345",""
"Commissionerates","Mangaluru City","PSI-2 Surathkal PS","— / 9480802344",""
"Commissionerates","Mangaluru City","AAO","2220810 / —",""
"Commissionerates","Mangaluru City","ACP CCB","2220818 / 9480802347","ccbmgc@ksp.gov.in"
"Commissionerates","Mangaluru City","ACP CCRB","2220809 / 9480802311","acpccrbmgc@ksp.gov.in"
"Commissionerates","Mangaluru City","ACP CAR","2220813 / 9480802316",""
"Commissionerates","Mangaluru City","DSP ISD","— / 9480800625",""
"Commissionerates","Mangaluru City","PI ISD","— / 9480800693",""
"Commissionerates","Mangaluru City","RPI CAR","2220826 / 9480802324",""
"Commissionerates","Mangaluru City","PI CSB","2220807 / 9480802329","csbmgc@ksp.gov.in"
"Commissionerates","Mangaluru City","PI CCB","2220818 / 9480802322","ccbmgc@ksp.gov.in"
"Commissionerates","Mangaluru City","PSI CCB","2220818 / 9480802326",""
"Commissionerates","Mangaluru City","PSI CCB","2220818 / 9480805340",""
"Commissionerates","Mangaluru City","PI Immigration Airport","2220534 / —",""
"Commissionerates","Mangaluru City","PI CSP Mangaluru","2451303 / 9480800574",""
"Commissionerates","Mangaluru City","FSL Mangaluru","2220564 / —",""
"Commissionerates","Mangaluru City","INT Mangaluru","— / 9449878691",""
"Commissionerates","Mangaluru City","DySP FPB Mangaluru","2220508 / 9480800486",""
"Commissionerates","Mangaluru City","ISD Mangaluru","2559600 / 9480800625",""
"Commissionerates","Mangaluru City","WhatsApp No. Control Room","— / 9480802300",""
"Commissionerates","Mangaluru City","Home Guard Office Marry Hill","2220562 / —",""
"Commissionerates","Mangaluru City","DC","2220588 / —",""
"Commissionerates","Mangaluru City","CEO ZP","2220587 / —",""
"Commissionerates","Mangaluru City","MESCOM","2446732 / 2451193 / —",""
"Commissionerates","Mangaluru City","Fire Officer","2423333 / —",""
"Commissionerates","Mangaluru City","KSRTC Depot","2211243 / 7760990720",""
"Commissionerates","Mangaluru City","Railway Station","2423137 / —",""
"Commissionerates","Mangaluru City","Airport Bajpe","2220400 / —",""
"Commissionerates","Mangaluru City","DHO","2423672 / —",""
"Commissionerates","Mangaluru City","Disaster Control Room","0824-2442590 / —",""
"Commissionerates","Mangaluru City","Court","2444055 / —",""
"Commissionerates","Mangaluru City","Forest Officer","2425167 / —",""
"Commissionerates","Mangaluru City","Blood Bank","2427227 / —",""
"Commissionerates","Mysuru City","Commissioner of Police, Mysuru City","2418300 / 2418100 / 2418500 / RES-2418200 / 9480802201","compolmyc@ksp.gov.in"
"Commissionerates","Mysuru City","DCP Law & Order","2418101 / 2418301 / RES-2418201 / 9480802205","dcplawmyc@ksp.gov.in"
"Commissionerates","Mysuru City","DCP Crime and Traffic","2418102 / 2418302 / 2418502 / RES-2418402 / 9480802203","dcpcrimemyc@ksp.gov.in"
"Commissionerates","Mysuru City","DCP CAR","2418103 / 2418303 / 9480802204","dcpcarmyc@ksp.gov.in"
"Commissionerates","Mysuru City","KARP, COMMDT. MTD. COY Mysuru","2418154 / 2418554 / 9480802206","acpmountedmyp@ksp.gov.in, mountedmtd@gmail.com"
"Commissionerates","Mysuru City","ACP (W) City Control Room","2418542 / 9480802223",""
"Commissionerates","Mysuru City","City Control Room Mysuru","2418339 / 2452200 / 2418139 / 2418541 / 2418340 / 9480802200 / 8277947733","ccrmys@ksp.gov.in"
"Commissionerates","Mysuru City","PI (W)-I","2418338 / 9480800927",""
"Commissionerates","Mysuru City","PI (W)-II","2418542 / —",""
"Commissionerates","Mysuru City","DSP Cyber Crime PS","— / 9480802251",""
"Commissionerates","Mysuru City","PI Cyber Crime PS","2418598 / 2418532 / 9480802263 / 9480802252","citycrimemyc@ksp.gov.in, econarmyc@ksp.gov.in"
"Commissionerates","Mysuru City","ACP Narasimha Raja","2418511 / 9480802212","acpnrmyc@ksp.gov.in"
"Commissionerates","Mysuru City","PI Narasimha Raja PS","2418312 / 9480802236","narasimharajamyc@ksp.gov.in"
"Commissionerates","Mysuru City","PI Mandi PS","2418113 / 2418313 / 2418513 / 9480802237","mandimyc@ksp.gov.in"
"Commissionerates","Mysuru City","PI V.V. Puram PS","2418314 / 9480802238","vvpurammyc@ksp.gov.in"
"Commissionerates","Mysuru City","PI Jayalakshmipuram PS","2418316 / 9480802240","jailaxmipurammyc@ksp.gov.in"
"Commissionerates","Mysuru City","ACP Vijayanagara","2418511 / 9480802261",""
"Commissionerates","Mysuru City","PI Vijayanagara PS","2418317 / 2418517 / 9480802241","vijayanagarmyc@ksp.gov.in"
"Commissionerates","Mysuru City","PI Metagally PS","2418315 / 9480802239","metagallymyc@ksp.gov.in"
"Commissionerates","Mysuru City","PI Hebbala PS","2418318 / 9480802260","hebbalmyc@ksp.gov.in"
"Commissionerates","Mysuru City","PI S.S. Puram PS","2418323 / 2418523 / 9480802246","saraswathipurammyc@ksp.gov.in"
"Commissionerates","Mysuru City","ACP Devaraja","— / 9480802211","acpdevrajamyc@ksp.gov.in"
"Commissionerates","Mysuru City","PI Devaraja PS","2418106 / 2418306 / 9480802231","devarajamyc@ksp.gov.in"
"Commissionerates","Mysuru City","PI Lashkar PS","2418107 / 2418307 / 9480802232","lashkarmyc@ksp.gov.in"
"Commissionerates","Mysuru City","PI Nazarbad PS","2418308 / 9480802233","nazarbadmyc@ksp.gov.in"
"Commissionerates","Mysuru City","PI Udayagiri PS","2418309 / 9480802234","udayagirimyc@ksp.gov.in"
"Commissionerates","Mysuru City","PI Allanahalli PS","2418311 / 9480802257","alanahallimyc@ksp.gov.in"
"Commissionerates","Mysuru City","PI Cyber Crime PS","2418598 / 9480802263","cybermyc@ksp.gov.in"
"Commissionerates","Mysuru City","PI Women PS","2418310 / 9480802235","womenmyc@ksp.gov.in"
"Commissionerates","Mysuru City","ACP Traffic","2418125 / 9480802214","acptrafficmyc@ksp.gov.in"
"Commissionerates","Mysuru City","PI N.R. Traffic PS","2418328 / 9480802250","nrtrafficmyc@ksp.gov.in"
"Commissionerates","Mysuru City","PI V.V. Puram Traffic PS","2418529 / 9480802262","vvpuramtrafficmyc@ksp.gov.in"
"Commissionerates","Mysuru City","PI Devaraja Traffic PS","2418326 / 9480802248","devarajatrafficmyc@ksp.gov.in"
"Commissionerates","Mysuru City","PI Siddarthanagar Traffic PS","2418527 / 9480802265","siddarthatrafficmyc@ksp.gov.in"
"Commissionerates","Mysuru City","PI K.R. Traffic PS","2418130 / 2418330 / 9480802249",""
"Commissionerates","Mysuru City","AAO","2418304 / —",""
"Commissionerates","Mysuru City","ACP CCB","2418332 / 9480802207",""
"Commissionerates","Mysuru City","PI CCB-1","2418334 / 9480802266","ccbmyc@ksp.gov.in"
"Commissionerates","Mysuru City","PI CCB-2","2418334 / 9480802264",""
"Commissionerates","Mysuru City","PI ISD","— / 9480800691",""
"Commissionerates","Mysuru City","PI CCRB","2418335 / 9480802253","ccrbmyc@ksp.gov.in"
"Commissionerates","Mysuru City","ACP FPB","2418336 / 9480800487",""
"Commissionerates","Mysuru City","PI CSB","2418137 / 2418537 / 9480802254","piscbmyc@ksp.gov.in"
"Commissionerates","Mysuru City","DSP Airport PS","— / 9480800772","airportsecuritymyc@ksp.gov.in"
"Commissionerates","Mysuru City","RSI ASC Team","2418537 / —",""
"Commissionerates","Mysuru City","Dog Squad","2418563 / —",""
"Commissionerates","Mysuru City","CMDT. Home Guard","2449485 / —",""
"Commissionerates","Mysuru City","Cyber Crime PS","2418598 / 9480802263","cybermyc@ksp.gov.in"
"Commissionerates","Mysuru City","ACP CAR-1","— / 9480802208",""
"Commissionerates","Mysuru City","ACP CAR-2","2418345 / 9480802209",""
"Commissionerates","Mysuru City","ACP CAR-3","2418346 / 9480802210",""
"Commissionerates","Mysuru City","ACP Palace","2418152 / 2418552 / 9480802215",""
"Commissionerates","Mysuru City","RPI-1","2418551 / 9480802256",""
"Commissionerates","Mysuru City","RPI-2","2418551 / 9480802257",""
"Commissionerates","Mysuru City","RPI-3","2418551 / 9480802258",""
"Commissionerates","Mysuru City","RPI MTO","2418348 / 9480802255","carmtmyc@ksp.gov.in"
"Commissionerates","Mysuru City","RPI Palace-1","2418552 / 9480802259",""
"Commissionerates","Mysuru City","ACP Mounted Company","2418556 / —","acpmountedmyc@ksp.gov.in"
"Commissionerates","Mysuru City","RPI Mounted Company","2418556 / —",""
"Commissionerates","Mysuru City","RPI Band Office","2418741 / —",""
"Commissionerates","Mysuru City","DC","2422302 / —",""
"Commissionerates","Mysuru City","AC","2422110 / —",""
"Commissionerates","Mysuru City","Administrative Trg. Institute","2443264 / —",""
"Commissionerates","Mysuru City","DHO","2529205 / —",""
"Commissionerates","Mysuru City","ZP CEO","2330316 / —",""
"Commissionerates","Mysuru City","DFO","2483853 / —",""
"Commissionerates","Mysuru City","RFSL","2522250 / —",""
"Commissionerates","Mysuru City","IB Guest House","2542217 / —",""
"Commissionerates","Mysuru City","Fire Officer","2540116 / —",""
"Commissionerates","Mysuru City","Training Institute","2520906 / —",""
"Commissionerates","Mysuru City","RTO","2330364 / —",""
"Commissionerates","Mysuru City","Police Complaint Authority","2418340 / —",""
"Commissionerates","Mysuru City","Bapuji Oldage Home","2517705 / 2510738 / —",""
"Commissionerates","Kalaburagi City","Commissioner of Police, Kalaburagi City","248500 / 9480805501","copkbc@ksp.gov.in"
"Commissionerates","Kalaburagi City","DCP Law & Order","248111 / 9480805502","dcplokbc@ksp.gov.in"
"Commissionerates","Kalaburagi City","DCP Crime & Traffic","228298 / 9480805503","dcpctkbc@ksp.gov.in"
"Commissionerates","Kalaburagi City","PI (W) City Control Room","— / 9480805533","citycontrol0053@gmail.com"
"Commissionerates","Kalaburagi City","City Control Room Kalaburagi City","228112 / 228113 / 228114 / 9480805500","citycontrolkbc@ksp.gov.in"
"Commissionerates","Kalaburagi City","AAO","258112 / 9480805540","aaokbc@ksp.gov.in"
"Commissionerates","Kalaburagi City","ACP CEN","248221 / 9480805532",""
"Commissionerates","Kalaburagi City","PI Cyber Crime PS","248221 / 9449077100","cenkbc@ksp.gov.in"
"Commissionerates","Kalaburagi City","ASP South Sub-Division","263615 / 9480805511","acpakbc@ksp.gov.in"
"Commissionerates","Kalaburagi City","PI Station Bazar PS","263616 / 9480805521","stationbazarkbc@ksp.gov.in"
"Commissionerates","Kalaburagi City","PI Ashok Nagar PS","263617 / 9480805520","ashoknagarkbc@ksp.gov.in"
"Commissionerates","Kalaburagi City","PI Brahmpur PS","263618 / 9480805522","brahmpurkbc@ksp.gov.in"
"Commissionerates","Kalaburagi City","PI R.G. Nagar PS","263619 / 9480805523","rgnagarkcp@ksp.gov.in"
"Commissionerates","Kalaburagi City","ACP North Sub-Division","263621 / 9480805512","acpbkbc@ksp.gov.in"
"Commissionerates","Kalaburagi City","PI Chowk PS","263622 / 9480805524","chowkkbc@ksp.gov.in"
"Commissionerates","Kalaburagi City","PI Roza PS","263623 / 9480805525","rozakbc@ksp.gov.in"
"Commissionerates","Kalaburagi City","PI M B Nagar PS","263628 / 9480805526","mbnagarkcp@ksp.gov.in"
"Commissionerates","Kalaburagi City","PI Women PS","227550 / 8277972446","womenkbc@ksp.gov.in"
"Commissionerates","Kalaburagi City","ACP Sub-Urban Sub-Division","263627 / 9480805513","acpckbc@ksp.gov.in"
"Commissionerates","Kalaburagi City","PI Sub Urban PS","263631 / 9480805528","graminkcp@ksp.gov.in"
"Commissionerates","Kalaburagi City","PI University PS","263629 / 9480805527","universitykcp@ksp.gov.in"
"Commissionerates","Kalaburagi City","PI Fartabad PS","213033 / 9480805529","farthabadkbc@ksp.gov.in"
"Commissionerates","Kalaburagi City","ACP Traffic Sub-Division","248080 / 9480805514","acptraffickbc@ksp.gov.in"
"Commissionerates","Kalaburagi City","PI Traffic-1 PS","263625 / 9480805530","addltraffc-1kcp@ksp.gov.in"
"Commissionerates","Kalaburagi City","PI Traffic-2 PS","263624 / 9480805531","traffic-2kcp@ksp.gov.in"
"Commissionerates","Kalaburagi City","ACP CAR","295052 / —","carkbc@ksp.gov.in"
"Commissionerates","Kalaburagi City","ACP CAR -2","— / 9480805542",""
"Commissionerates","Kalaburagi City","ACP CCRB","258112 / —","ccrbkbc@ksp.gov.in"
"Commissionerates","Kalaburagi City","PI CCRB","— / 9480805534",""
"Commissionerates","Kalaburagi City","ACP CSB","—","csbkbc@ksp.gov.in"
"Commissionerates","Kalaburagi City","PI CSB","— / 9480805543",""
"Commissionerates","Kalaburagi City","PI CCB","— / 9480805536","ccbkbc@ksp.gov.in"
"Commissionerates","Kalaburagi City","PI FPB","—","fpukbc@ksp.gov.in"
"Commissionerates","Kalaburagi City","Social Media","— / 9480805535","smcellkbc@ksp.gov.in"
"Ranges","Central Range – Bengaluru","IGP Central Range","22264412 / 22942210 / 9480800027","igpcr@ksp.gov.in"
"Ranges","Central Range – Bengaluru","AAO, IGP Office","22943053 / —",""
"Ranges","Central Range – Bengaluru","DSP DE, IGP Office","22942630 / 9480802418",""
"Ranges","Central Range – Bengaluru","DSP FPB, IGP Office","22942619 / 22208393 / 9480800481",""
"Ranges","Central Range – Bengaluru","Central Range Control Room","22942250 / —","crigcontrol@ksp.gov.in"
"Ranges","Central Range – Bengaluru","SP, Bengaluru","22264350 / 22943073 / 9480802401","spbng@ksp.gov.in"
"Ranges","Central Range – Bengaluru","Addl. SP-1, Bengaluru","22260603 / 22942404 / 9480802402","addlspbng@ksp.gov.in"
"Ranges","Central Range – Bengaluru","Addl. SP-2, Bengaluru","22942632 / 9480802409","Addlspbng2@ksp.gov.in"
"Ranges","Central Range – Bengaluru","District Control Room","22256767 / 22942700 / 9480802400","dcblore@ksp.gov.in"
"Ranges","Central Range – Bengaluru","PI (Wireless) Control Room","22942643 / 9480800930",""
"Ranges","Central Range – Bengaluru","DSP Cyber Crime PS","22267868 / 9480802408",""
"Ranges","Central Range – Bengaluru","Cyber Crime PS","22267868 / —","cenpsbng@ksp.gov.in"
"Ranges","Central Range – Bengaluru","DSP, Hosakote Sub-Division","27932111 / 8277960586","hosakotesdpobng@ksp.gov.in"
"Ranges","Central Range – Bengaluru","PI Hosakote PS","27931570 / 9480802432","hosakotebng@ksp.gov.in"
"Ranges","Central Range – Bengaluru","PI Nandagudi PS","27961250 / 9480802433","nandagudibng@ksp.gov.in"
"Ranges","Central Range – Bengaluru","PI Sulibele PS","27952415 / 9480802446","sulibelebng@ksp.gov.in"
"Ranges","Central Range – Bengaluru","PI Tirumashettihalli PS","28549100 / 9480802434","tshallibng@ksp.gov.in"
"Ranges","Central Range – Bengaluru","PI Anugondanahalli PS","27945777 / 9480802464","anugondanhallibng@ksp.gov.in"
"Ranges","Central Range – Bengaluru","PI Hosakote Traffic PS","27931199 / 9480802445","hosakotetrfbng@ksp.gov.in"
"Ranges","Central Range – Bengaluru","DSP, Anekal Sub-Division","22942612 / 9480802420","anekalsdpobng@ksp.gov.in"
"Ranges","Central Range – Bengaluru","PI Anekal PS","27859235 / 9480802435","anekalbng@ksp.gov.in"
"Ranges","Central Range – Bengaluru","PI Bannerghatta PS","27828595 / 9480802449","bannerghattabng@ksp.gov.in"
"Ranges","Central Range – Bengaluru","PI Suryanagar PS","29765300 / 8277960614","suryanagarabng@ksp.gov.in"
"Ranges","Central Range – Bengaluru","PI Attibele PS","27821360 / 9480802436","attibelebng@ksp.gov.in"
"Ranges","Central Range – Bengaluru","PI Sarjapura PS","27823032 / 9480802452","sarjapurabng@ksp.gov.in"
"Ranges","Central Range – Bengaluru","PI Jigani PS","27825108 / 9480802476","jiganibng@ksp.gov.in"
"Ranges","Central Range – Bengaluru","DSP Doddaballapura Sub-Division","27622052 / 9480802421","sdpodbpurabng@ksp.gov.in"
"Ranges","Central Range – Bengaluru","PI Doddaballapura Town PS","27625601 / 9480802454","dbpuratownbng@ksp.gov.in"
"Ranges","Central Range – Bengaluru","PI Women PS","25344432 / 8277960670","womenpsbng@ksp.gov.in"
"Ranges","Central Range – Bengaluru","PI Dodda Belavangala PS","27655241 / 9480802455","dbvangalabng@ksp.gov.in"
"Ranges","Central Range – Bengaluru","PI Hosahalli PS","27656008 / 9480802456","hosahallybng@ksp.gov.in"
"Ranges","Central Range – Bengaluru","PI Doddaballapur (R) PS","27622025 / 9480802453","bdpuraruralbng@ksp.gov.in"
"Ranges","Central Range – Bengaluru","PI Vijayapura PS","27668444 / 9480802458","vijayapurabng@ksp.gov.in"
"Ranges","Central Range – Bengaluru","PI Channarayapatna PS","29562444 / 9480802459","crpatnabng@ksp.gov.in"
"Ranges","Central Range – Bengaluru","PI Vishwanathapura PS","2522244 / 9480802460","vnpurabng@ksp.gov.in"
"Ranges","Central Range – Bengaluru","DSP Nelamangala","27722688 / 9480802422","sdponmlbng@ksp.gov.in"
"Ranges","Central Range – Bengaluru","PI Nelamangala (R) PS","27728223 / 9480802430","nmlruralbng@ksp.gov.in"
"Ranges","Central Range – Bengaluru","PI Dobbespet PS","27734231 / 9480802462","dobbaspethbng@ksp.gov.in"
"Ranges","Central Range – Bengaluru","PI Thyamagondlu PS","27732033 / 9480802463","tgondalubng@ksp.gov.in"
"Ranges","Central Range – Bengaluru","PI Nelamangala (T) PS","27722133 / 9480802461","nmltownbng@ksp.gov.in"
"Ranges","Central Range – Bengaluru","PI Nelamangala Traffic PS","27722134 / 9480802474","nmltrafficbng@ksp.gov.in"
"Ranges","Central Range – Bengaluru","AAO","22256111 / 8277960645","aaobng@ksp.gov.in"
"Ranges","Central Range – Bengaluru","DSP DAR","22942198 / 9480802406","darbng@ksp.gov.in"
"Ranges","Central Range – Bengaluru","DSP DCRB","—","dcrbbng@ksp.gov.in"
"Ranges","Central Range – Bengaluru","PI DSB","22352466 / 9480802407","dsbbng@ksp.gov.in"
"Ranges","Central Range – Bengaluru","PI FPB","22942498 / 9480802410","fpbbng@ksp.gov.in"
"Ranges","Central Range – Bengaluru","Dog Squad","22942198 / —",""
"Ranges","Central Range – Bengaluru","Computer Section","22942875 / —","ccbng@ksp.gov.in"
"Ranges","Central Range – Bengaluru","RPI DAR","22942198 / 9480802438","darbng@ksp.gov.in"
"Ranges","Central Range – Bengaluru","DC","29781022 / 9483546898",""
"Ranges","Central Range – Bengaluru","PWD","22872801 / —",""
"Ranges","Central Range – Bengaluru","Public Prosecutor","22262371 / —",""
"Ranges","Central Range – Bengaluru","Blood Bank","28060200 / —",""
"Ranges","Central Range – Bengaluru","KSRTC","— / 7760990864",""
"Ranges","Central Range – Bengaluru","Highway Toll","27722134 / —",""
"Ranges","Central Range – Bengaluru","SP, Chikkaballapura","277210 / 9480802501","spcbpura@ksp.gov.in"
"Ranges","Central Range – Bengaluru","Addl. SP, Chikkaballapura","277218 / 9480802502","addlspcbpura@ksp.gov.in"
"Ranges","Central Range – Bengaluru","District Control Room","277211 / 277213 / 277212 / 9480802500","dccbpura@ksp.gov.in"
"Ranges","Central Range – Bengaluru","PI (W) Control Room","— / 9480800934",""
"Ranges","Central Range – Bengaluru","DSP, Chikkaballapura","272423 / 9480802520","sdpocbpura@ksp.gov.in"
"Ranges","Central Range – Bengaluru","PI Women PS","275122 / 9480802507","womenpscbpura@ksp.gov.in"
"Ranges","Central Range – Bengaluru","PI Cyber Crime PS","270916 / 9480802510","dcbpscbpura@ksp.gov.in"
"Ranges","Central Range – Bengaluru","CPI Chikkaballapura Circle","275511 / 9480802530","cpicbpura@ksp.gov.in"
"Ranges","Central Range – Bengaluru","PSI-1 Chikkaballapura (T) PS","272262 / 9480802545","townpscbpura@ksp.gov.in"
"Ranges","Central Range – Bengaluru","PSI-2 Chikkaballapura (T) PS","272262 / 9480802574",""
"Ranges","Central Range – Bengaluru","PSI-1 Chikkaballapura (R) PS","272657 / 9480802546","ruralpscbpura@ksp.gov.in"
"Ranges","Central Range – Bengaluru","PSI-2 Chikkaballapura (R) PS","272657 / 9480802538",""
"Ranges","Central Range – Bengaluru","PSI Nandigiridhama PS","262755 / 9480802562","nandigiridhamapscbpura@ksp.gov.in"
"Ranges","Central Range – Bengaluru","PSI Chikkaballapura Traffic PS","275567 / 9480802566","cbpuratraffic@ksp.gov.in"
"Ranges","Central Range – Bengaluru","CPI Gouribidnur Circle","286733 / 286100 / 9480802531","cpigbnurcbpura@ksp.gov.in"
"Ranges","Central Range – Bengaluru","PSI-1 Gouribidnur (T) PS","286720 / 9480802547","gbnurtowncbpura@ksp.gov.in"
"Ranges","Central Range – Bengaluru","PSI-2 Gouribidnur (T) PS","286720 / —",""
"Ranges","Central Range – Bengaluru","PSI-1 Gouribidnur (R) PS","286100 / 9480802548","gbnurruralcbpura@ksp.gov.in"
"Ranges","Central Range – Bengaluru","PSI-2 Gouribidnur (R) PS","286100 / 9480802575",""
"Ranges","Central Range – Bengaluru","PSI Manchenahalli PS","280238 / 9480802549","mhallicbpura@ksp.gov.in"
"Ranges","Central Range – Bengaluru","CPI Gudibande Circle","261025 / 9480802560","cpigbandecbpura@ksp.gov.in"
"Ranges","Central Range – Bengaluru","PSI Gudibande PS","261025 / 9480802561","gbandecbpura@ksp.gov.in"
"Ranges","Central Range – Bengaluru","PSI Peresandra PS","200040 / 9480802508","psandrapscbpura@ksp.gov.in"
"Ranges","Central Range – Bengaluru","CPI Chelur Circle","280099 / 9480802532","cpichelurcbpura@ksp.gov.in"
"Ranges","Central Range – Bengaluru","PSI Chelur PS","280099 / 9480802551","chelurpscbpura@ksp.gov.in"
"Ranges","Central Range – Bengaluru","PSI Pathapalya PS","285133 / 9480802552","ppalyacbpura@ksp.gov.in"
"Ranges","Central Range – Bengaluru","PI Bagepalli PS","— / 9480802550","bpallipscbpura@ksp.gov.in"
"Ranges","Central Range – Bengaluru","PSI-1 Bagepalli PS","— / 9480802565",""
"Ranges","Central Range – Bengaluru","PSI-2 Bagepalli PS","282233 / —",""
"Ranges","Central Range – Bengaluru","DSP Chintamani","252103 / 9480802521","sdpocmanicbpura@ksp.gov.in"
"Ranges","Central Range – Bengaluru","CPI Kencharlahalli Circle","258640 / 9480802533","cpikhallicbpura@ksp.gov.in"
"Ranges","Central Range – Bengaluru","PSI Kencharlahalli PS","258640 / 9480802555","khallicbpura@ksp.gov.in"
"Ranges","Central Range – Bengaluru","PSI Batlahalli PS","247265 / 9480802556","bhallipscbpura@ksp.gov.in"
"Ranges","Central Range – Bengaluru","PI Chintamani (R) PS","252121 / 9480802554","cmaniruralcbpura@ksp.gov.in"
"Ranges","Central Range – Bengaluru","PI Chintamani (T) PS","252140 / 9480802553","cmanitowncbpura@ksp.gov.in"
"Ranges","Central Range – Bengaluru","PSI-1 Chintamani (T) PS","252140 / 9480802563",""
"Ranges","Central Range – Bengaluru","CPI Sidlaghatta Circle","256509 / 9480802534","cpisghattacbpura@ksp.gov.in"
"Ranges","Central Range – Bengaluru","PSI Sidlaghatta (T) PS","256280 / 9480802557","sgattatowncbpura@ksp.gov.in"
"Ranges","Central Range – Bengaluru","PSI Sidlaghatta (R) PS","256270 / 9480802558","sgattaruralcbpura@ksp.gov.in"
"Ranges","Central Range – Bengaluru","PSI Dibburhalli PS","258125 / 9480802559","dbhallicbpura@ksp.gov.in"
"Ranges","Central Range – Bengaluru","AAO","277214 / —","aaocbpura@ksp.gov.in"
"Ranges","Central Range – Bengaluru","PI DSB","277215 / 9480802507","dsbcbpura@ksp.gov.in"
"Ranges","Central Range – Bengaluru","PI DCRB","277216 / 9480802509","dcrbcbpura@ksp.gov.in"
"Ranges","Central Range – Bengaluru","PI DCIB","— / 9480802508","dcibcbpura@ksp.gov.in"
"Ranges","Central Range – Bengaluru","DSP DAR","— / 9480802506","darcbpura@ksp.gov.in"
"Ranges","Central Range – Bengaluru","RPI DAR","— / 9480802537",""
"Ranges","Central Range – Bengaluru","Home Guard","277057 / —",""
"Ranges","Central Range – Bengaluru","DC","277001 / —",""
"Ranges","Central Range – Bengaluru","District Session Judge","270966 / —",""
"Ranges","Central Range – Bengaluru","District Health Officer","275077 / —",""
"Ranges","Central Range – Bengaluru","KSRTC","274444 / —",""
"Ranges","Central Range – Bengaluru","Toll","28394383 / —",""
"Ranges","Central Range – Bengaluru","SP, Kolar","243060 / RES-222004 / 9480802601","spklr@ksp.gov.in"
"Ranges","Central Range – Bengaluru","Addl. SP-1, Kolar","243061 / RES-227844 / 9480802602","addlspklr@ksp.gov.in"
"Ranges","Central Range – Bengaluru","Addl. SP-2, Kolar","— / 9480802603",""
"Ranges","Central Range – Bengaluru","District Control Room","243066 / 243173 / 9480802600","dcklr@ksp.gov.in"
"Ranges","Central Range – Bengaluru","PI (W) Control Room","— / 9480800933",""
"Ranges","Central Range – Bengaluru","DSP Kolar","225824 / 9480802620","sdpoklr@ksp.gov.in"
"Ranges","Central Range – Bengaluru","PI Women PS","226133 / —","womenpsklr@ksp.gov.in"
"Ranges","Central Range – Bengaluru","PI Cyber Crime PS","220950 / 9480802610","dcbkol@ksp.gov.in"
"Ranges","Central Range – Bengaluru","PI Kolar Town PS","222024 / 9480802645","townklr@ksp.gov.in"
"Ranges","Central Range – Bengaluru","PI Kolar (R) PS","222616 / 9480802631","cpiruralklr@ksp.gov.in"
"Ranges","Central Range – Bengaluru","PSI-1 Kolar (R) PS","— / 9480802648","ruralklr@ksp.gov.in"
"Ranges","Central Range – Bengaluru","CPI Gulpet Circle","240596 / 9480802630",""
"Ranges","Central Range – Bengaluru","PSI Gulpet PS","222025 / 9480802646","gulpetklr@ksp.gov.in"
"Ranges","Central Range – Bengaluru","PSI Kolar Traffic PS","— / 9480802647","trafficklr@ksp.gov.in"
"Ranges","Central Range – Bengaluru","PI Vemagal PS","246421 / 9480802649","vemagalklr@ksp.gov.in"
"Ranges","Central Range – Bengaluru","PI Malur PS","232220 / 9480802632","malurklr@ksp.gov.in"
"Ranges","Central Range – Bengaluru","PSI-1 Malur PS","— / 9480802650",""
"Ranges","Central Range – Bengaluru","PI Masthi PS","236222 / 9480802651","mastiklr@ksp.gov.in"
"Ranges","Central Range – Bengaluru","ASP Mulbagal","242234 / 9480802621","sdpomulbagalklr@ksp.gov.in"
"Ranges","Central Range – Bengaluru","CPI Mulbagal I Circle","242008 / 9480802633","cpimulbagalklr@ksp.gov.in"
"Ranges","Central Range – Bengaluru","PSI Nangali PS","248126 / 9480802653","nangliklr@ksp.gov.in"
"Ranges","Central Range – Bengaluru","PSI Mulbagal (R) PS","244100 / 9480802607","mblruralklr@ksp.gov.in"
"Ranges","Central Range – Bengaluru","PI Mulbagal (T) PS","242040 / 9480802652","mulbagalklr@ksp.gov.in"
"Ranges","Central Range – Bengaluru","PSI-1 Mulbagal (T) PS","— / 9480802652","mulbagalklr@ksp.gov.in"
"Ranges","Central Range – Bengaluru","PI Srinivasapura PS","246234 / 9480802654","srinivaspuraklr@ksp.gov.in"
"Ranges","Central Range – Bengaluru","CPI Gownpalli Circle","— / 9480802634",""
"Ranges","Central Range – Bengaluru","PSI Rayapad PS","240006 / 9480802655","ralaypadklr@ksp.gov.in"
"Ranges","Central Range – Bengaluru","PSI Gownpalli PS","248106 / 9480802656","gownipalliklr@ksp.gov.in"
"Ranges","Central Range – Bengaluru","AAO","243021 / —","aaocbpura@ksp.gov.in"
"Ranges","Central Range – Bengaluru","PI DSB","243444 / 9480802608","dsbklr@ksp.gov.in"
"Ranges","Central Range – Bengaluru","PI DCRB","243062 / 9480802609","dcrbklr@ksp.gov.in"
"Ranges","Central Range – Bengaluru","DSP DAR","222023 / 9480802606","darklr@ksp.gov.in"
"Ranges","Central Range – Bengaluru","PI ISD","— / 9480800699",""
"Ranges","Central Range – Bengaluru","PI FPB","— / 9480802637",""
"Ranges","Central Range – Bengaluru","Home Guard","243149 / —",""
"Ranges","Central Range – Bengaluru","DC","243666 / —",""
"Ranges","Central Range – Bengaluru","Fire Force Officer","243222 / —",""
"Ranges","Central Range – Bengaluru","DHO","200339 / —",""
"Ranges","Central Range – Bengaluru","Excise","222115 / —",""
"Ranges","Central Range – Bengaluru","RTO Kolar","— / 9480059392",""
"Ranges","Central Range – Bengaluru","District Session Judge","222091 / —",""
"Ranges","Central Range – Bengaluru","KSRTC DC","240151 / —",""
"Ranges","Central Range – Bengaluru","DFO","290070 / —",""
"Ranges","Central Range – Bengaluru","SP, KGF","274291 / RES-271791 / 9480802701","spkgf@ksp.gov.in"
"Ranges","Central Range – Bengaluru","District Control Room","274743 / 274740 / 9480802700","dckgf@ksp.gov.in"
"Ranges","Central Range – Bengaluru","PI (W) Control Room","274743 / 9480800935","dcrkgf@ksp.gov.in"
"Ranges","Central Range – Bengaluru","DSP KGF","08153-275284 / 9480802720","sdpokgf@ksp.gov.in"
"Ranges","Central Range – Bengaluru","PI Cyber Crime PS","260500 / 9480802708","dcbkgf@ksp.gov.in"
"Ranges","Central Range – Bengaluru","CPI Robertsonpet Circle","260776 / 9480802732","cpirobertsonpetkgf@ksp.gov.in"
"Ranges","Central Range – Bengaluru","PSI Robertsonpet PS","260224 / 9480802749","robertsonpetkgf@ksp.gov.in"
"Ranges","Central Range – Bengaluru","PSI Andersonpet PS","274282 / 9480802750","andersonpetkgf@ksp.gov.in"
"Ranges","Central Range – Bengaluru","CPI Oorgaum Circle","262530 / 9480802731","cpioorgaumkgf@ksp.gov.in"
"Ranges","Central Range – Bengaluru","PSI Oorgaum PS","260283 / 9480802747","oorgaumkgf@ksp.gov.in"
"Ranges","Central Range – Bengaluru","PSI BEML PS","263179 / 9480802748","bemlnagarkgf@ksp.gov.in"
"Ranges","Central Range – Bengaluru","CPI Bethamangala Circle","274575 / 9480802730","cpibethamangalakgf@ksp.gov.in"
"Ranges","Central Range – Bengaluru","PSI Bethamangala PS","200623 / 9480802752","bethamangalakgf@ksp.gov.in"
"Ranges","Central Range – Bengaluru","PSI Kyasamballi PS","200289 / 9480802745","kyasamballikgf@ksp.gov.in"
"Ranges","Central Range – Bengaluru","CPI Kamasamudram Circle","259028 / 9480802733","cpikamasamudramkgf@ksp.gov.in"
"Ranges","Central Range – Bengaluru","PSI Kamasamudram PS","259028 / 9480802753","kamasamudramkgf@ksp.gov.in"
"Ranges","Central Range – Bengaluru","PSI Budikote PS","200450 / 9480802746","budikotekgf@ksp.gov.in"
"Ranges","Central Range – Bengaluru","PI Bangarpet PS","255402 / 9480802751","bangarpetkgf@ksp.gov.in"
"Ranges","Central Range – Bengaluru","PSI Bangarpet PS","255228 / 9480109383",""
"Ranges","Central Range – Bengaluru","PI DSB","274292 / 9480802707","dsbkgf@ksp.gov.in"
"Ranges","Central Range – Bengaluru","PI DCIB","274577 / 9480802708","dcibkgf@ksp.gov.in"
"Ranges","Central Range – Bengaluru","PI DCRB","274577 / 9480802709","dcrbkgf@ksp.gov.in"
"Ranges","Central Range – Bengaluru","AAO DPO","276100 / —","aaokgf@ksp.gov.in"
"Ranges","Central Range – Bengaluru","Fire Station KGF","266000 / 9480823713",""
"Ranges","Central Range – Bengaluru","Fire Station Bangarpet","257101 / —",""
"Ranges","Central Range – Bengaluru","Tahsildar Taluk Office Bangarpet","255263 / —",""
"Ranges","Central Range – Bengaluru","Tahsildar Taluk Office KGF","270404 / —",""
"Ranges","Central Range – Bengaluru","Jailer Sub Jail K.G.F","274625 / 9480806419",""
"Ranges","Central Range – Bengaluru","SP, Bengaluru South (Ramanagara)","27278800 (R) / 27273700 (O) / 9480802801","sprmn@ksp.gov.in"
"Ranges","Central Range – Bengaluru","Addl. SP-1, Bengaluru South (Ramanagara)","27275070 / 9480802802","addlsprmn@ksp.gov.in"
"Ranges","Central Range – Bengaluru","Addl. SP-2, Bengaluru South (Ramanagara)","27271003 / 9480802810","addlsprmn2@ksp.gov.in"
"Ranges","Central Range – Bengaluru","District Control Room","27271100 / 9480802800","dcrmn@ksp.gov.in"
"Ranges","Central Range – Bengaluru","PI (W) Control Room","27273456 / 9480800931",""
"Ranges","Central Range – Bengaluru","Women PS","27276446 / 9480802871","womenpsrmn@ksp.gov.in"
"Ranges","Central Range – Bengaluru","ACP Cyber Crime PS","27271824 / 9480802870","dcbpsrmn@ksp.gov.in"
"Ranges","Central Range – Bengaluru","DSP, Ramanagara","27271878 / 9480802820","sdporamnagararmn2@ksp.gov.in"
"Ranges","Central Range – Bengaluru","CPI Ramanagara (T) Circle","27271422 / 9480802830","cpirnagartownrmn@ksp.gov.in"
"Ranges","Central Range – Bengaluru","PSI-1 Ramanagara (T) PS","27271230 / 9480802845","rnagartownrmn@ksp.gov.in"
"Ranges","Central Range – Bengaluru","PSI-2 Ramanagara (T) PS","27271230 / —",""
"Ranges","Central Range – Bengaluru","PSI Ijoor PS","27271786 / 9480802847","ijoorrmn@ksp.gov.in"
"Ranges","Central Range – Bengaluru","PSI Ramanagara Traffic PS","27273904 / 9480802846","tfcrmn@ksp.gov.in"
"Ranges","Central Range – Bengaluru","PI Ramanagara (R) PS","27271321 / 9480802831","cpirnagarrmn2@ksp.gov.in"
"Ranges","Central Range – Bengaluru","PSI Ramanagara (R) PS","27271321 / 9480802848","rnagarruralrmn@ksp.gov.in"
"Ranges","Central Range – Bengaluru","PI Bidadi PS","27282237 / 9480802849","bidadirmn@ksp.gov.in"
"Ranges","Central Range – Bengaluru","PSI Bidadi PS","27282237 / —",""
"Ranges","Central Range – Bengaluru","PI Harohally PS","27562240 / 9480802832","cpihhallirmn@ksp.gov.in"
"Ranges","Central Range – Bengaluru","PSI Harohally PS","27562240 / 9480802850","hhallirmn@ksp.gov.in"
"Ranges","Central Range – Bengaluru","PI Kaggalipura PS","28435250 / 9480802851","kaggalipurps@ksp.gov.in"
"Ranges","Central Range – Bengaluru","PSI Kaggalipura PS","28435250 / —",""
"Ranges","Central Range – Bengaluru","DSP, Magadi","28434100 / 9480802866","Sdpomagadirmn2@ksp.gov.in"
"Ranges","Central Range – Bengaluru","PI Magadi PS","27745224 / 9480802852","cpimagadirmn@ksp.gov.in"
"Ranges","Central Range – Bengaluru","PSI Magadi PS","27745224 / —","magadirmn@ksp.gov.in"
"Ranges","Central Range – Bengaluru","PI Kudur PS","27762241 / 9480802853","kudurrmn@ksp.gov.in"
"Ranges","Central Range – Bengaluru","PSI Kudur PS","27762241 / —",""
"Ranges","Central Range – Bengaluru","PI Tavarekere PS","28434365 / 9480802854","tkerermn2@ksp.gov.in"
"Ranges","Central Range – Bengaluru","PSI Tavarekere PS","28434365 / —",""
"Ranges","Central Range – Bengaluru","DSP, Channapatna","27251415 / 9480802821","sdpocpatnarmn@ksp.gov.in"
"Ranges","Central Range – Bengaluru","CPI Channapatna (T) Circle","27251621 / 9480802834","cpipatnatownrmn@ksp.gov.in"
"Ranges","Central Range – Bengaluru","PSI Channapatna (T) PS","27251749 / 9480802855","cpatnatownrmn@ksp.gov.in"
"Ranges","Central Range – Bengaluru","PSI-1 Channapatna East PS","27251229 / 9480802856","cpatnaeastrmn@ksp.gov.in"
"Ranges","Central Range – Bengaluru","PSI-2 Channapatna East PS","27251229 / —",""
"Ranges","Central Range – Bengaluru","PSI Channapatna Traffic PS","27271010 / —","cpatnatfcrmn2@ksp.gov.in"
"Ranges","Central Range – Bengaluru","CPI Channapatna Rural Circle","27251416 / 9480802835","cpicpatnatownrmn@ksp.gov.in"
"Ranges","Central Range – Bengaluru","PSI Channapatna Rural PS","27251256 / 9480802857","cpatnaruralrmn@ksp.gov.in"
"Ranges","Central Range – Bengaluru","PSI Akkur PS","27263253 / 9480802858","akkurrmn@ksp.gov.in"
"Ranges","Central Range – Bengaluru","PSI M.K. Doddi PS","— / 9480802859","mkdoddirmn@ksp.gov.in"
"Ranges","Central Range – Bengaluru","PI Kanakapura (T) PS","27522441 / 9480802860","kpuratownrmn@ksp.gov.in"
"Ranges","Central Range – Bengaluru","PSI Kanakapura (T) PS","27522441 / 9480802868",""
"Ranges","Central Range – Bengaluru","PSI Kanakapura Traffic","27562270 / 9480802869","kpuratfcrmn@ksp.gov.in"
"Ranges","Central Range – Bengaluru","CPI Kanakapura Circle","27522044 / 9480802836","kpuraruralrmn@ksp.gov.in"
"Ranges","Central Range – Bengaluru","PSI Kanakapura (R) PS","27523616 / 9480802861","kpuraruralrmn@ksp.gov.in"
"Ranges","Central Range – Bengaluru","PSI Kodihalli PS","27541240 / 9480802862","khallirmn@ksp.gov.in"
"Ranges","Central Range – Bengaluru","PSI Sathanur PS","27551233 / 9480802863","Sathnoorrmn2@ksp.gov.in"
"Ranges","Central Range – Bengaluru","AAO","27271101 / —","aaormn@ksp.gov.in"
"Ranges","Central Range – Bengaluru","PI DSB","27271102 / 9480802807","dsbrmn@ksp.gov.in"
"Ranges","Central Range – Bengaluru","PI DCRB","27271103 / 9480802809","dcrbrmn@ksp.gov.in"
"Ranges","Central Range – Bengaluru","PI DCIB","—","dcibsectionrmn@ksp.gov.in"
"Ranges","Central Range – Bengaluru","DSP DAR","27255488 / 9480802806","darrmn@ksp.gov.in"
"Ranges","Central Range – Bengaluru","RPI MTO","27255488 / 9480802837",""
"Ranges","Central Range – Bengaluru","PI ACB","27272705 / 9480806272",""
"Ranges","Central Range – Bengaluru","PI INT","27271807 / 9449878600",""
"Ranges","Central Range – Bengaluru","PI BESCOM","27273014 / 9448094808",""
"Ranges","Central Range – Bengaluru","District Jail","27274220 / 9480806415",""
"Ranges","Central Range – Bengaluru","Homeguard","27272265 / —",""
"Ranges","Central Range – Bengaluru","DC","27273777 / —",""
"Ranges","Central Range – Bengaluru","CEO ZP Office","27276720 / —",""
"Ranges","Central Range – Bengaluru","Govt. Hospital Ramanagara","27272248 / —",""
"Ranges","Central Range – Bengaluru","RTO","27273471 / —",""
"Ranges","Central Range – Bengaluru","Excise","27271059 / —",""
"Ranges","Central Range – Bengaluru","District Fire Officer","27273101 / —",""
"Ranges","Central Range – Bengaluru","Fire Station","29785101 / —",""
"Ranges","Central Range – Bengaluru","SP, Tumkur","2272451 / RES-2272461 / 9480802901","sptkr@ksp.gov.in"
"Ranges","Central Range – Bengaluru","Addl. SP-1, Tumkur","2274130 / 9480802902","addlsptkr@ksp.gov.in"
"Ranges","Central Range – Bengaluru","Addl. SP-2, Tumkur","— / 9480802905","addlsp2tkr@ksp.gov.in"
"Ranges","Central Range – Bengaluru","District Control Room","2278000 / 2277222 / 9480802900","dctkr@ksp.gov.in"
"Ranges","Central Range – Bengaluru","PI (W) Control Room","— / 9480800932",""
"Ranges","Central Range – Bengaluru","DSP, Tumkur Sub Division","2272340 / 9480802920","sdpotkr@ksp.gov.in"
"Ranges","Central Range – Bengaluru","PI Women PS","2290832 / 9480802985","womenpstkr@ksp.gov.in"
"Ranges","Central Range – Bengaluru","PSI-1 Women PS","2290832 / 9364098541",""
"Ranges","Central Range – Bengaluru","PSI-2 Women PS","2290832 / 9364098542",""
"Ranges","Central Range – Bengaluru","PI Cyber Crime PS","2271479 / 9480802908",""
"Ranges","Central Range – Bengaluru","PI Tumkur Town PS","2278388 / 9480802930","towntkr@ksp.gov.in"
"Ranges","Central Range – Bengaluru","PSI-1 Tumkur Town PS","— / 9480802945",""
"Ranges","Central Range – Bengaluru","PSI-2 Tumkur Town PS","— / 9364098496",""
"Ranges","Central Range – Bengaluru","PI Tumkur Traffic PS","2278207 / 9480802929","trafficeasttkr@ksp.gov.in"
"Ranges","Central Range – Bengaluru","PSI-1 Tumkur Traffic East PS","2278207 / 9480802947",""
"Ranges","Central Range – Bengaluru","PSI-2 Tumkur Traffic West PS","2278207 / 9480802946",""
"Ranges","Central Range – Bengaluru","CPI Thilak Park Circle","2276424 / 9480802932","cpithilakparktkr@ksp.gov.in"
"Ranges","Central Range – Bengaluru","PSI-1 Thilak Park PS","2278202 / 9480802981","thilakparktkr@ksp.gov.in"
"Ranges","Central Range – Bengaluru","PSI-2 Thilak Park PS","2278202 / 9364098499",""
"Ranges","Central Range – Bengaluru","PSI-1 New Extn PS","2278224 / 9480802951","newextenttkr@ksp.gov.in"
"Ranges","Central Range – Bengaluru","PSI-2 New Extn PS","2278224 / 9364098487",""
"Ranges","Central Range – Bengaluru","PSI-1 Jayanagara PS","2293389 / 9480802986","jayanagarpstkr@ksp.gov.in"
"Ranges","Central Range – Bengaluru","PSI-2 Jayanagara PS","2293389 / 9364098494",""
"Ranges","Central Range – Bengaluru","CPI Kyathasandra Circle","2281120 / 9480802933","kyathtasandratkr@ksp.gov.in"
"Ranges","Central Range – Bengaluru","PSI-1 Kyathasandra PS","2281124 / 9480802952",""
"Ranges","Central Range – Bengaluru","PSI-2 Kyathasandra PS","2281124 / 9364098498",""
"Ranges","Central Range – Bengaluru","PSI-1 Hebbur PS","2241036 / 9480802953","hebburtkr@ksp.gov.in"
"Ranges","Central Range – Bengaluru","PSI-2 Hebbur PS","2241036 / 9364098497",""
"Ranges","Central Range – Bengaluru","CPI Tumkur Rural Circle","2275301 / 9480802931","cpiruraltkr@ksp.gov.in"
"Ranges","Central Range – Bengaluru","PSI-1 Tumkur Rural PS","2278381 / 9480802948","tumkurruraltkr@ksp.gov.in"
"Ranges","Central Range – Bengaluru","PSI-2 Tumkur Rural PS","2278381 / 9364098490",""
"Ranges","Central Range – Bengaluru","PSI-1 Kora PS","2242006 / 9480802949","koratkr@ksp.gov.in"
"Ranges","Central Range – Bengaluru","PSI-2 Kora PS","2242006 / 9364098489",""
"Ranges","Central Range – Bengaluru","PSI-1 Bellavi PS","2240046 / 9480802950","bellavitkr@ksp.gov.in"
"Ranges","Central Range – Bengaluru","PSI-2 Bellavi PS","2240046 / 9364098493",""
"Ranges","Central Range – Bengaluru","DSP, Sira","08135-275184 / 9480802921","sdposiratkr@ksp.gov.in"
"Ranges","Central Range – Bengaluru","CPI Sira Rural Circle","275257 / 9480802934","cpisiraruraltkr@ksp.gov.in"
"Ranges","Central Range – Bengaluru","PSI-1 Kallambella PS","274738 / 9480802955","kallambellatkr@ksp.gov.in"
"Ranges","Central Range – Bengaluru","PSI-2 Kallambella PS","274738 / 9364098518",""
"Ranges","Central Range – Bengaluru","PSI-1 Patta Nayakana Hally PS","271058 / 9480802956","pnhallitkr@ksp.gov.in"
"Ranges","Central Range – Bengaluru","PSI-2 Patta Nayakana Hally PS","271058 / 9364098527",""
"Ranges","Central Range – Bengaluru","PSI-1 Tavarekere PS","272541 / 9480802957","tavarekeretkr@ksp.gov.in"
"Ranges","Central Range – Bengaluru","PSI-2 Tavarekere PS","272541 / 9364098520",""
"Ranges","Central Range – Bengaluru","PI Sira Town","275237 / 9480802958","siratowntkr@ksp.gov.in"
"Ranges","Central Range – Bengaluru","PSI-1 Sira PS","275237 / 9364098521",""
"Ranges","Central Range – Bengaluru","PSI-2 Sira PS","275237 / 9364098522",""
"Ranges","Central Range – Bengaluru","PSI-3 Sira PS","275237 / 9364098523",""
"Ranges","Central Range – Bengaluru","PSI-4 Sira PS","275237 / 9364098524",""
"Ranges","Central Range – Bengaluru","Bukkapatna OP","271509 / —",""
"Ranges","Central Range – Bengaluru","CPI Gubbi Circle","222210 / 9480802935","cpigubbitkr@ksp.gov.in"
"Ranges","Central Range – Bengaluru","PSI-1 Gubbi PS","222229 / 9480802959","gubbitkr@ksp.gov.in"
"Ranges","Central Range – Bengaluru","PSI-2 Gubbi PS","222229 / 9364098519",""
"Ranges","Central Range – Bengaluru","PSI-1 C.S Pura PS","246522 / 9480802960","cspuratkr@ksp.gov.in"
"Ranges","Central Range – Bengaluru","PSI-2 C.S Pura PS","246522 / 9364098526",""
"Ranges","Central Range – Bengaluru","PSI-1 Chelur PS","242222 / 9480802961","chelurtkr@ksp.gov.in"
"Ranges","Central Range – Bengaluru","PSI-2 Chelur PS","— / 9364098525",""
"Ranges","Central Range – Bengaluru","DSP, Kunigal","2202294 / 9480802922","sdpokunigaltkr@ksp.gov.in"
"Ranges","Central Range – Bengaluru","PI Kunigal PS","220229 / 9480802962","kunigaltkr@ksp.gov.in"
"Ranges","Central Range – Bengaluru","PSI-1 Kunigal PS","— / 9364098511",""
"Ranges","Central Range – Bengaluru","PSI-2 Kunigal PS","— / 9364098512",""
"Ranges","Central Range – Bengaluru","PSI-3 Kunigal PS","— / 9364098513",""
"Ranges","Central Range – Bengaluru","PSI-4 Kunigal PS","— / 9364098514",""
"Ranges","Central Range – Bengaluru","CPI Amruthur Circle","225229 / 9480802936","cpiamrutgurtkr@ksp.gov.in"
"Ranges","Central Range – Bengaluru","PSI-1 Amruthur PS","— / 9480802963","amrutgurtkr@ksp.gov.in"
"Ranges","Central Range – Bengaluru","PSI-2 Amruthur PS","— / 9364098510",""
"Ranges","Central Range – Bengaluru","PSI-1 Huliyurdurga PS","223338 / 9480802964","huliyurdurgatkr@ksp.gov.in"
"Ranges","Central Range – Bengaluru","PSI-2 Huliyurdurga PS","— / 9364098517",""
"Ranges","Central Range – Bengaluru","CPI Turuvekere Circle","287466 / 9480802937","cpitvkeretkr@ksp.gov.in"
"Ranges","Central Range – Bengaluru","PSI-1 Turuvekere PS","287334 / 9480802965","turuvekeretkr@ksp.gov.in"
"Ranges","Central Range – Bengaluru","PSI-2 Turuvekere PS","287334 / 9364098515",""
"Ranges","Central Range – Bengaluru","PSI-1 Dandinashivara PS","278355 / 9480802966","dshivaratkr@ksp.gov.in"
"Ranges","Central Range – Bengaluru","PSI-2 Dandinashivara PS","— / 9364098516",""
"Ranges","Central Range – Bengaluru","DSP, Tiptur","08134-251084 / 9480802923","sdpotipturtkr@ksp.gov.in"
"Ranges","Central Range – Bengaluru","PI Tiptur Town PS","251041 / 9480802970","tipturtowntkr@ksp.gov.in"
"Ranges","Central Range – Bengaluru","PSI-1 Tiptur Town PS","251041 / 9364098501",""
"Ranges","Central Range – Bengaluru","PSI-2 Tiptur Town PS","251041 / 9364098502",""
"Ranges","Central Range – Bengaluru","PI Tipatur Rural PS","251007 / 9480802967","tipturruraltkr@ksp.gov.in"
"Ranges","Central Range – Bengaluru","PSI-1 Tipatur Rural PS","251007 / 9364098470",""
"Ranges","Central Range – Bengaluru","PSI-2 Tipatur Rural PS","— / 9364098471",""
"Ranges","Central Range – Bengaluru","CPI Tiptur Rural Circle","2513827 / 9480802938","cpitipturruraltkr@ksp.gov.in"
"Ranges","Central Range – Bengaluru","PSI-1 Honnavalli PS","264710 / 9480802968","honnavallitkr@ksp.gov.in"
"Ranges","Central Range – Bengaluru","PSI-2 Honnavalli PS","264710 / 9364098503",""
"Ranges","Central Range – Bengaluru","PSI-1 Nonavinakere PS","258024 / 9480802969","nvkeretke@ksp.gov.in"
"Ranges","Central Range – Bengaluru","PSI-2 Nonavinakere PS","258024 / 9364098508",""
"Ranges","Central Range – Bengaluru","PSI-1 K.B. Cross PS","262055 / 9480802989","kbcrosstkr@ksp.gov.in"
"Ranges","Central Range – Bengaluru","PSI-2 K.B. Cross PS","262055 / 9364098505",""
"Ranges","Central Range – Bengaluru","CPI C.N.Halli Circle","267234 / 9480802939","cpicnhallitkr@ksp.gov.in"
"Ranges","Central Range – Bengaluru","PSI-1 C.N. Halli PS","267234 / 9480802971",""
"Ranges","Central Range – Bengaluru","PSI-2 C.N. Halli PS","267234 / 9364098506",""
"Ranges","Central Range – Bengaluru","PSI-1 Huliyar PS","256150 / 9480802972","huliyartkr@ksp.gov.in"
"Ranges","Central Range – Bengaluru","PSI-2 Huliyar PS","256150 / 9364098509",""
"Ranges","Central Range – Bengaluru","PSI-1 Handanakere PS","257660 / 9480802973","handanakeretkr@ksp.gov.in"
"Ranges","Central Range – Bengaluru","PSI-2 Handanakere PS","257660 / 9364098507",""
"Ranges","Central Range – Bengaluru","DSP, Madhugiri","282378 / 9480802924","sdpomadhugiritkr@ksp.gov.in"
"Ranges","Central Range – Bengaluru","CPI Madhugiri Circle","282381 / 9480802940","cpimadhugiritkr@ksp.gov.in"
"Ranges","Central Range – Bengaluru","PSI-1 Madhugiri PS","282381 / 9480802974",""
"Ranges","Central Range – Bengaluru","PSI-2 Madhugiri PS","282381 / 9364098528",""
"Ranges","Central Range – Bengaluru","PSI-1 Kodigenahalli PS","279534 / 9480802975","kodigenahallitkr@ksp.gov.in"
"Ranges","Central Range – Bengaluru","PSI-2 Kodigenahalli PS","279534 / 9364098534",""
"Ranges","Central Range – Bengaluru","PSI-1 Midigeshi PS","278634 / 9480802976","midigeshitkr@ksp.gov.in"
"Ranges","Central Range – Bengaluru","PSI-2 Midigeshi PS","278634 / 9364098535",""
"Ranges","Central Range – Bengaluru","PI Badavanahalli PS","284901 / 9480802982","badavanahallitkr@ksp.gov.in"
"Ranges","Central Range – Bengaluru","PSI-1 B D Halli PS","284901 / 9364098529",""
"Ranges","Central Range – Bengaluru","PSI-2 B D Halli PS","284901 / 9364098530",""
"Ranges","Central Range – Bengaluru","PI Pavagada (T) PS","245666 / 9480802941","pavagadatkr@ksp.gov.in"
"Ranges","Central Range – Bengaluru","PSI-1 Pavagada (T) PS","— / 9480802977",""
"Ranges","Central Range – Bengaluru","PSI-2 Pavagada (T) PS","— / 9364098531",""
"Ranges","Central Range – Bengaluru","PSI-3 Pavagada (T) PS","— / 9364098532",""
"Ranges","Central Range – Bengaluru","PSI-4 Pavagada (T) PS","— / 9364098533",""
"Ranges","Central Range – Bengaluru","CPI Pavagada Rural Circle","— / 9480802942","cpipavagadaruraltkr@ksp.gov.in"
"Ranges","Central Range – Bengaluru","PSI-1 Arasikere PS","248433 / 9480802978","arasikeretkr@ksp.gov.in"
"Ranges","Central Range – Bengaluru","PSI-2 Arasikere PS","248433 / 9364098536",""
"Ranges","Central Range – Bengaluru","PSI-1 Thirumani PS","240047 / 9480802980","thirumanitkr@ksp.gov.in"
"Ranges","Central Range – Bengaluru","PSI-2 Thirumani PS","240047 / 9364098537",""
"Ranges","Central Range – Bengaluru","PSI-1 Y.N.Hosakote PS","247635 / 9480802979","ynhosakotetkr@ksp.gov.in"
"Ranges","Central Range – Bengaluru","PSI-2 Y.N.Hosakote PS","247635 / 9364098540",""
"Ranges","Central Range – Bengaluru","CPI Koratagere Circle","232136 / 9480802954","cpikoratageretkr@ksp.gov.in"
"Ranges","Central Range – Bengaluru","PSI-1 Koratagere PS","232136 / 9480802988","koratageretkr@ksp.gov.in"
"Ranges","Central Range – Bengaluru","PSI-2 Koratagere PS","232136 / 9364098538",""
"Ranges","Central Range – Bengaluru","PSI-1 Kolala PS","236648 / 9480802987","kolalapstkr@ksp.gov.in"
"Ranges","Central Range – Bengaluru","PSI-2 Kolala PS","236648 / 9364098539",""
"Ranges","Central Range – Bengaluru","AAO","2271580 / —",""
"Ranges","Central Range – Bengaluru","DSP DCRE","0816-2260824 / 9480806117",""
"Ranges","Central Range – Bengaluru","DSP DAR","2285031 / 9480802906","dartkr@ksp.gov.in"
"Ranges","Central Range – Bengaluru","PI DSB","2278140 / 9480802907","dsbtkr@ksp.gov.in"
"Ranges","Central Range – Bengaluru","PSI DSB","— / 9364098480",""
"Ranges","Central Range – Bengaluru","PI DCRB","2271789 / 9480802909",""
"Ranges","Central Range – Bengaluru","PSI-1 DCRB","— / 9364098466",""
"Ranges","Central Range – Bengaluru","PSI-2 DCRB","— / 9364098467",""
"Ranges","Central Range – Bengaluru","DSP INT","2277554 / 9449878627","piinttkr@ksp.gov.in"
"Ranges","Central Range – Bengaluru","PI FPB","— / 9480802910",""
"Ranges","Central Range – Bengaluru","PSI FPB","— / 9364098488",""
"Ranges","Central Range – Bengaluru","DSP ACB","2255522 / 9480806221",""
"Ranges","Central Range – Bengaluru","PI ISD","— / 9480800703",""
"Ranges","Central Range – Bengaluru","PI Cyber Crime PS","2271479 / 9480802908","picentkr@ksp.gov.in"
"Ranges","Central Range – Bengaluru","PSI-1 Cyber Crime PS","— / 9364098491","pidcbtkr@ksp.gov.in"
"Ranges","Central Range – Bengaluru","PSI-2 Cyber Crime PS","— / 9364098492",""
"Ranges","Central Range – Bengaluru","PI CIB","2260050 / —",""
"Ranges","Central Range – Bengaluru","RPI DAR","— / 9480802983",""
"Ranges","Central Range – Bengaluru","RPI DAR (MTO)","— / 9480802984",""
"Ranges","Central Range – Bengaluru","RSI DAR (multiple entries)","— / 9364098481 to 9364098486",""
"Ranges","Central Range – Bengaluru","PI BESCOM Vigilance","— / 9448094812",""
"Ranges","Central Range – Bengaluru","DC","0816-2272480 / 2278312 / —",""
"Ranges","Central Range – Bengaluru","CEO ZP","0816-2272898 / —",""
"Ranges","Central Range – Bengaluru","RTO Tumkur","0816-2278473 / —",""
"Ranges","Central Range – Bengaluru","Home Guard","0816-2278460 / —",""
"Ranges","Central Range – Bengaluru","District Session Judge","0816-2278273 / —",""
"Ranges","Central Range – Bengaluru","Public Prosecutor","0816-2272885 / —",""
"Ranges","Central Range – Bengaluru","DHO","0816-2278387 / 0816-2252025 / —",""
"Ranges","Central Range – Bengaluru","Fire Office","0816-2283101 / —",""
"Ranges","Central Range – Bengaluru","DSP Excise","2272927 / —",""
"Ranges","Central Range – Bengaluru","District Fire Officer","2283101 / —",""
"Ranges","Central Range – Bengaluru","Forest Officer","2201196 / —",""
"Ranges","Central Range – Bengaluru","DC KSRTC","2257149 / 7760990900",""
"Ranges","Central Range – Bengaluru","D.D, Women & Child Welfare Department","2272590 / —",""
"Ranges","Central Range – Bengaluru","Tahsildar Koratagere","08138-232153 / —",""
"Ranges","Central Range – Bengaluru","Tahsildar Madhugiri","08137-295533 / —",""
"Ranges","Eastern Range – Davanagere","IGP, Eastern Range","08192-237830 / RES-224220 / 9480800028","igper@ksp.gov.in"
"Ranges","Eastern Range – Davanagere","DSP DE, IGP Office","237829 / 9480803218","deigper@ksp.gov.in"
"Ranges","Eastern Range – Davanagere","DSP HQ, IGP Office","237829 / 9480803219",""
"Ranges","Eastern Range – Davanagere","DSP FPB, IGP Office","— / 9480800482",""
"Ranges","Eastern Range – Davanagere","AAO IGP Office","237829 / —",""
"Ranges","Eastern Range – Davanagere","SP, Davanagere","253400 / RES-223300 / 9480803201","spdvg@ksp.gov.in"
"Ranges","Eastern Range – Davanagere","Addl. SP-1, Davanagere","232717 / RES-261422 / 9480803202","addlspdvg@ksp.gov.in"
"Ranges","Eastern Range – Davanagere","Addl. SP-2, Davanagere","— / 9480803221",""
"Ranges","Eastern Range – Davanagere","District Control Room","259100 / 270011 / 9480803200","dcdvg@ksp.gov.in"
"Ranges","Eastern Range – Davanagere","PI (W)","08192-253100 / 9480800946",""
"Ranges","Eastern Range – Davanagere","Cyber Crime PS","08192-233660 / —",""
"Ranges","Eastern Range – Davanagere","DSP, Davanagere City","259213 / 9480803220","sdpocitydvg@ksp.gov.in"
"Ranges","Eastern Range – Davanagere","PI Vidya Nagar PS","262688 / 9480803251","vidyanagardvg@ksp.gov.in"
"Ranges","Eastern Range – Davanagere","PI K.T.J Nagar PS","259285 / 9480803250","ktjnagardvg@ksp.gov.in"
"Ranges","Eastern Range – Davanagere","PI Davanagere Extension PS","272012 / 9480803249","extnddvg@ksp.gov.in"
"Ranges","Eastern Range – Davanagere","CPI Davanagere Traffic Circle","— / 9480803237","cpitrafficdvg@ksp.gov.in"
"Ranges","Eastern Range – Davanagere","PSI South Traffic PS","259238 / 9480803253","trafficdvg@ksp.gov.in"
"Ranges","Eastern Range – Davanagere","PSI North Traffic PS","234865 / 9480803271","trafficnorthdvg@ksp.gov.in"
"Ranges","Eastern Range – Davanagere","PI Women PS","253088 / 9480803252","womenpsdvg@ksp.gov.in"
"Ranges","Eastern Range – Davanagere","PSI Cyber Crime PS","225119 / 9480803209","cenpsdvg@ksp.gov.in"
"Ranges","Eastern Range – Davanagere","PI Azadnagar PS","272010 / 9480803245","azadnagardvg@ksp.gov.in"
"Ranges","Eastern Range – Davanagere","PI Basavanagar PS","272009 / 9480803246","basavanagadvg@ksp.gov.in"
"Ranges","Eastern Range – Davanagere","CPI Gandhinagar Circle","— / 9480803233","cpicitydvg@ksp.gov.in"
"Ranges","Eastern Range – Davanagere","PSI-1 Gandhinagar PS","272011 / 9480803247","ghandinagardvg@ksp.gov.in"
"Ranges","Eastern Range – Davanagere","PSI-1 RMC Yard PS","272008 / 9480803248","rmcyarddvg@ksp.gov.in"
"Ranges","Eastern Range – Davanagere","DSP, Davanagere Rural","262550 / 9480803222","sdporuraldvg@ksp.gov.in"
"Ranges","Eastern Range – Davanagere","CPI Mayakonda Circle","272014 / 9480803232","cpiruraldvg@ksp.gov.in"
"Ranges","Eastern Range – Davanagere","PSI Mayakonda PS","— / 9480803255","mayakondadvg@ksp.gov.in"
"Ranges","Eastern Range – Davanagere","PSI Hadadi PS","218405 / 9483739556 / 9480803254","hadadidvg@ksp.gov.in"
"Ranges","Eastern Range – Davanagere","PI Davanagere Rural PS","262555 / 9480803256","ruraldvg@ksp.gov.in"
"Ranges","Eastern Range – Davanagere","CPI Harihara Circle","272016 / 9480803234","cpihariharadvg@ksp.gov.in"
"Ranges","Eastern Range – Davanagere","PSI Harihara Rural PS","272107 / 9480803258","harihararuraldvg@ksp.gov.in"
"Ranges","Eastern Range – Davanagere","PSI Malebennuru PS","268758 / 9480803259","malebennurdvg@ksp.gov.in"
"Ranges","Eastern Range – Davanagere","PI Harihara Town PS","272016 / 9480803257","hariharatowndvg@ksp.gov.in"
"Ranges","Eastern Range – Davanagere","PI Jagalur","227329 / 9480803270","jlrdvg@ksp.gov.in"
"Ranges","Eastern Range – Davanagere","PI Bilichodu PS","248244 / 9480803269","bilichodudvg@ksp.gov.in"
"Ranges","Eastern Range – Davanagere","ASP, Chennagiri","229133 / 9480803223",""
"Ranges","Eastern Range – Davanagere","CPI Santhebennuru Circle","— / 9480803230","cpichannagiridvg@ksp.gov.in"
"Ranges","Eastern Range – Davanagere","PSI Santhebennuru PS","08180-256437 / 9480803262","santhebennurdvg@ksp.gov.in"
"Ranges","Eastern Range – Davanagere","PSI Basavapatanna PS","272463 / 9480803260","basavapatnadvg@ksp.gov.in"
"Ranges","Eastern Range – Davanagere","PI Channagiri PS","228133 / 9480803261","channagiridvg@ksp.gov.in"
"Ranges","Eastern Range – Davanagere","PI Honnali PS","251100 / 9480803235","honnallidvg@ksp.gov.in"
"Ranges","Eastern Range – Davanagere","PSI Honnali PS","251100 / 9480803263",""
"Ranges","Eastern Range – Davanagere","PI Nyamathi PS","265349 / 9480803264","nyamathidvg@ksp.gov.in"
"Ranges","Eastern Range – Davanagere","PSI Nyamathi PS","265349 / —",""
"Ranges","Eastern Range – Davanagere","AAO","272003 / —",""
"Ranges","Eastern Range – Davanagere","DSP DCRB","272004 / 9480803223","dcrbdvg@ksp.gov.in"
"Ranges","Eastern Range – Davanagere","DSP INT","260503 / 9449878525",""
"Ranges","Eastern Range – Davanagere","DSP ISD","— / 9480800622",""
"Ranges","Eastern Range – Davanagere","PI DSB","272002 / 9480803207",""
"Ranges","Eastern Range – Davanagere","DSP FPB","— / 9480800482",""
"Ranges","Eastern Range – Davanagere","PI FPB","— / 9480803210",""
"Ranges","Eastern Range – Davanagere","PI INT","230501 / —",""
"Ranges","Eastern Range – Davanagere","PI KLA","254842 / —",""
"Ranges","Eastern Range – Davanagere","DSP DAR","272005 / 9480803206","dardvg@ksp.gov.in"
"Ranges","Eastern Range – Davanagere","RPI DAR (MTO)","272005 / 9480803231","mtdardvg@ksp.gov.in"
"Ranges","Eastern Range – Davanagere","PI KPTCL","257599 / —",""
"Ranges","Eastern Range – Davanagere","PI Railway","259643 / 9480800469",""
"Ranges","Eastern Range – Davanagere","PI BESCOM","257599 / —",""
"Ranges","Eastern Range – Davanagere","PI ISD","— / 9480800662",""
"Ranges","Eastern Range – Davanagere","DC","234640 / —",""
"Ranges","Eastern Range – Davanagere","CEO ZP","261485 / —",""
"Ranges","Eastern Range – Davanagere","DFO","261350 / —",""
"Ranges","Eastern Range – Davanagere","Comdt Home Guard","255784 / —",""
"Ranges","Eastern Range – Davanagere","District Session Judge","252562 / —",""
"Ranges","Eastern Range – Davanagere","Fire Office","258101 / —",""
"Ranges","Eastern Range – Davanagere","Forest Office","261350 / —",""
"Ranges","Eastern Range – Davanagere","Guest House","233377 / —",""
"Ranges","Eastern Range – Davanagere","SP, Shivamogga","08182-261400 / RES-261401 / 9480803301","spshi@ksp.gov.in"
"Ranges","Eastern Range – Davanagere","Addl. SP-1, Shivamogga","08182-261402 / RES-261403 / 9480803302","addlspshi@ksp.gov.in"
"Ranges","Eastern Range – Davanagere","Addl. SP-2, Shivamogga","08182-255277 / 9480803391","addlsp2shi@ksp.gov.in"
"Ranges","Eastern Range – Davanagere","District Control Room","08182-270521F / 261413 / 9480803300","dcshi@ksp.gov.in"
"Ranges","Eastern Range – Davanagere","PI (W)","— / 9480800947",""
"Ranges","Eastern Range – Davanagere","DSP, Shivamogga","261404 / 9480803321","sdposhimogashi@ksp.gov.in"
"Ranges","Eastern Range – Davanagere","PI Kote PS","261415 / 9480803331","koteshi@ksp.gov.in"
"Ranges","Eastern Range – Davanagere","PSI-1 Kote PS","261415 / 9480803347",""
"Ranges","Eastern Range – Davanagere","PSI-2 Kote PS","261415 / 9480803374",""
"Ranges","Eastern Range – Davanagere","PI Doddapete PS","261414 / 9480803330","doddapeteshi@ksp.gov.in"
"Ranges","Eastern Range – Davanagere","PSI Doddapete PS","— / 9480803345",""
"Ranges","Eastern Range – Davanagere","PI Women PS","227310 / 9480803349","shimogawomenshi@ksp.gov.in"
"Ranges","Eastern Range – Davanagere","PSI Women PS","227310 / —",""
"Ranges","Eastern Range – Davanagere","PI Tunganagara PS","261423 / 9480803370","tunganagarshi@ksp.gov.in"
"Ranges","Eastern Range – Davanagere","PSI-1 Tunganagara PS","— / 9480803377",""
"Ranges","Eastern Range – Davanagere","DSP Shivamogga","261410 / 9480803315",""
"Ranges","Eastern Range – Davanagere","Cyber Crime PS","261426 / 9480803383","cenpsshi@ksp.gov.in"
"Ranges","Eastern Range – Davanagere","PI Vinobanagara PS","261424 / 9480803308","vinobanagarashi@ksp.gov.in"
"Ranges","Eastern Range – Davanagere","PSI-1 Vinobanagara PS","— / 9480803373",""
"Ranges","Eastern Range – Davanagere","PI Jayanagara PS","261416 / 9480803348","jayanagarashi@ksp.gov.in"
"Ranges","Eastern Range – Davanagere","PSI-1 Jayanagara PS","— / 8277982644",""
"Ranges","Eastern Range – Davanagere","PSI-2 Jayanagara PS","— / 9480803375",""
"Ranges","Eastern Range – Davanagere","PI Shivamogga Rural PS","261418 / 9480803332","cpishimogaruralshi@ksp.gov.in"
"Ranges","Eastern Range – Davanagere","PSI-1 Shivamogga Rural PS","— / 9480803350","shimogaruralshi@ksp.gov.in"
"Ranges","Eastern Range – Davanagere","PSI-2 Shivamogga Rural PS","— / 9480803376",""
"Ranges","Eastern Range – Davanagere","PI Kumsi PS","262332 / 9480803351","kumsishi@ksp.gov.in"
"Ranges","Eastern Range – Davanagere","CPI Shivamogga Traffic Circle","240666 / 9480803309","cpismgtrafficshi@ksp.gov.in"
"Ranges","Eastern Range – Davanagere","PSI-1 Shivamogga Traffic East PS","240666 / 9480803335","trafficeastshi@ksp.gov.in"
"Ranges","Eastern Range – Davanagere","PSI-1 Shivamogga Traffic West PS","261417 / 9480803346",""
"Ranges","Eastern Range – Davanagere","ASP Bhadravathi","274252 / 9480803320","sdpobdvtshi@ksp.gov.in"
"Ranges","Eastern Range – Davanagere","CPI Bhadravathi Town","266549 / 9480803334","cpibdvttownshi@ksp.gov.in"
"Ranges","Eastern Range – Davanagere","PSI-1 Old Town Bhadravathi","266343 / 9480803354","oldtownbdvtshi@ksp.gov.in"
"Ranges","Eastern Range – Davanagere","PSI-2 Old Town Bhadravathi","266343 / 9480803380",""
"Ranges","Eastern Range – Davanagere","PSI-1 New Town Bhadravathi","274313 / 9480803355","newtownbdvtshi@ksp.gov.in"
"Ranges","Eastern Range – Davanagere","PSI-2 New Town Bhadravathi","274313 / 9480803381",""
"Ranges","Eastern Range – Davanagere","PSI-1 Bhadravathi Traf. PS","276314 / 9480803356","bdvttrafficshi@ksp.gov.in"
"Ranges","Eastern Range – Davanagere","PSI-2 Bhadravathi Traf. PS","276314 / —",""
"Ranges","Eastern Range – Davanagere","PSI Hosamane PS","266022 / 9480803312","hosamaneshi@ksp.gov.in"
"Ranges","Eastern Range – Davanagere","PI Holehonnur PS","235494 / 9480803359","holehonnurshi@ksp.gov.in"
"Ranges","Eastern Range – Davanagere","PSI Holehonnur PS","235494 / —",""
"Ranges","Eastern Range – Davanagere","PI Paper Town PS","270456 / 9480803358","papertoenbdvtshi@ksp.gov.in"
"Ranges","Eastern Range – Davanagere","PSI Paper Town PS","270456 / —",""
"Ranges","Eastern Range – Davanagere","PI Bhadravathi Rural PS","270100 / 9480803357","cpibdvtruralshi@ksp.gov.in"
"Ranges","Eastern Range – Davanagere","DSP Thirthahalli","220388 / 9480803340","sdpothallishi@ksp.gov.in"
"Ranges","Eastern Range – Davanagere","CPI Malur Circle","228310 / 9480803333","cpithirthahalllishi@ksp.gov.in"
"Ranges","Eastern Range – Davanagere","PSI Malur PS","235142 / 9480803353","malurshi@ksp.gov.in"
"Ranges","Eastern Range – Davanagere","PSI-1 Agumbe PS","233181 / 9480803314","agumbeshi@ksp.gov.in"
"Ranges","Eastern Range – Davanagere","PSI-2 Agumbe PS","233181 / 9480803379",""
"Ranges","Eastern Range – Davanagere","PI Thirthahalli PS","228333 / 9480803352","thirthahallishi@ksp.gov.in"
"Ranges","Eastern Range – Davanagere","PSI-1 Thirthahalli PS","228333 / —",""
"Ranges","Eastern Range – Davanagere","PSI-2 Thirthahalli PS","228333 / 9480803378",""
"Ranges","Eastern Range – Davanagere","CPI Hosanagara Circle","221244 / 9480803337","cpihosanagarashi@ksp.gov.in"
"Ranges","Eastern Range – Davanagere","PSI Hosanagara PS","221244 / 9480803364","hosanagarashi@ksp.gov.in"
"Ranges","Eastern Range – Davanagere","PSI Ripponpete PS","242635 / 9480803365","ripponpeteshi@ksp.gov.in"
"Ranges","Eastern Range – Davanagere","PSI-1 Nagara PS","243433 / 9480803313","nagarashi@ksp.gov.in"
"Ranges","Eastern Range – Davanagere","PSI-2 Nagara PS","243433 / —",""
"Ranges","Eastern Range – Davanagere","ASP Sagar","226082 / 9480803322","sdposagarashi@ksp.gov.in"
"Ranges","Eastern Range – Davanagere","PI Sagara Town PS","226067 / 9480803360","sagaratownshi@ksp.gov.in"
"Ranges","Eastern Range – Davanagere","PSI Sagara Town PS","226067 / 9480803384",""
"Ranges","Eastern Range – Davanagere","PI Sagara Rural PS","226194 / 9480803361","sagararuralshi@ksp.gov.in"
"Ranges","Eastern Range – Davanagere","PSI-1 Sagara Rural PS","226194 / —",""
"Ranges","Eastern Range – Davanagere","PSI-2 Sagara Rural PS","226194 / 9480803385",""
"Ranges","Eastern Range – Davanagere","CPI Kargal Circle","240324 / 9480803336","kargalshi@ksp.gov.in"
"Ranges","Eastern Range – Davanagere","PSI Kargal PS","240324 / 9480803362","kargalshi@ksp.gov.in"
"Ranges","Eastern Range – Davanagere","PSI Anandapura PS","— / 9480803363","anandapurashi@ksp.gov.in"
"Ranges","Eastern Range – Davanagere","DSP, Shikaripura","08187-222442 / 9480803323","sdposhikaripurashi@ksp.gov.in"
"Ranges","Eastern Range – Davanagere","CPI Shikaripura Circle","222430 / 9480803338","cpishikaripurashi@ksp.gov.in"
"Ranges","Eastern Range – Davanagere","PSI-1 Shikaripura Town PS","222772 / 9480803371","shikaripurashi@ksp.gov.in"
"Ranges","Eastern Range – Davanagere","PSI-2 Shikaripura Town PS","222772 / 9480803386",""
"Ranges","Eastern Range – Davanagere","PSI Shiralakoppa PS","234511 / 9480803367","shiralakoppashi@ksp.gov.in"
"Ranges","Eastern Range – Davanagere","PI Shikaripura (R) PS","223430 / 9480803366","shikaripuraruralshi@ksp.gov.in"
"Ranges","Eastern Range – Davanagere","CPI Soraba Circle","272122 / 9480803339","cpisorabashi@ksp.gov.in"
"Ranges","Eastern Range – Davanagere","PSI-1 Soraba PS","272210 / 9480803368",""
"Ranges","Eastern Range – Davanagere","PSI-1 Soraba PS","272210 / 9480803387",""
"Ranges","Eastern Range – Davanagere","PSI Anavatti PS","267135 / 9480803369","anavattishi@ksp.gov.in"
"Ranges","Eastern Range – Davanagere","AAO","259022 / —",""
"Ranges","Eastern Range – Davanagere","DSP DAR","261412 / 9480803306","darshi@ksp.gov.in"
"Ranges","Eastern Range – Davanagere","DSP INT","226905 / —",""
"Ranges","Eastern Range – Davanagere","PI DSB","261436 / 9480803307","dsbshi@ksp.gov.in"
"Ranges","Eastern Range – Davanagere","DSP DCRB","261422 / —","dcrbshi@ksp.gov.in"
"Ranges","Eastern Range – Davanagere","PI DCRB","261422 / 9480803309","dcrbshi@ksp.gov.in"
"Ranges","Eastern Range – Davanagere","PI FPB","— / 9480803310",""
"Ranges","Eastern Range – Davanagere","RPI DAR Bhadravathi","270495 / 9480803389","darbdvtshi@ksp.gov.in"
"Ranges","Eastern Range – Davanagere","DSP/PI KLA","222671 / —",""
"Ranges","Eastern Range – Davanagere","PSI DCRB Shivamogga","— / 9480803392",""
"Ranges","Eastern Range – Davanagere","PI INT","227273 / 9449878626",""
"Ranges","Eastern Range – Davanagere","PI MESCOM","251910 / —",""
"Ranges","Eastern Range – Davanagere","PSI Railway","222974 / 9480802124",""
"Ranges","Eastern Range – Davanagere","DC Shivamogga","271101 / —","deo.shimoga@gmail.com"
"Ranges","Eastern Range – Davanagere","Forest Office","272210 / —",""
"Ranges","Eastern Range – Davanagere","Old Age Help Line Shivamogga","221188 / 260424 / —",""
"Ranges","Eastern Range – Davanagere","Fire Office","222888 / —",""
"Ranges","Eastern Range – Davanagere","Women Help Line","271628 / 1091 / —",""
"Ranges","Eastern Range – Davanagere","Remand Room","223157 / —",""
"Ranges","Eastern Range – Davanagere","SP, Haveri","232800 / RES-297280 / 9480804501","sphvr@ksp.gov.in"
"Ranges","Eastern Range – Davanagere","Addl. SP, Haveri","235880 / RES-235881 / 9480804502","addlsphvr@ksp.gov.in"
"Ranges","Eastern Range – Davanagere","District Control Room","237368 / 9480804500","dchvr@ksp.gov.in"
"Ranges","Eastern Range – Davanagere","PI (W) Control Room","233766 / 9480800953",""
"Ranges","Eastern Range – Davanagere","ERSS","232143 / 298900 / —",""
"Ranges","Eastern Range – Davanagere","DSP Haveri","232470 / 9480804520","sdpohaverihvr@ksp.gov.in"
"Ranges","Eastern Range – Davanagere","DSP DAR","— / 9480804506",""
"Ranges","Eastern Range – Davanagere","PI Haveri Town PS","232333 / 9480804545","haveritownhvr@ksp.gov.in"
"Ranges","Eastern Range – Davanagere","PSI-1 Haveri Town PS","— / 8277984039",""
"Ranges","Eastern Range – Davanagere","PSI-2 Haveri Town PS","— / 8277984024",""
"Ranges","Eastern Range – Davanagere","PSI-3 Haveri Town PS","— / 8277984077",""
"Ranges","Eastern Range – Davanagere","PSI-4 Haveri Town PS","— / 8277984091",""
"Ranges","Eastern Range – Davanagere","PSI-1 Haveri Traffic PS","— / 8277984025","haveritraffic@ksp.gov.in"
"Ranges","Eastern Range – Davanagere","PSI-2 Haveri Traffic PS","— / 8277984096",""
"Ranges","Eastern Range – Davanagere","PI Women PS","232633 / 8277984068","womenpshvr@ksp.gov.in"
"Ranges","Eastern Range – Davanagere","PSI-1 Women PS","— / 8277984029",""
"Ranges","Eastern Range – Davanagere","PSI-2 Women PS","— / 8277984120",""
"Ranges","Eastern Range – Davanagere","DSP Cyber Crime","232770 / —",""
"Ranges","Eastern Range – Davanagere","PI Cyber Crime PS","232770 / 8277984221","picenhaveri@ksp.gov.in"
"Ranges","Eastern Range – Davanagere","PSI-1 Cyber Crime PS","— / 8277984088",""
"Ranges","Eastern Range – Davanagere","PSI-2 Cyber Crime PS","— / 8277984158",""
"Ranges","Eastern Range – Davanagere","CPI Haveri Rural Circle","232493 / 9480804530","cpihaveriruralhvr@ksp.gov.in"
"Ranges","Eastern Range – Davanagere","PSI-1 Haveri Rural PS","233333 / 9480804546","haveriruralhvr@ksp.gov.in"
"Ranges","Eastern Range – Davanagere","PSI-2 Haveri Rural PS","— / 8277984116",""
"Ranges","Eastern Range – Davanagere","PSI-1 Guttal PS","224233 / 9480804547","guttalhvr@ksp.gov.in"
"Ranges","Eastern Range – Davanagere","PSI-2 Guttal PS","224233 / 8277984146",""
"Ranges","Eastern Range – Davanagere","CPI Byadagi Circle","228633 / 9480804531","cpibyadagihvr@ksp.gov.in"
"Ranges","Eastern Range – Davanagere","PSI-1 Byadagi PS","228333 / 9480804548","byadagihvr@ksp.gov.in"
"Ranges","Eastern Range – Davanagere","PSI-2 Byadagi PS","— / 8277984194",""
"Ranges","Eastern Range – Davanagere","PSI-1 Kaginele PS","289233 / 9480804549","kaginelehvr@ksp.gov.in"
"Ranges","Eastern Range – Davanagere","PSI-2 Kaginele PS","289233 / 8277984224",""
"Ranges","Eastern Range – Davanagere","DSP, Ranebennur","255311 / 9480804521","sdporbhvr@ksp.gov.in"
"Ranges","Eastern Range – Davanagere","CPI Ranebennur (T) Circle","260033 / 9480804532","cpiranebennurtownhvr@ksp.gov.in"
"Ranges","Eastern Range – Davanagere","PSI-1 Ranebennur (T) PS","266333 / 9480804550","rbtownhvr@ksp.gov.in"
"Ranges","Eastern Range – Davanagere","PSI-2 Ranebennur (T) PS","— / 8277984293",""
"Ranges","Eastern Range – Davanagere","PSI-1 Ranebennur Traffic PS","268333 / 9480804551","rbtraffichvr@ksp.gov.in"
"Ranges","Eastern Range – Davanagere","PSI-2 Ranebennur Traffic PS","— / 8277984275",""
"Ranges","Eastern Range – Davanagere","PI Ranebennur (R) PS","266433 / 9480804552","rbruralhvr@ksp.gov.in"
"Ranges","Eastern Range – Davanagere","PSI-1 Ranebennur (R) PS","— / 8277984332",""
"Ranges","Eastern Range – Davanagere","CPI Kumarapattanam Circle","240404 / 9480804536","cpikpmhvr@ksp.gov.in"
"Ranges","Eastern Range – Davanagere","PSI-1 Kumarapattanam PS","242208 / 9480804553","kpattanamhvr@ksp.gov.in"
"Ranges","Eastern Range – Davanagere","PSI-2 Kumarapattanam PS","— / 8277984370",""
"Ranges","Eastern Range – Davanagere","PSI-1 Halageri PS","252333 / 9480804554","halagerihvr@ksp.gov.in"
"Ranges","Eastern Range – Davanagere","PSI-2 Halageri PS","252333 / 8277984335",""
"Ranges","Eastern Range – Davanagere","CPI Hirekerur Circle","282204 / 9480804533","cpihirekerurhvr@ksp.gov.in"
"Ranges","Eastern Range – Davanagere","PSI-1 Hirekerur PS","282333 / 9480804555","hirekerurhvr@ksp.gov.in"
"Ranges","Eastern Range – Davanagere","PSI-2 Hirekerur PS","282333 / 8277984407",""
"Ranges","Eastern Range – Davanagere","PSI-1 Rattihalli PS","286233 / 9480804556","rattihallihvr@ksp.gov.in"
"Ranges","Eastern Range – Davanagere","PSI-2 Rattihalli PS","286233 / 8277984432",""
"Ranges","Eastern Range – Davanagere","PSI-1 Hansabhavi PS","289033 / 9480804557","hansabhavihvr@ksp.gov.in"
"Ranges","Eastern Range – Davanagere","PSI-2 Hansabhavi PS","289033 / 8277984487",""
"Ranges","Eastern Range – Davanagere","DSP Shiggaon","255333 / 9480804522","sdposhiggoaonhvr@ksp.gov.in"
"Ranges","Eastern Range – Davanagere","PI Shiggaon PS","255600 / 9480804558","shiggoanhvr@ksp.gov.in"
"Ranges","Eastern Range – Davanagere","PSI-1 Shiggaon PS","255233 / 8277984488",""
"Ranges","Eastern Range – Davanagere","PSI-2 Shiggaon PS","255233 / 8277984510",""
"Ranges","Eastern Range – Davanagere","CPI Shiggaon Circle","255633 / 9480804534","cpishiggoanhvr@ksp.gov.in"
"Ranges","Eastern Range – Davanagere","PSI-1 Tadasa PS","257433 / 9480804559","tadashvr@ksp.gov.in"
"Ranges","Eastern Range – Davanagere","PSI-2 Tadasa PS","257433 / 8277984565",""
"Ranges","Eastern Range – Davanagere","PSI-1 Bankapur PS","254233 / 9480804508","bankapurahvr@ksp.gov.in"
"Ranges","Eastern Range – Davanagere","PSI-2 Bankapur PS","254233 / 8277984535",""
"Ranges","Eastern Range – Davanagere","PSI-1 Hulagur PS","— / 8277984577","hulagurhvr@ksp.gov.in"
"Ranges","Eastern Range – Davanagere","PSI-2 Hulagur PS","— / 6361512694",""
"Ranges","Eastern Range – Davanagere","PI Savanur PS","241633 / 9480804560","savanurhvr@ksp.gov.in"
"Ranges","Eastern Range – Davanagere","PSI-1 Savanur PS","241633 / 8277984629",""
"Ranges","Eastern Range – Davanagere","PSI-2 Savanur PS","241633 / 8277984601",""
"Ranges","Eastern Range – Davanagere","CPI Hanagal Circle","262207 / 9480804535","cpihanagalhvr@ksp.gov.in"
"Ranges","Eastern Range – Davanagere","PSI-1 Hanagal PS","262333 / 9480804561","hanagalhvr@ksp.gov.in"
"Ranges","Eastern Range – Davanagere","PSI-2 Hangal PS","262333 / 8277984645",""
"Ranges","Eastern Range – Davanagere","PSI-1 Adur PS","265233 / 9480804562","adurhvr@ksp.gov.in"
"Ranges","Eastern Range – Davanagere","PSI-2 Adur PS","265233 / 8277984703",""
"Ranges","Eastern Range – Davanagere","AAO","232101 / —",""
"Ranges","Eastern Range – Davanagere","PI DSB","233120 / 9480804507","dsbhvr@ksp.gov.in"
"Ranges","Eastern Range – Davanagere","PSI DCRB","233387 / 9480804509","dcrbhvr@ksp.gov.in"
"Ranges","Eastern Range – Davanagere","RPI DAR","234429 / 8277984155","darhvr@ksp.gov.in"
"Ranges","Eastern Range – Davanagere","Computer Section","— / 9480806040",""
"Ranges","Eastern Range – Davanagere","DSP KLA","237167 / 9364062563",""
"Ranges","Eastern Range – Davanagere","PSI FPB","— / 9480804510",""
"Ranges","Eastern Range – Davanagere","CMDT Home Guard","236160 / —",""
"Ranges","Eastern Range – Davanagere","ISD","— / 9480800671",""
"Ranges","Eastern Range – Davanagere","CDR Section","— / 8277984724",""
"Ranges","Eastern Range – Davanagere","DC Haveri","249015 / 9448484413",""
"Ranges","Eastern Range – Davanagere","RTO Haveri","232299 / —",""
"Ranges","Eastern Range – Davanagere","CEO ZP","249003 / —",""
"Ranges","Eastern Range – Davanagere","Fire Station Haveri","232666 / —",""
"Ranges","Eastern Range – Davanagere","SP, Chitradurga","08194-222781 / RES-230993 / 9480803101","spcta@ksp.gov.in"
"Ranges","Eastern Range – Davanagere","Addl. SP-1, Chitradurga","08194-224053 / 9480803102","addlspcta@ksp.gov.in"
"Ranges","Eastern Range – Davanagere","Addl. SP-2, Chitradurga","— / 9480803109",""
"Ranges","Eastern Range – Davanagere","District Control Room","222782 / 224598 / 9480803100","dccta@ksp.gov.in"
"Ranges","Eastern Range – Davanagere","PI (W)","224066 / 9480800945",""
"Ranges","Eastern Range – Davanagere","DSP, Chitradurga","222430 / 9480803120","sdpocta@ksp.gov.in"
"Ranges","Eastern Range – Davanagere","Cyber Crime PS","— / 9480803173","cybercrimepscta@ksp.gov.in"
"Ranges","Eastern Range – Davanagere","PSI Women PS","224638 / 9480803172","womenpscta@ksp.gov.in"
"Ranges","Eastern Range – Davanagere","PI Chitradurga (T) PS","222333 / 9480803146","towncta@ksp.gov.in"
"Ranges","Eastern Range – Davanagere","PSI-1 Chitradurga (T) PS","222333 / 9480803180",""
"Ranges","Eastern Range – Davanagere","PSI-2 Chitradurga (T) PS","222333 / 9480803164",""
"Ranges","Eastern Range – Davanagere","PSI-3 Chitradurga (T) PS","222333 / 9480803170",""
"Ranges","Eastern Range – Davanagere","PSI-4 Chitradurga (T) PS","222333 / 9480803165",""
"Ranges","Eastern Range – Davanagere","CPI Chitradurga Extension Circle","223295 / 9480803130",""
"Ranges","Eastern Range – Davanagere","PSI-1 Chitradurga Extension PS","224639 / 9480803164","extentioncta@ksp.gov.in"
"Ranges","Eastern Range – Davanagere","PSI-2 Chitradurga Extension PS","224639 / 9480803171",""
"Ranges","Eastern Range – Davanagere","PSI-1 Chitradurga Traffic PS","224637 / 9480803147","trafficcta@ksp.gov.in"
"Ranges","Eastern Range – Davanagere","PSI-2 Chitradurga Traffic PS","224637 / 9480803168",""
"Ranges","Eastern Range – Davanagere","PI Chitradurga Kote PS","222933 / 9480803145","kotecta@ksp.gov.in"
"Ranges","Eastern Range – Davanagere","PSI-1 Chitradurga Kote PS","222933 / 9480803166",""
"Ranges","Eastern Range – Davanagere","PSI-2 Chitradurga Kote PS","222933 / 9480803167",""
"Ranges","Eastern Range – Davanagere","PI Chitradurga (R) PS","230156 / 9480803131","cpiruralcta@ksp.gov.in"
"Ranges","Eastern Range – Davanagere","PSI-1 Chitradurga (R) PS","230156 / 9480803148","ruralcta@ksp.gov.in"
"Ranges","Eastern Range – Davanagere","PSI-2 Chitradurga (R) PS","230156 / 9480803169",""
"Ranges","Eastern Range – Davanagere","PI Turuvanur (Jogi) PS","267051 / 9480803149","turuvanurcta@ksp.gov.in"
"Ranges","Eastern Range – Davanagere","PSI Turuvanur (Jogi) PS","267051 / —",""
"Ranges","Eastern Range – Davanagere","PI Bharamasagara PS","258421 / 9480803163","bharamasagaracta@ksp.gov.in"
"Ranges","Eastern Range – Davanagere","PSI Bharamasagara PS","258421 / —",""
"Ranges","Eastern Range – Davanagere","CPI Holalkere Circle","275376 / 9480803135","cpihlkcta@ksp.gov.in"
"Ranges","Eastern Range – Davanagere","PSI-1 Holalkere PS","275233 / 9480803151","holakerecta@ksp.gov.in"
"Ranges","Eastern Range – Davanagere","PSI-2 Holalkere PS","275233 / —",""
"Ranges","Eastern Range – Davanagere","PSI Chikkajajur PS","287533 / 9480803150","chikkajarurcta@ksp.gov.in"
"Ranges","Eastern Range – Davanagere","PSI Chitrahalli PS","277277 / —",""
"Ranges","Eastern Range – Davanagere","DSP, Hiriyur","263248 / 263499 / 9480803122","spdohyrcta@ksp.gov.in"
"Ranges","Eastern Range – Davanagere","CPI Aimangala Circle","260199 / 9480803133","cpihiriyurcta@ksp.gov.in"
"Ranges","Eastern Range – Davanagere","PSI Aimangala PS","263221 / 9480803154","aimangalacta@ksp.gov.in"
"Ranges","Eastern Range – Davanagere","PSI Abbinahole PS","275325 / 9480803152","abbinholecta@ksp.gov.in"
"Ranges","Eastern Range – Davanagere","PI Hiriyur Rural PS","263555 / 9480803115","hiriyurruralcta@ksp.gov.in"
"Ranges","Eastern Range – Davanagere","PSI Hiriyur Rural PS","263555 / 9480803116",""
"Ranges","Eastern Range – Davanagere","PI Hiriyur (T) PS","263444 / 9480803153","hiriyurcta@ksp.gov.in"
"Ranges","Eastern Range – Davanagere","PSI-1 Hiriyur (T) PS","263444 / 9480803111",""
"Ranges","Eastern Range – Davanagere","PSI-2 Hiriyur (T) PS","263444 / —",""
"Ranges","Eastern Range – Davanagere","PI Hosadurga PS","230217 / 9480803134","cpihsdcta@ksp.gov.in"
"Ranges","Eastern Range – Davanagere","PSI-1 Hosadurga PS","230431 / 9480803155","hosadurgacta@ksp.gov.in"
"Ranges","Eastern Range – Davanagere","PSI-2 Hosadurga PS","230431 / —",""
"Ranges","Eastern Range – Davanagere","PI Srirampura PS","242633 / 9480803156","srirampuracta@ksp.gov.in"
"Ranges","Eastern Range – Davanagere","PSI Srirampura PS","242633 / —",""
"Ranges","Eastern Range – Davanagere","DSP, Challakere","251010 / 250676 / 9480803121","sdpoclkcta@ksp.gov.in"
"Ranges","Eastern Range – Davanagere","CPI Thalak Circle","222688 / 9480803132","cpiclkcta@ksp.gov.in"
"Ranges","Eastern Range – Davanagere","PSI Thalak PS","206634 / 9480803160","thalakcta@ksp.gov.in"
"Ranges","Eastern Range – Davanagere","PSI Parsurampura PS","254533 / 9480803159","parashurampuracta@ksp.gov.in"
"Ranges","Eastern Range – Davanagere","PSI Nayakanahatti PS","207408 / 9480803158","nayakanahatticta@ksp.gov.in"
"Ranges","Eastern Range – Davanagere","PI Challakere PS","250239 / 9480803157","chllakerecta@ksp.gov.in"
"Ranges","Eastern Range – Davanagere","PSI-1 Challakere PS","250239 / 9480803112",""
"Ranges","Eastern Range – Davanagere","PSI-2 Challakere PS","250239 / 9480803113",""
"Ranges","Eastern Range – Davanagere","CPI Molakalmuru Circle","229161 / 9480803136","cpimlkcta@ksp.gov.in"
"Ranges","Eastern Range – Davanagere","PSI-1 Molkalmuru PS","229233 / 9480803161","malakalmuructa@ksp.gov.in"
"Ranges","Eastern Range – Davanagere","PSI-2 Molkalmuru PS","229233 / 9480803114",""
"Ranges","Eastern Range – Davanagere","PSI Rampura PS","267308 / 9480803162","rampuracta@ksp.gov.in"
"Ranges","Eastern Range – Davanagere","AAO","222437 / —",""
"Ranges","Eastern Range – Davanagere","DSP DAR","220181 / 9480803106","darcta@ksp.gov.in"
"Ranges","Eastern Range – Davanagere","DSP DCRB","231499 / —",""
"Ranges","Eastern Range – Davanagere","RPI DAR","222458 / 9480803137",""
"Ranges","Eastern Range – Davanagere","PI DSB","224728 / 9480803107",""
"Ranges","Eastern Range – Davanagere","PI DCIB","— / 9480803108","pidcibcta@ksp.gov.in"
"Ranges","Eastern Range – Davanagere","PI FPB","— / 9480803178",""
"Ranges","Eastern Range – Davanagere","INT","222774 / —",""
"Ranges","Eastern Range – Davanagere","CMDT. Home Guard","231403 / —",""
"Ranges","Eastern Range – Davanagere","DSP DAR","220181 / 9480803106",""
"Ranges","Eastern Range – Davanagere","RPI, MTO, DAR","222458 / 9480803138",""
"Ranges","Northern Range – Belagavi","IGP, Northern Range","0831-2405200 / 0831-2405231 / RES-2405202 / 9480800029","igpnr@ksp.gov.in"
"Ranges","Northern Range – Belagavi","DSP Crime, IGP Office","— / 9480804019",""
"Ranges","Northern Range – Belagavi","SP, Belagavi","2405204 / 2405206 / 2474957 / 2485811 / RES-2405205 / 9480804001","spbgm@ksp.gov.in"
"Ranges","Northern Range – Belagavi","Addl. SP-1, Belagavi","2405207 / 9480804002","addlspbgm@ksp.gov.in"
"Ranges","Northern Range – Belagavi","Addl. SP-2, Belagavi","2405217 / 9480804009","dcrbbgm@ksp.gov.in"
"Ranges","Northern Range – Belagavi","SP, DAR, Belagavi","2405209 / RES-2405210 / 9480804003","spdarbgm@ksp.gov.in"
"Ranges","Northern Range – Belagavi","District Control Room","2405231 / 2405255 / 2474054 / 9480804000","dcbgm@ksp.gov.in"
"Ranges","Northern Range – Belagavi","PI Wireless","2405231 / 9480800949",""
"Ranges","Northern Range – Belagavi","PI Women PS","— / 9480804123","wpsbgm@ksp.gov.in"
"Ranges","Northern Range – Belagavi","PI Cyber Crime PS","2405677 / 9480804008","dcibbgm@ksp.gov.in, cenpsbgm@ksp.gov.in"
"Ranges","Northern Range – Belagavi","DSP, Chikkodi","272147 / 9480804024","sdpochikkodibgm@ksp.gov.in"
"Ranges","Northern Range – Belagavi","CPI Chikkodi Circle","272112 / 9480804041","cpichikkodibgm@ksp.gov.in"
"Ranges","Northern Range – Belagavi","PSI-1 Chikkodi PS","272133 / 9480804056","chikkodibgm@ksp.gov.in"
"Ranges","Northern Range – Belagavi","PSI-2 Chikkodi PS","272133 / 9480804118",""
"Ranges","Northern Range – Belagavi","PSI Chikkodi Traffic PS","272733 / 9480804131","chikkoditowntrafficbgm@ksp.gov.in"
"Ranges","Northern Range – Belagavi","PSI Sadalga PS","251633 / 9480804057","sadalgabgm@ksp.gov.in"
"Ranges","Northern Range – Belagavi","PI Ankali PS","254233 / 9480804134","anklibgm@ksp.gov.in"
"Ranges","Northern Range – Belagavi","CPI Nippani Circle","220553 / 9480804042","cpinippanibgm@ksp.gov.in"
"Ranges","Northern Range – Belagavi","PSI-1 Nippani (T) PS","220033 / 9480804058","nippanitownbgm@ksp.gov.in"
"Ranges","Northern Range – Belagavi","PSI-2 Nippani (T) PS","220033 / —",""
"Ranges","Northern Range – Belagavi","PSI Nippani (R) PS","220213 / 9480804088","nippaniruralbgm@ksp.gov.in"
"Ranges","Northern Range – Belagavi","PSI-1 BCPS Nippani PS","220513 / 9480804059",""
"Ranges","Northern Range – Belagavi","PSI-2 BCPS Nippani PS","220513 / 9480804119",""
"Ranges","Northern Range – Belagavi","PSI Kadakalata PS","266333 / 9480804120","kadakalatabgm@ksp.gov.in"
"Ranges","Northern Range – Belagavi","DSP, Athani","251204 / RES-233219 / 9480804122","sdpoathanibgm@ksp.gov.in"
"Ranges","Northern Range – Belagavi","CPI Athani Circle","251203 / 9480804044","cpiathanibgm@ksp.gov.in"
"Ranges","Northern Range – Belagavi","PSI-1 Athani PS","251133 / 9480804062","athanibgm@ksp.gov.in"
"Ranges","Northern Range – Belagavi","PSI-2 Athani PS","251133 / —",""
"Ranges","Northern Range – Belagavi","PSI Kagawad PS","08339-264633 / 9480804063","kagawadbgm@ksp.gov.in"
"Ranges","Northern Range – Belagavi","PSI Aigali PS","259433 / 9480804064","aigalibgm@ksp.gov.in"
"Ranges","Northern Range – Belagavi","CPI Harugeri Circle","224633 / 9480804043","cpiharugeribgm@ksp.gov.in"
"Ranges","Northern Range – Belagavi","PSI Harugeri PS","257133 / 9480804121","haroogeribgm@ksp.gov.in"
"Ranges","Northern Range – Belagavi","PSI-1 Kudachi PS","235233 / 9480804061","kudachibgm@ksp.gov.in"
"Ranges","Northern Range – Belagavi","PSI-2 Kudachi PS","235233 / —",""
"Ranges","Northern Range – Belagavi","PI Raibag PS","225333 / 9480804060","raibagbgm@ksp.gov.in"
"Ranges","Northern Range – Belagavi","PSI Raibag PS","225333 / —",""
"Ranges","Northern Range – Belagavi","DSP Gokak Sub-Division","226339 / 9480804023","sdpogokakbgm@ksp.gov.in"
"Ranges","Northern Range – Belagavi","CPI Gokak Circle","226337 / 9480804034","cpigokakbgm@ksp.gov.in"
"Ranges","Northern Range – Belagavi","PSI Gokak Rural PS","225333 / 9480804066","gokakruralbgm@ksp.gov.in"
"Ranges","Northern Range – Belagavi","PSI Ankalgi PS","262233 / 9480804067","ankalgibgm@ksp.gov.in"
"Ranges","Northern Range – Belagavi","PSI-1 Gokak Town PS","225033 / 9480804065","gokaktownbgm@ksp.gov.in"
"Ranges","Northern Range – Belagavi","PSI-2 Gokak Town PS","225033 / —",""
"Ranges","Northern Range – Belagavi","CPI Mudalgi Circle","251499 / 9480804035","cpimudalgibgm@ksp.gov.in"
"Ranges","Northern Range – Belagavi","PSI Mudalgi PS","251333 / 9480804068","mudalgibgm@ksp.gov.in"
"Ranges","Northern Range – Belagavi","PSI Kulgod PS","222233 / 9480804069","kulgodbgm@ksp.gov.in"
"Ranges","Northern Range – Belagavi","Konnur OP","285493 / —",""
"Ranges","Northern Range – Belagavi","PI Ghataprabha PS","286233 / 9480804070","ghataprabhabgm@ksp.gov.in"
"Ranges","Northern Range – Belagavi","PSI Ghataprabha PS","286233 / —",""
"Ranges","Northern Range – Belagavi","PI Hukkeri PS","265133 / 9480804036","cpihukkeribgm@ksp.gov.in"
"Ranges","Northern Range – Belagavi","PSI-1 Hukkeri PS","266033 / 9480804071","hukkerribgm@ksp.gov.in"
"Ranges","Northern Range – Belagavi","PSI-2 Hukkeri PS","266033 / —",""
"Ranges","Northern Range – Belagavi","PSI-3 Hukkeri PS","273303 / —",""
"Ranges","Northern Range – Belagavi","PI Yamakanamardi PS","276333 / 9480804073","yamakanamardibgm@ksp.gov.in"
"Ranges","Northern Range – Belagavi","PSI Yamakanamardi PS","276333 / 8277967405",""
"Ranges","Northern Range – Belagavi","Pachapur OP","261460 / —",""
"Ranges","Northern Range – Belagavi","Hidkal Dam OP","263069 / —",""
"Ranges","Northern Range – Belagavi","PI Sankeshwar PS","273303 / —","sankeshwarbgm@ksp.gov.in"
"Ranges","Northern Range – Belagavi","PSI Sankeshwar PS","273303 / 9480804072",""
"Ranges","Northern Range – Belagavi","DSP Bailahongal","233190 / 9480804025","sdpobailahongalbgm@ksp.gov.in"
"Ranges","Northern Range – Belagavi","PI Bailahongal PS","233133 / 9480804037","bailahongalbgm@ksp.gov.in"
"Ranges","Northern Range – Belagavi","PSI-1 Bailhongal PS","233133 / 9480804074",""
"Ranges","Northern Range – Belagavi","PSI-2 Bailhongal PS","233133 / 9480804125",""
"Ranges","Northern Range – Belagavi","PI Nesargi PS","275233 / 7259392428 / 9480804075","nesargibgm@ksp.gov.in"
"Ranges","Northern Range – Belagavi","CPI Kittur Circle","286433 / 9480804038","cpikitturbgm@ksp.gov.in"
"Ranges","Northern Range – Belagavi","PSI Kittur PS","286233 / 9480804076","kitturbgm@ksp.gov.in"
"Ranges","Northern Range – Belagavi","PSI Doddawad PS","235545 / 9481415545 / 9480804077","doddawadbgm@ksp.gov.in"
"Ranges","Northern Range – Belagavi","PI Khanapur PS","223233 / 9480804033","khanapurbgm@ksp.gov.in"
"Ranges","Northern Range – Belagavi","PSI-1 Khanapur PS","222333 / 9480804086",""
"Ranges","Northern Range – Belagavi","PSI-2 Khanapur PS","222333 / 9480804129",""
"Ranges","Northern Range – Belagavi","PI Nandgad PS","236633 / 9480804087","nandgadbgm@ksp.gov.in"
"Ranges","Northern Range – Belagavi","DSP, Ramadurga","242232 / 9480804127","sdporamadurgabgm@ksp.gov.in"
"Ranges","Northern Range – Belagavi","CPI Ramadurga Circle","242233 / 9480804040","cpiramadurgabgm@ksp.gov.in"
"Ranges","Northern Range – Belagavi","PSI-1 Ramadurga PS","242333 / 9480804080","ramadurgabgm@ksp.gov.in"
"Ranges","Northern Range – Belagavi","PSI-2 Ramadurga PS","242333 / 9480804127",""
"Ranges","Northern Range – Belagavi","PSI Katkol PS","262133 / 9480804081","katakolbgm@ksp.gov.in"
"Ranges","Northern Range – Belagavi","PSI Sureban PS","200433 / 9902748691","surebanbgm@ksp.gov.in"
"Ranges","Northern Range – Belagavi","PI Savadatti PS","222333 / 9480804039","savadattibgm@ksp.gov.in"
"Ranges","Northern Range – Belagavi","PSI-1 Savadatti PS","222333 / 9480804078",""
"Ranges","Northern Range – Belagavi","PSI-2 Savadatti PS","222333 / 9480804126",""
"Ranges","Northern Range – Belagavi","PI Murgod PS","08337-265533 / 9480804079","murgodbgm@ksp.gov.in"
"Ranges","Northern Range – Belagavi","PSI Murgod PS","08337-265533 / —",""
"Ranges","Northern Range – Belagavi","M K Hubballi OP","274233 / —",""
"Ranges","Northern Range – Belagavi","Munnoli OP","277123 / —",""
"Ranges","Northern Range – Belagavi","Yaragatti OP","254233 / —",""
"Ranges","Northern Range – Belagavi","Pachapur OP","261460 / —",""
"Ranges","Northern Range – Belagavi","Hidkal Dam OP","263069 / —",""
"Ranges","Northern Range – Belagavi","Mugalkhod OP","252200 / —",""
"Ranges","Northern Range – Belagavi","Londa OP","234303 / —",""
"Ranges","Northern Range – Belagavi","Konnur OP","285493 / —",""
"Ranges","Northern Range – Belagavi","AAO","2405211 / 8277967403","aaobgm@ksp.gov.in"
"Ranges","Northern Range – Belagavi","DSP INT.","2475702 / —",""
"Ranges","Northern Range – Belagavi","DCRB Section","2405217 / —",""
"Ranges","Northern Range – Belagavi","PI FPB","— / 9480804010",""
"Ranges","Northern Range – Belagavi","PI DSB","2405225 / 9480804130",""
"Ranges","Northern Range – Belagavi","RPI MTO","2405230 / 9480804006",""
"Ranges","Northern Range – Belagavi","RPI Company","2405229 / 9480804102",""
"Ranges","Northern Range – Belagavi","Technical Cell","— / 9480804007",""
"Ranges","Northern Range – Belagavi","DC Belagavi","2407200 / —",""
"Ranges","Northern Range – Belagavi","Fire Officer Belagavi","2429441 / —",""
"Ranges","Northern Range – Belagavi","DC KSRTC","2468130 / 7760991600",""
"Ranges","Northern Range – Belagavi","SP, Vijayapura","250152 / RES-250023 / 9480804201","spbjp@ksp.gov.in"
"Ranges","Northern Range – Belagavi","Addl.SP-1, Vijayapura","250040 / RES-250500 / 9480804202","addlspbjp@ksp.gov.in"
"Ranges","Northern Range – Belagavi","Addl.SP-2, Vijayapura","222157 / 9480804209",""
"Ranges","Northern Range – Belagavi","District Control Room","250751 / 250948 / 250844 / 9480804200","dcbjp@ksp.gov.in"
"Ranges","Northern Range – Belagavi","PI (W) Control Room","250844 / 250948 / 9480800950",""
"Ranges","Northern Range – Belagavi","DSP, Vijayapura","253100 / 9480804220","spdobijapurbjp@ksp.gov.in"
"Ranges","Northern Range – Belagavi","PI Women PS","253555 / 9480804270","womenbjp@ksp.gov.in"
"Ranges","Northern Range – Belagavi","DSP Cyber Crime","240483 / 9480804207","cenpsbjp@ksp.gov.in"
"Ranges","Northern Range – Belagavi","PI Cyber Crime PS","— / 9480804268",""
"Ranges","Northern Range – Belagavi","PI Gandhi Chowk PS","250033 / 9480804230","cpibijapurtownbjp@ksp.gov.in"
"Ranges","Northern Range – Belagavi","PSI-1 Gandhi Chowk PS","—","gandhichowkbjp@ksp.gov.in"
"Ranges","Northern Range – Belagavi","PI Vijayapura Traffic PS","252600 / 9480804246","trafficbjp@ksp.gov.in"
"Ranges","Northern Range – Belagavi","CPI Golgumbaz Circle","250252 / 9480804232","cpigolgumbazbjp@ksp.gov.in"
"Ranges","Northern Range – Belagavi","PSI Golgumbaz PS","250214 / 9480804251","golgumbazbjp@ksp.gov.in"
"Ranges","Northern Range – Belagavi","PSI-1 Adarsha Nagar PS","263333 / 9480804250","adarshanagarbjp@ksp.gov.in"
"Ranges","Northern Range – Belagavi","PSI-1 APMC PS","252791 / 9480804252","apmcbjp@ksp.gov.in"
"Ranges","Northern Range – Belagavi","PSI Jalanagara PS","276300 / 9480804269","jalanagarbjp@ksp.gov.in"
"Ranges","Northern Range – Belagavi","DSP, Vijayapura Rural","— / 9480804223","sdporuralbjp@ksp.gov.in"
"Ranges","Northern Range – Belagavi","PI Vijayapura (R) PS","250923 / 9480804208","bijapurruralbjp@ksp.gov.in"
"Ranges","Northern Range – Belagavi","PSI Vijayapura (R) PS","250923 / 9480804247","bijapurruralbjp@ksp.gov.in"
"Ranges","Northern Range – Belagavi","CPI Vijayapura Rural Circle","251217 / 9480804231","cpibijapurruralbjp@ksp.gov.in"
"Ranges","Northern Range – Belagavi","PSI Tikota PS","231533 / 9480804248","tikotabjp@ksp.gov.in"
"Ranges","Northern Range – Belagavi","PSI Babaleshwar PS","08355-283033 / 9480804249","babalesjwarbjp@ksp.gov.in"
"Ranges","Northern Range – Belagavi","PSI Devarhipparagi PS","08424-283033 / 9480804259","devarahipparagibjp@ksp.gov.in"
"Ranges","Northern Range – Belagavi","PSI Managuli PS","08358-240833 / 9480804245","managulibjp@ksp.gov.in"
"Ranges","Northern Range – Belagavi","DSP Indi","225022 / 9480804222","sdpoindibjp@ksp.gov.in"
"Ranges","Northern Range – Belagavi","CPI Indi Rural Circle","225233 / 9480804233","cpiindiabjp@ksp.gov.in"
"Ranges","Northern Range – Belagavi","PSI-1 Indi Rural PS","225100 / 9480804273","indiruralbjp@ksp.gov.in"
"Ranges","Northern Range – Belagavi","PSI Horti PS","08422-283733 / 9480804254","hortibjp@ksp.gov.in"
"Ranges","Northern Range – Belagavi","PI Indi (T) PS","225333 / 9480804253","indibjp@ksp.gov.in"
"Ranges","Northern Range – Belagavi","PSI Indi (T) PS","225333 / —",""
"Ranges","Northern Range – Belagavi","CPI Chadachan Circle","278935 / 9480804234","cpichadachanbjp@ksp.gov.in"
"Ranges","Northern Range – Belagavi","PSI Chadachan PS","278013 / 9480804255","chadachanbjp@ksp.gov.in"
"Ranges","Northern Range – Belagavi","PSI Zalaki PS","282233 / 9480804256","zalakibjp@ksp.gov.in"
"Ranges","Northern Range – Belagavi","CPI Sindagi Circle","222333 / 9480804235","cpisindagibjp@ksp.gov.in"
"Ranges","Northern Range – Belagavi","PSI Sindagi PS","221333 / 9480804257","sindagibjp@ksp.gov.in"
"Ranges","Northern Range – Belagavi","PSI Almel PS","08488-232033 / 9480804258","almelbjp@ksp.gov.in"
"Ranges","Northern Range – Belagavi","PSI Kalakeri PS","08424-273233 / 9480804260","kalkeribjp@ksp.gov.in"
"Ranges","Northern Range – Belagavi","DSP B. Bagewadi","245233 / 9480804221","sdpobagewadibjp@ksp.gov.in"
"Ranges","Northern Range – Belagavi","CPI Nidagundi Circle","245244 / 9480804236","cpinidagundibjp@ksp.gov.in"
"Ranges","Northern Range – Belagavi","PSI-1 Nidagundi PS","281434 / 9480804263","nidagundibjp@ksp.gov.in"
"Ranges","Northern Range – Belagavi","PSI Kolhar PS","283013 / 9480804267","kolharbjp@ksp.gov.in"
"Ranges","Northern Range – Belagavi","PSI Alamatti PS","281103 / 9480804272","alamattibjp@ksp.gov.in"
"Ranges","Northern Range – Belagavi","PSI Kudagi PS","280133 / 9480804271","kudagintpbjp@ksp.gov.in"
"Ranges","Northern Range – Belagavi","PI Basavan Bagewadi PS","08358-245333 / 9480804261","bagewadibjp@ksp.gov.in"
"Ranges","Northern Range – Belagavi","PSI Basavan Bagewadi PS","245333 / —",""
"Ranges","Northern Range – Belagavi","CPI Muddebihal Circle","220332 / 9480804237","cpimuddebihalbjp@ksp.gov.in"
"Ranges","Northern Range – Belagavi","PSI-1 Muddebihal PS","220333 / 9480804264","muddebihalbjp@ksp.gov.in"
"Ranges","Northern Range – Belagavi","PSI-1 Talikot PS","266333 / 9480804265","talokotbjp@ksp.gov.in"
"Ranges","Northern Range – Belagavi","AAO","255761 / 8277967403","aaobjp@ksp.gov.in"
"Ranges","Northern Range – Belagavi","Supdt of Central Prisons","272044 / 9480806487","cpvpr.prosons-kar@gov.in"
"Ranges","Northern Range – Belagavi","DSP DCRE","241333 / 9480806118","dspdcrebjp@ksp.gov.in"
"Ranges","Northern Range – Belagavi","DSP INT","265656 / 9449878606",""
"Ranges","Northern Range – Belagavi","DSP DAR","250287 / 9480804206","dyspdarbjp@ksp.gov.in"
"Ranges","Northern Range – Belagavi","DSP ISD","— / 9480800629",""
"Ranges","Northern Range – Belagavi","PI DSB","250022 / 240808 / 9480804224","pidsbbjp@ksp.gov.in"
"Ranges","Northern Range – Belagavi","PI FPB Unit","— / 9480804210","fpubjp@ksp.gov.in"
"Ranges","Northern Range – Belagavi","RPI MTO","250287 / 9480804262","darbjp@ksp.gov.in"
"Ranges","Northern Range – Belagavi","PI KPTCL","277333 / 9448070799",""
"Ranges","Northern Range – Belagavi","Home Guard","265829 / —",""
"Ranges","Northern Range – Belagavi","District Prison","272044 / —",""
"Ranges","Northern Range – Belagavi","Railway PS","250883 / —",""
"Ranges","Northern Range – Belagavi","SP, Bagalakote","08354-235077 / RES-235078 / 9480803901","spbgk@ksp.gov.in"
"Ranges","Northern Range – Belagavi","Addl. SP-1, Bagalakote","235254 / 9480803902","addlspbgk@ksp.gov.in"
"Ranges","Northern Range – Belagavi","Addl. SP-2, Bagalakote","— / 9480803909",""
"Ranges","Northern Range – Belagavi","District Control Room","235079 / 235279 / 9480803900","dcbgk@ksp.gov.in"
"Ranges","Northern Range – Belagavi","PI (W)","235279 / 9480800951",""
"Ranges","Northern Range – Belagavi","DSP Bagalkote","220423 / 9480803920","sdpobgk@ksp.gov.in"
"Ranges","Northern Range – Belagavi","PI Women PS","235233 / —","womenpsbgk@ksp.gov.in"
"Ranges","Northern Range – Belagavi","PI Cyber Crime PS","236133 / 9480803908","cenpsbgk@ksp.gov.in"
"Ranges","Northern Range – Belagavi","PI Bagalkot Town PS","220333 / 9480803945","bgktownbgk@ksp.gov.in"
"Ranges","Northern Range – Belagavi","PSI-1 Bagalkot Town PS","220333 / —",""
"Ranges","Northern Range – Belagavi","PSI-2 Bagalkot Town PS","220333 / —",""
"Ranges","Northern Range – Belagavi","PI Bilagi PS","08425-275233 / 9480803963","bilagibgk@ksp.gov.in"
"Ranges","Northern Range – Belagavi","PSI Bilagi PS","08425-275233 / —",""
"Ranges","Northern Range – Belagavi","CPI Navanagara Circle","235333 / 9480803930","cpibgktownbgk@ksp.gov.in"
"Ranges","Northern Range – Belagavi","PSI-1 Bagalkot Traffic PS","235033 / 9480803946","bgktrafficbgk@ksp.gov.in"
"Ranges","Northern Range – Belagavi","PSI-2 Bagalkot Traffic PS","235033 / —",""
"Ranges","Northern Range – Belagavi","PSI-1 Navanagar PS","235323 / 9480803964","navnagarbgk@ksp.gov.in"
"Ranges","Northern Range – Belagavi","PSI-2 Navanagar PS","235323 / —",""
"Ranges","Northern Range – Belagavi","CPI Bagalkot Rural Circle","220233 / 9480803931","cpibgkruralbgk@ksp.gov.in"
"Ranges","Northern Range – Belagavi","PSI Bagalkot Rural PS","220460 / 9480803947","bgkruralbgkbgk@ksp.gov.in"
"Ranges","Northern Range – Belagavi","PSI Kaladagi PS","240133 / 9480803948","kalagdibgk@ksp.gov.in"
"Ranges","Northern Range – Belagavi","DSP, Hunagund","— / 9480803910","sdpohungundbgk@ksp.gov.in"
"Ranges","Northern Range – Belagavi","CPI Hunagund Circle","260333 / 9480803933","cpihinagundbgk@ksp.gov.in"
"Ranges","Northern Range – Belagavi","PSI Hunagund PS","260333 / 9480803952","hunagundbgk@ksp.gov.in"
"Ranges","Northern Range – Belagavi","PSI Amingad PS","280133 / 9480803953","aminagadbgk@ksp.gov.in"
"Ranges","Northern Range – Belagavi","PSI-1 Ilkal [T] PS","270333 / 9480803954","ilkalbgk@ksp.gov.in"
"Ranges","Northern Range – Belagavi","PSI-2 Ilkal [T] PS","270333 / —",""
"Ranges","Northern Range – Belagavi","PSI Ilkal Rural PS","272333 / —","ilkalruralbgk@ksp.gov.in"
"Ranges","Northern Range – Belagavi","CPI Badami Circle","220033 / 9480803932","cpibadamibgk@ksp.gov.in"
"Ranges","Northern Range – Belagavi","PSI-1 Badami PS","220133 / 9480803949","badamibgk@ksp.gov.in"
"Ranges","Northern Range – Belagavi","PSI-2 Badami PS","220133 / —",""
"Ranges","Northern Range – Belagavi","PSI Kerur PS","230033 / 9480803950","kerurbgk@ksp.gov.in"
"Ranges","Northern Range – Belagavi","PSI-1 Guledgudda PS","250333 / 9480803951","guledgudbgk@ksp.gov.in"
"Ranges","Northern Range – Belagavi","PSI-2 Guledgudda PS","250333 / —",""
"Ranges","Northern Range – Belagavi","DSP Jamakhandi","220114 / 9480803921","sdpojkbgk@ksp.gov.in"
"Ranges","Northern Range – Belagavi","CPI Jamakhandi Circle","220138 / 9480803934","cpijamakhandibgk@ksp.gov.in"
"Ranges","Northern Range – Belagavi","PSI-1 Jamakhandi [T] PS","220033 / 9480803955","jktownbgk@ksp.gov.in"
"Ranges","Northern Range – Belagavi","PSI-2 Jamakhandi [T] PS","220033 / —",""
"Ranges","Northern Range – Belagavi","PSI Jamakhandi Rural PS","220623 / 9480803956","jkruralbgk@ksp.gov.in"
"Ranges","Northern Range – Belagavi","PSI Savalagi PS","250033 / 9480803957","savalagibgk@ksp.gov.in"
"Ranges","Northern Range – Belagavi","CPI Banahatti Circle","230233 / 9480803935","cpibanahattibgk@ksp.gov.in"
"Ranges","Northern Range – Belagavi","PSI-1 Banahatti PS","230292 / 9480803958","banahattibgk@ksp.gov.in"
"Ranges","Northern Range – Belagavi","PSI-2 Banahatti PS","230292 / —",""
"Ranges","Northern Range – Belagavi","PSI Terdal PS","255133 / 9480803959","terdalbgk@ksp.gov.in"
"Ranges","Northern Range – Belagavi","PSI-1 Mahalingapur PS","08350-270033 / 9480803961","mahalingpurbgk@ksp.gov.in"
"Ranges","Northern Range – Belagavi","PSI-2 Mahalingapur PS","08350-270033 / —",""
"Ranges","Northern Range – Belagavi","CPI Mudhol Circle","280103 / 9480803936","cpimudholbgk@ksp.gov.in"
"Ranges","Northern Range – Belagavi","PSI-1 Mudhol PS","280133 / 9480803960","mudholbgk@ksp.gov.in"
"Ranges","Northern Range – Belagavi","PSI-2 Mudhol PS","280133 / —",""
"Ranges","Northern Range – Belagavi","PSI Lokapur PS","243033 / 9480803962","lokapurbgk@ksp.gov.in"
"Ranges","Northern Range – Belagavi","AAO","235076 / —",""
"Ranges","Northern Range – Belagavi","DSP DCRB","235024 / —","dcrbbgk@ksp.gov.in"
"Ranges","Northern Range – Belagavi","DSP DCRE","295768 / 9480806119",""
"Ranges","Northern Range – Belagavi","DSP INT","220641 / 9449878601",""
"Ranges","Northern Range – Belagavi","PI DCRE","233868 / 9480806144",""
"Ranges","Northern Range – Belagavi","PI KLA","236170 / —",""
"Ranges","Northern Range – Belagavi","PI KPTCL","234011 / —",""
"Ranges","Northern Range – Belagavi","PI DSB","235076 / 9480803907","dsbbgk@ksp.gov.in"
"Ranges","Northern Range – Belagavi","PI FPB","—","fpubgk@ksp.gov.in"
"Ranges","Northern Range – Belagavi","DSP DAR","235083 / 9480803906","darbgk@ksp.gov.in"
"Ranges","Northern Range – Belagavi","RPI DAR","235083 / 9480803937",""
"Ranges","Northern Range – Belagavi","HESCOM","234011 / —",""
"Ranges","Northern Range – Belagavi","Jail","235255 / —",""
"Ranges","Northern Range – Belagavi","Home Guard","235052 / —",""
"Ranges","Northern Range – Belagavi","DC","235091 / 235096 / —",""
"Ranges","Northern Range – Belagavi","CEO ZP","235576 / —",""
"Ranges","Northern Range – Belagavi","RTO","235275 / —",""
"Ranges","Northern Range – Belagavi","KPTCL","233032 / —",""
"Ranges","Northern Range – Belagavi","Forest Office","235632 / —",""
"Ranges","Northern Range – Belagavi","Fire Office","236101 / —",""
"Ranges","Northern Range – Belagavi","Women & Child Helpline","235708 / —",""
"Ranges","Northern Range – Belagavi","Elder Helpline","235414 / —",""
"Ranges","Northern Range – Belagavi","KSRTC","235389 / —",""
"Ranges","Northern Range – Belagavi","Govt. Hospital","236260 / —",""
"Ranges","Northern Range – Belagavi","DHO","235379 / —",""
"Ranges","Northern Range – Belagavi","Social Welfare Officer","235526 / —",""
"Ranges","Northern Range – Belagavi","Almatti Dam","08426-281063 / —",""
"Ranges","Northern Range – Belagavi","Railway Station","220422 / —",""
"Ranges","Northern Range – Belagavi","KSRTC Depo","220480 / —",""
"Ranges","Northern Range – Belagavi","SP, Dharwad","0836-2233200 / RES-2233300 / 9480804301","spdwd@ksp.gov.in"
"Ranges","Northern Range – Belagavi","Addl. SP, Dharwad","0836-2233203 / RES-2233303 / 9480804309",""
"Ranges","Northern Range – Belagavi","District Control Room","2233201 / 2446306 / 9480804300","dcdwr@ksp.gov.in"
"Ranges","Northern Range – Belagavi","PI (W)","2233206 / RES-2233306 / 9480800952",""
"Ranges","Northern Range – Belagavi","DSP, Dharwad Rural","2233202 / 9480804320","sdpodwd@ksp.gov.in"
"Ranges","Northern Range – Belagavi","PI Women PS","2233301 / 8277968301","womenpsdwd@ksp.gov.in"
"Ranges","Northern Range – Belagavi","PI Cyber Crime PS","2444969 / 9480804308","cenpsdwd@ksp.gov.in"
"Ranges","Northern Range – Belagavi","PI Dharwad Rural","2233215 / 9480804345","dharwadruraldwd@ksp.gov.in"
"Ranges","Northern Range – Belagavi","PSI-1 Dharwad Rural PS","2233215 / —",""
"Ranges","Northern Range – Belagavi","PSI-2 Dharwad Rural PS","2233215 / —",""
"Ranges","Northern Range – Belagavi","CPI Garag Circle","2233213 / 9480804330","cpiruraldwd@ksp.gov.in"
"Ranges","Northern Range – Belagavi","PSI Garag PS","2233217 / 2787833 / 9480804347","garagdwd@ksp.gov.in"
"Ranges","Northern Range – Belagavi","PSI Alnavar PS","2233216 / 9480804346","alnavardwd@ksp.gov.in"
"Ranges","Northern Range – Belagavi","CPI Navalagund Circle","229333 / 9480804331","cpinavalgunddwd@ksp.gov.in"
"Ranges","Northern Range – Belagavi","PSI Navalagund PS","229233 / 9480804348","navalagunddwd@ksp.gov.in"
"Ranges","Northern Range – Belagavi","PSI-1 Annigeri PS","222733 / 9480804349","annigeridwd@ksp.gov.in"
"Ranges","Northern Range – Belagavi","PSI-2 Annigeri PS","222733 / —",""
"Ranges","Northern Range – Belagavi","PI Hubballi Rural PS","2233214 / 9480804350","hubliruraldwd@ksp.gov.in"
"Ranges","Northern Range – Belagavi","PSI Hubballi Rural PS","2233214 / —",""
"Ranges","Northern Range – Belagavi","CPI Kundagol Circle","290343 / 9480804352","kundagoldwd@ksp.gov.in"
"Ranges","Northern Range – Belagavi","PSI Kundagol PS","290343 / —","kundagoldwd@ksp.gov.in"
"Ranges","Northern Range – Belagavi","PSI Gudageri PS","262100 / —","gudageridwd@ksp.gov.in"
"Ranges","Northern Range – Belagavi","PI Kalagatagi","284511 / 9480804351","kalaghatagidwd@ksp.gov.in"
"Ranges","Northern Range – Belagavi","PSI Kalagatagi","284511 / —",""
"Ranges","Northern Range – Belagavi","OP Mishrikoti","283633 / —",""
"Ranges","Northern Range – Belagavi","AAO Dharwad","2233205 / —",""
"Ranges","Northern Range – Belagavi","DSP KLA","2793999 / —",""
"Ranges","Northern Range – Belagavi","DSP DCRB","2233203 / 9480804309","dcrbdwd@ksp.gov.in"
"Ranges","Northern Range – Belagavi","DSP DAR","2233204 / 9480804306",""
"Ranges","Northern Range – Belagavi","DSP CID","0836-2778334 / 9480800624",""
"Ranges","Northern Range – Belagavi","DSP ISD","0836-2774934 / —",""
"Ranges","Northern Range – Belagavi","RPI DAR","2233204 / —",""
"Ranges","Northern Range – Belagavi","RPI MTO","2233204 / —","mtodardwd@ksp.gov.in"
"Ranges","Northern Range – Belagavi","PI DSB","2233207 / 9480804307",""
"Ranges","Northern Range – Belagavi","PI DCIB","2444969 / —","dcibdwd@ksp.gov.in"
"Ranges","Northern Range – Belagavi","PI FPB","— / 9480804310",""
"Ranges","Northern Range – Belagavi","PI INT DWD (Office at Hubballi)","2271302 / 9449878612",""
"Ranges","Northern Range – Belagavi","Home Guard","2442496 / —",""
"Ranges","Northern Range – Belagavi","DC","2233888 / —",""
"Ranges","Northern Range – Belagavi","AC","2233860 / —",""
"Ranges","Northern Range – Belagavi","CEO Z/P Dharwad","2447542 / —",""
"Ranges","Northern Range – Belagavi","SP Central Prison","2447428 / —",""
"Ranges","Northern Range – Belagavi","Police Guest House","2233209 / —",""
"Ranges","Northern Range – Belagavi","High Court","2485265 / —",""
"Ranges","Northern Range – Belagavi","Social Welfare","2447201 / —",""
"Ranges","Northern Range – Belagavi","KPTCL","2467001 / —",""
"Ranges","Northern Range – Belagavi","Govt. Hospital","2448111 / —",""
"Ranges","Northern Range – Belagavi","Excise","2322066 / —",""
"Ranges","Northern Range – Belagavi","RTO","2233392 / 2233929 / —",""
"Ranges","Northern Range – Belagavi","Fire Station","2794555 / —",""
"Ranges","Northern Range – Belagavi","Railway Station","2326859 / 2441109 / —",""
"Ranges","Northern Range – Belagavi","District Treasury","2447483 / —",""
"Ranges","Northern Range – Belagavi","DHO","2745063 / —",""
"Ranges","Northern Range – Belagavi","Guest House","2447735 / —",""
"Ranges","Northern Range – Belagavi","SP, Gadag","08372-236260 / 08372-230270 / RES-235066 / 9480804401","spgdg@ksp.gov.in"
"Ranges","Northern Range – Belagavi","Addl. SP, Gadag","233260 / 9480804409","addlspgdg@ksp.gov.in"
"Ranges","Northern Range – Belagavi","District Control Room","220509 / 238305 / 9480804400","dcgdg@ksp.gov.in"
"Ranges","Northern Range – Belagavi","PI (W)","238300 / 9480800954",""
"Ranges","Northern Range – Belagavi","DSP, Gadag","238704 / 9480804420","sdpogadaggdg@ksp.gov.in"
"Ranges","Northern Range – Belagavi","PI Women PS","276133 / 9480804447","womengdg@ksp.gov.in"
"Ranges","Northern Range – Belagavi","PI Cyber Crime PS","251845 / 9480804445","cengdg@ksp.gov.in"
"Ranges","Northern Range – Belagavi","PI Gadag Town PS","235233 / 9480804430","towngdg@ksp.gov.in"
"Ranges","Northern Range – Belagavi","PSI Gadag Town PS","238333 / —",""
"Ranges","Northern Range – Belagavi","PI Gadag Rural PS","278703 / 9480804431","cpiruralgdg@ksp.gov.in"
"Ranges","Northern Range – Belagavi","PSI-1 Gadag Rural PS","278213 / —","ruralgdg@ksp.gov.in"
"Ranges","Northern Range – Belagavi","PSI-2 Gadag Rural PS","278213 / —",""
"Ranges","Northern Range – Belagavi","PI Mulagund PS","280133 / 9480804448","mulagundgdg@ksp.gov.in"
"Ranges","Northern Range – Belagavi","CPI Betageri Circle","235655 / 9480804432","cpibetagerigdg@ksp.gov.in"
"Ranges","Northern Range – Belagavi","PSI-1 Betageri PS","246333 / 9480804449","betagerigdg@ksp.gov.in"
"Ranges","Northern Range – Belagavi","PSI-2 Betageri PS","246333 / —",""
"Ranges","Northern Range – Belagavi","PSI-1 Betageri Extension PS","237019 / 9480804450","betageriextngdg@ksp.gov.in"
"Ranges","Northern Range – Belagavi","PSI-2 Betageri Extension PS","237019 / —",""
"Ranges","Northern Range – Belagavi","PSI-1 Gadag Betageri Traffic PS","238425 / 9480804446","trafficgdg@ksp.gov.in"
"Ranges","Northern Range – Belagavi","PSI-2 Gadag Betageri Traffic PS","238425 / —",""
"Ranges","Northern Range – Belagavi","CPI Shirahatti Circle","242434 / 9480804433","cpishirahattigdg@ksp.gov.in"
"Ranges","Northern Range – Belagavi","PSI Shirahatti PS","242233 / 9480804451","shirahattigdg@ksp.gov.in"
"Ranges","Northern Range – Belagavi","PSI-1 Laxmeshwar PS","272333 / 9480804452","laxmeshwargdg@ksp.gov.in"
"Ranges","Northern Range – Belagavi","PSI-2 Laxmeshwar PS","272333 / —",""
"Ranges","Northern Range – Belagavi","DSP, Naragund","08377-245388 / 9480804408","sdponaragundgdg@ksp.gov.in"
"Ranges","Northern Range – Belagavi","PI Naragund PS","245288 / 9480804456","naragundgdg@ksp.gov.in"
"Ranges","Northern Range – Belagavi","PSI-1 Naragund PS","245288 / —",""
"Ranges","Northern Range – Belagavi","PSI-2 Naragund PS","245288 / —",""
"Ranges","Northern Range – Belagavi","CPI Ron Circle","267244 / 9480804434","cpirongdg@ksp.gov.in"
"Ranges","Northern Range – Belagavi","PSI Ron PS","267233 / 9480804457","rongdg@ksp.gov.in"
"Ranges","Northern Range – Belagavi","PSI-1 Gajendragad PS","262133 / 9480804453","gajendragadgdg@ksp.gov.in"
"Ranges","Northern Range – Belagavi","PSI-2 Gajendragad PS","262133 / —",""
"Ranges","Northern Range – Belagavi","PSI Naregal PS","268233 / 9480804454","naregalgdg@ksp.gov.in"
"Ranges","Northern Range – Belagavi","PI Mundargi PS","262233 / 9480804455","mundaragigdg@ksp.gov.in"
"Ranges","Northern Range – Belagavi","PSI Mundargi PS","262233 / —",""
"Ranges","Northern Range – Belagavi","AAO","239033 / —",""
"Ranges","Northern Range – Belagavi","DSP DCRB","—","dspdcrbgdg@ksp.gov.in"
"Ranges","Northern Range – Belagavi","DSP KLA","220007 / —",""
"Ranges","Northern Range – Belagavi","PI Int","245044 / 9449878613",""
"Ranges","Northern Range – Belagavi","DCRB Gadag","— / 9480806037","mvccgdg@ksp.gov.in"
"Ranges","Northern Range – Belagavi","PI KLA","236164 / —",""
"Ranges","Northern Range – Belagavi","PI DSB","220117 / 9480804407","dsbgdg@ksp.gov.in"
"Ranges","Northern Range – Belagavi","PI DCIB","—",""
"Ranges","Northern Range – Belagavi","PI ACB","232566 / —",""
"Ranges","Northern Range – Belagavi","PI FPB","233260 / 9480804410","fpugdg@ksp.gov.in"
"Ranges","Northern Range – Belagavi","DSP DAR","— / 9480804406","dargdg@ksp.gov.in"
"Ranges","Northern Range – Belagavi","RPI DAR-1","08372-297268 / —",""
"Ranges","Northern Range – Belagavi","RPI DAR-2","08372-297268 / —",""
"Ranges","Northern Range – Belagavi","Railway","08372-278744 / 9480802128","gadagrly@ksp.gov.in"
"Ranges","Northern Range – Belagavi","Computer Section","08372-234669 / —",""
"Ranges","Northern Range – Belagavi","Balehosur OP","08487-271285 / —",""
"Ranges","Northern Range – Belagavi","Sub-Jail","246341 / 9480806486","dpgadag.prisons-kar@ka.gov.in"
"Ranges","Northern Range – Belagavi","Home Guard","220203 / 9448355704","hgofficegadag330@gmail.com"
"Ranges","Northern Range – Belagavi","Holealur OP","08381-266133 / —",""
"Ranges","Northern Range – Belagavi","Konnur OP","08377-266233 / —",""
"Ranges","Northern Range – Belagavi","DC","237300 / —","deo.gadag@gmail.com"
"Ranges","Northern Range – Belagavi","CEO","234375 / 9480865000","ceo-gadag@gov.in"
"Ranges","Northern Range – Belagavi","AC","278506 / 8147169363","acgadag@gmail.com"
"Ranges","Northern Range – Belagavi","RTO","297219 / 9449864026","rtogdg-ka@nic.in"
"Ranges","Northern Range – Belagavi","Tahasildar Gadag","278532 / 7829895434","tahgdg@gmail.com"
"Ranges","Southern Range – Mysuru","IGP, Southern Range","0821-2421200, 2445168, RES-2522201, 2418700 / 9480800031","igpsr@ksp.gov.in"
"Ranges","Southern Range – Mysuru","DySP HQ, IGP Office","2418602 / 9480805019",""
"Ranges","Southern Range – Mysuru","DySP D.E, IGP Office","2418702 / 9480805018",""
"Ranges","Southern Range – Mysuru","DySP FPB, IGP Office","2444545 / 9480800488",""
"Ranges","Southern Range – Mysuru","SP, DCRE, Southern Range","0821-2344970, 2344912 / 9480806107","sp.dcre.mys@ksp.gov.in"
"Ranges","Southern Range – Mysuru","SP, Mysuru","2520040 / 2418607 / 2444268 / 9480805001","spmys@ksp.gov.in"
"Ranges","Southern Range – Mysuru","Addl. SP-1, Mysuru","2446638 / 9480805002","addlspmys@ksp.gov.in"
"Ranges","Southern Range – Mysuru","Addl. SP-2, Mysuru","2446932 / 9480805009","addlsp2mys@ksp.gov.in"
"Ranges","Southern Range – Mysuru","Dist. Control Room","2418612 / 2443535 / 9480805000","dcmys@ksp.gov.in"
"Ranges","Southern Range – Mysuru","DSP(W) South Zone","2418572 / 9480800912","dspwszmys@ksp.gov.in"
"Ranges","Southern Range – Mysuru","PI(W)","2444800 / 9480800936","piwdcrmys@gmail.com"
"Ranges","Southern Range – Mysuru","DSP, Mysuru Rural","2436600 / 2418714 / 9480805020","sdporuralmys@ksp.gov.in"
"Ranges","Southern Range – Mysuru","PI Women PS","2441552 / 9480805061","womenpsmys@ksp.gov.in"
"Ranges","Southern Range – Mysuru","PI Cyber Crime PS","2483637 / 9480805008","cenpsmys@ksp.gov.in"
"Ranges","Southern Range – Mysuru","PI Mysuru South PS","2444955 / 9480805045","southmys@ksp.gov.in"
"Ranges","Southern Range – Mysuru","PI K.R.Nagar PS","262222 / 9480805036","krnagarmys@ksp.gov.in"
"Ranges","Southern Range – Mysuru","PSI K.R.Nagar PS","263666 / —",""
"Ranges","Southern Range – Mysuru","PI Saligrama PS","283341 / 9480805062","saligramamys@ksp.gov.in"
"Ranges","Southern Range – Mysuru","CPI Mysuru Rural","2520260 / 2418615 / 9480805031","cpiruralmys@ksp.gov.in"
"Ranges","Southern Range – Mysuru","PSI Jayapura","2595781 / 9480805047","jayapuramys@ksp.gov.in"
"Ranges","Southern Range – Mysuru","PSI Yelawala","2402222 / 9480805046","yelawalamys@ksp.gov.in"
"Ranges","Southern Range – Mysuru","PSI Varuna","2594411 / 9480805052","varunamys@ksp.gov.in"
"Ranges","Southern Range – Mysuru","DSP Hunsur","252044 / 9480805022","sdpohunsurmys@ksp.gov.in"
"Ranges","Southern Range – Mysuru","PI Hunsur Town PS","252133 / 9480805034","hunsurtownmys@ksp.gov.in"
"Ranges","Southern Range – Mysuru","PI Hunsur Rural PS","252042 / 9480805056","hunsurruralmys@ksp.gov.in"
"Ranges","Southern Range – Mysuru","PI Bilikere PS","240002 / 9480805057","bilikeremys@ksp.gov.in"
"Ranges","Southern Range – Mysuru","CPI Bylakuppa Circle","274172 / 9480805035","cpibyalakuppemys@ksp.gov.in"
"Ranges","Southern Range – Mysuru","PSI Bylakuppa PS","254433 / 9480805059","byalakuppemys@ksp.gov.in"
"Ranges","Southern Range – Mysuru","PSI Bettadapura PS","275700 / 9480805060","bettadapuramys@ksp.gov.in"
"Ranges","Southern Range – Mysuru","PI Periyapatna PS","273100 / 9480805058","periyapatnamys@ksp.gov.in"
"Ranges","Southern Range – Mysuru","CPI Sargur Circle","257542 / 9480805037","cpisargurmys@ksp.gov.in"
"Ranges","Southern Range – Mysuru","PSI Sargur PS","265542 / 9480805064","sargurmys@ksp.gov.in"
"Ranges","Southern Range – Mysuru","PSI Antharasanthe PS","268333 / 9480805065","antharasanthemys@ksp.gov.in"
"Ranges","Southern Range – Mysuru","PI H.D.Kote PS","255329 / 9480805063","hdkotemys@ksp.gov.in"
"Ranges","Southern Range – Mysuru","DSP, Nanjangudu","226249 / 9480805021","sdponanjangudmys@ksp.gov.in"
"Ranges","Southern Range – Mysuru","PI Nanjangudu Town PS","228383 / 9480805048","nanjangudtownmys@ksp.gov.in"
"Ranges","Southern Range – Mysuru","PSI Nanjangudu Traffic PS","226633 / 9480805055","nanjangudtrafficps@ksp.gov.in"
"Ranges","Southern Range – Mysuru","PI Nanjangudu Rural PS","226259 / 9480805049","nanjangudruralmys@ksp.gov.in"
"Ranges","Southern Range – Mysuru","CPI Biligere","226226 / 9480805032","biligeremys@ksp.gov.in"
"Ranges","Southern Range – Mysuru","PSI Biligere","232255 / 9480805051",""
"Ranges","Southern Range – Mysuru","PSI-1 Hullahalli PS","220111 / 9480805066","hullahallimys@ksp.gov.in"
"Ranges","Southern Range – Mysuru","PSI Kowlande PS","295621 / 9480805050","kowlandemys@ksp.gov.in"
"Ranges","Southern Range – Mysuru","PI T.N.Pura PS","260990 / 9480805033",""
"Ranges","Southern Range – Mysuru","PSI-1 T.N.Pura PS","261227 / —","tnpuramys@ksp.gov.in"
"Ranges","Southern Range – Mysuru","PI Bannur PS","275632 / 9480805053","bannurmys@ksp.gov.in"
"Ranges","Southern Range – Mysuru","PSI Bannur PS","275632 / —",""
"Ranges","Southern Range – Mysuru","PI Talakadu PS","273369 / 9480805054","talakadumys@ksp.gov.in"
"Ranges","Southern Range – Mysuru","AAO","2441551 / —","aaomys@ksp.gov.in"
"Ranges","Southern Range – Mysuru","DSP ISD","2474450 / 9480800614",""
"Ranges","Southern Range – Mysuru","PI ISD","2474450 / 9480800691",""
"Ranges","Southern Range – Mysuru","PI DSB","2529710 / 9480805007","pidsbmys@ksp.gov.in"
"Ranges","Southern Range – Mysuru","RPI DAR","2473058 / 9480805006","darmys@ksp.gov.in"
"Ranges","Southern Range – Mysuru","DSP FPB","2444545 / 9480800488",""
"Ranges","Southern Range – Mysuru","PI FPB","— / 9480805010","fpbmyc@ksp.gov.in"
"Ranges","Southern Range – Mysuru","FSL","2522250 / —","rfslmys@ksp.gov.in"
"Ranges","Southern Range – Mysuru","Prison","2492089 / —",""
"Ranges","Southern Range – Mysuru","PTS","2418732 / —","ptsmyc@ksp.gov.in"
"Ranges","Southern Range – Mysuru","Home Guard","2542877 / —",""
"Ranges","Southern Range – Mysuru","SP, Hassan","268410 / 268845 / 9480804701","sphsn@ksp.gov.in"
"Ranges","Southern Range – Mysuru","Addl. SP-1, Hassan","265076 / 268057 / 9480804702","addlsphsn@ksp.gov.in"
"Ranges","Southern Range – Mysuru","Addl. SP-2, Hassan","268007 / 9480804710",""
"Ranges","Southern Range – Mysuru","Dist. Control Room","268845 / 265000 / 268500 / 9480804787 / 9480804700","dchsn@ksp.gov.in"
"Ranges","Southern Range – Mysuru","PI(W)","268845 / 9480800940",""
"Ranges","Southern Range – Mysuru","ERSS","268422 / —",""
"Ranges","Southern Range – Mysuru","DSP, Hassan","268964 / 9480804720","sdpohsn@ksp.gov.in"
"Ranges","Southern Range – Mysuru","PI Women PS","261000 / 9480804772","womenpshsn@ksp.gov.in"
"Ranges","Southern Range – Mysuru","PI Cyber Crime PS","251666 / 9480804708","dcbhsn@ksp.gov.in"
"Ranges","Southern Range – Mysuru","PI Hassan City PS","268333 / 9480804745","townhsn@ksp.gov.in"
"Ranges","Southern Range – Mysuru","PSI-1 Hassan City PS","268333 / 9480804778",""
"Ranges","Southern Range – Mysuru","PI Hassan (R) PS","268630 / 9480804746","ruralhsn@ksp.gov.in"
"Ranges","Southern Range – Mysuru","PSI Hassan (R) PS","268630 / —",""
"Ranges","Southern Range – Mysuru","PI Hassan Extension PS","268967 / 9480804730","extensionhsn@ksp.gov.in"
"Ranges","Southern Range – Mysuru","PSI-1 Hassan Extension PS","268967 / 9480804747",""
"Ranges","Southern Range – Mysuru","PI Pension Mohalla PS","272260 / 9480804748","pensionmohallahsn@ksp.gov.in"
"Ranges","Southern Range – Mysuru","PSI Pension Mohalla PS","272260 / 9480804741",""
"Ranges","Southern Range – Mysuru","PI Hassan Traffic PS","272846 / 9480804749","traffichsn@ksp.gov.in"
"Ranges","Southern Range – Mysuru","PSI-1 Hassan Traffic PS","272846 / 9480804773",""
"Ranges","Southern Range – Mysuru","PSI-2 Hassan Traffic PS","272846 / 9480804774",""
"Ranges","Southern Range – Mysuru","CPI Shanthigrama Circle","233980 / 9480804737","cpiruralhsn@ksp.gov.in"
"Ranges","Southern Range – Mysuru","PSI Shanthigrama PS","— / 9480804783","sgramahsn@ksp.gov.in"
"Ranges","Southern Range – Mysuru","PSI Gorur PS","225475 / 9480804750","gorurhsn@ksp.gov.in"
"Ranges","Southern Range – Mysuru","PSI Dudda PS","223935 / 9480804751","duddahsn@ksp.gov.in"
"Ranges","Southern Range – Mysuru","DSP, Arasikere","232422 / 9480804721","sdpoarasikerehsn@ksp.gov.in"
"Ranges","Southern Range – Mysuru","CPI Arasikere Rural Circle","232702 / 9480804731","cpiarasikereruralhsn@ksp.gov.in"
"Ranges","Southern Range – Mysuru","PSI Gandasi PS","220630 / 9480804755","gandasihsn@ksp.gov.in"
"Ranges","Southern Range – Mysuru","PSI Javagal PS","271221 / 9480804784","javgalhsn@ksp.gov.in"
"Ranges","Southern Range – Mysuru","PSI Banavara PS","235633 / 9480804756","banavarahsn@ksp.gov.in"
"Ranges","Southern Range – Mysuru","PI Arasikere Rural PS","232237 / 9480804754","arasikereruralhsn@ksp.gov.in"
"Ranges","Southern Range – Mysuru","PI Arasikere (T) PS","232233 / 9480804738","arasikeretownhsn@ksp.gov.in"
"Ranges","Southern Range – Mysuru","PSI-1 Arasikere (T) PS","232233 / 9480804753",""
"Ranges","Southern Range – Mysuru","CPI Halebeedu Circle","222460 / 9480804732","cpibelurhsn@ksp.gov.in"
"Ranges","Southern Range – Mysuru","PSI Halebeedu PS","273201 / 9480804758","halebeeduhsn@ksp.gov.in"
"Ranges","Southern Range – Mysuru","PSI Arehalli PS","221342 / 9480804759","arehallyhsn@ksp.gov.in"
"Ranges","Southern Range – Mysuru","PI Belur PS","222444 / 9480804782","belurhsn@ksp.gov.in"
"Ranges","Southern Range – Mysuru","PSI Belur PS","222444 / 9480804757",""
"Ranges","Southern Range – Mysuru","ASP, Holenarasipura","273632 / 9480804722","sdpohnpurahsn@ksp.gov.in"
"Ranges","Southern Range – Mysuru","CPI Holenarasipura Circle","273349 / 9480804735","cpihnpurahsn@ksp.gov.in"
"Ranges","Southern Range – Mysuru","PSI-1 H.N.Pura (T) PS","273333 / 9480804765","hnpuratownhsn@ksp.gov.in"
"Ranges","Southern Range – Mysuru","PSI H.N.Pura (R) PS","273308 / 9480804766","hnpuraruralhsn@ksp.gov.in"
"Ranges","Southern Range – Mysuru","PSI Halli Mysuru PS","260100 / 9480804780",""
"Ranges","Southern Range – Mysuru","CPI Arakalagudu PS","220285 / 9480804734","cpiarkalgudhsn@ksp.gov.in"
"Ranges","Southern Range – Mysuru","PSI Arakalagudu PS","220249 / 9480804763","arkalgudhsn@ksp.gov.in"
"Ranges","Southern Range – Mysuru","PSI Konanur PS","226227 / 9480804764","konanurhsn@ksp.gov.in"
"Ranges","Southern Range – Mysuru","DSP, Channarayapatna","— / 9480804712",""
"Ranges","Southern Range – Mysuru","PI C.R.Patna (T) PS","252333 / 9480804767","crpatnatownhsn@ksp.gov.in"
"Ranges","Southern Range – Mysuru","PSI C.R.Patna (T) PS","252333 / 9480804779",""
"Ranges","Southern Range – Mysuru","PSI C.R.Patna Traffic PS","256707 / 9480804775",""
"Ranges","Southern Range – Mysuru","PI C.R.Patna (R) PS","254933 / 9480804768","crpatnaruralhsn@ksp.gov.in"
"Ranges","Southern Range – Mysuru","PSI C.R.Patna (R) PS","254933 / 8277959700",""
"Ranges","Southern Range – Mysuru","CPI Hiresave Circle","252237 / 9480804736","cpihirisavehsn@ksp.gov.in"
"Ranges","Southern Range – Mysuru","PSI Hiresave PS","226888 / 9480804770","hirisavehsn@ksp.gov.in"
"Ranges","Southern Range – Mysuru","PSI Nuggehalli PS","233033 / 9480804769","nuggehallyhsn@ksp.gov.in"
"Ranges","Southern Range – Mysuru","PSI Shravanabelagola PS","257229 / 9480804771","shravanabelagolahsn@ksp.gov.in"
"Ranges","Southern Range – Mysuru","DSP, Sakaleshapura","245505 / 9480804723","sdposakaleshapurahsn@ksp.gov.in"
"Ranges","Southern Range – Mysuru","PI Sakaleshapura (T) PS","244100 / 9480804760","sakaleshapuratownhsn@ksp.gov.in"
"Ranges","Southern Range – Mysuru","PSI Sakaleshapura (T) PS","244100 / 9480804781",""
"Ranges","Southern Range – Mysuru","CPI Sakaleshapura Circle","244403 / 9480804733","cpisakaleshapurahsn@ksp.gov.in"
"Ranges","Southern Range – Mysuru","PSI-1 Sakaleshapura (R) PS","245183 / 9480804761","sakaleshapuraruralhsn@ksp.gov.in"
"Ranges","Southern Range – Mysuru","PSI-2 Sakaleshapura (R) PS","245183 / 8277959538",""
"Ranges","Southern Range – Mysuru","PSI Yesalur PS","278212 / 9480804762","yeslurhsn@ksp.gov.in"
"Ranges","Southern Range – Mysuru","PI Alur PS","218231 / 9480804739","alurhsn@ksp.gov.in"
"Ranges","Southern Range – Mysuru","PSI-1 Alur PS","218231 / 9480804752",""
"Ranges","Southern Range – Mysuru","AAO","268000 / —",""
"Ranges","Southern Range – Mysuru","DSP DAR Hassan","270441 / 9480804706","darhsn@ksp.gov.in"
"Ranges","Southern Range – Mysuru","RPI DAR Hassan","— / 9480804740","darhassan@ksp.gov.in"
"Ranges","Southern Range – Mysuru","PI DSB Hassan","260819 / 9480804707","dsbhsn@ksp.gov.in"
"Ranges","Southern Range – Mysuru","PI DCRB Hassan","268800 / 9480804709","dcbhsn@ksp.gov.in"
"Ranges","Southern Range – Mysuru","DSP ACB","266789 / 9480806223",""
"Ranges","Southern Range – Mysuru","DSP INT","262450 / 9449878528",""
"Ranges","Southern Range – Mysuru","PI ISD","— / 9480800686",""
"Ranges","Southern Range – Mysuru","PSI Wireless","— / 9480804777",""
"Ranges","Southern Range – Mysuru","System Admin","— / 9480806039",""
"Ranges","Southern Range – Mysuru","Home Guard","240690 / —",""
"Ranges","Southern Range – Mysuru","Sub-Jail","268621 / —",""
"Ranges","Southern Range – Mysuru","Railway OP Hassan","08172-268617 / 9480802144",""
"Ranges","Southern Range – Mysuru","Railway OP Arasikere","08174-232244 / —",""
"Ranges","Southern Range – Mysuru","SP, Mandya","08232-224500 / 9480804801","spmdy@ksp.gov.in"
"Ranges","Southern Range – Mysuru","Addl. SP-1, Mandya","224311 / 9480804802","addlspmdy@ksp.gov.in"
"Ranges","Southern Range – Mysuru","Addl. SP-2, Mandya","— / 9480804803","Addlsp2mdy@ksp.gov.in"
"Ranges","Southern Range – Mysuru","Dist. Control Room","224888 / 224904 / 9480804800","dcmdy@ksp.gov.in"
"Ranges","Southern Range – Mysuru","PI(W)","224888 / 9480800938",""
"Ranges","Southern Range – Mysuru","DSP Mandya","221187 / 9480804820","sdpomdy@ksp.gov.in"
"Ranges","Southern Range – Mysuru","PI Women PS","297192 / —","womenmdy@ksp.gov.in"
"Ranges","Southern Range – Mysuru","PI Cyber Crime PS","295633 / 9480804878","cenmdy@ksp.gov.in"
"Ranges","Southern Range – Mysuru","PI Mandya West PS","224666 / 9480804845","westmdy@ksp.gov.in"
"Ranges","Southern Range – Mysuru","CPI Mandya Town Circle","223132 / 9480804830","cpitownmdy@ksp.gov.in"
"Ranges","Southern Range – Mysuru","PSI-1 Mandya East PS","224777 / 9480804846","eastmdy@ksp.gov.in"
"Ranges","Southern Range – Mysuru","PSI Mandya Central PS","221345 / 9480804873",""
"Ranges","Southern Range – Mysuru","PI Mandya Traffic PS","224648 / 9480804848","trafficmdy@ksp.gov.in"
"Ranges","Southern Range – Mysuru","CPI Keregodu Circle","221107 / 9480804831","cpiruralmdy@ksp.gov.in"
"Ranges","Southern Range – Mysuru","PSI Keregodu PS","272044 / 9480804851","keragodumdy@ksp.gov.in"
"Ranges","Southern Range – Mysuru","PSI Shivalli PS","277144 / 9480804849","shivallimdy@ksp.gov.in"
"Ranges","Southern Range – Mysuru","PSI Basaralu PS","276634 / 9480804850","basaralumdy@ksp.gov.in"
"Ranges","Southern Range – Mysuru","PI Mandya (R) PS","224200 / 9480804808",""
"Ranges","Southern Range – Mysuru","PSI Mandya (R) PS","224200 / 9480804847","ruralmdy@ksp.gov.in"
"Ranges","Southern Range – Mysuru","DSP Nagamangala","285286 / 9480804876","sdponmangalamdy@ksp.gov.in"
"Ranges","Southern Range – Mysuru","CPI Nagamangala Circle","286294 / 9480804837","cpinmangalamdy@ksp.gov.in"
"Ranges","Southern Range – Mysuru","PSI Nagamangala (R) PS","285210 / 9480804877","nmangalaruralmdy@ksp.gov.in"
"Ranges","Southern Range – Mysuru","PSI Bellur PS","287535 / 9480804853","bellurmdy@ksp.gov.in"
"Ranges","Southern Range – Mysuru","PSI Bindiganavile PS","284240 / 9480804854","bnavilemdy@ksp.gov.in"
"Ranges","Southern Range – Mysuru","PI Nagamangala (T) PS","286040 / 9480804852","nmangalamdy@ksp.gov.in"
"Ranges","Southern Range – Mysuru","PSI Nagamangala (T) PS","286040 / —",""
"Ranges","Southern Range – Mysuru","PI K.R.Pet (T) PS","262368 / 9480804833","cpikrpetmdy@ksp.gov.in"
"Ranges","Southern Range – Mysuru","PSI K.R.Pet (T) PS","262248 / 9480804859","krpettownmdy@ksp.gov.in"
"Ranges","Southern Range – Mysuru","PI K.R.Pet (R) PS","262440 / 9480804860","krpetruralmdy@ksp.gov.in"
"Ranges","Southern Range – Mysuru","PSI K.R.Pet (R) PS","262440 / —",""
"Ranges","Southern Range – Mysuru","PI Kikkeri PS","265433 / 9480804861","kikkerimdy@ksp.gov.in"
"Ranges","Southern Range – Mysuru","DSP, Malavalli","242211 / 9480804822","sdpomalavallimdy@ksp.gov.in"
"Ranges","Southern Range – Mysuru","PI Malavalli (T) PS","243000 / 9480804862","malavallitownmdy@ksp.gov.in"
"Ranges","Southern Range – Mysuru","PSI Malavalli (T) PS","242244 / —",""
"Ranges","Southern Range – Mysuru","PI Malavalli (R) PS","242233 / 9480804863","malavalliruralmdy@ksp.gov.in"
"Ranges","Southern Range – Mysuru","PSI Malavalli (R) PS","242233 / —",""
"Ranges","Southern Range – Mysuru","PI K.M.Doddi","245132 / 9480804835","cpikmdoddimdy@ksp.gov.in"
"Ranges","Southern Range – Mysuru","PSI K.M.Doddi PS","235032 / 9480804867","kmdoddimdy@ksp.gov.in"
"Ranges","Southern Range – Mysuru","CPI Halagur Circle","242555 / 9480804834",""
"Ranges","Southern Range – Mysuru","PSI Halagur PS","295322 / 9480804866","halagurumdy@ksp.gov.in"
"Ranges","Southern Range – Mysuru","PSI Kirugavalu PS","249481 / 9480804864","kiragavalumdy@ksp.gov.in"
"Ranges","Southern Range – Mysuru","PSI Belakavadi PS","240034 / 9480804865","belakavadimdy@ksp.gov.in"
"Ranges","Southern Range – Mysuru","CPI Maddur Rural Circle","232150 / 9480804836","cpimaddurmdy@ksp.gov.in"
"Ranges","Southern Range – Mysuru","PSI Besagarahalli PS","278264 / 9480804871","besagarahallimdy@ksp.gov.in"
"Ranges","Southern Range – Mysuru","PSI Koppa PS","248032 / 9480804870","koppamdy@ksp.gov.in"
"Ranges","Southern Range – Mysuru","PSI Kesthur PS","279735 / 9480804868","kesturmdy@ksp.gov.in"
"Ranges","Southern Range – Mysuru","PSI Maddur Traffic PS","232003 / 9480804880","maduurtrafficmdy@ksp.gov.in"
"Ranges","Southern Range – Mysuru","PI Maddur PS","232170 / 9480804869","maddurmdy@ksp.gov.in"
"Ranges","Southern Range – Mysuru","PSI Maddur PS","232170 / —",""
"Ranges","Southern Range – Mysuru","DSP S.R.Patna","252016 / 9480804821","sdporpatnamdy@ksp.gov.in"
"Ranges","Southern Range – Mysuru","CPI K.R.Sagar Circle","252305 / 9480804832","cpisrpatnamdy@ksp.gov.in"
"Ranges","Southern Range – Mysuru","PSI K.R.Sagar PS","200600 / 257233 / 9480804856",""
"Ranges","Southern Range – Mysuru","PSI Arakere PS","259235 / 9480804857","arakeremdy@ksp.gov.in"
"Ranges","Southern Range – Mysuru","PSI Kyathanahalli PS","—",""
"Ranges","Southern Range – Mysuru","PI S.R.Patna (T) PS","252027 / 9480804855","srpatnamdy@ksp.gov.in"
"Ranges","Southern Range – Mysuru","PSI S.R.Patna (T) PS","252027 / —",""
"Ranges","Southern Range – Mysuru","Gangajam OP","252140 / —",""
"Ranges","Southern Range – Mysuru","PI S.R.Patna (R) PS","253027 / 9480804875","srpatnaruralmdy@ksp.gov.in"
"Ranges","Southern Range – Mysuru","PSI S.R.Patna (R) PS","253027 / —",""
"Ranges","Southern Range – Mysuru","PI Pandavapura PS","255132 / 9480804858",""
"Ranges","Southern Range – Mysuru","PSI Pandavapura PS","255132 / 9480804874","ppuramdy@ksp.gov.in"
"Ranges","Southern Range – Mysuru","PI Melukote PS","299800 / —",""
"Ranges","Southern Range – Mysuru","PSI Melukote PS","299800 / 9480804879","melukotemdy@ksp.gov.in"
"Ranges","Southern Range – Mysuru","Chinakurali OP","268313 / —",""
"Ranges","Southern Range – Mysuru","AAO","220011 / —",""
"Ranges","Southern Range – Mysuru","DSP KLA","230057 / —",""
"Ranges","Southern Range – Mysuru","DSP INT","224728 / —",""
"Ranges","Southern Range – Mysuru","RPI DAR","224057 / 9480804806",""
"Ranges","Southern Range – Mysuru","RPI DAR","224057 / 9480804872","darmdy@ksp.gov.in"
"Ranges","Southern Range – Mysuru","RPI MTO DAR","224057 / —",""
"Ranges","Southern Range – Mysuru","PI INT","224728 / —",""
"Ranges","Southern Range – Mysuru","PI KLA","224450 / —",""
"Ranges","Southern Range – Mysuru","PI ISD","— / 9480800694",""
"Ranges","Southern Range – Mysuru","PI DCRB","221226 / 9480804809","dcrbmdy@ksp.gov.in"
"Ranges","Southern Range – Mysuru","PI DSB","224242 / 9480804807","dsbmdy@ksp.gov.in"
"Ranges","Southern Range – Mysuru","PI FPB","— / 9480804810",""
"Ranges","Southern Range – Mysuru","Police Canteen","224097 / —",""
"Ranges","Southern Range – Mysuru","Jail","220233 / —",""
"Ranges","Southern Range – Mysuru","Home Guard","220125 / —",""
"Ranges","Southern Range – Mysuru","SP, Chamarajanagara","222243 / 222912 / 9480804601","spchn@ksp.gov.in"
"Ranges","Southern Range – Mysuru","Addl. SP, Chamarajanagara","225979 / 9480804602","addlspchn@ksp.gov.in"
"Ranges","Southern Range – Mysuru","Dist. Control Room","222398 / 222383 / 9480804600","dcchn@ksp.gov.in"
"Ranges","Southern Range – Mysuru","PI(W)","— / 9480800937",""
"Ranges","Southern Range – Mysuru","DSP, Chamarajanagara","222090 / 9480804620","sdpochn@ksp.gov.in"
"Ranges","Southern Range – Mysuru","PI Women PS","222048 / —","womenchn@ksp.gov.in"
"Ranges","Southern Range – Mysuru","PI Cyber Crime PS","223488 / —","dcbchn@ksp.gov.in"
"Ranges","Southern Range – Mysuru","CPI Santhemaralli Circle","224630 / 9480804630","cpismhallichn@ksp.gov.in"
"Ranges","Southern Range – Mysuru","PSI Santhemaralli PS","240250 / 9480804650","smhallichn@ksp.gov.in"
"Ranges","Southern Range – Mysuru","PSI Kuder PS","234439 / 9480804647","kuderuchn@ksp.gov.in"
"Ranges","Southern Range – Mysuru","PI Ch-Nagara Town PS","222047 / 9480804645","townchn@ksp.gov.in"
"Ranges","Southern Range – Mysuru","PI Ch-Nagara Rural PS","222092 / 9480804646","ruralchn@ksp.gov.in"
"Ranges","Southern Range – Mysuru","PI Ch-Nagara East PS","222058 / 9480804648",""
"Ranges","Southern Range – Mysuru","PSI Ch-Nagara East PS","222058 / —","eastchn@ksp.gov.in"
"Ranges","Southern Range – Mysuru","PSI Ch-Nagara East Traffic PS","222020 / —","trafficchn@ksp.gov.in"
"Ranges","Southern Range – Mysuru","CPI Begur PS","222211 / 9480804632","cpibegurchn@ksp.gov.in"
"Ranges","Southern Range – Mysuru","PSI Begur PS","231100 / 9480804608","begurchn@ksp.gov.in"
"Ranges","Southern Range – Mysuru","PSI Terakanambi PS","232235 / 9480804652","terakanambichn@ksp.gov.in"
"Ranges","Southern Range – Mysuru","PI Gundlupete PS","222228 / 9480804651","gundlupetechn@ksp.gov.in"
"Ranges","Southern Range – Mysuru","DSP, Kollegala","252840 / 9480804621","sdpokollegalchn@ksp.gov.in"
"Ranges","Southern Range – Mysuru","CPI Kollegala Circle","254051 / 9480804633","cpikollegalchn@ksp.gov.in"
"Ranges","Southern Range – Mysuru","PSI-1 Kollegala Town PS","252368 / 9480804653","kollegaltownchn@ksp.gov.in"
"Ranges","Southern Range – Mysuru","PSI-1 Kollegala Rural PS","252051 / 9480804655","kollegalruralchn@ksp.gov.in"
"Ranges","Southern Range – Mysuru","PI Hanuru PS","268803 / 9480804656","hanurchn@ksp.gov.in"
"Ranges","Southern Range – Mysuru","PI Ramapura PS","274324 / 9480804657","ramapurachn@ksp.gov.in"
"Ranges","Southern Range – Mysuru","PI MM Hills","272141 / 9480804658","mmhillschn@ksp.gov.in"
"Ranges","Southern Range – Mysuru","CPI Yelanduru Circle","240002 / 9480804631","cpiyelandurchn@ksp.gov.in"
"Ranges","Southern Range – Mysuru","PSI-1 Yelanduru PS","240028 / 9480804649","yelandurchn@ksp.gov.in"
"Ranges","Southern Range – Mysuru","PSI Agar Mamballi PS","295176 / 9480804654","mamballichn@ksp.gov.in"
"Ranges","Southern Range – Mysuru","AAO","224005 / —",""
"Ranges","Southern Range – Mysuru","DSP DCRB","222170 / 9480804609","dcrbchn@ksp.gov.in"
"Ranges","Southern Range – Mysuru","DSP INT","222215 / 9449878607",""
"Ranges","Southern Range – Mysuru","CMDT. Home Guard","225856 / —",""
"Ranges","Southern Range – Mysuru","PI ISD","— / 9480800692",""
"Ranges","Southern Range – Mysuru","PI DCRB","222170 / —",""
"Ranges","Southern Range – Mysuru","PI DSB","222908 / 9480804607","dsbchn@ksp.gov.in"
"Ranges","Southern Range – Mysuru","RPI & MTO","224006 / 9480804606","pmtchn@ksp.gov.in"
"Ranges","Southern Range – Mysuru","PI FPB","— / 9480804610",""
"Ranges","Southern Range – Mysuru","PI ACB-I","226666 / 9480806276",""
"Ranges","Southern Range – Mysuru","SP, Kodagu","08272-229000 / 9480804901","spmcr@ksp.gov.in"
"Ranges","Southern Range – Mysuru","Addl. SP, Kodagu","224721 / 228330 / 9480804910","addlspmcr@ksp.gov.in"
"Ranges","Southern Range – Mysuru","SP, Forest Cell, Madikeri","228662 / 9480800220","spcidforestmcr@ksp.gov.in"
"Ranges","Southern Range – Mysuru","Dist. Control Room","228330 / 229300 / 220720 / 9480804900","dcmcr@ksp.gov.in"
"Ranges","Southern Range – Mysuru","PI(W)","220720 / 9480800939","piwirelesskodagu@gmail.com"
"Ranges","Southern Range – Mysuru","DSP, Madikeri","228725 / 9480804920","sdpomdkmcr@ksp.gov.in"
"Ranges","Southern Range – Mysuru","PI Women PS","221818 / 8277958200","kodaguwomenpsmcr@ksp.gov.in"
"Ranges","Southern Range – Mysuru","DSP Cyber Crime PS","220652 / 9480804908","dcbmcr@ksp.gov.in"
"Ranges","Southern Range – Mysuru","PI Cyber Crime PS","220652 / —",""
"Ranges","Southern Range – Mysuru","CPI Madikeri Town Circle","229149 / 9480804930","cpitownmcr@ksp.gov.in"
"Ranges","Southern Range – Mysuru","PSI-1 Madikeri (T) PS","229333 / 9480804945","madikeritownmcr@ksp.gov.in"
"Ranges","Southern Range – Mysuru","PSI-1 Madikeri Traffic PS","220081 / 9480804947","trafficmcr@ksp.gov.in"
"Ranges","Southern Range – Mysuru","PSI Siddapura PS","258333 / 9480804950","siddapuramcr@ksp.gov.in"
"Ranges","Southern Range – Mysuru","CPI Madikeri Rural Circle","220100 / 9480804931","cpiruralmcr@ksp.gov.in"
"Ranges","Southern Range – Mysuru","PSI Napoklu PS","237240 / 9480804948","napoklumcr@ksp.gov.in"
"Ranges","Southern Range – Mysuru","PSI Bagmandala PS","243270 / 9480804949","bhagamandalamcr@ksp.gov.in"
"Ranges","Southern Range – Mysuru","Karike OP","—",""
"Ranges","Southern Range – Mysuru","PI Madikeri (R) PS","228777 / 9480804946","madikeriruralmcr@ksp.gov.in"
"Ranges","Southern Range – Mysuru","Chettihalli OP","—",""
"Ranges","Southern Range – Mysuru","DSP, Virajpet","257488 / 9480804922","sdpovpetmcr@ksp.gov.in"
"Ranges","Southern Range – Mysuru","CPI Virajpet Circle","256462 / 9480804933","cpivpetmcr@ksp.gov.in"
"Ranges","Southern Range – Mysuru","PSI-1 Virajpet (T) PS","257333 / 9480804955","virajpettownmcr@ksp.gov.in"
"Ranges","Southern Range – Mysuru","PSI Virajpet (R) PS","257462 / 9480804956","virajpetruralmcr@ksp.gov.in"
"Ranges","Southern Range – Mysuru","CPI Gonikoppa Circle","247209 / 9480804935","cpigcoppamcr@ksp.gov.in"
"Ranges","Southern Range – Mysuru","PSI-1 Gonikoppa PS","247333 / 9480804957","gonicoppamcr@ksp.gov.in"
"Ranges","Southern Range – Mysuru","PSI Ponnampet PS","249044 / 9480804959","ponnampetmcr@ksp.gov.in"
"Ranges","Southern Range – Mysuru","CPI Kutta Circle","244325 / 9480804934","cpikuttamcr@ksp.gov.in"
"Ranges","Southern Range – Mysuru","PSI Kutta PS","244100 / 9480804958","kuttamcr@ksp.gov.in"
"Ranges","Southern Range – Mysuru","PSI-1 Srimangala PS","246246 / 9480804960","srimangalamcr@ksp.gov.in"
"Ranges","Southern Range – Mysuru","Palibetta OP","251200 / —",""
"Ranges","Southern Range – Mysuru","DSP, Somawarpet","274400 / 9480804921","sdpospetmcr@ksp.gov.in"
"Ranges","Southern Range – Mysuru","PI Kushalnagara (T) PS","274333 / 9480804951","kushalnagarmcr@ksp.gov.in"
"Ranges","Southern Range – Mysuru","PSI Kushalnagar Traffic PS","278833 / 8277958199","kushalnagartrafficmcr@ksp.gov.in"
"Ranges","Southern Range – Mysuru","CPI Kushalnagara Circle","274747 / 9480804932","cpiknagarmcr@ksp.gov.in"
"Ranges","Southern Range – Mysuru","PSI-1 Kushalnagara (R) PS","278433 / 9480804936","kushalanagararuralmcr@ksp.gov.in"
"Ranges","Southern Range – Mysuru","PSI-2 Kushalnagara (R) PS","278433 / —",""
"Ranges","Southern Range – Mysuru","PSI Suntikoppa PS","262333 / 9480804953","sunticoppamcr@ksp.gov.in"
"Ranges","Southern Range – Mysuru","PI Somawarpet PS","284840 / 9480804952","cpispetmcr@ksp.gov.in"
"Ranges","Southern Range – Mysuru","PSI-1 Somawarpet PS","282040 / —","somawarpetmcr@ksp.gov.in"
"Ranges","Southern Range – Mysuru","PI Shanivarasanthe PS","283333 / 9480804954","shanivarasanthemcr@ksp.gov.in"
"Ranges","Southern Range – Mysuru","AAO","228400 / —","aaomcr@ksp.gov.in"
"Ranges","Southern Range – Mysuru","RPI DAR","228420 / 9480804906","darmcr@ksp.gov.in"
"Ranges","Southern Range – Mysuru","PI DCRB","— / 8277958201","dcrbmcr@ksp.gov.in"
"Ranges","Southern Range – Mysuru","CDR Cell","— / 9480804909","spmcrcdr@ksp.gov.in"
"Ranges","Southern Range – Mysuru","PI DSB","223056 / 9480804907","dsbmcr@ksp.gov.in"
"Ranges","Southern Range – Mysuru","INT","228425 / —","Mcr.int@ksp.gov.in"
"Ranges","Southern Range – Mysuru","Jail","228462 / —","dpmdk.prisons-kar@gov.in"
"Ranges","Southern Range – Mysuru","ISD","228000 / —","piisdhsn@ksp.gov.in"
"Ranges","Southern Range – Mysuru","Home Guard","228427 / —","commandant228427@gmail.com"
"Ranges","Southern Range – Mysuru","Forest Cell","228662 / 9480800220",""
"Ranges","Southern Range – Mysuru","DC","225500 / —",""
"Ranges","Southern Range – Mysuru","AC","225469 / —",""
"Ranges","Southern Range – Mysuru","Tahsildar","228396 / —",""
"Ranges","Southern Range – Mysuru","CEO ZP","228905 / —",""
"Ranges","Southern Range – Mysuru","RTO","225785 / —",""
"Ranges","Southern Range – Mysuru","Fire Force","229299 / —",""
"Ranges","Southern Range – Mysuru","KPTCL","228454 / —",""
"Ranges","Southern Range – Mysuru","Excise","229295 / —",""
"Ranges","Southern Range – Mysuru","DFO","229299 / —",""
"Ranges","Southern Range – Mysuru","KSRTC","— / 7760107788",""
"Ranges","Southern Range – Mysuru","Govt. Hospital","223444 / —",""
"Ranges","Southern Range – Mysuru","DHO","225443 / —",""
"Ranges","Southern Range – Mysuru","Court","225373 / —",""
"Ranges","Southern Range – Mysuru","PWD","225645 / —",""
"Ranges","Western Range – Mangaluru","IGP, Western Range","2220501, RES-2220502 / 9480800032","igpwr@ksp.gov.in"
"Ranges","Western Range – Mangaluru","DSP HQ, IGP Office","2220509 / 9480805318",""
"Ranges","Western Range – Mangaluru","DSP DE, IGP Office","— / 9480805319","dyspdewr@ksp.gov.in"
"Ranges","Western Range – Mangaluru","DSP FPB, IGP Office","— / 9480800486","dspwrfpb@ksp.gov.in, fpumcq@ksp.gov.in"
"Ranges","Western Range – Mangaluru","SP, DCRE, Western Range","0824-2453644 / 9480806110","spwrdcre@ksp.gov.in"
"Ranges","Western Range – Mangaluru","SP, Dakshina Kannada","2220503 / 9480805301","spmaq@ksp.gov.in"
"Ranges","Western Range – Mangaluru","Addl. SP-1, Dakshina Kannada","2220505 / 9480805302","addlspmaq@ksp.gov.in"
"Ranges","Western Range – Mangaluru","Addl. SP-2, Dakshina Kannada","2220513 / 9480805310",""
"Ranges","Western Range – Mangaluru","Dist. Control Room","2220500 / 2220508 / 2440284 / 9480805300","dcmaq@ksp.gov.in"
"Ranges","Western Range – Mangaluru","PI(W) D.K Dist.","— / 9480800941",""
"Ranges","Western Range – Mangaluru","CSP Mangaluru","2451302 / 9480800574",""
"Ranges","Western Range – Mangaluru","Cyber Crime PS","2440986 / 9480805308","dcbmaq@ksp.gov.in"
"Ranges","Western Range – Mangaluru","DSP, Puttur","230500 / 9480805321","sdpoputturmaq@ksp.gov.in"
"Ranges","Western Range – Mangaluru","PI Women PS","233500 / 8277986370","womenmaq@ksp.gov.in"
"Ranges","Western Range – Mangaluru","PSI Women PS","— / 8277986373",""
"Ranges","Western Range – Mangaluru","PI Puttur Town PS","230555 / 9480805361","putturtownmaq@ksp.gov.in"
"Ranges","Western Range – Mangaluru","PSI Puttur Traffic PS","238500 / 8277986612","putturtrafficmaq@ksp.gov.in"
"Ranges","Western Range – Mangaluru","PI Puttur (R) PS","232102 / 9480805363","putturruralmaq@ksp.gov.in"
"Ranges","Western Range – Mangaluru","PSI Puttur (R) PS","232102 / 8277986539",""
"Ranges","Western Range – Mangaluru","CPI Uppinangadi Circle","— / 9480805333","cpiputturruralmaq@ksp.gov.in"
"Ranges","Western Range – Mangaluru","PSI Uppinangadi PS","— / 9480805362","uppinangadymaq@ksp.gov.in"
"Ranges","Western Range – Mangaluru","PSI Kadaba PS","260044 / 9480805364","kadabamaq@ksp.gov.in"
"Ranges","Western Range – Mangaluru","CPI Sullia Circle","233115 / 9480805334","cpisulliamaq@ksp.gov.in"
"Ranges","Western Range – Mangaluru","PSI-1 Sullia PS","230337 / 9480805365","sulliamaq@ksp.gov.in"
"Ranges","Western Range – Mangaluru","PSI Subramanya PS","281250 / 9480805366","subramanyamaq@ksp.gov.in"
"Ranges","Western Range – Mangaluru","PSI Bellare PS","271995 / 8277986452","bellaremaq@ksp.gov.in"
"Ranges","Western Range – Mangaluru","ASP, Bantwala","233999 / 9480805309","sdpobantawalamaq@ksp.gov.in"
"Ranges","Western Range – Mangaluru","PI Bantwala (R) PS","235000 / 9480805335","cpibantwalamaq@ksp.gov.in"
"Ranges","Western Range – Mangaluru","PSI Bantwala (R) PS","235000 / 9480805368","bantwalaruralmaq@ksp.gov.in"
"Ranges","Western Range – Mangaluru","PI Bantwala (T) PS","232111 / 9480805367","bantwalatownmaq@ksp.gov.in"
"Ranges","Western Range – Mangaluru","PSI Bantwal (T) PS","232111 / 8277986225",""
"Ranges","Western Range – Mangaluru","PSI Bantwala Traffic PS","281111 / 8277986631","bantwalatrafficmaq@ksp.gov.in"
"Ranges","Western Range – Mangaluru","PI Vittla PS","239233 / 9480805369","vittalmaq@ksp.gov.in"
"Ranges","Western Range – Mangaluru","CPI Belthangadi Circle","232353 / 9480805336","cpibelthangadymaq@ksp.gov.in"
"Ranges","Western Range – Mangaluru","PSI Punjalakatte PS","279375 / 8277986416","pkattemaq@ksp.gov.in"
"Ranges","Western Range – Mangaluru","PSI Venoor PS","286232 / 9480805372","venoormaq@ksp.gov.in"
"Ranges","Western Range – Mangaluru","PSI-1 Dharmastala PS","277253 / 8277986447","dharmasthalamaq@ksp.gov.in"
"Ranges","Western Range – Mangaluru","PI Belthangadi PS","232093 / 9480805370","belthangadymaq@ksp.gov.in"
"Ranges","Western Range – Mangaluru","PSI Belthangadi PS","232093 / 8277986367",""
"Ranges","Western Range – Mangaluru","PSI-1 Belthangadi Traffic PS","234100 / 8277986304","belthangadytrafficmaq@ksp.gov.in"
"Ranges","Western Range – Mangaluru","AAO","2225095 / —","aaomaq@ksp.gov.in"
"Ranges","Western Range – Mangaluru","PI DSB","2443868 / 9480805307","dsbmaq@ksp.gov.in"
"Ranges","Western Range – Mangaluru","RPI DAR","2220512 / 9480805306","darmaq@ksp.gov.in"
"Ranges","Western Range – Mangaluru","PI Railway","2220559 / 9480800470","mangalorerly@ksp.gov.in"
"Ranges","Western Range – Mangaluru","Dir. RFSL","2220564 / —","rfslmaq@ksp.gov.in"
"Ranges","Western Range – Mangaluru","PSI DCRB","— / 8277986419",""
"Ranges","Western Range – Mangaluru","SP, Uttara Kannada","08382-226233 / 9480805201","spkwr@ksp.gov.in"
"Ranges","Western Range – Mangaluru","Addl. SP-1, Uttara Kannada","08382-227536 / 9480805202","addlspkwr@ksp.gov.in"
"Ranges","Western Range – Mangaluru","Addl. SP-2, Uttara Kannada","— / 9480805209",""
"Ranges","Western Range – Mangaluru","Dist. Control Room","08382-226550 / 223093 / 9480805200","dckwr@ksp.gov.in"
"Ranges","Western Range – Mangaluru","PI(W)","— / 9480800944",""
"Ranges","Western Range – Mangaluru","DSP, Karwar","226416 / 9480805220","sdpokwr@ksp.gov.in"
"Ranges","Western Range – Mangaluru","PI Women PS","226666 / —","womenpskwr@ksp.gov.in"
"Ranges","Western Range – Mangaluru","PI Cyber Crime PS","222522 / 9480805267","cencrimepskwr@ksp.gov.in"
"Ranges","Western Range – Mangaluru","PI Karwar Town PS","226333 / 9480805230","cpikwr@ksp.gov.in"
"Ranges","Western Range – Mangaluru","PSI Karwar Town PS","— / 9480805245","townkwr@ksp.gov.in"
"Ranges","Western Range – Mangaluru","PSI Karwar Traffic PS","228333 / 9480805247","traffickwr@ksp.gov.in"
"Ranges","Western Range – Mangaluru","PI Karwar (R) PS","222443 / 9480805262","ruralkwr@ksp.gov.in"
"Ranges","Western Range – Mangaluru","PSI Karwar (R) PS","222443 / 8277987541",""
"Ranges","Western Range – Mangaluru","CPI Kadra Circle","256200 / 9480805231","cpikadrakwr@ksp.gov.in"
"Ranges","Western Range – Mangaluru","PSI Kadra PS","256592 / 9480805276","kadrakwr@ksp.gov.in"
"Ranges","Western Range – Mangaluru","PSI Mallapur PS","254812 / 9480805249","mallapurkwr@ksp.gov.in"
"Ranges","Western Range – Mangaluru","PSI Chittakula PS","265733 / 9480805248","chittakulakwr@ksp.gov.in"
"Ranges","Western Range – Mangaluru","PI Ankola PS","230433 / 9480805250","ankolakwr@ksp.gov.in"
"Ranges","Western Range – Mangaluru","PSI-1 Ankola PS","230333 / 9480805268","ankolakwr@ksp.gov.in"
"Ranges","Western Range – Mangaluru","DSP, Bhatkal","08385-226413 / 9480805221","sdpobhatkalkwr@ksp.gov.in"
"Ranges","Western Range – Mangaluru","Police Radio Station (PRS) Bhatkal","225400 / —",""
"Ranges","Western Range – Mangaluru","PI Bhatkal (T) PS","226333 / 9480805269","bhatkaltownkwr@ksp.gov.in"
"Ranges","Western Range – Mangaluru","PSI Bhatkal (T) PS","226333 / 8277987570",""
"Ranges","Western Range – Mangaluru","PI Bhatkal (R) PS","227333 / 9480805252","bhatkalruralkwr@ksp.gov.in"
"Ranges","Western Range – Mangaluru","PSI Bhatkal (R) PS","227333 / 8277987574",""
"Ranges","Western Range – Mangaluru","PI Honnavar PS","221287 / 9480805233","cpihonnavarkwr@ksp.gov.in"
"Ranges","Western Range – Mangaluru","PSI Honnavar PS","220248 / 9480805270","honnavarkwr@ksp.gov.in"
"Ranges","Western Range – Mangaluru","PI Kumta PS","220233 / 220533 / 9480805234","cpikumtakwr@ksp.gov.in"
"Ranges","Western Range – Mangaluru","PSI Kumta PS","222333 / 9480805272","kumtakwr@ksp.gov.in"
"Ranges","Western Range – Mangaluru","PI Gokarna PS","256133 / 9480805251","gokarnkwr@ksp.gov.in"
"Ranges","Western Range – Mangaluru","PSI Gokarna PS","256133 / 8277988251",""
"Ranges","Western Range – Mangaluru","CPI Bhatkal Rural Circle","226813 / 9480805232","cpibhatkalkwr@ksp.gov.in"
"Ranges","Western Range – Mangaluru","PSI-1 Murdeshwar PS","268896 / 9480805253","murdeshwarkwr@ksp.gov.in"
"Ranges","Western Range – Mangaluru","PSI-1 Manki PS","08387-257886 / 9480805263","mankikwr@ksp.gov.in"
"Ranges","Western Range – Mangaluru","DSP, Sirsi","226424 / 9480805222","sdposirsikwr@ksp.gov.in"
"Ranges","Western Range – Mangaluru","PRS Sirsi","— / 7259815100",""
"Ranges","Western Range – Mangaluru","CPI Sirsi Circle","226260 / 9480805238","cpisirasikwr@ksp.gov.in"
"Ranges","Western Range – Mangaluru","PSI-1 Sirsi (T) PS","226333 / 9480805264","sirsitownkwr@ksp.gov.in"
"Ranges","Western Range – Mangaluru","PSI-1 Sirsi New Market PS","236330 / 9480805255","sirsinewmarketkwr@ksp.gov.in"
"Ranges","Western Range – Mangaluru","PSI-1 Banavasi PS","264210 / 9480805246","banavasikwr@ksp.gov.in"
"Ranges","Western Range – Mangaluru","PSI Sirsi Traffic PS","— / 8277988585","sirsitraffickwr@ksp.gov.in"
"Ranges","Western Range – Mangaluru","PI Sirsi (R) PS","236233 / 9480805254","sirsiruralkwr@ksp.gov.in"
"Ranges","Western Range – Mangaluru","PSI Sirsi (R) PS","236233 / 8277988263",""
"Ranges","Western Range – Mangaluru","PI Yellapur PS","261133 / 9480805257","yellapurkwr@ksp.gov.in"
"Ranges","Western Range – Mangaluru","PSI-1 Yellapur PS","261133 / 9480805273",""
"Ranges","Western Range – Mangaluru","PI Siddapur PS","230283 / 9480805256","siddapurkwr@ksp.gov.in"
"Ranges","Western Range – Mangaluru","PSI Siddapur PS","230283 / 9480805271",""
"Ranges","Western Range – Mangaluru","PI Mundgod PS","222211 / 9480805258","mundgodkwr@ksp.gov.in"
"Ranges","Western Range – Mangaluru","PSI Mundgod PS","222211 / 9480805275",""
"Ranges","Western Range – Mangaluru","DSP, Dandeli","231595 / 9480805223","sdpodandelikwr@ksp.gov.in"
"Ranges","Western Range – Mangaluru","Haliyal PRS","220333 / —",""
"Ranges","Western Range – Mangaluru","CPI Dandeli Circle","231363 / 9480805235","cpidandelikwr@ksp.gov.in"
"Ranges","Western Range – Mangaluru","PSI-1 Dandeli (T) PS","231333 / 9480805274","dandelitownkwr@ksp.gov.in"
"Ranges","Western Range – Mangaluru","PSI Dandeli (R) PS","230363 / 9480805259","dandeliruralkwr@ksp.gov.in"
"Ranges","Western Range – Mangaluru","CPI Haliyal Circle","220333 / 9480805236","cpihaliyalkwr@ksp.gov.in"
"Ranges","Western Range – Mangaluru","PSI Haliyal PS","220133 / 9480805265","haliyalkwr@ksp.gov.in"
"Ranges","Western Range – Mangaluru","PSI Ambikanagar PS","258633 / 9480805260","ambikanagarkwr@ksp.gov.in"
"Ranges","Western Range – Mangaluru","CPI Joida Circle","282626 / 9480805237","cpijoidakwr@ksp.gov.in"
"Ranges","Western Range – Mangaluru","PSI Joida PS","282733 / 9480805266","joidakwr@ksp.gov.in"
"Ranges","Western Range – Mangaluru","PSI Ramnagar PS","248133 / 9480805261","ramnagarkwr@ksp.gov.in"
"Ranges","Western Range – Mangaluru","AAO","226307 / —",""
"Ranges","Western Range – Mangaluru","PI CSP Karwar","08382-220600 / 9480800578",""
"Ranges","Western Range – Mangaluru","PI CSP Kumta","08386-222533 / 9480800577",""
"Ranges","Western Range – Mangaluru","PI CSP Bhatkal","08385-222557 / 9480800576",""
"Ranges","Western Range – Mangaluru","PI CSP Honnavar","08387-221202 / 9480800579",""
"Ranges","Western Range – Mangaluru","PI CSP Belekeri","08388-282243 / 9480800585",""
"Ranges","Western Range – Mangaluru","DSP DAR","— / 9480805206",""
"Ranges","Western Range – Mangaluru","RPI DAR","225318 / 9480805210",""
"Ranges","Western Range – Mangaluru","PI DSB","220754 / 9480805207",""
"Ranges","Western Range – Mangaluru","PI ISD","— / 9480800709",""
"Ranges","Western Range – Mangaluru","PI DCIB","226893 / 9480805208",""
"Ranges","Western Range – Mangaluru","PI (AD) Intelligence","226570 / —",""
"Ranges","Western Range – Mangaluru","Women Helpline","226306 / —",""
"Ranges","Western Range – Mangaluru","Home Guard","08382-226361 / —",""
"Ranges","Western Range – Mangaluru","DSP Lokayuktha","222202 / 220198 / —",""
"Ranges","Western Range – Mangaluru","DSP Intelligence","226570 / 9449878618",""
"Ranges","Western Range – Mangaluru","PSI DCRB","— / 8277987461",""
"Ranges","Western Range – Mangaluru","SP, Udupi","2534777 / 9480805401","spudp@ksp.gov.in"
"Ranges","Western Range – Mangaluru","Addl. SP-1, Udupi","2522895 / 9480805402","addlspudp@ksp.gov.in"
"Ranges","Western Range – Mangaluru","Addl. SP-2, Udupi","— / 9480805409","addlsp2udp@ksp.gov.in"
"Ranges","Western Range – Mangaluru","Dist. Control Room","2526444 / 2526709 / 9480805400","dcudp@ksp.gov.in"
"Ranges","Western Range – Mangaluru","PI(W)","— / 9480800942","dcudp@ksp.gov.in"
"Ranges","Western Range – Mangaluru","DSP, Udupi","2521257 / 9480805420","sdpoudp@ksp.gov.in"
"Ranges","Western Range – Mangaluru","PI Women PS","2525599 / 9480805458","womenudp@ksp.gov.in"
"Ranges","Western Range – Mangaluru","PSI-01 Women PS","2525599 / 8277988949","womenpsudp@ksp.gov.in"
"Ranges","Western Range – Mangaluru","PSI-02 Women PS","2525599 / 8277988950","womenpsudp@ksp.gov.in"
"Ranges","Western Range – Mangaluru","DSP Cyber Crime PS","2530021 / 8277988955","dcpsudp@ksp.gov.in"
"Ranges","Western Range – Mangaluru","PI Cyber Crime PS","2530021 / 9480805410","dcpsudp@ksp.gov.in"
"Ranges","Western Range – Mangaluru","CPI Malpe Circle","2520329 / 9480805430","cpiudupitownudp@ksp.gov.in"
"Ranges","Western Range – Mangaluru","PSI-1 Malpe PS","2537999 / 9480805447","malpeudp@ksp.gov.in"
"Ranges","Western Range – Mangaluru","PSI-2 Malpe PS","2537999 / 8277988948","malpeudp@ksp.gov.in"
"Ranges","Western Range – Mangaluru","PSI-1 Udupi Traffic PS","2521332 / 9480805446","udupitrafficudp@ksp.gov.in"
"Ranges","Western Range – Mangaluru","PSI-2 Udupi Traffic PS","2521332 / 9480805474","udupitrafficudp@ksp.gov.in"
"Ranges","Western Range – Mangaluru","PI Udupi (T) PS","2520444 / 9480805408","udupitownudp@ksp.gov.in"
"Ranges","Western Range – Mangaluru","PSI-1 Udupi (T) PS","2520444 / 9480805445","udupitownudp@ksp.gov.in"
"Ranges","Western Range – Mangaluru","PSI-2 Udupi (T) PS","2520444 / 8277988944","udupitownudp@ksp.gov.in"
"Ranges","Western Range – Mangaluru","PSI-3 Udupi (T) PS","2520444 / 9480805465","udupitownudp@ksp.gov.in"
"Ranges","Western Range – Mangaluru","PI Manipal PS","2570328 / 9480805448","manipaludp@ksp.gov.in"
"Ranges","Western Range – Mangaluru","PSI-1 Manipal PS","2570328 / 9480805475","manipaludp@ksp.gov.in"
"Ranges","Western Range – Mangaluru","PSI-2 Manipal PS","2570328 / 8277988945","manipaludp@ksp.gov.in"
"Ranges","Western Range – Mangaluru","CPI Brahmavar Circle","2561966 / 9480805432","cpibrahmavarudp@ksp.gov.in"
"Ranges","Western Range – Mangaluru","PSI-1 Brahmavar PS","2561044 / 9480805453","brahmavarudp@ksp.gov.in"
"Ranges","Western Range – Mangaluru","PSI-2 Brahmavar PS","2561044 / 8277988951","brahmavarudp@ksp.gov.in"
"Ranges","Western Range – Mangaluru","PSI-1 Kota PS","2564155 / 9480805454","kotaudp@ksp.gov.in"
"Ranges","Western Range – Mangaluru","PSI-2 Kota PS","2564155 / 8277988953","kotaudp@ksp.gov.in"
"Ranges","Western Range – Mangaluru","PSI-1 Hiriyadkka PS","2542248 / 9480805452","hiriyadkaudp@ksp.gov.in"
"Ranges","Western Range – Mangaluru","PSI-2 Hiriyadkka PS","2542248 / 8277988956","hiriyadkaudp@ksp.gov.in"
"Ranges","Western Range – Mangaluru","DSP, Kundapura","232338 / 9480805422","sdpokndudp@ksp.gov.in"
"Ranges","Western Range – Mangaluru","PI Kundapur Town PS","230338 / 9480805455","kundapuraudp@ksp.gov.in"
"Ranges","Western Range – Mangaluru","PSI Kundapur Town PS","230338 / 8277988957","kundapuraudp@ksp.gov.in"
"Ranges","Western Range – Mangaluru","PSI Kundapur Town PS","230338 / 8277988959","kundapuraudp@ksp.gov.in"
"Ranges","Western Range – Mangaluru","PSI-01 Kundapur Traffic PS","233800 / 9480805469","kundapurtrfudp@ksp.gov.in"
"Ranges","Western Range – Mangaluru","PSI-02 Kundapur Traffic PS","233800 / 8277988961","kundapurtrfudp@ksp.gov.in"
"Ranges","Western Range – Mangaluru","CPI Kundapur Circle","230880 / 9480805433","cpikundapuraudp@ksp.gov.in"
"Ranges","Western Range – Mangaluru","PSI-1 Kundapura Rural PS","237100 / 9480805468","kundapuraruraludp@ksp.gov.in"
"Ranges","Western Range – Mangaluru","PSI-2 Kundapura Rural PS","237100 / 8277988962","kundapuraruraludp@ksp.gov.in"
"Ranges","Western Range – Mangaluru","PSI-1 Shankar Narayana PS","08259-280299 / 9480805456","shankaranarayanaudp@ksp.gov.in"
"Ranges","Western Range – Mangaluru","PSI-2 Shankar Narayana PS","08259-280299 / 8277988963","shankaranarayanaudp@ksp.gov.in"
"Ranges","Western Range – Mangaluru","PSI-1 Amasebylu PS","08259-286499 / 9480805472","amasebailudp@ksp.gov.in"
"Ranges","Western Range – Mangaluru","PSI-2 Amasebylu PS","08259-286499 / 8277989277","amasebailudp@ksp.gov.in"
"Ranges","Western Range – Mangaluru","CPI Byndoor Circle","251031 / 9480805434","cpibyndoorudp@ksp.gov.in"
"Ranges","Western Range – Mangaluru","PSI-1 Byndoor PS","251033 / 9480805459","byndoorudp@ksp.gov.in"
"Ranges","Western Range – Mangaluru","PSI-2 Byndoor PS","251033 / 8277989589","byndoorudp@ksp.gov.in"
"Ranges","Western Range – Mangaluru","PSI-1 Gangolli PS","265333 / 9480805457","gangolloudp@ksp.gov.in"
"Ranges","Western Range – Mangaluru","PSI-2 Gangolli PS","265333 / 8277988964","gangolloudp@ksp.gov.in"
"Ranges","Western Range – Mangaluru","PSI-1 Kollur PS","258233 / 9480805460","kollurudp@ksp.gov.in"
"Ranges","Western Range – Mangaluru","PSI-2 Kollur PS","258233 / 8277988965","kollurudp@ksp.gov.in"
"Ranges","Western Range – Mangaluru","DSP, Karkal","231333 / 9480805421","sdpokarkaludp@ksp.gov.in"
"Ranges","Western Range – Mangaluru","CPI Karkal Circle","231083 / 9480805435","cpikarkaludp@ksp.gov.in"
"Ranges","Western Range – Mangaluru","PSI-1 Karkal (R) PS","232083 / 9480805462","karkalruraludp@ksp.gov.in"
"Ranges","Western Range – Mangaluru","PSI-2 Karkal (R) PS","232083 / 8277988969","karkalruraludp@ksp.gov.in"
"Ranges","Western Range – Mangaluru","PSI-1 Hebri PS","08253-251116 / 9480805463","hebriudp@ksp.gov.in"
"Ranges","Western Range – Mangaluru","PSI-2 Hebri PS","08253-251116 / 8277989568","hebriudp@ksp.gov.in"
"Ranges","Western Range – Mangaluru","PSI-1 Ajekar PS","08253-271100 / 9480805470","ajekarudp@ksp.gov.in"
"Ranges","Western Range – Mangaluru","PSI-2 Ajekar PS","08253-271100 / 9480805471","ajekarudp@ksp.gov.in"
"Ranges","Western Range – Mangaluru","PI Karkal (T) PS","230213 / 9480805461","karkaltownudp@ksp.gov.in"
"Ranges","Western Range – Mangaluru","PSI-1 Karkal (T) PS","230213 / —","karkaltownudp@ksp.gov.in"
"Ranges","Western Range – Mangaluru","CPI Kaup Circle","2552133 / 9480805431","cpikaupudp@ksp.gov.in"
"Ranges","Western Range – Mangaluru","PSI-1 Kaup PS","2551033 / 9480805449","kaupudp@ksp.gov.in"
"Ranges","Western Range – Mangaluru","PSI-2 Kaup PS","2551033 / 9480805466",""
"Ranges","Western Range – Mangaluru","PSI-1 Padubidri PS","2555452 / 9480805450","padubidriudp@ksp.gov.in"
"Ranges","Western Range – Mangaluru","PSI-2 Padubidri PS","2555452 / 8277989569","padubidriudp@ksp.gov.in"
"Ranges","Western Range – Mangaluru","PSI-1 Shirva PS","2554139 / 9480805451","shirvaudp@ksp.gov.in"
"Ranges","Western Range – Mangaluru","PSI-2 Shirva PS","2554139 / 8277989570","shirvaudp@ksp.gov.in"
"Ranges","Western Range – Mangaluru","AAO Udupi","0820-2526373 / 9480805412",""
"Ranges","Western Range – Mangaluru","DSP KLA","2536661 / 2958881 / 9364062581","kla-dsp-udp@karnataka.gov.in"
"Ranges","Western Range – Mangaluru","DSP DAR","0820-2523444 / 9480805406","darudp@ksp.gov.in"
"Ranges","Western Range – Mangaluru","RPI DAR","0820-2523444 / 9480805464","darudp@ksp.gov.in"
"Ranges","Western Range – Mangaluru","PI KLA","2536661 / 9364062695","kla-piudp-ka@nic.in"
"Ranges","Western Range – Mangaluru","PI KLA","2536661 / 9364062696","kla-piudp-ka@nic.in"
"Ranges","Western Range – Mangaluru","PI DSB","2524366 / 9480805407","dsbudp@ksp.gov.in"
"Ranges","Western Range – Mangaluru","PSI DCRB","2522895 / 8277989133","dcrbudp@ksp.gov.in"
"Ranges","Western Range – Mangaluru","PI INT","2521278 / 9449878629","piintudp@ksp.gov.in"
"Ranges","Western Range – Mangaluru","PI ISD","2525099 / 9480800697","piisdudp@ksp.gov.in"
"Ranges","Western Range – Mangaluru","PI Excise","2532732 / —","dcudp-ex-ka@nic.in"
"Ranges","Western Range – Mangaluru","CMDT. Home Guard","2533650 / —","cmdthg@gmail.com"
"Ranges","Western Range – Mangaluru","SP, Chikkamagaluru","08262-230403 / 235608 / 9480805101","spckm@ksp.gov.in"
"Ranges","Western Range – Mangaluru","Addl. SP-1, Chikkamagaluru","08262-234099 / 9480805102","addlspckm@ksp.gov.in"
"Ranges","Western Range – Mangaluru","Addl. SP-2, Chikkamagaluru","— / 9480805109",""
"Ranges","Western Range – Mangaluru","Dist. Control Room","235608 / 230540 / 9480805100","dcckm@ksp.gov.in"
"Ranges","Western Range – Mangaluru","PI Wireless","— / 9480800943",""
"Ranges","Western Range – Mangaluru","PI Women PS","232333 / 8277990200","womenckm@ksp.gov.in"
"Ranges","Western Range – Mangaluru","PI Cyber Crime PS","295089 / 9480805108","cenckm@ksp.gov.in"
"Ranges","Western Range – Mangaluru","DSP, Chikkamagalur","222836 / 9480805120","sdpockm@ksp.gov.in"
"Ranges","Western Range – Mangaluru","CPI Basavanahalli Circle","228120 / 9480805130","cpibasavanahallickm@ksp.gov.in"
"Ranges","Western Range – Mangaluru","PSI-1 Basavanahalli PS","228120 / 9480805148","basavanahallickm@ksp.gov.in"
"Ranges","Western Range – Mangaluru","PSI-2 Basavanahalli PS","228120 / 8277990243",""
"Ranges","Western Range – Mangaluru","PSI-1 Chikkamagalur Traffic PS","222956 / 9480805146","trafficckm@ksp.gov.in"
"Ranges","Western Range – Mangaluru","PSI-2 Chikkamagalur Traffic PS","222956 / —",""
"Ranges","Western Range – Mangaluru","PI Chikkamagalur Town PS","235333 / 9480805145","townckm@ksp.gov.in"
"Ranges","Western Range – Mangaluru","PSI Chikkamagalur Town PS","235333 / 8277990240",""
"Ranges","Western Range – Mangaluru","CPI Aldur Circle","220800 / 9480805131","cpialdurckm@ksp.gov.in"
"Ranges","Western Range – Mangaluru","PSI Aldur PS","250041 / 9480805149","aldurckm@ksp.gov.in"
"Ranges","Western Range – Mangaluru","PSI Mallandur PS","248222 / 9480805171","mallandurckm@ksp.gov.in"
"Ranges","Western Range – Mangaluru","PSI Mallandur PS","248222 / 8277990251",""
"Ranges","Western Range – Mangaluru","PI Chikkamagalur (R) PS","220588 / 9480805147","ruralckm@ksp.gov.in"
"Ranges","Western Range – Mangaluru","PSI Chikkamagalur (R) PS","220588 / —",""
"Ranges","Western Range – Mangaluru","CPI Mudigere Circle","220999 / 9480805132","cpimudigereckm@ksp.gov.in"
"Ranges","Western Range – Mangaluru","PSI-1 Mudigere PS","220333 / 9480805150","mudigereckm@ksp.gov.in"
"Ranges","Western Range – Mangaluru","PSI Banakal PS","229049 / 9480805151","banakalckm@ksp.gov.in"
"Ranges","Western Range – Mangaluru","PSI Gonibeedu PS","240117 / 9480805152","gonibeeduckm@ksp.gov.in"
"Ranges","Western Range – Mangaluru","PSI Balur PS","245111 / 9480805153","balurckm@ksp.gov.in"
"Ranges","Western Range – Mangaluru","DSP, Koppa","221285 / 9480805121","sdpokoppackm@ksp.gov.in"
"Ranges","Western Range – Mangaluru","CPI Koppa Circle","221027 / 222127 / 9480805133","cpikoppackm@ksp.gov.in"
"Ranges","Western Range – Mangaluru","PSI Koppa PS","221027 / 9480805154","koppackm@ksp.gov.in"
"Ranges","Western Range – Mangaluru","PSI Hariharapura PS","274158 / 9480805155","hariharapurackm@ksp.gov.in"
"Ranges","Western Range – Mangaluru","PSI-1 Jayapura PS","245245 / 9480805172","jayapurackm@ksp.gov.in"
"Ranges","Western Range – Mangaluru","PI Sringeri PS","250150 / 9480805156","sringerickm@ksp.gov.in"
"Ranges","Western Range – Mangaluru","PSI Sringeri PS","250150 / 8277990259",""
"Ranges","Western Range – Mangaluru","CPI N.R.Pura Circle","220038 / 9480805134","cpinrpurackm@ksp.gov.in"
"Ranges","Western Range – Mangaluru","PSI N.R.Pura PS","220129 / 9480805157","nrpurackm@ksp.gov.in"
"Ranges","Western Range – Mangaluru","PSI Balehonnur PS","250666 / 9480805158","balehonnurckm@ksp.gov.in"
"Ranges","Western Range – Mangaluru","CPI Kudremukha Circle","254399 / 9480805135","cpikudremukhackm@ksp.gov.in"
"Ranges","Western Range – Mangaluru","PSI Kudremukha PS","254169 / 9480805159","kudremukhackm@ksp.gov.in"
"Ranges","Western Range – Mangaluru","PSI Kalasa PS","274877 / 9480805160","kalasackm@ksp.gov.in"
"Ranges","Western Range – Mangaluru","DSP Tarikere","222266 / 9480805122","sdpotarikereckm@ksp.gov.in"
"Ranges","Western Range – Mangaluru","PI Tarikere PS","222222 / 9480805161","tarikereckm@ksp.gov.in"
"Ranges","Western Range – Mangaluru","PSI-1 Tarikere PS","222222 / 8277990265",""
"Ranges","Western Range – Mangaluru","CPI Tarikere Circle","222690 / 9480805136","cpitarikereckm@ksp.gov.in"
"Ranges","Western Range – Mangaluru","PSI Lakkavalli PS","239446 / 9480805162","lakkavallickm@ksp.gov.in"
"Ranges","Western Range – Mangaluru","PSI Lingadalli PS","254636 / 9480805163","lingadahallickm@ksp.gov.in"
"Ranges","Western Range – Mangaluru","PI Ajjampura PS","245133 / 9480805164","ajjampurackm@ksp.gov.in"
"Ranges","Western Range – Mangaluru","PSI Ajjampura PS","245033 / 8277990271",""
"Ranges","Western Range – Mangaluru","CPI Birur Circle","255890 / 9480805137","cpibirurckm@ksp.gov.in"
"Ranges","Western Range – Mangaluru","PSI-1 Birur PS","255656 / 9480805165","birurckm@ksp.gov.in"
"Ranges","Western Range – Mangaluru","PSI Yagati PS","240033 / 9480805166","yagatickm@ksp.gov.in"
"Ranges","Western Range – Mangaluru","CPI Kadur Circle","222266 / 9480805138","cpikadurckm@ksp.gov.in"
"Ranges","Western Range – Mangaluru","PSI-1 Kadur PS","221333 / 9480805167","kadurckm@ksp.gov.in"
"Ranges","Western Range – Mangaluru","PSI Sakarayapatna PS","244044 / 9480805168","sakarayapatnackm@ksp.gov.in"
"Ranges","Western Range – Mangaluru","PSI Singatagere PS","235520 / 9480805169","singatagereckm@ksp.gov.in"
"Ranges","Western Range – Mangaluru","PSI Panchanahalli PS","259533 / 9480805170","panchanahallickm@ksp.gov.in"
"Ranges","Western Range – Mangaluru","AAO","234808 / —",""
"Ranges","Western Range – Mangaluru","PI DSB","235400 / 9480805107","dsbcckm@ksp.gov.in"
"Ranges","Western Range – Mangaluru","RPI DAR","222150 / 9480805106","darckm@ksp.gov.in"
"Ranges","Western Range – Mangaluru","PI ISD","— / 9480800705",""
"Ranges","Western Range – Mangaluru","DSP KLA","230179 / —",""
"Ranges","Western Range – Mangaluru","Home Guard","220379 / —",""
"Ranges","North-Eastern Range – Kalaburagi","DIGP, North Eastern Range","08472-263601 / 9480800030","igpner@ksp.gov.in"
"Ranges","North-Eastern Range – Kalaburagi","DSP Admin, IGP Office","263605 / 9480803518",""
"Ranges","North-Eastern Range – Kalaburagi","DSP DE, IGP Office","263605 / 9480803519",""
"Ranges","North-Eastern Range – Kalaburagi","DSP FPB, IGP Office","— / 9480800483",""
"Ranges","North-Eastern Range – Kalaburagi","SP, DCRE, North-Eastern Range","08472-263647 / 9480806111","spnerdcre@ksp.gov.in"
"Ranges","North-Eastern Range – Kalaburagi","SP, Kalaburagi","08472-263602 / 9480803501","spgba@ksp.gov.in"
"Ranges","North-Eastern Range – Kalaburagi","Addl. SP-1, Kalaburagi","08472-263603 / 9480803502","addlspgba@ksp.gov.in"
"Ranges","North-Eastern Range – Kalaburagi","Addl. SP-2, Kalaburagi","263609 / 9480803509",""
"Ranges","North-Eastern Range – Kalaburagi","Dist. Control Room","279180 / 263604 / 9480803500","dcgba@ksp.gov.in"
"Ranges","North-Eastern Range – Kalaburagi","PI(W)","— / 9480800955",""
"Ranges","North-Eastern Range – Kalaburagi","Cyber Crime PS","273154 / 9480803603",""
"Ranges","North-Eastern Range – Kalaburagi","Women PS","263620 / 9480803556","womengba@ksp.gov.in"
"Ranges","North-Eastern Range – Kalaburagi","DSP, Kalaburagi Rural","263626 / 9480803522","sdporuralgba@ksp.gov.in"
"Ranges","North-Eastern Range – Kalaburagi","CPI Kalaburagi Rural Circle","263630 / 9480803530",""
"Ranges","North-Eastern Range – Kalaburagi","PSI Kamalapur PS","08478-221306 / 9480803558","kamalapurblr@ksp.gov.in"
"Ranges","North-Eastern Range – Kalaburagi","PSI Mahagaon PS","08478-220355 / 9480803557","mahagoangba@ksp.gov.in"
"Ranges","North-Eastern Range – Kalaburagi","CPI Jewargi Circle","08442-236033 / 9480803533","cpijewargigba@ksp.gov.in"
"Ranges","North-Eastern Range – Kalaburagi","PSI Jewargi PS","08442-223933 / 9480803560","jewargigba@ksp.gov.in"
"Ranges","North-Eastern Range – Kalaburagi","PSI Nelogi PS","08442-225033 / 9480803562","nelogigba@ksp.gov.in"
"Ranges","North-Eastern Range – Kalaburagi","PSI Yedrami PS","08442-226233 / 9480803561","yedramigba@ksp.gov.in"
"Ranges","North-Eastern Range – Kalaburagi","DSP, Shahabad","204444 / 9480803525","sdposhahabadgba@ksp.gov.in"
"Ranges","North-Eastern Range – Kalaburagi","PI Shahabad PS","204444 / 9480803570","shahabadtowngba@ksp.gov.in"
"Ranges","North-Eastern Range – Kalaburagi","PSI-1 Shahabad PS","204444 / 9480803623",""
"Ranges","North-Eastern Range – Kalaburagi","PSI-2 Shahabad PS","204444 / 9480803624",""
"Ranges","North-Eastern Range – Kalaburagi","CPI Kalagi Circle","227796 / 9480803542","cpikalagigba@ksp.gov.in"
"Ranges","North-Eastern Range – Kalaburagi","PSI Kalagi PS","227633 / 9480803572","kalagigba@ksp.gov.in"
"Ranges","North-Eastern Range – Kalaburagi","PSI Madbool PS","290166 / 9480803571","madboolgba@ksp.gov.in"
"Ranges","North-Eastern Range – Kalaburagi","CPI Chithapur Circle","236116 / 9480803532","chittaputagba@ksp.gov.in"
"Ranges","North-Eastern Range – Kalaburagi","PSI Chithapur PS","236123 / 9480803573","chittapurgba@ksp.gov.in"
"Ranges","North-Eastern Range – Kalaburagi","PSI-1 Wadi PS","08476-202300 / 9480803574","wadirly@ksp.gov.in"
"Ranges","North-Eastern Range – Kalaburagi","PSI-2 Wadi PS","08476-202300 / —",""
"Ranges","North-Eastern Range – Kalaburagi","DSP, Chincholli","273100 / 9480803524","sdpochincholigba@ksp.gov.in"
"Ranges","North-Eastern Range – Kalaburagi","CPI Chincholli Circle","291033 / 9480803540","cpichincholigba@ksp.gov.in"
"Ranges","North-Eastern Range – Kalaburagi","PSI Chincholli PS","273033 / 9480803588","chincholigba@ksp.gov.in"
"Ranges","North-Eastern Range – Kalaburagi","PSI Konchawaram PS","285181 / 9480803590","kunchawaramgba@ksp.gov.in"
"Ranges","North-Eastern Range – Kalaburagi","PSI Miriyana PS","295444 / 9480803589","miriyangba@ksp.gov.in"
"Ranges","North-Eastern Range – Kalaburagi","CPI Sulepeth Circle","295090 / 9480803541","cpisulupethgba@ksp.gov.in"
"Ranges","North-Eastern Range – Kalaburagi","PSI Sulepeth PS","295024 / 9480803591","sulupethgba@ksp.gov.in"
"Ranges","North-Eastern Range – Kalaburagi","PSI Ratkal PS","292833 / 9480803592","ratkalgba@ksp.gov.in"
"Ranges","North-Eastern Range – Kalaburagi","CPI Sedam Circle","276166 / 9480803537","cpisedamgba@ksp.gov.in"
"Ranges","North-Eastern Range – Kalaburagi","PSI-1 Sedam PS","276166 / 9480803593","sedamgbagba@ksp.gov.in"
"Ranges","North-Eastern Range – Kalaburagi","PSI-2 Sedam PS","— / 9480803621",""
"Ranges","North-Eastern Range – Kalaburagi","PSI Malkhed PS","280366 / 9480803595","malkhedgba@ksp.gov.in"
"Ranges","North-Eastern Range – Kalaburagi","PSI Kurkunta PS","228543 / 9480803596","kurkuntagba@ksp.gov.in"
"Ranges","North-Eastern Range – Kalaburagi","PI Mudhol PS","220811 / 9480803594",""
"Ranges","North-Eastern Range – Kalaburagi","PSI Mudhol PS","— / 9480803622","mudholbgk@ksp.gov.in"
"Ranges","North-Eastern Range – Kalaburagi","DSP Alland","202443 / 9480803537","sdpoalandgba@ksp.gov.in"
"Ranges","North-Eastern Range – Kalaburagi","PI Alland PS","202222 / 9480803563","alalndgba@ksp.gov.in"
"Ranges","North-Eastern Range – Kalaburagi","PSI-2 Alland PS","202222 / 9480803625",""
"Ranges","North-Eastern Range – Kalaburagi","CPI Alland Circle","202222 / 9480803539","cpialandgba@ksp.gov.in"
"Ranges","North-Eastern Range – Kalaburagi","PSI Nimbarga PS","286733 / 9480803565","nimbargagba@ksp.gov.in"
"Ranges","North-Eastern Range – Kalaburagi","PSI Madan Hipparga PS","216266 / 9480803566","madanhihipparagagba@ksp.gov.in"
"Ranges","North-Eastern Range – Kalaburagi","PSI Narona PS","228233 / 9480803564","naronagba@ksp.gov.in"
"Ranges","North-Eastern Range – Kalaburagi","CPI Afzalpur Circle","283038 / 9480803538","cpiafzalpurgba@ksp.gov.in"
"Ranges","North-Eastern Range – Kalaburagi","PSI-1 Afzalpur PS","283038 / 9480803567","afzalpurgba@ksp.gov.in"
"Ranges","North-Eastern Range – Kalaburagi","PSI-2 Afzalpur PS","283038 / —",""
"Ranges","North-Eastern Range – Kalaburagi","PSI Revoor PS","269436 / 9480803569","revoorgba@ksp.gov.in"
"Ranges","North-Eastern Range – Kalaburagi","PSI Deval Gangapur PS","274360 / 9480803568","dgpuragba@ksp.gov.in"
"Ranges","North-Eastern Range – Kalaburagi","AAO","263606 / 9480803621",""
"Ranges","North-Eastern Range – Kalaburagi","DSP INT","263650 / 9449878614",""
"Ranges","North-Eastern Range – Kalaburagi","DSP DCRB","—","dcrbgba@ksp.gov.in"
"Ranges","North-Eastern Range – Kalaburagi","DSP D.A.R","263612 / 9480803506","dargba@ksp.gov.in"
"Ranges","North-Eastern Range – Kalaburagi","RPI MTO","— / 9480803613","mtodargba@ksp.gov.in"
"Ranges","North-Eastern Range – Kalaburagi","PI DSB","263610 / 9480803507","dsbgba@ksp.gov.in"
"Ranges","North-Eastern Range – Kalaburagi","PI DCIB","263610 / 9480803508","dcibgba@ksp.gov.in"
"Ranges","North-Eastern Range – Kalaburagi","PSI DCRB","— / 9480032100","dcrb1gba@ksp.gov.in"
"Ranges","North-Eastern Range – Kalaburagi","PI ISD","— / 9480800663",""
"Ranges","North-Eastern Range – Kalaburagi","PI DCB","— / 9480803603","dcbga@ksp.gov.in"
"Ranges","North-Eastern Range – Kalaburagi","PI FPB","— / 9480803510","fpugba@ksp.gov.in"
"Ranges","North-Eastern Range – Kalaburagi","Social Media","— / 9480803610",""
"Ranges","North-Eastern Range – Kalaburagi","PI Railway Wadi","08476-202244 / 9480802103",""
"Ranges","North-Eastern Range – Kalaburagi","6th BN Commdt. KSRP","212196 / 9480805806",""
"Ranges","North-Eastern Range – Kalaburagi","Sub Jail","212505 / —",""
"Ranges","North-Eastern Range – Kalaburagi","Comdt. Home Guards","263024 / 08472-245735 / —",""
"Ranges","North-Eastern Range – Kalaburagi","SP, Yadgiri","253730 / 252776 / 9480803601","spydr@ksp.gov.in"
"Ranges","North-Eastern Range – Kalaburagi","Addl. SP, Yadgiri","253776 / 9480803602","addlspydr@ksp.gov.in"
"Ranges","North-Eastern Range – Kalaburagi","Dist. Control Room","253778 / 253736 / 9480803600","dcydr@ksp.gov.in"
"Ranges","North-Eastern Range – Kalaburagi","PI(W)","— / 9480800959",""
"Ranges","North-Eastern Range – Kalaburagi","DSP Yadgiri","252301 / 9480803526","sdpoyadgirydr@ksp.gov.in"
"Ranges","North-Eastern Range – Kalaburagi","PSI Women PS","253255 / 9480803639","womenydr@ksp.gov.in"
"Ranges","North-Eastern Range – Kalaburagi","PI Cyber Crime PS","253778 / 9480803664","picenyadagiri@ksp.gov.in"
"Ranges","North-Eastern Range – Kalaburagi","CPI Yadgiri Circle","251114 / 9480803534","cpiyadgirydr@ksp.gov.in"
"Ranges","North-Eastern Range – Kalaburagi","PSI-1 Yadgiri (T) PS","252100 / —","yadgirydr@ksp.gov.in"
"Ranges","North-Eastern Range – Kalaburagi","PSI-1 Yadgiri (R) PS","252303 / 9480803576","yadgirruralydr@ksp.gov.in"
"Ranges","North-Eastern Range – Kalaburagi","PSI Wadagera PS","219003 / 9480803577","wadagerydr@ksp.gov.in"
"Ranges","North-Eastern Range – Kalaburagi","PSI Yadgiri Traffic PS","250001 / 9480803638","trafficydr@ksp.gov.in"
"Ranges","North-Eastern Range – Kalaburagi","PI Gurmitkal","225153 / 9480803543","cpigurmitkalydr@ksp.gov.in"
"Ranges","North-Eastern Range – Kalaburagi","PSI Gurmitkal","225054 / 9480803581","gurmitkalydr@ksp.gov.in"
"Ranges","North-Eastern Range – Kalaburagi","PI Saidapur PS","224233 / 9480803582","saidapurydr@ksp.gov.in"
"Ranges","North-Eastern Range – Kalaburagi","DSP Shorapur","256302 / 9480803637","sdposhorapurydr@ksp.gov.in"
"Ranges","North-Eastern Range – Kalaburagi","PI Shahapur PS","243329 / 9480803578","shahapurydr@ksp.gov.in"
"Ranges","North-Eastern Range – Kalaburagi","PI Shorapur PS","256030 / 9480803583","shorapurydr@ksp.gov.in"
"Ranges","North-Eastern Range – Kalaburagi","CPI Shahapur Circle","240150 / 9480803535","cpishahapurydr@ksp.gov.in"
"Ranges","North-Eastern Range – Kalaburagi","PSI B.Gudi PS","222055 / 9480803580","bgudiydr@ksp.gov.in"
"Ranges","North-Eastern Range – Kalaburagi","PSI Gogi PS","225533 / 9480803579","gogiydr@ksp.gov.in"
"Ranges","North-Eastern Range – Kalaburagi","CPI Hunsagi Circle","200488 / 9480803536","cpishorapurydr@ksp.gov.in"
"Ranges","North-Eastern Range – Kalaburagi","PSI Hunsagi PS","200388 / 9480803587","hunasagiydr@ksp.gov.in"
"Ranges","North-Eastern Range – Kalaburagi","PSI Kembhavi PS","08443-278210 / 9480803585","kembhaviydr@ksp.gov.in"
"Ranges","North-Eastern Range – Kalaburagi","PSI Kodekal PS","222833 / 9480803584","kodekalydr@ksp.gov.in"
"Ranges","North-Eastern Range – Kalaburagi","PSI Narayanpur PS","229624 / 9480803586","narayanapurydr@ksp.gov.in"
"Ranges","North-Eastern Range – Kalaburagi","AAO","253735 / 9480803669",""
"Ranges","North-Eastern Range – Kalaburagi","SP, Lokayuktha","253802 / 9364062529","spklayadagir@gmail.com"
"Ranges","North-Eastern Range – Kalaburagi","DSP, Lokayuktha","250077 / 9364062589","kla.dsp-ydgr@karnataka.gov.in"
"Ranges","North-Eastern Range – Kalaburagi","PI-1 Lokayuktha","253355 / 9364062714","kla.pi1-ydgr@karnataka.gov.in"
"Ranges","North-Eastern Range – Kalaburagi","PI-2 Lokayuktha","253355 / 9364062715","kla.pi2-ydgr@karnataka.gov.in"
"Ranges","North-Eastern Range – Kalaburagi","PI DSB","253737 / 9480803660","dsbydr@ksp.gov.in"
"Ranges","North-Eastern Range – Kalaburagi","PI DCRB","253738 / 9480803661","dcrbydr@ksp.gov.in"
"Ranges","North-Eastern Range – Kalaburagi","DSP DAR","08473-253277 / 9480803668","darydr@ksp.gov.in"
"Ranges","North-Eastern Range – Kalaburagi","RPI DAR-I","08473-253230 / 9480803667",""
"Ranges","North-Eastern Range – Kalaburagi","PI INT","252266 / 9449878615",""
"Ranges","North-Eastern Range – Kalaburagi","PI GESCOM","250630 / —",""
"Ranges","North-Eastern Range – Kalaburagi","Excise","296732 / —",""
"Ranges","North-Eastern Range – Kalaburagi","Computer Section","253796 / 9480806054","ccydr@ksp.gov.in"
"Ranges","North-Eastern Range – Kalaburagi","SP, Bidar","226700 / 298000 / 9480803401","spbdr@ksp.gov.in"
"Ranges","North-Eastern Range – Kalaburagi","Addl. SP-1, Bidar","08482-226702 / 9480803402","addlspbdr@ksp.gov.in"
"Ranges","North-Eastern Range – Kalaburagi","Addl. SP-2, Bidar","— / 9480803409","addlsp2dbr@ksp.gov.in"
"Ranges","North-Eastern Range – Kalaburagi","Dist. Control Room","226704 / 224024 / 9480803400","dcbdr@ksp.gov.in"
"Ranges","North-Eastern Range – Kalaburagi","PI(W)","— / 9480800958",""
"Ranges","North-Eastern Range – Kalaburagi","DSP, Bidar","226705 / 9480803420","sdpobdr@ksp.gov.in"
"Ranges","North-Eastern Range – Kalaburagi","Cyber Crime PS","220595 / 9480803437","cenpsbdr@ksp.gov.in"
"Ranges","North-Eastern Range – Kalaburagi","CPI Bidar Town Circle","231387 / 9480803431","cpitownbdr@ksp.gov.in"
"Ranges","North-Eastern Range – Kalaburagi","PSI-1 Bidar Sub-Urban PS","231046 / 9480803445","townbdr@ksp.gov.in"
"Ranges","North-Eastern Range – Kalaburagi","PSI-2 Bidar Sub-Urban PS","231046 / —",""
"Ranges","North-Eastern Range – Kalaburagi","PSI Market PS","226709 / 9480803447","marketbdr@ksp.gov.in"
"Ranges","North-Eastern Range – Kalaburagi","PI Bidar New Town PS","228256 / 9480803446","newtownbdr@ksp.gov.in"
"Ranges","North-Eastern Range – Kalaburagi","PSI Bidar New Town PS","228256 / —",""
"Ranges","North-Eastern Range – Kalaburagi","PI Gandhi Gunj PS","226233 / 9480803448","gandhigunjbdr@ksp.gov.in"
"Ranges","North-Eastern Range – Kalaburagi","PSI Gandhi Gunj PS","226233 / —",""
"Ranges","North-Eastern Range – Kalaburagi","PI Bidar Traffic PS","226713 / 9480803472","pitrafficbdr@ksp.gov.in"
"Ranges","North-Eastern Range – Kalaburagi","PSI Bidar Traffic PS","226713 / —",""
"Ranges","North-Eastern Range – Kalaburagi","PI Bidar Rural PS","— / 9480803449","ruralbdr@ksp.gov.in"
"Ranges","North-Eastern Range – Kalaburagi","PI Women PS","222807 / 9480803408","womenpsbdr@ksp.gov.in"
"Ranges","North-Eastern Range – Kalaburagi","CPI Bidar Rural Circle","226707 / 9480803439","cpiruralbdr@ksp.gov.in"
"Ranges","North-Eastern Range – Kalaburagi","PSI Janwada PS","244033 / 9480803450","janwadabdr@ksp.gov.in"
"Ranges","North-Eastern Range – Kalaburagi","PSI Bagdal PS","242633 / 9480803451","bagdalbdr@ksp.gov.in"
"Ranges","North-Eastern Range – Kalaburagi","PSI Mannalli PS","246133 / —","mannallibdr@ksp.gov.in"
"Ranges","North-Eastern Range – Kalaburagi","DSP, Humnabad","270028 / 9480803422","sdpohumnabadbdr@ksp.gov.in"
"Ranges","North-Eastern Range – Kalaburagi","CPI Humnabad Circle","270159 / 9480803435","cpihumnabadbdr@ksp.gov.in"
"Ranges","North-Eastern Range – Kalaburagi","PSI-1 Humnabad PS","— / 9480803452","humnabadbdr@ksp.gov.in"
"Ranges","North-Eastern Range – Kalaburagi","PSI-2 Humnabad PS","—",""
"Ranges","North-Eastern Range – Kalaburagi","PSI Hallikhed PS","274313 / 9480803453","hallikhedbdr@ksp.gov.in"
"Ranges","North-Eastern Range – Kalaburagi","PSI Humnabad Traffic PS","270100 / —","humnadbadtrafficbdr@ksp.gov.in"
"Ranges","North-Eastern Range – Kalaburagi","CPI Chitaguppa Circle","277188 / 9480803434","cpichitaguppabdr@ksp.gov.in"
"Ranges","North-Eastern Range – Kalaburagi","PSI Chitaguppa PS","277133 / 9480803455","chittaguppabdr@ksp.gov.in"
"Ranges","North-Eastern Range – Kalaburagi","PSI Manna-Ekhelli PS","276833 / 9480803456","mannaekhellbdr@ksp.gov.in"
"Ranges","North-Eastern Range – Kalaburagi","PSI Bemelkhed PS","275444 / 9480803454","bemalkhedbdr@ksp.gov.in"
"Ranges","North-Eastern Range – Kalaburagi","CPI Basavakalyan Circle","250011 / 9480803432","cpibkalyanbdr@ksp.gov.in"
"Ranges","North-Eastern Range – Kalaburagi","PSI Basavakalyan Town PS","250336 / 9480803457","bkalyantownbdr@ksp.gov.in"
"Ranges","North-Eastern Range – Kalaburagi","PSI Hulsoor PS","253025 / 9480803458","hulsoorbdr@ksp.gov.in"
"Ranges","North-Eastern Range – Kalaburagi","PSI-1 Basavakalyan Traffic PS","259045 / 9480803459","bkalyantrafficbdr@ksp.gov.in"
"Ranges","North-Eastern Range – Kalaburagi","PSI-2 Basavakalyan Traffic PS","259045 / —",""
"Ranges","North-Eastern Range – Kalaburagi","CPI Mantala Circle","259055 / 9480803438","cpimanthalabdr@ksp.gov.in"
"Ranges","North-Eastern Range – Kalaburagi","PSI Mantala PS","257433 / 9480803461","manthalabdr@ksp.gov.in"
"Ranges","North-Eastern Range – Kalaburagi","PSI Basavakalyan (R) PS","252333 / 9480803460","bkalyanruralbdr@ksp.gov.in"
"Ranges","North-Eastern Range – Kalaburagi","PSI Mudbi PS","259833 / 9480803462","mudbibdr@ksp.gov.in"
"Ranges","North-Eastern Range – Kalaburagi","DSP, Bhalki","252233 / 9480803421","sdpobhalkibdr@ksp.gov.in"
"Ranges","North-Eastern Range – Kalaburagi","PI Bhalki (T) PS","262323 / 9480803463","bhalkitownbdr@ksp.gov.in"
"Ranges","North-Eastern Range – Kalaburagi","PSI Bhalki (T) PS","262323 / —",""
"Ranges","North-Eastern Range – Kalaburagi","CPI Bhalki Rural Circle","260312 / 9480803433","cpibhalkiruralbdrbdr@ksp.gov.in"
"Ranges","North-Eastern Range – Kalaburagi","PSI-1 Bhalki Rural PS","262333 / 9480803464","bhalkiruralbdr@ksp.gov.in"
"Ranges","North-Eastern Range – Kalaburagi","PSI-2 Bhalki Rural PS","262333 / —",""
"Ranges","North-Eastern Range – Kalaburagi","PSI Dhannura PS","264231 / 9480803465","dhannurabdr@ksp.gov.in"
"Ranges","North-Eastern Range – Kalaburagi","PSI Khatak Chincholli PS","265233 / 9480803466","kchinchollibdr@ksp.gov.in"
"Ranges","North-Eastern Range – Kalaburagi","PSI Mehakar PS","269502 / —","mehakarbdr@ksp.gov.in"
"Ranges","North-Eastern Range – Kalaburagi","CPI Kamalanagar Circle","282324 / 9480803436","cpiknagarbdr@ksp.gov.in"
"Ranges","North-Eastern Range – Kalaburagi","PSI Kamalanagar PS","285223 / 9480803470","kamalanagarbdr@ksp.gov.in"
"Ranges","North-Eastern Range – Kalaburagi","PSI Kushnoor PS","288833 / 9480803471","kushnurbdr@ksp.gov.in"
"Ranges","North-Eastern Range – Kalaburagi","CPI Aurad Circle","280375 / 9480803430","cpiauradbdr@ksp.gov.in"
"Ranges","North-Eastern Range – Kalaburagi","PSI-1 Aurad PS","280048 / 9480803467","auradbdr@ksp.gov.in"
"Ranges","North-Eastern Range – Kalaburagi","PSI-2 Aurad PS","280048 / —",""
"Ranges","North-Eastern Range – Kalaburagi","PSI Santhapur PS","287633 / 9480803469","santhapurbdr@ksp.gov.in"
"Ranges","North-Eastern Range – Kalaburagi","PSI Chintaki PS","284033 / 9480803468","chintakibdr@ksp.gov.in"
"Ranges","North-Eastern Range – Kalaburagi","PSI Hokrana PS","284444 / —","hokranabdr@ksp.gov.in"
"Ranges","North-Eastern Range – Kalaburagi","AAO","222915 / —",""
"Ranges","North-Eastern Range – Kalaburagi","DSP DAR","226715 / 9480803406","darbbdr@ksp.gov.in"
"Ranges","North-Eastern Range – Kalaburagi","RPI DAR","226715 / 9008368656",""
"Ranges","North-Eastern Range – Kalaburagi","PI DSB","227231 / 9480803407","dsbbdr@ksp.gov.in"
"Ranges","North-Eastern Range – Kalaburagi","PI DCRB","— / 9480803410","dcrbbdr@ksp.gov.in"
"Ranges","North-Eastern Range – Kalaburagi","PI DCIB","— / 9480803408","pidcidunitbdr@ksp.gov.in"
"Ranges","North-Eastern Range – Kalaburagi","PI FPB","— / 9480806025","fpubdr@ksp.gov.in"
"Ranges","North-Eastern Range – Kalaburagi","Jail","228225 / 9480806504",""
"Ranges","North-Eastern Range – Kalaburagi","Home Guard","225397 / —",""
"Ranges","Ballari Range – Ballari","IGP, Ballari Range","254900 (CB), 254400, 254102, RES-297100 / 9480800034","igpblr@ksp.gov.in"
"Ranges","Ballari Range – Ballari","DSP HQ, IGP Office","08392-255009 / —","dsphqigpblr@ksp.gov.in"
"Ranges","Ballari Range – Ballari","AAO, IGP Office","08392-255900 / —",""
"Ranges","Ballari Range – Ballari","SS, IGP Office","08392-255400 / —",""
"Ranges","Ballari Range – Ballari","SP, DCRE, Ballari Range","08392-299039 / 9480806112","spblrdcre@ksp.gov.in"
"Ranges","Ballari Range – Ballari","SP, Ballari","258300 / 258400 / 9480803001","spblr@ksp.gov.in"
"Ranges","Ballari Range – Ballari","Addl. SP-1, Ballari","08392-258837 / 9480803002","addlspblr@ksp.gov.in"
"Ranges","Ballari Range – Ballari","Addl. SP-2, Ballari","257966 / 9480803009","addlsp2blr@ksp.gov.in"
"Ranges","Ballari Range – Ballari","District Control Room","258100, 258102 / 9480803000, 9480803083","dcblr@ksp.gov.in"
"Ranges","Ballari Range – Ballari","PI Wireless","258101 / 9480800948",""
"Ranges","Ballari Range – Ballari","DSP, Cyber Crime PS","255034 / 9480803014","cybercrimeblr@ksp.gov.in"
"Ranges","Ballari Range – Ballari","PI Women PS","268108 / 9480803088","womenpsblr@ksp.gov.in"
"Ranges","Ballari Range – Ballari","DSP, Ballari City","272322 / 9480803020","sdpoblr@ksp.gov.in"
"Ranges","Ballari Range – Ballari","PI Gandhinagar PS","272192 / 9480803046","gandhinagarblr@ksp.gov.in"
"Ranges","Ballari Range – Ballari","PSI Gandhinagar PS","272192 / 9480803082",""
"Ranges","Ballari Range – Ballari","PI Brucepet PS","272022 / 9480803045","brucepetblr@ksp.gov.in"
"Ranges","Ballari Range – Ballari","PSI Brucepet PS","272022 / 9480803081",""
"Ranges","Ballari Range – Ballari","PI Cowl Bazar PS","240731 / 9480803047","cowlbazarblr@ksp.gov.in"
"Ranges","Ballari Range – Ballari","PSI-1 Cowl Bazar PS","240731 / 9480803084",""
"Ranges","Ballari Range – Ballari","PSI-2 Cowl Bazar PS","240731 / 9480803085",""
"Ranges","Ballari Range – Ballari","PI APMC Yard Ballari PS","250033 / 9480803096","apmcblr@ksp.gov.in"
"Ranges","Ballari Range – Ballari","PI Ballari Traffic PS","275722 / 9480803048","bellarytrafficblr@ksp.gov.in"
"Ranges","Ballari Range – Ballari","PSI Ballari Traffic PS","275722 / 9480803086",""
"Ranges","Ballari Range – Ballari","DSP, Siruguppa","— / 9480803021","sdposiruguppa@ksp.gov.in"
"Ranges","Ballari Range – Ballari","PI Ballari Rural PS","276461 / 9480803049",""
"Ranges","Ballari Range – Ballari","PSI Rural Ballari PS","276461 / 9480803087","bellaryruralblr@ksp.gov.in"
"Ranges","Ballari Range – Ballari","CPI Siruguppa Circle","220333 / 9480803032","cpisgpblr@ksp.gov.in"
"Ranges","Ballari Range – Ballari","PSI-1 Siruguppa PS","220333 / 9480803053","siruguppablr@ksp.gov.in"
"Ranges","Ballari Range – Ballari","PSI-2 Siruguppa PS","220333 / 9480803013",""
"Ranges","Ballari Range – Ballari","PSI Hatchohalli PS","241613 / 9480803054","hatcholliblr@ksp.gov.in"
"Ranges","Ballari Range – Ballari","CPI P.D. Halli Circle","265010 / 9480803031","cpiruralblr@ksp.gov.in"
"Ranges","Ballari Range – Ballari","PSI P.D. Halli PS","265010 / 9480803052","pdhalliblr@ksp.gov.in"
"Ranges","Ballari Range – Ballari","PSI Moka PS","293228 / 9480803050","mokablr@ksp.gov.in"
"Ranges","Ballari Range – Ballari","CPI Tekkalakote Circle","248013 / 9480803033","cpitkotablr@ksp.gov.in"
"Ranges","Ballari Range – Ballari","PSI Tekkalakote PS","248013 / 9480803055","tekkalakotablr@ksp.gov.in"
"Ranges","Ballari Range – Ballari","PSI Sirigeri PS","244426 / 9480803056","siregeriblr@ksp.gov.in"
"Ranges","Ballari Range – Ballari","DSP, Toranagallu","08392-200763 / 9480803010","sdpotngblr@ksp.gov.in"
"Ranges","Ballari Range – Ballari","PI Kampli PS","251599 / 9480803038","cpikampliblr@ksp.gov.in"
"Ranges","Ballari Range – Ballari","PSI Kampli PS","250333 / 9480803077","kampliblr@ksp.gov.in"
"Ranges","Ballari Range – Ballari","CPI Kurugodu Circle","263433 / 8277977722 / 9480803039","cpikurugodublr@ksp.gov.in"
"Ranges","Ballari Range – Ballari","PSI Kurugodu PS","263433 / 9480803051","kurugodublrblr@ksp.gov.in"
"Ranges","Ballari Range – Ballari","PSI Kuduthini PS","08392-248100 / 9480803078","kuduthiniblr@ksp.gov.in"
"Ranges","Ballari Range – Ballari","CPI Sandur Circle","260249 / 9480803036","cpisdrblr@ksp.gov.in"
"Ranges","Ballari Range – Ballari","PSI Sandur PS","260249 / 9480803061","sandurblr@ksp.gov.in"
"Ranges","Ballari Range – Ballari","PSI Torangallu PS","250100 / 9480803062","torangalblr@ksp.gov.in"
"Ranges","Ballari Range – Ballari","PSI Choranuru PS","— / 9480803063","choranurublr@ksp.gov.in"
"Ranges","Ballari Range – Ballari","AAO","258011 / —",""
"Ranges","Ballari Range – Ballari","SP, Lokayukta","294825, 271827 / 9364062511","kla-blrysp-ka@nic.in"
"Ranges","Ballari Range – Ballari","DSP, Lokayukta","— / 9364062552","kla-blrysp-ka@nic.in"
"Ranges","Ballari Range – Ballari","PI, Lokayukta","— / 9364062630",""
"Ranges","Ballari Range – Ballari","PI, Lokayukta","— / 9364062631",""
"Ranges","Ballari Range – Ballari","DSP, DAR","272966 / 9480803006","dspdarblr@ksp.gov.in"
"Ranges","Ballari Range – Ballari","PI, DSB","257886 / 9480803007","pidsbblr@ksp.gov.in"
"Ranges","Ballari Range – Ballari","PI, ISD","— / 9480800695",""
"Ranges","Ballari Range – Ballari","RPI, DAR","277417 / 9480803041","rpidarblr@ksp.gov.in"
"Ranges","Ballari Range – Ballari","PI GESCOM","258753 / —",""
"Ranges","Ballari Range – Ballari","DSP INT","277974 / —",""
"Ranges","Ballari Range – Ballari","PI INT","277974 / —","piintblr@ksp.gov.in"
"Ranges","Ballari Range – Ballari","Home Guard","276421 / —",""
"Ranges","Ballari Range – Ballari","Railway PS","276063 / 9480802131",""
"Ranges","Ballari Range – Ballari","Dist. Jail","255025 / 9480806515",""
"Ranges","Ballari Range – Ballari","SP, Vijayanagara","200083 / 9480805701","spvjn@ksp.gov.in"
"Ranges","Ballari Range – Ballari","Addl. SP, Vijayanagara","200293 / 9480805702","addlspvjn@ksp.gov.in"
"Ranges","Ballari Range – Ballari","Dist. Control Room","200202 / 200200 / 9480805700","dcvjn@ksp.gov.in"
"Ranges","Ballari Range – Ballari","PI(W)","200201 / 9480805707","pcrvjn@gmail.com"
"Ranges","Ballari Range – Ballari","DSP, Hospet","224204 / 9480805720","sdpohptvjn@ksp.gov.in"
"Ranges","Ballari Range – Ballari","PI Hospet Town PS","224033 / 9480805745","hospettownvjn@ksp.gov.in"
"Ranges","Ballari Range – Ballari","PSI-1 Hospet Town PS","224033 / 9480805751","hospettownvjn@ksp.gov.in"
"Ranges","Ballari Range – Ballari","PI Hospet Traffic PS","230255 / 9480805756","hospettrafficvjn@ksp.gov.in"
"Ranges","Ballari Range – Ballari","PSI-1 Hospet Traffic PS","230255 / 9480805752","hospettrafficvjn@ksp.gov.in"
"Ranges","Ballari Range – Ballari","PI Hospet Rural PS","228233 / 9480805746","hospetruralvjn@ksp.gov.in"
"Ranges","Ballari Range – Ballari","PSI-1 Hospet Rural PS","228233 / 9480805753","hospetruralvjn@ksp.gov.in"
"Ranges","Ballari Range – Ballari","PI Chittawadagi PS","228543 / 9480805747","chitawadgivjn@ksp.gov.in"
"Ranges","Ballari Range – Ballari","PSI-1 Chittawadagi PS","228543 / 9480805757","chitwadgivjn@ksp.gov.in"
"Ranges","Ballari Range – Ballari","CPI T.B Dam Circle","259233 / 9480805731","cpitbdamvjn@ksp.gov.in"
"Ranges","Ballari Range – Ballari","PSI T.B Dam PS","259233 / 9480805754","tbdamvjn@ksp.gov.in"
"Ranges","Ballari Range – Ballari","PSI-1 Hospet Extn. PS","230233 / 9480805755","hospetextnvjn@ksp.gov.in"
"Ranges","Ballari Range – Ballari","CPI Hampi Circle","— / 9480805732","cpihampivjn@ksp.gov.in"
"Ranges","Ballari Range – Ballari","PSI-1 Hampi Tourist PS","241530 / 9480805758","hampivjn@ksp.gov.in"
"Ranges","Ballari Range – Ballari","PSI-2 Hampi Tourist PS","241530 / 9480805759","hampivjn@ksp.gov.in"
"Ranges","Ballari Range – Ballari","PSI-1 Hampi Traffic PS","241630 / 9480805760","hampitrafficvjn@ksp.gov.in"
"Ranges","Ballari Range – Ballari","PSI-2 Hampi Traffic PS","241630 / 9480805761","hampitrafficvjn@ksp.gov.in"
"Ranges","Ballari Range – Ballari","PSI-1 Kamalapur PS","241240 / 9480805762","kamalapurvjn@ksp.gov.in"
"Ranges","Ballari Range – Ballari","PSI-2 Kamalapur PS","241240 / 9480805763","kamalapurvjn@ksp.gov.in"
"Ranges","Ballari Range – Ballari","DSP, Kudligi","220326 / 9480805721","sdpokdgvjn@ksp.gov.in"
"Ranges","Ballari Range – Ballari","CPI Kudligi Circle","— / 9480805747","cpikdlvjn@ksp.gov.in"
"Ranges","Ballari Range – Ballari","PSI-1 Kudligi PS","220223 / 9480805766","kudligivjn@ksp.gov.in"
"Ranges","Ballari Range – Ballari","PSI-1 Gudekote PS","227833 / 9480805767","gudekotevjn@ksp.gov.in"
"Ranges","Ballari Range – Ballari","CPI Kottur Circle","— / 9480805748","cpikotavjn@ksp.gov.in"
"Ranges","Ballari Range – Ballari","PSI-1 Kottur PS","226333 / 9480805783","kotturpsvjn@ksp.gov.in"
"Ranges","Ballari Range – Ballari","PSI-1 Hosalli PS","229433 / 9480805784","hosahallivjn@ksp.gov.in"
"Ranges","Ballari Range – Ballari","CPI H.B.Halli Circle","238333 / 8277978190 / 9480805735","cpihbhallivjn@ksp.gov.in"
"Ranges","Ballari Range – Ballari","PSI H.B.Halli PS","238333 / 9480805770","hbhallivjn@ksp.gov.in"
"Ranges","Ballari Range – Ballari","PSI-1 T.B.Halli PS","249205 / 9480805771","tbhallivjn@ksp.gov.in"
"Ranges","Ballari Range – Ballari","PSI-2 T.B. Halli PS","249205 / —",""
"Ranges","Ballari Range – Ballari","PSI-1 M.M.Halli PS","244030 / 9480805769","mmhallivjn@ksp.gov.in"
"Ranges","Ballari Range – Ballari","PSI-2 M.M.Halli PS","244030 / —",""
"Ranges","Ballari Range – Ballari","DSP, Harapanahalli","240666 / 9480805722","sdpoharapanhallivjn@ksp.gov.in"
"Ranges","Ballari Range – Ballari","CPI Harapanahalli Circle","— / 9480805736","cpiharapanhallivjn@ksp.gov.in"
"Ranges","Ballari Range – Ballari","PSI-1 Harapanahalli PS","280064 / 9480805776","harapanhallivjn@ksp.gov.in"
"Ranges","Ballari Range – Ballari","PSI-1 Arasikere PS","— / 9480805778","arasikerevjn@ksp.gov.in"
"Ranges","Ballari Range – Ballari","PSI Halawagalu PS","272033 / 9480805777","halwagaluvjn@ksp.gov.in"
"Ranges","Ballari Range – Ballari","PSI-1 Chigateri PS","274666 / 9480805779","chigaterivjn@ksp.gov.in"
"Ranges","Ballari Range – Ballari","CPI Hadagali Circle","— / 9480805737","cpihadagalivjn@ksp.gov.in"
"Ranges","Ballari Range – Ballari","PSI-1 Hadagali PS","— / 9480805780","hadagalivjn@ksp.gov.in"
"Ranges","Ballari Range – Ballari","PSI Hirehadagali PS","— / 9480805781","hirehadagalivjn@ksp.gov.in"
"Ranges","Ballari Range – Ballari","PSI-1 Ittigi PS","— / 9480805782","ittigivjn@ksp.gov.in"
"Ranges","Ballari Range – Ballari","PI DCRB","— / 9480805708","dcrbvjn@ksp.gov.in"
"Ranges","Ballari Range – Ballari","PI DSB","— / 9480805709","dsbvjn@ksp.gov.in"
"Ranges","Ballari Range – Ballari","RPI DAR","— / 9480805706","darvjn@ksp.gov.in"
"Ranges","Ballari Range – Ballari","PI FPB","— / 9480805711","fpbvjn@ksp.gov.in"
"Ranges","Ballari Range – Ballari","SOCO Team","— / 9480805713",""
"Ranges","Ballari Range – Ballari","Social Media","— / 9480805719","smmcvjn@ksp.gov.in"
"Ranges","Ballari Range – Ballari","SP, Koppal","230111 / 9480803701","spkpl@ksp.gov.in"
"Ranges","Ballari Range – Ballari","Addl. SP, Koppal","— / 9480803702","addlspkpl@ksp.gov.in"
"Ranges","Ballari Range – Ballari","Dist. Control Room","230800 / 9480803700","dckpl@ksp.gov.in"
"Ranges","Ballari Range – Ballari","PI(W)","230222 / 9480800957",""
"Ranges","Ballari Range – Ballari","DSP, Koppal","— / 9480803720","sdpokpl@ksp.gov.in"
"Ranges","Ballari Range – Ballari","Women PS","221233 / —","womenpskpl@ksp.gov.in"
"Ranges","Ballari Range – Ballari","PI Cyber Crime PS","230029 / 9480803753","dcbkpl@ksp.gov.in"
"Ranges","Ballari Range – Ballari","CDR Section","— / 9480803708",""
"Ranges","Ballari Range – Ballari","PI Koppal (T) PS","220333 / 9480803745","townkpl@ksp.gov.in"
"Ranges","Ballari Range – Ballari","PSI Koppal Traffic PS","222822 / —","traffickpl@ksp.gov.in"
"Ranges","Ballari Range – Ballari","CPI Koppal Rural Circle","221333 / 9480803731","cpiruralkpl@ksp.gov.in"
"Ranges","Ballari Range – Ballari","PSI Koppal (R) PS","221333 / 9480803746","ruralkpl@ksp.gov.in"
"Ranges","Ballari Range – Ballari","PSI Munirabad PS","270333 / 9480803748","munirabdkpl@ksp.gov.in"
"Ranges","Ballari Range – Ballari","PSI Alwandi PS","285233 / 9480803747","alwabdikpl@ksp.gov.in"
"Ranges","Ballari Range – Ballari","CPI Yelburga PS","220133 / 9480803733","cpiyelburgakpl@ksp.gov.in"
"Ranges","Ballari Range – Ballari","PSI Yelburga PS","220133 / 9480803749","yelburgakpl@ksp.gov.in"
"Ranges","Ballari Range – Ballari","PSI Kukanoor PS","230438 / 9480803750","kuknoorkpl@ksp.gov.in"
"Ranges","Ballari Range – Ballari","PSI Bevoor PS","227641 / 9480803751","bevoorkpl@ksp.gov.in"
"Ranges","Ballari Range – Ballari","DSP Gangavati","230853 / 9480803721","sdpogovtkpl@ksp.gov.in"
"Ranges","Ballari Range – Ballari","PI Gangavati Town PS","230633 / 9480803752",""
"Ranges","Ballari Range – Ballari","PSI Gangavati Town PS","230100 / —","gvttownkpl@ksp.gov.in"
"Ranges","Ballari Range – Ballari","PSI-1 Gangavati Traffic PS","231533 / 9480803756","gvttraffickpl@ksp.gov.in"
"Ranges","Ballari Range – Ballari","PI Gangavati Rural PS","230854 / 9480803730","gvtruralkpl@ksp.gov.in"
"Ranges","Ballari Range – Ballari","PI Karatagi PS","275331 / 9480803754","karatagikpl@ksp.gov.in"
"Ranges","Ballari Range – Ballari","PI Kanakagiri PS","240233 / 9480803755","kanakagirikpl@ksp.gov.in"
"Ranges","Ballari Range – Ballari","CPI Kushtagi Circle","267033 / 9480803732","cpikushtagikpl@ksp.gov.in"
"Ranges","Ballari Range – Ballari","PSI Kushtagi PS","267033 / 9480803757","kushtagikpl@ksp.gov.in"
"Ranges","Ballari Range – Ballari","PSI Tawaragera PS","275322 / 9480803758","tawargerakpl@ksp.gov.in"
"Ranges","Ballari Range – Ballari","PSI Hanumasagara PS","270333 / 9480803759","hanumsagarkpl@ksp.gov.in"
"Ranges","Ballari Range – Ballari","AAO","230629 / —",""
"Ranges","Ballari Range – Ballari","PI DSB Koppal","— / 9480803707","dcbkpl@ksp.gov.in"
"Ranges","Ballari Range – Ballari","PI DCRB","— / 9480803709","dcrbkpl@ksp.gov.in"
"Ranges","Ballari Range – Ballari","DSP DAR Koppal","230169 / 9480803706","darkpl@ksp.gov.in"
"Ranges","Ballari Range – Ballari","RPI DAR Koppal","230169 / —",""
"Ranges","Ballari Range – Ballari","PI INT Koppal","222133 / —",""
"Ranges","Ballari Range – Ballari","DSP KLA","220200 / —",""
"Ranges","Ballari Range – Ballari","PI FPB","— / 9480803710",""
"Ranges","Ballari Range – Ballari","Home Guard","225533 / —",""
"Ranges","Ballari Range – Ballari","Jail","221200 / —",""
"Ranges","Ballari Range – Ballari","Fire Officer","221300 / —",""
"Ranges","Ballari Range – Ballari","SP, Raichur","235001 / 235022 / 9480803801","sprcr@ksp.gov.in"
"Ranges","Ballari Range – Ballari","Addl. SP-1, Raichur","235133 / 9480803802","addlsprcr@ksp.gov.in"
"Ranges","Ballari Range – Ballari","Addl. SP-2, Raichur","— / 9480803803","addlsp2rcr@ksp.gov.in"
"Ranges","Ballari Range – Ballari","Dist. Control Room","235187 / 235635 / 9480803800","dcrcr@ksp.gov.in"
"Ranges","Ballari Range – Ballari","PI(W)","235635 / 9480800956",""
"Ranges","Ballari Range – Ballari","DCC ERSS 112 Raichur","— / 9480803870",""
"Ranges","Ballari Range – Ballari","DSP, Raichur","236338 / 9480803820","sdporcr@ksp.gov.in"
"Ranges","Ballari Range – Ballari","PI Women PS","228545 / 9480803808","womenpsrcr@ksp.gov.in"
"Ranges","Ballari Range – Ballari","PI Cyber Crime PS","235377 / 9480803812","cenpsrcr@ksp.gov.in"
"Ranges","Ballari Range – Ballari","PI Sadarbazar PS","226842 / 9480803830","sardarbazarrcr@ksp.gov.in"
"Ranges","Ballari Range – Ballari","PSI-1 Sadarbazar PS","226148 / 9480803845",""
"Ranges","Ballari Range – Ballari","CPI Raichur West Circle","226856 / 9480803831","cpiwestrcr@ksp.gov.in"
"Ranges","Ballari Range – Ballari","PSI-1 Raichur West PS","232570 / 9480803847","westrcr@ksp.gov.in"
"Ranges","Ballari Range – Ballari","PSI-1 Market Yard PS","235600 / 9480803849","marketyardrcr@ksp.gov.in"
"Ranges","Ballari Range – Ballari","PSI-2 Market Yard PS","235600 / 9480803871",""
"Ranges","Ballari Range – Ballari","PSI-1 Netajinagar PS","240222 / 9480803846","netajinagarrcr@ksp.gov.in"
"Ranges","Ballari Range – Ballari","PSI-1 Raichur Traffic PS","226124 / 9480803848","trafficrcr@ksp.gov.in"
"Ranges","Ballari Range – Ballari","PSI-2 Raichur Traffic PS","226124 / 9480803875",""
"Ranges","Ballari Range – Ballari","CPI Rural Raichur Circle","235606 / 9480803832","cpiruralrcr@ksp.gov.in"
"Ranges","Ballari Range – Ballari","PSI-1 Raichur Rural PS","235308 / 9480803850","ruralrcr@ksp.gov.in"
"Ranges","Ballari Range – Ballari","PSI Shaktinagar PS","246133 / 9480803868","shaktinagarrcr@ksp.gov.in"
"Ranges","Ballari Range – Ballari","PSI Yapaldinni PS","280111 / 9480803851","yapaladinnircr@ksp.gov.in"
"Ranges","Ballari Range – Ballari","CPI Yeragera Circle","282200 / 9480803838","cpiyeragerarcr@ksp.gov.in"
"Ranges","Ballari Range – Ballari","PSI Yeragera PS","282033 / 9480803852","yeragerarcr@ksp.gov.in"
"Ranges","Ballari Range – Ballari","PSI Idapanoor PS","204433 / 9741484565 / 9480803853","idapanoorrcr@ksp.gov.in"
"Ranges","Ballari Range – Ballari","DSP, Lingasuguru","257228 / 9480803821","sdpolingasugurrcr@ksp.gov.in"
"Ranges","Ballari Range – Ballari","PI Lingsuguru PS","258333 / 9480803833","cpilingasugurrcr@ksp.gov.in"
"Ranges","Ballari Range – Ballari","PSI-1 Lingsuguru PS","257227 / 9480803854","lingasugurrcr@ksp.gov.in"
"Ranges","Ballari Range – Ballari","PSI-2 Lingsuguru PS","257227 / 9480803873",""
"Ranges","Ballari Range – Ballari","PI Hutti PS","275033 / 9480803855","huttircr@ksp.gov.in"
"Ranges","Ballari Range – Ballari","PSI Hutti PS","275033 / 9480803875","huttircr@ksp.gov.in"
"Ranges","Ballari Range – Ballari","CPI Maski Circle","270850 / 9480803834","cpimaskircr@ksp.gov.in"
"Ranges","Ballari Range – Ballari","PSI Maski PS","270244 / 9480803856","maskircr@ksp.gov.in"
"Ranges","Ballari Range – Ballari","PSI Mudgal PS","280536 / 9480803857","mudgalrcr@ksp.gov.in"
"Ranges","Ballari Range – Ballari","CPI Devadurga Rural Circle","260008 / 9480803835","cpideodurgarcr@ksp.gov.in"
"Ranges","Ballari Range – Ballari","PSI Jalahalli PS","265233 / 9480803859","jalahallircr@ksp.gov.in"
"Ranges","Ballari Range – Ballari","PSI Gabbur PS","275133 / 9480803860","gabburrcr@ksp.gov.in"
"Ranges","Ballari Range – Ballari","PI Devadurga PS","260333 / 9480803858","deodurgarcr@ksp.gov.in"
"Ranges","Ballari Range – Ballari","PSI-1 Devadurga Traffic PS","260344 / 9480803815","deodurgatrafficrcr@ksp.gov.in"
"Ranges","Ballari Range – Ballari","DSP Sindhanoor","220222 / 9480803822","sdposindhanoorrcr@ksp.gov.in"
"Ranges","Ballari Range – Ballari","PI Sindhanoor PS","220333 / 9480803861","sindhanoortownrcr@ksp.gov.in"
"Ranges","Ballari Range – Ballari","PSI-1 Sindhanoor (T) PS","220333 / 9480803816",""
"Ranges","Ballari Range – Ballari","PSI-1 Sindhanoor Traffic PS","220050 / 9480803871","sindhanoortrafficrcr@ksp.gov.in"
"Ranges","Ballari Range – Ballari","CPI Sindhanoor Circle","220444 / 9480803836","cpisindhanoorrcr@ksp.gov.in"
"Ranges","Ballari Range – Ballari","PSI Sindhanoor Rural PS","223733 / 9480803862","sindhanoorruralrcr@ksp.gov.in"
"Ranges","Ballari Range – Ballari","PSI Balaganoor PS","258631 / 9480803863","balaganoorrcr@ksp.gov.in"
"Ranges","Ballari Range – Ballari","PSI Turvihala PS","244233 / 9480803864","turvihalrcr@ksp.gov.in"
"Ranges","Ballari Range – Ballari","PI Manvi PS","220033 / 9480803865","cpimanvircr@ksp.gov.in"
"Ranges","Ballari Range – Ballari","PSI-1 Manvi PS","220333 / 9480803874","manvircr@ksp.gov.in"
"Ranges","Ballari Range – Ballari","CPI Sirwar Circle","270020 / 9480803837","sirwarrcr@ksp.gov.in"
"Ranges","Ballari Range – Ballari","PSI Sirwar PS","270020 / 9480803866","sirwarrcr@ksp.gov.in"
"Ranges","Ballari Range – Ballari","PSI Kavitala PS","252028 / 9480803867","kowthalrcr@ksp.gov.in"
"Ranges","Ballari Range – Ballari","AAO","235336 / —",""
"Ranges","Ballari Range – Ballari","DSP DAR","235233 / 9480803806","darrcr@ksp.gov.in"
"Ranges","Ballari Range – Ballari","RPI-1 DAR","— / 9480803840","darrcr@ksp.gov.in"
"Ranges","Ballari Range – Ballari","RPI-2 MT","— / 9480803839",""
"Ranges","Ballari Range – Ballari","DSP KLA","223592 / —",""
"Ranges","Ballari Range – Ballari","PI KLA","223579 / —",""
"Ranges","Ballari Range – Ballari","DSP INT","236462 / —",""
"Ranges","Ballari Range – Ballari","PI DSB","236653 / 9480803813","dsbrrcr@ksp.gov.in"
"Ranges","Ballari Range – Ballari","CDR Section","— / 9480803807",""
"Ranges","Ballari Range – Ballari","PI DCRB","235004 / 9480803809","dcrbrcr@ksp.gov.in"
"Ranges","Ballari Range – Ballari","PI FPB","— / 9480803810",""
"Ranges","Ballari Range – Ballari","PI ISD","— / 9480800661","piisdrcr@ksp.gov.in"
"Ranges","Ballari Range – Ballari","PI Railway","231716 / 9480800471",""
"Ranges","Ballari Range – Ballari","PI GESCOM","220545 / —",""
"Ranges","Ballari Range – Ballari","Comdt. Home Guard","221679 / —",""
