AGID,Name,Rank,Email,Mobile,Landline,District,Office,Unit
AGID1353,ACP (W) Hubballi City,ACP,,9480802016,0836-2233421,Hubballi–Dharwad City,ACP (W) Hubballi City,L&O
AGID1354,ACP Banaswadi,ACP,acpkrpura@ksp.gov.in,9480801207,22942147,Bengaluru City,ACP Banaswadi,L&O
AGID1355,ACP Byatarayanapura,ACP,acpbypurabcp@ksp.gov.in,9480801706,22942151,Bengaluru City,ACP Byatarayanapura,L&O
AGID0084,ACP CAR,ACP,carkbc@ksp.gov.in,,258112,Kalaburagi City,ACP CAR,CAR
AGID0085,ACP CAR,ACP,,9480802316,2220813,Mangaluru City,ACP CAR,CAR
AGID0086,ACP CAR HQ,ACP,acp1carhqbcp@ksp.gov.in,9480801039,,Bengaluru City,CAR HQ,CAR
AGID0087,ACP CAR HQ,ACP,,9480801038,,Bengaluru City,CAR HQ,CAR
AGID0090,ACP CAR HQ,ACP,,9480801041,,Bengaluru City,CAR HQ,CAR
AGID0088,ACP CAR HQ,ACP,,9480801040,,Bengaluru City,CAR HQ,CAR
AGID0089,ACP CAR HQ,ACP,,9480801037,,Bengaluru City,CAR HQ,CAR
AGID0091,ACP CAR North,ACP,,9480801047,,Bengaluru City,CAR North,CAR
AGID0092,ACP CAR North,ACP,,9480801048,,Bengaluru City,CAR North,CAR
AGID0093,ACP CAR South-I,ACP,,9480801054,,Bengaluru City,CAR South-I,CAR
AGID0094,ACP CAR South-II,ACP,,9480801055,,Bengaluru City,CAR South-II,CAR
AGID0095,ACP CAR South-III,ACP,,9480801056,,Bengaluru City,CAR South-III,CAR
AGID0096,ACP CAR South-IV,ACP,,9480801053,,Bengaluru City,CAR South-IV,CAR
AGID0097,ACP CAR West-1,ACP,,9480801110,,Bengaluru City,CAR West-1,CAR
AGID0098,ACP CAR West-2,ACP,,9480801111,,Bengaluru City,CAR West-2,CAR
AGID0099,ACP CAR-1,ACP,,9480802208,,Mysuru City,CAR-1,CAR
AGID0100,ACP CAR-2,ACP,,9480805542,,Kalaburagi City,CAR-2,CAR
AGID0101,ACP CAR-2,ACP,,9480802209,2418345,Mysuru City,CAR-2,CAR
AGID0102,ACP CAR-3,ACP,,9480802210,2418346,Mysuru City,CAR-3,CAR
AGID0120,ACP CCB,ACP,,9480802207,2418332,Mysuru City,CCB,CCB
AGID0117,ACP CCB,ACP,,9480802029,2233535,Hubballi–Dharwad City,CCB,CCB
AGID0118,ACP CCB,ACP,,,22943153,Bengaluru City,CCB,CCB
AGID0119,ACP CCB,ACP,cchmge@ksp.gov.in,9480802347,2220818,Mangaluru City,CCB,CCB
AGID0129,ACP CCRB,ACP,acpeerbmgc@ksp.gov.in,9480802311,2220809,Mangaluru City,CCRB,CCRB
AGID0128,ACP CCRB,ACP,cerbkbcksp.gov.in,9480805534,,Kalaburagi City,CCRB,CCRB
AGID0154,ACP CEN PS,ACP,cenpsnorthbcp@ksp.gov.in,9480801065,22942302,Bengaluru City,CEN PS,CEN
AGID0146,ACP CEN PS,ACP,cenhde@ksp.gov.in,,0836-2233567,Hubballi–Dharwad City,CEN PS,CEN
AGID0144,ACP CEN PS,ACP,cenpshge@ksp.gov.in,9480804084,2950320,Belagavi City,CEN PS,CEN
AGID0153,ACP CEN PS,ACP,,,,Bengaluru City,CEN PS,CEN
AGID0148,ACP CEN PS,ACP,,9980802341,0824-2220844,Mangaluru City,CEN PS,CEN
AGID0149,ACP CEN PS,ACP,,9480802251,2418598,Mysuru City,CEN PS,CEN
AGID0145,ACP CEN PS,ACP,acpcenpseastbcp@ksp.gov.in,9480801023,22943089,Bengaluru City,CEN PS,CEN
AGID0147,ACP CEN PS,ACP,cenkbe@ksp.gov.in,9480805532,248221,Kalaburagi City,CEN PS,CEN
AGID0155,ACP CEN PS Banashankari,ACP,cenpssouthbcp@ksp.gov.in,9480801098,22943507,Bengaluru City,CEN PS Banashankari,CEN
AGID0150,ACP CEN PS Whitefield,ACP,cenpswhitefieldbcp@ksp.gov.in,9483342801,22942872,Bengaluru City,CEN PS Whitefield,CEN
AGID0151,ACP CEN PS Yelahanka,ACP,acpcenbcp@ksp.gov.in,9480801050,28562004,Bengaluru City,CEN PS Yelahanka,CEN
AGID0152,ACP CEN South East Division,ACP,cenpssoutheastbcp@ksp.gov.in,9480801057,22942759,Bengaluru City,CEN South East Division,CEN
AGID1356,ACP Chickpet,ACP,acpchickpetbcp@ksp.gov.in,9480801705,22942149,Bengaluru City,ACP Chickpet,L&O
AGID1349,ACP Crime,ACP,acperimebgc@ksp.gov.in,,2471577,Belagavi City,ACP Crime,L&O
AGID1357,ACP Cubbon Park,ACP,acpccparkbcp@ksp.gov.in,9480801107,22942167,Bengaluru City,ACP Cubbon Park,L&O
AGID1358,ACP Devanahalli,ACP,acpdevanahalli@ksp.gov.in,9480801071,27680111,Bengaluru City,ACP Devanahalli,L&O
AGID1359,ACP Devaraja Dvn,ACP,acpdevrajamyceiksp.gov.in,9480802211,,Mysuru City,ACP Devaraja Dvn,L&O
AGID1360,ACP Dharwad,ACP,acpdwdhdewksp.gov.in,9480802014,2233506,Hubballi–Dharwad City,ACP Dharwad,L&O
AGID1361,ACP Electronic City,ACP,acpelectroniccitybcp@ksp.gov.in,9480801063,22943603,Bengaluru City,ACP Electronic City,L&O
AGID0425,ACP FPB,ACP,fpuhde@ksp.gov.in,9480800484,2233539,Hubballi–Dharwad City,ACP FPB,FPB
AGID1362,ACP Halasoor,ACP,acphulsoorbcp@ksp.gov.in,9480801205,22942143,Bengaluru City,ACP Halasoor,L&O
AGID1363,ACP Halasoor Gate,ACP,acphgatebcp@ksp.gov.in,9480801106,22942171,Bengaluru City,ACP Halasoor Gate,L&O
AGID1364,ACP High Court Security,ACP,,,22943282,Bengaluru City,ACP High Court Security,L&O
AGID1365,ACP J.C. Nagar,ACP,acpjcngarbcp@ksp.gov.in,9480801307,22942159,Bengaluru City,ACP J.C. Nagar,L&O
AGID1366,ACP Jayanagar PS,ACP,acpjayanagarbcp@ksp.gov.in,9480801505,22942161,Bengaluru City,JAYANAGAR PS,L&O
AGID1367,ACP K.R. Dvn,ACP,acpkrmyc@ksp.gov.in,9480802213,2418118,Mysuru City,ACP K.R. Dvn,L&O
AGID1368,ACP Kengeri,ACP,acpkengeribcp@ksp.gov.in,9480801708,22942731,Bengaluru City,ACP Kengeri,L&O
AGID1369,ACP Khadebazar Sub-Dvn,ACP,sdpokhadebazargmg@ksp.gov.in,9480804020,2405219,Belagavi City,ACP Khadebazar Sub-Dvn,L&O
AGID1370,ACP Madanayakanahalli,ACP,acpmdhallibcp@ksp.gov.in,9480801043,22942288,Bengaluru City,ACP Madanayakanahalli,L&O
AGID1371,ACP Madiwala,ACP,acpmadivalabcp@ksp.gov.in,9480801606,22942163,Bengaluru City,ACP Madiwala,L&O
AGID1372,ACP Malleshwaram,ACP,acpmvmbcp@ksp.gov.in,9480801305,22942155,Bengaluru City,ACP Malleshwaram,L&O
AGID0156,ACP Mangaluru Central,ACP,sdpocitymgc@ksp.gov.in,9480805320,2220514,Mangaluru City,Mangaluru Central,CEN
AGID1350,ACP Mangaluru South,ACP,sdposouthmgc@ksp.gov.in,9480802310,2460814,Mangaluru City,ACP Mangaluru South,L&O
AGID1373,ACP Marathahalli,ACP,acpmarathahallibcp@ksp.gov.in,9480801607,22943199,Bengaluru City,ACP Marathahalli,L&O
AGID1374,ACP Market Sub-Dvn,ACP,sdpomarketbgm@ksp.gov.in,9480804021,2405221,Belagavi City,ACP Market Sub-Dvn,L&O
AGID1375,ACP Mico Layout,ACP,acpmicolayoutbcp@ksp.gov.in,9480801605,22943466,Bengaluru City,ACP Mico Layout,L&O
AGID1376,ACP Mounted Company,ACP,acpmountedmyc@ksp.gov.in,,2418556,Mysuru City,ACP Mounted Company,L&O
AGID1377,ACP N.R.,ACP,acpnrmyceiksp.gov.in,9480802212,2418511,Mysuru City,ACP N.R.,L&O
AGID1378,ACP North,ACP,sdponorthmgc@ksp.gov.in,9480805322,2220526,Mangaluru City,ACP North,L&O
AGID1379,ACP North Hubballi,ACP,acpnorthhde@ksp.gov.in,9480802012,2233505,Hubballi–Dharwad City,ACP North Hubballi,L&O
AGID1380,ACP North Sub-Div,ACP,acpbkbe@ksp.gov.in,9480805512,263621,Kalaburagi City,ACP North Sub-Div,L&O
AGID1381,ACP OCW (East),ACP,,9480801061,,Bengaluru City,ACP OCW (East),L&O
AGID1351,ACP PRO,ACP,,9480801089,22259590,Bengaluru City,ACP PRO,L&O
AGID1382,ACP Palace-Security,ACP,,9480802215,2418152,Mysuru City,ACP Palace-Security,L&O
AGID1383,ACP Peenya,ACP,acppeenyabcp@ksp.gov.in,9480801042,22942286,Bengaluru City,ACP Peenya,L&O
AGID1384,ACP Pulakeshinagar,ACP,acpftownbcp@ksp.gov.in,9480801206,22942145,Bengaluru City,ACP Pulakeshinagar,L&O
AGID1387,ACP SEW,ACP,,,,Bengaluru City,ACP SEW,L&O
AGID1385,ACP Sampigehalli,ACP,acpsampigehalliksp.gov.in,9480801069,22943690,Bengaluru City,ACP Sampigehalli,L&O
AGID1386,ACP Seshadripuram,ACP,acpsspurambcp@ksp.gov.in,9480801105,22942637,Bengaluru City,ACP Seshadripuram,L&O
AGID1388,ACP South Hubballi,ACP,acpsouthhde@ksp.gov.in,9480802011,2233507,Hubballi–Dharwad City,ACP South Hubballi,L&O
AGID1389,ACP South Sub-Div,ACP,acpakbe@ksp.gov.in,9480805511,263615,Kalaburagi City,ACP South Sub-Div,L&O
AGID1390,ACP Sub-Urban Sub-Div,ACP,acpekbe@ksp.gov.in,9480805513,263627,Kalaburagi City,ACP Sub-Urban Sub-Div,L&O
AGID1391,ACP Subramanyapura,ACP,acpshpurabcp@ksp.gov.in,9480801507,22943473,Bengaluru City,ACP Subramanyapura,L&O
AGID0590,ACP Traffic,ACP,sdpotrafficmge@ksp.gov.in,9480802312,2220823,Mangaluru City,ACP Traffic,Traffic
AGID0588,ACP Traffic,ACP,acptraffichde@ksp.gov.in,9480802013,2233504,Hubballi–Dharwad City,ACP Traffic,Traffic
AGID0589,ACP Traffic,ACP,acptraffickbc@ksp.gov.in,9480805540,248080,Kalaburagi City,ACP Traffic,Traffic
AGID0587,ACP Traffic & Planning,ACP,acp-planningbcp@ksp.gov.in,9480801809,22942113,Bengaluru City,ACP Traffic & Planning,Traffic
AGID0591,ACP Traffic Central,ACP,acpcentraltrafficbc@ksp.gov.in,9480801807,22942096,Bengaluru City,ACP Traffic Central,Traffic
AGID0592,ACP Traffic Dvn.,ACP,acptrafficmyc@ksp.gov.in,9480802214,2418125,Mysuru City,ACP Traffic Dvn.,Traffic
AGID0593,ACP Traffic East,ACP,acpeasttraffic123@gmail.com,9480801806,22942098,Bengaluru City,ACP Traffic East,Traffic
AGID0594,ACP Traffic HSR Layout,ACP,,,22942408,Bengaluru City,ACP Traffic HSR Layout,Traffic
AGID0595,ACP Traffic North,ACP,acpnorthtrafficbcp@ksp.gov.in,9480801907,22942092,Bengaluru City,ACP Traffic North,Traffic
AGID0596,ACP Traffic North-East,ACP,acpnortheasttrafficbcp@ksp.gov.in,9480801073,22943708,Bengaluru City,ACP Traffic North-East,Traffic
AGID0597,ACP Traffic South,ACP,acpsouthtrafficbcp@ksp.gov.in,9480801906,22942090,Bengaluru City,ACP Traffic South,Traffic
AGID0598,ACP Traffic South-East,ACP,acpsetrf@gmail.com,9480801805,22942115,Bengaluru City,ACP Traffic South-East,Traffic
AGID0599,ACP Traffic Training & Road Safety Institute,ACP,ttitrnorthbcphcp@ksp.gov.in,9480801808,22942117,Bengaluru City,ACP Traffic Training & Road Safety Institute,Traffic
AGID0600,ACP Traffic Vijayanagara,ACP,,9480801611,22942943,Bengaluru City,ACP Traffic Vijayanagara,Traffic
AGID0601,ACP Traffic West,ACP,acpwesttrafficbc@ksp.gov.in,9480801905,22942094,Bengaluru City,ACP Traffic West,Traffic
AGID1392,ACP V.V. Puram,ACP,acpvvpurabcp@ksp.gov.in,9480801506,22942165,Bengaluru City,ACP V.V. Puram,L&O
AGID1393,ACP Vidhana Soudha Security,ACP,,9480801108,22943731,Bengaluru City,ACP Vidhana Soudha Security,L&O
AGID1395,ACP Vijayanagara,ACP,,9480802261,8212418511,Mysuru City,ACP Vijayanagara,L&O
AGID1394,ACP Vijayanagara,ACP,acpvjynagarbcp@ksp.gov.in,9480801707,22942153,Bengaluru City,ACP Vijayanagara,L&O
AGID1352,ACP Vikasa Soudha Security,ACP,acpvikassoudhasecbcp@ksp.gov.in,9480801068,22935199,Bengaluru City,ACP Vikasa Soudha Security,L&O
AGID1396,ACP Whitefield,ACP,acpwhitefieldbcp@ksp.gov.in,9480801076,22943155,Bengaluru City,ACP Whitefield,L&O
AGID1397,ACP Yelahanka,ACP,acpylkbcp@ksp.gov.in,9480801070,22943734,Bengaluru City,ACP Yelahanka,L&O
AGID1398,ACP Yeshwanthapura,ACP,acpypurabcp@ksp.gov.in,9480801306,22942157,Bengaluru City,ACP Yeshwanthapura,L&O
AGID2614,ACT COP,SS,,,22943395,Bengaluru City,ACT COP,COP
AGID2624,AO,AO,aohqdcre@ksp.gov.in,9480806119,080-22260827,HQ,DGP Office,DCRE
AGID1399,AO COP,AO,,,22942825,Bengaluru City,AO COP,L&O
WqEdNxueyYx34SM8d3n7,ASP Bhadravathi,ASP,sdpobdvtshi@ksp.gov.in,9480803320,08282-274252,Shivamogga,,L&O
AGID1401,ASP Holenarsipura,ASP,sdpehnpurahsn@ksp.gov.in,9480804722,8175273632,Hassan,ASP Holenarsipura,L&O
AGID0713,Addl SP-2 Hassan,Addl SP-2,,9480804710,8172268007,Hassan,Addl SP-2 Hassan,L&O
AGID2571,Addl SP.1 Hassan,Addl.SP -1,addlsphsn@ksp.gov.in,9480804702,8172265076,Hassan,Addl SP.1 Hassan,L&O
AGID0714,Addl. DC Karwar,Addl DC,addldcukwr@nic.in,,8382227094,Uttara Kannada,Addl. DC Karwar,L&O
AGID2572,Addl. SP Chamarajanagara,Addl.SP,addlspchn@ksp.gov.in,9480804602,8226225979,Chamarajanagara,Addl. SP Chamarajanagara,L&O
AGID2573,Addl. SP Chikkaballapura,Addl.SP,addlspcbpura@ksp.gov.in,9480802502,08156-277218,Chikkaballapura,Addl. SP Chikkaballapura,L&O
AGID2574,Addl. SP Dharwad,Addl.SP,addlspdwd@ksp.gov.in,9480804309,0836-2233203,Dharwad,Addl. SP Dharwad,L&O
AGID2575,Addl. SP Gadag,Addl.SP,addlspgdg@ksp.gov.in,9480804409,08372-233260,Gadag,Addl. SP Gadag,L&O
AGID2576,Addl. SP Haveri,Addl.SP,addlsphvr@ksp.gov.in,9480804502,08375-235880,Haveri,Addl. SP Haveri,L&O
AGID0301,Addl. SP Kodagu,SP,,,8272,Kodagu,Addl. SP Kodagu,DAR
AGID2577,Addl. SP Koppal,Addl.SP,addlspkpl@ksp.gov.in,9480803702,08539-230800,Koppal,Addl. SP Koppal,L&O
AGID2578,Addl. SP Vijayanagara,Addl.SP,addlspvjn@ksp.gov.in,9480805702,08394-200293,Vijayanagara,Addl. SP Vijayanagara,L&O
AGID2579,Addl. SP Yadgiri,Addl.SP,addlspydr@ksp.gov.in,9480803602,08473-253776,Yadgiri,Addl. SP Yadgiri,L&O
AGID0715,Addl. SP-1 Ballari,Addl SP-1,addlspblr@ksp.gov.in,9480803002,08392-258837,Ballari,Addl. SP-1 Ballari,L&O
AGID0716,Addl. SP-1 Belagavi,Addl SP-1,addlsphgm@ksp.gov.in,9480804002,0831-2405207,Belagavi,Addl. SP-1 Belagavi,L&O
AGID0717,Addl. SP-1 Bengaluru,Addl SP-1,addlspbng@ksp.gov.in,9480802402,22260603,Bengaluru,Addl. SP-1 Bengaluru,L&O
AGID0235,Addl. SP-1 Bidar,Addl SP-1,addlspbdr@ksp.gov.in,9480803402,08482-226702,Bidar,Addl. SP-1 Bidar,DAR
AGID0718,Addl. SP-1 Chikkamagaluru,Addl SP-1,addlsp1ckm@ksp.gov.in,9480805102,08262-234099,Chikkamagaluru,Addl. SP-1 Chikkamagaluru,L&O
AGID0719,Addl. SP-1 Chitradurga,Addl SP-1,addlspcta@ksp.gov.in,9480803102,08194-224053,Chitradurga,Addl. SP-1 Chitradurga,L&O
AGID0720,Addl. SP-1 Dakshina Kannada,Addl SP-1,addlsp1maq@ksp.gov.in,,,Dakshina Kannada,Addl. SP-1 Dakshina Kannada,L&O
AGID0721,Addl. SP-1 Davanagere,Addl SP-1,addlspdyg@ksp.gov.in,9480803202,08192-232717,Davanagere,Addl. SP-1 Davanagere,L&O
AGID0722,Addl. SP-1 Kalaburagi,Addl SP-1,addlsppba@ksp,9480803502,08472-263603,Kalaburagi,Addl. SP-1 Kalaburagi,L&O
AGID0723,Addl. SP-1 Kolar,Addl SP-1,addlspklr@ksp.gov.in,9480802602,243061,Kolar,Addl. SP-1 Kolar,L&O
AGID0724,Addl. SP-1 Mandya,Addl SP-1,addlspmdy@ksp.gov.in,9480804802,8232224311,Mandya,Addl. SP-1 Mandya,L&O
AGID0725,Addl. SP-1 Mysuru,Addl SP-1,addlspmys@ksp.gov.in,9480805002,8212446638,Mysuru,Addl. SP-1 Mysuru,L&O
AGID0726,Addl. SP-1 Raichur,Addl SP-1,addlsprcr@ksp.gov.in,9480803802,08532-235133,Raichur,Addl. SP-1 Raichur,L&O
AGID0727,Addl. SP-1 Ramanagar,Addl SP-1,addlsprmn@ksp.gov.in,9480802802,27275070,Ramanagara,Addl. SP-1 Ramanagar,L&O
AGID0728,Addl. SP-1 Shivamogga,Addl SP-1,addlspsmg@ksp.gov.in,9480803302,08182-261402,Shivamogga,Addl. SP-1 Shivamogga,L&O
AGID0729,Addl. SP-1 Tumkur,Addl SP-1,addlsptkr@ksp.gov.in,9480802902,2274130,Tumkur,Addl. SP-1 Tumkur,L&O
AGID0730,Addl. SP-1 Udupi,Addl SP-1,addlsp1udp@ksp.gov.in,9480805402,0820-2522895,Udupi,Addl. SP-1 Udupi,L&O
AGID0731,Addl. SP-1 Uttara Kannada,Addl SP-1,addlsp1ukwr@ksp.gov.in,9480805202,08382-227536,Uttara Kannada,Addl. SP-1 Uttara Kannada,L&O
AGID0732,Addl. SP-1 Vijayapura,Addl SP-1,addlspbjp@ksp.gov.in,9480804202,08352-250040,Vijayapura,Addl. SP-1 Vijayapura,L&O
AGID0733,Addl. SP-2 Ballari,Addl SP-2,addlsp2blr@ksp.gov.in,9480803009,08392-257966,Ballari,Addl. SP-2 Ballari,L&O
AGID0734,Addl. SP-2 Belagavi,Addl SP-2,derbbgm@ksp.gov.in,9480804009,0831-2405217,Belagavi,Addl. SP-2 Belagavi,L&O
AGID0735,Addl. SP-2 Bengaluru,Addl SP-2,addlspbng2@ksp.gov.in,9480802409,22942632,Bengaluru,Addl. SP-2 Bengaluru,L&O
AGID0236,Addl. SP-2 Bidar,Addl SP-2,addlsp2bdr@ksp.gov.in,9480803409,,Bidar,Addl. SP-2 Bidar,DAR
AGID0736,Addl. SP-2 Chikkamagaluru,Addl SP-2,addlsp2ckm@ksp.gov.in,9480805109,-,Chikkamagaluru,Addl. SP-2 Chikkamagaluru,L&O
AGID0737,Addl. SP-2 Chitradurga,Addl SP-2,,9480803109,,Chitradurga,Addl. SP-2 Chitradurga,L&O
AGID0739,Addl. SP-2 Davanagere,Addl SP-2,,9480803221,08192-259100,Davanagere,Addl. SP-2 Davanagere,L&O
AGID0740,Addl. SP-2 Kalaburagi,Addl SP-2,,9480803509,08472-263609,Kalaburagi,Addl. SP-2 Kalaburagi,L&O
AGID0741,Addl. SP-2 Kolar,Addl SP-2,addlsp2klr@ksp.gov.in,9480802603,,Kolar,Addl. SP-2 Kolar,L&O
AGID0742,Addl. SP-2 Mandya,Addl SP-2,addlsp2mdy@ksp.gov.in,9480804803,,Mandya,Addl. SP-2 Mandya,L&O
AGID0743,Addl. SP-2 Mysuru,Addl SP-2,addlsp2mys@ksp.gov.in,9480805009,8212446932,Mysuru,Addl. SP-2 Mysuru,L&O
AGID0744,Addl. SP-2 Raichur,Addl SP-2,addlsp2rcr@ksp.gov.in,9480803803,,Raichur,Addl. SP-2 Raichur,L&O
AGID0745,Addl. SP-2 Ramanagar,Addl SP-2,addlsp2rmn@ksp.gov.in,,27271003,Ramanagara,Addl. SP-2 Ramanagar,L&O
AGID0746,Addl. SP-2 Shivamogga,Addl SP-2,,9480803391,08182-255277,Shivamogga,Addl. SP-2 Shivamogga,L&O
AGID0237,Addl. SP-2 Tumkur,Addl SP-2,addlsp2tkr@ksp.gov.in,9480802905,,Tumkur,Addl. SP-2 Tumkur,DAR
AGID0747,Addl. SP-2 Udupi,Addl SP-2,addlsp2udp@ksp.gov.in,9480805409,-,Udupi,Addl. SP-2 Udupi,L&O
AGID0748,Addl. SP-2 Uttara Kannada,Addl SP-2,addlsp2ukwr@ksp.gov.in,9480805204,-,Uttara Kannada,Addl. SP-2 Uttara Kannada,L&O
AGID0749,Addl. SP-2 Vijayapura,Addl SP-2,,9480804200,08352-222157,Vijayapura,Addl. SP-2 Vijayapura,L&O
AGID0750,Adl. SP-1 Bagalkote,Addl SP-1,addlsphgk@ksp.gov.in,9480803902,08354-235254,Bagalkote,Adl. SP-1 Bagalkote,L&O
AGID0751,Adl. SP-2 Bagalkote,Addl SP-2,,9480803903,,Bagalkote,Adl. SP-2 Bagalkote,L&O
AGID0752,Administrative Training,,,,2520906,Mysuru City,Administrative Training,Other
AGID0753,Air Force,,,,08482-237281,Bidar,Air Force,Other
AGID0754,Airport,,,,08392-242188,Ballari,Airport,Other
AGID0755,Airport Bajpe,,,,2220400,Mangaluru City,Airport Bajpe,Other
AGID0756,Airport Counter,,,,2237921,Hubballi–Dharwad City,Airport Counter,Other
AGID0757,Airport PS,,,,2233475,Hubballi–Dharwad City,AIRPORT PS,L&O
AGID0758,Almatti Dam,,,,08426-281081,Bagalkote,Almatti Dam,Other
AGID0759,Arms,,,,22942373,Bengaluru City,Arms,Armoury
AGID2615,Arms Mag Genrl COP,SS,,,22942373,Bengaluru City,Arms Mag Genrl COP,COP
AGID0760,Asst. Dir. Women & Children,,womenchildckm@nic.in,,8262220930,Chikkamagaluru,Asst. Dir. Women & Children,Other
AGID0130,Automation Centre,,,,22943381,Bengaluru City,Automation Centre,CEN
AGID1026,Badami PS,,badamibgk@ksp.gov.in,,,Bagalkote,Badami PS,Other
AGID0761,Balehosur OP,,,,08487-271285,Gadag,Balehosur OP,L&O
AGID0762,Bowring Hospital OP,,,,22943504,Bengaluru City,Bowring Hospital OP,L&O
AGID2616,Building & Recruitment Training & Pension,SS,,,22943138,Bengaluru City,Building & Recruitment Training & Pension,COP
AGID0763,Bukkapatna OP,,,,08135-271509,Tumkur,Bukkapatna OP,L&O
AGID0764,CCTV,,,,22943746,Bengaluru City,CCTV,CCTV
AGID0765,CDR Cell,,spmercdr@ksp.gov.in,9480804909,,Kodagu,CDR Cell,CDR
AGID0767,CDR Section,,,9480803708,,Koppal,CDR Section,CDR
AGID0766,CDR Section,,,8277984724,,Haveri,CDR Section,CDR
AGID0768,CDR Section,,,,,Raichur,CDR Section,CDR
AGID0132,CEN PS,,cenpsnortheastbcp@ksp.gov.in,8277945746,22943810,Bengaluru City,CEN PS,CEN
AGID0133,CEN PS,,dcbmaq@ksp.gov.in,8277986475,0824-2440986,Dakshina Kannada,CEN PS,CEN
AGID0131,CEN PS,,,,22943507,Bengaluru City,CEN PS,CEN
AGID0465,CMDT H.Guard,Cmdt,,,08375-236160,Haveri,CMDT H.Guard,Home Guard
AGID0467,CMDT. Home Guard,Cmdt,hgcmdtcta@gmail.com,9480803106,08194-220181,Chitradurga,CMDT. Home Guard,Home Guard
AGID0470,CMDT. Home Guard,Cmdt,,,,Raichur,CMDT. Home Guard,Home Guard
AGID0472,CMDT. Home Guard,Cmdt,cmdthgukwr@gmail.com,,8382226361,Uttara Kannada,CMDT. Home Guard,Home Guard
AGID0466,CMDT. Home Guard,Cmdt,,,8226225856,Chamarajanagara,CMDT. Home Guard,Home Guard
AGID0471,CMDT. Home Guard,Cmdt,cmdthgudp@gmail.com,,8202533650,Udupi,CMDT. Home Guard,Home Guard
AGID0475,COMMDT Home Guards,Cmdt,,,8232220125,Mandya,COMMDT Home Guards,Home Guard
AGID0773,COP Back Gate,,,,22943100,Bengaluru City,COP Back Gate,L&O
AGID0774,COP Main Gate,,,,22943275,Bengaluru City,COP Main Gate,L&O
AGID0775,COP Stores,,,,22943667,Bengaluru City,COP Stores,Minisrial
AGID0776,CP Belagavi City,CP,copbge@ksp.gov.in,9480800650,2405279,Belagavi City,CP Belagavi City,L&O
AGID0777,CP Bengaluru City,CP,compolbcp@ksp.gov.in,9480801001,22260222,Bengaluru City,CP Bengaluru City,L&O
AGID0778,CP Hubballi-Dharwad City,CP,compolhde@ksp.gov.in,9480802001,0836-2233500,Hubballi–Dharwad City,CP Hubballi-Dharwad City,L&O
AGID0779,CP Kalaburagi City,CP,copkbe@ksp.gov.in,9480805501,248500,Kalaburagi City,CP Kalaburagi City,L&O
AGID0780,CP Mangaluru City,CP,compolmgc@ksp.gov.in,9480802301,0824-2220801,Mangaluru City,CP Mangaluru City,L&O
AGID0781,CP Mysuru City,CP,compolmyc@ksp.gov.in,9480802201,2418300,Mysuru City,CP Mysuru City,L&O
AGID0782,CPI Afzalpur Circle,CPI,cpiafzalpurgha@ksp.gov.in,9480803539,08470-283038,Kalaburagi,Afzalpur Circle,L&O
AGID0783,CPI Aimangala Circle,CPI,cpihiriyurcta@ksp.gov.in,9480803133,08193-260199,Chitradurga,Aimangala Circle,L&O
AGID0784,CPI Aldur Circle,CPI,cpialdurckm@ksp.gov.in,9480805131,08262-220800,Chikkamagaluru,Aldur Circle,L&O
AGID0785,CPI Alland Circle,CPI,cpialandgha@ksp.gov.in,9480803539,08477-202222,Kalaburagi,Alland Circle,L&O
AGID0786,CPI Amruthur Circle,CPI,cpiamrutgurtr@ksp.gov.in,9480802936,08132-225229,Tumkur,Amruthur Circle,L&O
AGID0787,CPI Arakalagudu PS,CPI,epiarkalgudhsn@ksp.gov.in,9480804734,8175220285,Hassan,Arakalagudu PS,L&O
AGID0788,CPI Arasikere Rural Circle,CPI,cpiarasikereruralhsn@ksp.gov.in,9480804731,8174232702,Hassan,Arasikere Rural Circle,L&O
AGID0789,CPI Athani Circle,CPI,cpiathanibgm@ksp.gov.in,9480804044,08289-251203,Belagavi,Athani Circle,L&O
AGID0790,CPI Aurad Circle,CPI,cpiauradbdr@ksp.gov.in,9480803430,08485-280375,Bidar,Aurad Circle,L&O
AGID1403,CPI Badami Circle,CPI,,9480803933,08357-220033,Bagalkote,Badami Circle,L&O
AGID0791,CPI Bagalkote Rural Circle,CPI,cpibgkrural,9480803931,08354-220233,Bagalkote,Bagalkote Rural Circle,L&O
AGID0792,CPI Banahatti Circle PS,CPI,cpibannahattibgk@ksp.gov.in,9480803935,08353-220133,Bagalkote,Banahatti Circle PS,L&O
AGID0793,CPI Basavakalyan Circle,CPI,cpibkalyanbdr@ksp.gov.in,9480803432,08481-250011,Bidar,Basavakalyan Circle,L&O
AGID0794,CPI Basavanahalli Circle,CPI,cpibasavanahallickm@ksp.gov.in,9480805130,08262-228120,Chikkamagaluru,Basavanahalli Circle,L&O
AGID0795,CPI Begur Circle,CPI,epibegurehn@ksp.gov.in,9480804632,8229222211,Chamarajanagara,Begur Circle,L&O
AGID0796,CPI Belthangadi Circle,CPI,cpibelthangadimaq@ksp.gov.in,9480805336,08256-232353,Dakshina Kannada,Belthangadi Circle,L&O
AGID0797,CPI Betageri Circle,CPI,cpibetagerigd@ksp.gov.in,9480804432,08372-235655,Gadag,Betageri Circle,L&O
AGID0798,CPI Bethamangala Circle,CPI,cpibethamangalakgf@ksp.gov.in,9480802730,274575,KGF,Bethamangala Circle,L&O
AGID0799,CPI Bhadravathi Town Circle,CPI,cpibdvttownshi@ksp.gov.in,9480803331,,Shivamogga,Bhadravathi Town Circle,L&O
AGID0800,CPI Bhalki Rural Circle,CPI,cpibhalkiruralbdrdr@ksp.gov.in,9480803433,08484-260312,Bidar,Bhalki Rural Circle,L&O
AGID0801,CPI Bhatkal Rural Circle,CPI,cpibhatkalukwr@ksp.gov.in,9480805232,08385-226813,Uttara Kannada,Bhatkal Rural Circle,L&O
AGID0238,CPI Bidar Rural Circle,CPI,cpiruralbdr@ksp.gov.in,9480803439,08482-226707,Bidar,Bidar Rural Circle,L&O
AGID0239,CPI Bidar Town Circle,CPI,cpitownbdr@ksp.gov.in,9480803431,,Bidar,Bidar Town Circle,L&O
AGID0802,CPI Biligere Circle,CPI,biligeremys@ksp.gov.in,9480805032,8221226226,Mysuru,Biligere Circle,L&O
AGID0803,CPI Birur Circle,CPI,cpibirurckm@ksp.gov.in,9480805137,08267-255890,Chikkamagaluru,Birur Circle,L&O
AGID0804,CPI Brahmavara Circle,CPI,cpibrahmavarudp@ksp.gov.in,9480805432,0820-2561966,Udupi,Brahmavara Circle,L&O
AGID0805,CPI Byadagi Circle,CPI,cpibyadagihvr@ksp.gov.in,9480804531,08375-228633,Haveri,Byadagi Circle,L&O
AGID0806,CPI Bylakuppa Circle,CPI,cpibyalakuppemys@ksp.gov.in,9480805055,8223274172,Mysuru,Bylakuppa Circle,L&O
AGID0807,CPI Byndoor Circle,CPI,cpibyndoorudp@ksp.gov.in,9480805434,08254-251031,Udupi,Byndoor Circle,L&O
AGID0808,CPI Chadachan Circle,CPI,cpichadachanbjp@ksp.gov.in,9480804234,08422-278935,Vijayapura,Chadachan Circle,L&O
AGID0809,CPI Channapatna (T) Circle,CPI,cpipatnatownrmn@ksp.gov.in,9480802834,27251621,Ramanagara,Channapatna (T) Circle,L&O
AGID0810,CPI Channapatna Rural Circle,CPI,cpicpatnatownrmn@ksp.gov.in,9480802835,27251416,Ramanagara,Channapatna Rural Circle,L&O
AGID0811,CPI Chelur Circle,CPI,cpichelurcbpura@ksp.gov.in,9480802532,08150-280099,Chikkaballapura,Chelur Circle,L&O
AGID0812,CPI Chikkaballapura Circle,CPI,,,,Chikkaballapura,Chikkaballapura Circle,L&O
AGID0813,CPI Chikkanaayakanahalli,CPI,cpicnhallitkr@ksp.gov.in,9480802939,08133-267234,Tumkur,Chikkanaayakanahalli,L&O
AGID0814,CPI Chikkodi Circle,CPI,cpichikkodibgm@ksp.gov.in,9480804041,08338-272112,Belagavi,Chikkodi Circle,L&O
AGID0815,CPI Chincholli Circle,CPI,cpichincholigba@ksp.gov.in,9480803540,08475-291033,Kalaburagi,Chincholli Circle,L&O
AGID0816,CPI Chitaguppa Circle,CPI,cpichitaguppabdr@ksp.gov.in,9480803434,08483-277188,Bidar,Chitaguppa Circle,L&O
AGID0817,CPI Chitradurga Extension Circle,CPI,cpitowncta@ksp.gov.in,9480803164,08194-223295,Chitradurga,Chitradurga Extension Circle,L&O
AGID0818,CPI Dandeli Circle,CPI,cpidandeliukwr@ksp.gov.in,9480805235,08284-231363,Uttara Kannada,Dandeli Circle,L&O
AGID0569,CPI Davanagere Traffic Circle,CPI,cpitrafficdvg@ksp.gov.in,9480803237,,Davanagere,Davanagere Traffic Circle,Traffic
AGID0819,CPI Devadurga Rural Circle,CPI,cpideodurgarcr@ksp.gov.in,9480803835,08531-260008,Raichur,Devadurga Rural Circle,L&O
AGID0820,CPI Gandhinagar Circle,CPI,epicitydvg@ksp.gov.in,9480803233,08192-272011,Davanagere,Gandhinagar Circle,L&O
AGID0821,CPI Garag Circle,CPI,cpiruraldwd@ksp.gov.in,9480804330,0836-2233213,Dharwad,Garag Circle,L&O
AGID2619,CPI Gauribidanur Circle,CPI,,9480802531,,Chikkaballapura,Gauribidanur Circle,L&O
AGID0822,CPI Gokak Circle,CPI,cpigokakbgm@ksp.gov.in,9480804034,08332-226337,Belagavi,Gokak Circle,L&O
AGID0823,CPI Golgumbaz Circle,CPI,cpigolgumbazbjp@ksp.gov.in,9480804200,,Vijayapura,Golgumbaz Circle,L&O
AGID0824,CPI Gonikoppa Circle,CPI,cpigcoppamer@ksp.gov.in,9480804935,8274247209,Kodagu,Gonikoppa Circle,L&O
AGID0825,CPI Gownipalli Circle,CPI,cpigownipalliklr@ksp.gov.in,9480802634,,Kolar,Gownipalli Circle,L&O
AGID0826,CPI Gubbi Circle,CPI,cpigubbitkr@ksp.gov.in,9480802935,08131-222210,Tumkur,Gubbi Circle,L&O
AGID0827,CPI H.B.Halli Circle,CPI,cpihbhallivjn@ksp.gov.in,9480805737,,Vijayanagara,H.B.Halli Circle,L&O
AGID0828,CPI Hadagali Circle,CPI,cpihadagalivjn@ksp.gov.in,9480805780,,Vijayanagara,Hadagali Circle,L&O
AGID0829,CPI Halagur Circle,CPI,halagurumdy@ksp.gov.in,9480804834,8232242555,Mandya,Halagur Circle,L&O
AGID0830,CPI Halebeedu Circle,CPI,cpibelurhsn@ksp.gov.in,9480804732,817722246,Hassan,Halebeedu Circle,L&O
AGID0831,CPI Haliyal Circle,CPI,cpihaliyalukwr@ksp.gov.in,9480805236,08284-220333,Uttara Kannada,Haliyal Circle,L&O
AGID0832,CPI Hampi Circle,CPI,cpihampivjn@ksp.gov.in,9480805732,,Vijayanagara,Hampi Circle,L&O
AGID0833,CPI Hanagal Circle,CPI,cpihanagalhvr@ksp.gov.in,9480804535,08379-262207,Haveri,Hanagal Circle,L&O
AGID0834,CPI Harapanahalli Circle,CPI,cpiharapanhallivjn@ksp.gov.in,9480805736,08398-280064,Vijayanagara,Harapanahalli Circle,L&O
AGID0835,CPI Harihara Circle,CPI,cpihariharadvg@ksp.gov.in,9480803234,08192-272016,Davanagere,Harihara Circle,L&O
AGID0836,CPI Harugeri Circle,CPI,cpiharoogeribgm@ksp.gov.in,9480804043,08331-224633,Belagavi,Harugeri Circle,L&O
AGID0837,CPI Haveri Rural Circle,CPI,cpihaveriruralhvr@ksp.gov.in,9480804530,08375-232493,Haveri,Haveri Rural Circle,L&O
AGID0838,CPI Hirekerur Circle,CPI,cpihirekerurhvr@ksp.gov.in,9480804533,08376-282204,Haveri,Hirekerur Circle,L&O
AGID0839,CPI Hiresave Circle,CPI,cpihirisavehsn@ksp.gov.in,9480804736,8176252237,Hassan,Hiresave Circle,L&O
AGID0840,CPI Holalkere Circle,CPI,cpihlkcta@ksp.gov.in,9480803135,08191-275376,Chitradurga,Holalkere Circle,L&O
AGID0841,CPI Holenarsipura Circle,CPI,cpihnpurahsn@ksp.gov.in,9480804735,8175273349,Hassan,Holenarsipura Circle,L&O
AGID0842,CPI Honnavar Circle,CPI,cpihonnavarukwr@ksp.gov.in,9480805233,08387-221287,Uttara Kannada,Honnavar Circle,L&O
AGID0843,CPI Humnabad Circle,CPI,cpihumnabadbdr@ksp.gov.in,9480803435,08483-270159,Bidar,Humnabad Circle,L&O
AGID0844,CPI Hunagund Circle,CPI,,9480803932,08351-260333,Bagalkote,Hunagund Circle,L&O
AGID0845,CPI Hunsagi Circle,CPI,cpishorapurydr@ksp.gov.in,9480803536,08444-200488,Yadgiri,Hunsagi Circle,L&O
AGID0846,CPI Indi Rural Circle,CPI,cpindiabjp@ksp.gov.in,9480804233,08359-225233,Vijayapura,Indi Rural Circle,L&O
AGID0847,CPI Jamakhandi Circle,CPI,cpijamakhandibgk@ksp.gov.in,9480803934,08353-220133,Bagalkote,Jamakhandi Circle,L&O
AGID0848,CPI Jewargi Circle,CPI,spjewargigba@ksp.gov.in,9480803533,,Kalaburagi,Jewargi Circle,L&O
AGID0849,CPI Joida Circle,CPI,cpijoidaukwr@ksp.gov.in,9480805237,08383-282626,Uttara Kannada,Joida Circle,L&O
AGID0850,CPI K.R.Sagar Circle,CPI,cpisrpatnamdy@ksp.gov.in,9480804832,8236252305,Mandya,K.R.Sagar Circle,L&O
AGID0851,CPI Kadur Circle,CPI,cpikadurckm@ksp.gov.in,9480805138,08267-222266,Chikkamagaluru,Kadur Circle,L&O
AGID0852,CPI Kalaburagi Rural Circle,CPI,,9480803530,08478-200494,Kalaburagi,Kalaburagi Rural Circle,L&O
AGID0853,CPI Kalagi Circle,CPI,cpikalagigba@ksp.gov.in,9480803542,08474-227622,Kalaburagi,Kalagi Circle,L&O
AGID0854,CPI Kamalanagar Circle,CPI,cpiknagarbdr@ksp.gov.in,9480803436,08484-282324,Bidar,Kamalanagar Circle,L&O
AGID0855,CPI Kamasamudram Circle,CPI,cpikamasamudramkgf@ksp.gov.in,9480802733,259028,KGF,Kamasamudram Circle,L&O
AGID0856,CPI Kanakapura (R) Circle,CPI,kpuraruralrmn@ksp.gov.in,9480802836,27522044,Ramanagara,Kanakapura (R) Circle,L&O
AGID0857,CPI Kargal Circle,CPI,kargalshi@ksp.gov.in,9480803336,08186-240324,Shivamogga,Kargal Circle,L&O
AGID0858,CPI Karkala Circle,CPI,cpikarkalaudp@ksp.gov.in,9480805435,08258-231083,Udupi,Karkala Circle,L&O
AGID0859,CPI Kaup Circle,CPI,cpikaupudp@ksp.gov.in,9480805431,0820-2552133,Udupi,Kaup Circle,L&O
AGID0860,CPI Kencharlahalli Circle,CPI,cpikhallicbpura@ksp.gov.in,9480802533,08154-258640,Chikkaballapura,Kencharlahalli Circle,L&O
AGID0861,CPI Keregodu Circle,CPI,cpiruralmdy@ksp.gov.in,9480804831,8232221107,Mandya,Keregodu Circle,L&O
AGID0862,CPI Kittur Circle,CPI,cpikitturbgmeksp.gov.in,9480804038,,Belagavi,Kittur Circle,L&O
AGID0863,CPI Kolar (T) Circle,CPI,cpiklrtownklr@ksp.gov.in,,,Kolar,Kolar (T) Circle,L&O
AGID0864,CPI Kolar Rural Circle,CPI,cpiklrruralklr@ksp.gov.in,,,Kolar,Kolar Rural Circle,L&O
AGID0865,CPI Kollegala Circle,CPI,cpikollegalchn@ksp.gov.in,9480804633,8224254051,Chamarajanagara,Kollegala Circle,L&O
AGID0866,CPI Koppa Circle,CPI,cpikoppackm@ksp.gov.in,9480805133,08265-222127,Chikkamagaluru,Koppa Circle,L&O
AGID0867,CPI Koppal (R) PS,CPI,cpiruralkpl@ksp.gov.in,9480803731,08539-221333,Koppal,Koppal (R) PS,L&O
AGID0868,CPI Koratagere Circle,CPI,cpikoratageretkr@ksp.gov.in,9480802954,08138-232136,Tumkur,Koratagere Circle,L&O
AGID0869,CPI Kottur Circle,CPI,cpikotturvjn@ksp.gov.in,9480805735,,Vijayanagara,Kottur Circle,L&O
AGID0870,CPI Kudligi Circle,CPI,cpikudligivjn@ksp.gov.in,9480805734,,Vijayanagara,Kudligi Circle,L&O
AGID0871,CPI Kudremukha Circle,CPI,cpikudremukhackm@ksp.gov.in,9480805135,08263-254399,Chikkamagaluru,Kudremukha Circle,L&O
AGID0872,CPI Kumarapattanam Circle,CPI,cpikpmhvr@ksp.gov.in,9480804536,08373-240404,Haveri,Kumarapattanam Circle,L&O
AGID0873,CPI Kundapur Circle,CPI,cpikundapurudp@ksp.gov.in,9480805433,08254-230880,Udupi,Kundapur Circle,L&O
AGID0874,CPI Kurugodu Circle,CPI,cpikurugodublr@ksp.gov.in,9480803039,08393-263433,Ballari,Kurugodu Circle,L&O
AGID0875,CPI Kushalnagara Circle,CPI,cpiknagarmcr@ksp.gov.in,9480804932,8276274747,Kodagu,Kushalnagara Circle,L&O
AGID0876,CPI Kushtagi Circle,CPI,cpikushtagikpl@ksp.gov.in,9480803732,08536-267033,Koppal,Kushtagi Circle,L&O
AGID0877,CPI Kutta Circle,CPI,cpikuttamer@ksp.gov.in,9480804934,8274244325,Kodagu,Kutta Circle,L&O
AGID0878,CPI Kyathasandra Circle,CPI,kyathasandratkr@ksp.gov.in,9480802933,2281120,Tumkur,Kyathasandra Circle,L&O
AGID0879,CPI Maddur Rural Circle,CPI,cpimaddurmdy@ksp.gov.in,9480804836,823223215,Mandya,Maddur Rural Circle,L&O
AGID0880,CPI Madhugiri Circle,CPI,cpimadhugiritkr@ksp.gov.in,9480802940,08137-282381,Tumkur,Madhugiri Circle,L&O
AGID0881,CPI Madikeri Rural Circle,CPI,cpiruralmer@ksp.gov.in,9480804931,82722201,Kodagu,Madikeri Rural Circle,L&O
AGID0882,CPI Madikeri Town Circle,CPI,epitownmer@ksp.gov.in,9480804930,8272229149,Kodagu,Madikeri Town Circle,L&O
AGID0883,CPI Malpe Circle,CPI,cpimalpeudp@ksp.gov.in,9480805430,0820-2520329,Udupi,Malpe Circle,L&O
AGID0884,CPI Mandya Town Circle,CPI,cpitownmdy@ksp.gov.in,9480804830,8232223132,Mandya,Mandya Town Circle,L&O
AGID0885,CPI Mantala Circle,CPI,cpimanthalabdr@ksp.gov.in,9480803438,08481-259055,Bidar,Mantala Circle,L&O
AGID0886,CPI Maski Circle,CPI,cpimaskircr@ksp.gov.in,9480803834,08537-270850,Raichur,Maski Circle,L&O
AGID0887,CPI Mayakonda Circle,CPI,epiruraldvg@ksp.gov.in,9480803232,08192-272014,Davanagere,Mayakonda Circle,L&O
AGID0888,CPI Molkalmuru Circle,CPI,cpimlkcta@ksp.gov.in,9480803136,08198-229161,Chitradurga,Molkalmuru Circle,L&O
AGID0889,CPI Mudalgi Circle,CPI,cpimudalgibgm@ksp.gov.in,9480804035,08332-251499,Belagavi,Mudalgi Circle,L&O
AGID0890,CPI Muddebihal Circle,CPI,cpimuddebihalbjp@ksp.gov.in,9480804237,08356-220332,Vijayapura,Muddebihal Circle,L&O
AGID0891,CPI Mudhol Circle,CPI,cpimudholbgk@ksp.gov.in,9480803936,08350-280103,Bagalkote,Mudhol Circle,L&O
AGID0892,CPI Mudigere Circle,CPI,cpimudigereckm@ksp.gov.in,9480805132,08263-220999,Chikkamagaluru,Mudigere Circle,L&O
AGID0893,CPI Mulbagal (R) Circle,CPI,cpimulbagalklr@ksp.gov.in,9480802633,08159-242008,Kolar,Mulbagal (R) Circle,L&O
AGID0894,CPI Mysuru Rural Circle,CPI,cpiruralmys@ksp.gov.in,9480805031,8352252026,Mysuru,Mysuru Rural Circle,L&O
AGID0895,CPI N.R.Pura Circle,CPI,cpinrpurackm@ksp.gov.in,9480805134,08266-220038,Chikkamagaluru,N.R.Pura Circle,L&O
AGID0896,CPI Nagamangala Circle,CPI,epinmangalamdy@ksp.gov.in,9480804837,8234286294,Mandya,Nagamangala Circle,L&O
AGID0897,CPI Navalagund Circle,CPI,cpiruraldwd@ksp.gov.in,9480804330,,Dharwad,Navalagund Circle,L&O
AGID0898,CPI Navanagara Circle,CPI,cpibgktown.bkg@ksp.gov.in,9480803930,08354-235333,Bagalkote,Navanagara Circle,L&O
AGID0899,CPI Nidagundi Circle,CPI,cpinidagundibjp@ksp.gov.in,9480804236,08426-200100,Vijayapura,Nidagundi Circle,L&O
AGID0900,CPI Nippani Circle,CPI,cpinippanibgm@ksp.gov.in,9480804042,08338-220553,Belagavi,Nippani Circle,L&O
AGID0901,CPI Oorgaum Circle,CPI,cpioorgaumkgf@ksp.gov.in,9480802731,262530,KGF,Oorgaum Circle,L&O
AGID0902,CPI P.D.Halli Circle,CPI,cpiruralblr@ksp.gov.in,9480803031,,Ballari,P.D.Halli Circle,L&O
AGID0903,CPI Pavagada Rural Circle,CPI,cpipavagadaruraltkr@ksp.gov.in,9480802942,08136-295300,Tumkur,Pavagada Rural Circle,L&O
AGID0904,CPI Puttur (R) Circle,CPI,cpiputturruralmaq@ksp.gov.in,9480805333,08251-251055,Dakshina Kannada,Puttur (R) Circle,L&O
AGID0905,CPI Raichur West Circle,CPI,cpiwestrcr@ksp.gov.in,9480803831,08532-226856,Raichur,Raichur West Circle,L&O
AGID0906,CPI Ramadurga Circle,CPI,cpiramadurgabgm@ksp.gov.in,9480804040,08335-242233,Belagavi,Ramadurga Circle,L&O
AGID0907,CPI Ranebennur (T) Circle,CPI,cpiranebennurtownhvr@ksp.gov.in,9480804532,08373-260033,Haveri,Ranebennur (T) Circle,L&O
AGID0908,CPI Robertsonpet Circle,CPI,cpirobpetkgf@ksp.gov.in,9480802732,260776,KGF,Robertsonpet Circle,L&O
AGID0909,CPI Ron Circle,CPI,cpirongdg@ksp.gov.in,9480804434,08381-267244,Gadag,Ron Circle,L&O
AGID0910,CPI Rural Raichur Circle,CPI,cpiruralrcr@ksp.gov.in,9480803832,08532-235308,Raichur,Rural Raichur Circle,L&O
AGID0911,CPI Sakaleshapura Circle,CPI,cpisakaleshapurahsngksp.gov.in,9480804733,,Hassan,Sakaleshapura Circle,L&O
AGID0912,CPI Sandur Circle,CPI,cpisdrblr@ksp.gov.in,9480803036,08395-260249,Ballari,Sandur Circle,L&O
AGID0913,CPI Santhebennuru Circle,CPI,epichannagiridvg@ksp.gov.in,9480803230,08180-256437,Davanagere,Santhebennuru Circle,L&O
AGID0914,CPI Santhemaralli Circle,CPI,epismhallichn@ksp.gov.in,9480804630,822622463,Chamarajanagara,Santhemaralli Circle,L&O
AGID0915,CPI Sargur Circle,CPI,cpisargurmys@ksp.gov.in,9480805037,8228257542,Mysuru,Sargur Circle,L&O
AGID0916,CPI Sedam Circle,CPI,cpisedamgha@ksp.gov.in,9480803537,08441-276166,Kalaburagi,Sedam Circle,L&O
AGID0917,CPI Shahapur Circle,CPI,cpishahapurydr@ksp.gov,9480803535,08479-240150,Yadgiri,Shahapur Circle,L&O
AGID0918,CPI Shanthigrama Circle,CPI,epiruralhsn@ksp.gov.in,9480804737,,Hassan,Shanthigrama Circle,L&O
AGID0919,CPI Shiggoan Circle,CPI,cpishiggoanhvr@ksp.gov.in,9480804534,08378-255633,Haveri,Shiggoan Circle,L&O
AGID0920,CPI Shikaripura Circle,CPI,cpishikaripurashi@ksp.gov.in,9480803338,08187-222430,Shivamogga,Shikaripura Circle,L&O
AGID0921,CPI Shirahatti Circle,CPI,cpishirahattigdg@ksp.gov.in,9480804433,08487-242434,Gadag,Shirahatti Circle,L&O
AGID0570,CPI Shivamogga Traffic Circle,CPI,cpismgtraffieshi@ksp.gov.in,9480803339,08182-240666,Shivamogga,Shivamogga Traffic Circle,Traffic
AGID0922,CPI Sidlaghatta Circle,CPI,cpisghattacbpura@ksp.gov.in,9480802534,08158-256509,Chikkaballapura,Sidlaghatta Circle,L&O
AGID0923,CPI Sindagi Circle,CPI,cpishadagibjp@ksp.gov.in,9480804235,08488-222333,Vijayapura,Sindagi Circle,L&O
AGID0924,CPI Sindhanoor Circle,CPI,cpisindhanoorrcr@ksp.gov.in,9480803836,,Raichur,Sindhanoor Circle,L&O
AGID0925,CPI Sira Rural Circle,CPI,cpisiraruraltkr@ksp.gov.in,9480802934,08135-275257,Tumkur,Sira Rural Circle,L&O
AGID0926,CPI Sirsi Circle,CPI,cpisirsiukwr@ksp.gov.in,9480805238,08384-226260,Uttara Kannada,Sirsi Circle,L&O
AGID0927,CPI Siruguppa Circle,CPI,cpisgpblr@ksp.gov.in,9480803032,08396-220333,Ballari,Siruguppa Circle,L&O
AGID0928,CPI Sirwar Circle,CPI,cpisirwarrcr@ksp.gov.in,9480803837,,Raichur,Sirwar Circle,L&O
AGID0929,CPI Soraba Circle,CPI,cpisorabashi@ksp.gov.in,9480803339,08184-272122,Shivamogga,Soraba Circle,L&O
AGID0930,CPI Sulepeth Circle,CPI,cpisulupethgha@ksp.gov.in,9480803541,08475-295090,Kalaburagi,Sulepeth Circle,L&O
AGID0931,CPI Sullia Circle,CPI,cpisulliamaq@ksp.gov.in,9480805334,08257-233115,Dakshina Kannada,Sullia Circle,L&O
AGID0932,CPI T.B Dam Circle,CPI,cpithdamvjn@ksp.gov.in,9480805731,08394-224933,Vijayanagara,T.B Dam Circle,L&O
AGID0933,CPI Tarikere Circle,CPI,cpitarikereckm@ksp.gov.in,9480805136,08261-222690,Chikkamagaluru,Tarikere Circle,L&O
AGID0934,CPI Tekkalakote Circle,CPI,cpitkotablr@ksp.gov.in,9480803033,08396-248044,Ballari,Tekkalakote Circle,L&O
AGID0935,CPI Thalak Circle,CPI,cpiclkcta@ksp.gov.in,9480803132,08195-222688,Chitradurga,Thalak Circle,L&O
AGID0936,CPI Thilak Park Circle,CPI,cpithilakparktkr@ksp.gov.in,9480802932,2276424,Tumkur,Thilak Park Circle,L&O
AGID0937,CPI Tiptur Rural Circle,CPI,cpitiptururaltkr@ksp.gov.in,9480802938,08134-251387,Tumkur,Tiptur Rural Circle,L&O
AGID0938,CPI Tumkur Rural Circle,CPI,cpiruraltkr@ksp.gov.in,9480802931,2275301,Tumkur,Tumkur Rural Circle,L&O
AGID0939,CPI Turuvekere Circle,CPI,cpitvkeretkr@ksp.gov.in,9480802937,08139-287466,Tumkur,Turuvekere Circle,L&O
AGID0940,CPI Vijayapura Rural Circle,CPI,cpibijapurruralbjp@ksp.gov.in,9480804231,08352-251217,Vijayapura,Vijayapura Rural Circle,L&O
AGID0941,CPI Virajpet Circle,CPI,cpivpetmer@ksp.gov.in,9480804933,8274256462,Kodagu,Virajpet Circle,L&O
AGID0942,CPI Yadgiri Circle,CPI,cpiyadgirydr@ksp.gov.in,9480803534,08473-251117,Yadgiri,Yadgiri Circle,L&O
AGID0943,CPI Yelanduru Circle,CPI,cpiyelandurchn@ksp.gov.in,9480804631,8226240002,Chamarajanagara,Yelanduru Circle,L&O
AGID0944,CPI Yelburga PS,CPI,cpielburgakpl@ksp.gov.in,9480803733,08539-220133,Koppal,CYELBURGA PS,L&O
AGID0945,CPI Yeragera Circle,CPI,cpiyeragerarcr@ksp.gov.in,9480803838,,Raichur,CPI Yeragera Circle,L&O
AGID0134,Central Jail,,,,2355515,Hubballi–Dharwad City,Central Jail,CEN
AGID0135,Central Jail Belagavi,,cphgm.prisons-kar@gov.in,9480806473,2405275,Belagavi City,Central Jail Belagavi,CEN
AGID0769,Chinakurali OP,,,,8236268313,Mandya,Melukote PS,L&O
AGID0494,Circuit House,,,,08473-252102,Yadgiri,Circuit House,Guest House
AGID0492,Circuit House,,,,2420350,Belagavi City,Circuit House,Guest House
AGID0493,Circuit House,,,,2212287,Mangaluru City,Circuit House,Guest House
AGID0770,City SB,,,,22943245,Bengaluru City,City SB,L&O
AGID0469,Cmdt. Home Guard,Cmdt,,,2449485,Mysuru City,Cmdt. Home Guard,Home Guard
AGID0468,Cmdt. Home Guard,Cmdt,,,2442496,Hubballi–Dharwad City,Cmdt. Home Guard,Home Guard
AGID0228,Coast Guard Karwar,,coastguardukwr@nic.in,,8382229857,Uttara Kannada,Coast Guard Karwar,Coast Guard
AGID0229,Coast Guard Toll Free,,,,,Uttara Kannada,Coast Guard Toll Free,Coast Guard
AGID0473,Comdt Home Guard,Cmdt,,,08192-255784,Davanagere,Comdt Home Guard,Home Guard
AGID0474,Comdt. Home Guards,Cmdt,,,08472-263024,Kalaburagi,Comdt. Home Guards,Home Guard
AGID0136,Command Centre,,,,22202593,Bengaluru City,Command Centre,CEN
AGID1402,Commdt. KSRP 6 Bn,Cmdt,,9480805806,08472-212196,6th Bn – Kalaburagi,Commdt. KSRP 6 Bn,KSRP
AGID0771,Commissioner Corporation,,itstop_ulb_belgaum@yahoo.com,,2405304,Belagavi City,Commissioner Corporation,Other
AGID0234,Computer Section,,ccydr@ksp.gov.in,9480806054,08473-253796,Yadgiri,Computer Section,Computer
AGID0233,Computer Section,,,9480806040,,Haveri,Computer Section,Computer
AGID0231,Computer Section,,,,,Bengaluru,Computer Section,Computer
AGID0232,Computer Section,,,,08372-234669,Gadag,Computer Section,Computer
AGID0230,Computer Section,,,,22943553,Bengaluru City,Computer Section,Computer
AGID0772,Conference Hall,,,,22943274,Bengaluru City,Conference Hall,L&O
AGID0010,Control Room,,citycontrolkbe@ksp.gov.in,9480805500,228113-F,Kalaburagi City,City C/Room,C/Room
AGID0082,Control Room,,,,22943441,Bengaluru City,CAR West C/Room,C/Room
AGID0044,Control Room,,debjp@ksp.gov.in,9480804200,08352-250751,Vijayapura,Control Room,C/Room
AGID0020,Control Room,,dcbdr@ksp.gov.in,9480803400,08482-226704,Bidar,Control Room,C/Room
AGID0007,Control Room,,,,22208393,Bengaluru,Central Range C/Room,C/Room
AGID2629,Control Room,,Ndcrehqcontrolroom@ksp.gov.in,9480806100,080-22268001,HQ,Control Room,DCRE
AGID0036,Control Room,,dcmdy@ksp.gov.in,9480804800,8232224888,Mandya,Control Room,C/Room
AGID0054,Control Room,,,9480801400,22943060,Bengaluru City,North-East C/Room,C/Room
AGID0046,Control Room,,dcukwr@ksp.gov.in,9480805200,08382-226550,Uttara Kannada,Control Room,C/Room
AGID0058,Control Room,,southeastbcper@ksp.gov.in,9480801600,22943481,Bengaluru City,South-East C/Room,C/Room
AGID0081,Control Room,,,,22943441,Bengaluru City,CAR West C/Room,C/Room
AGID0067,Control Room,,,,22943030,Bengaluru City,Traffic West C/Room,C/Room
AGID1572,Control Room,PI,,9480803303,,Shivamogga,PI (W),C/Room
AGID0018,Control Room,,dcbgm@ksp.gov.in,9480804000,0831-2405231,Belagavi,Control Room,C/Room
AGID0009,Control Room,,cerhub@ksp.gov.in,9480802000,0836-2233555,Hubballi–Dharwad City,City C/Room,C/Room
AGID0027,Control Room,,dedwd@ksp.gov.in,9480804309,0836-2233201,Dharwad,Control Room,C/Room
AGID0062,Control Room,,,,22943131,Bengaluru City,Traffic East C/Room,C/Room
AGID0038,Control Room,,dcrrcr@ksp.gov.in,9480803800,08532-235635,Raichur,Control Room,C/Room
AGID0024,Control Room,,decta@ksp.gov.in,9480803100,08194-222782,Chitradurga,Control Room,C/Room
AGID0951,Control Room,,,,822622316,Chamarajanagara,Disaster C/Room,C/Room
AGID0028,Control Room,,degdg@ksp.gov.in,9480804400,08372-220509,Gadag,Control Room,C/Room
AGID0031,Control Room,,degha@ksp.gov.in,9480803509,08472-279180-F,Kalaburagi,Control Room,C/Room
AGID0040,Control Room,,desmg@ksp.gov.in,9480803300,08182-261413,Shivamogga,Control Room,C/Room
AGID0045,Control Room,,deydr@ksp.gov.in,9480803600,08473-253778,Yadgiri,Control Room,C/Room
AGID0016,Control Room,,debgk@ksp.gov.in,9480803900,08354-235079,Bagalkote,Control Room,C/Room
AGID0066,Control Room,,,9480801097,22942704,Bengaluru City,Traffic South C/Room,C/Room
AGID0041,Control Room,,detkr@ksp.gov.in,9480802900,2278000-F,Tumkur,Control Room,C/Room
AGID0026,Control Room,,dedvg@ksp.gov.in,9480803200,08192-253100,Davanagere,Control Room,C/Room
AGID0074,Control Room,ACP,,9480802223,2418542,Mysuru City,ACP (W) City C/Room,C/Room
AGID0077,Control Room,,,9480801046,22943222,Bengaluru City,CAR North C/Room,C/Room
AGID0063,Control Room,,,9480801096,22943030,Bengaluru City,Traffic North C/Room,C/Room
AGID0015,Control Room,DCP,dcpcontrol@ksp.gov.in,9480801004,22942338,Bengaluru City,DCP(W) C/Room,C/Room
AGID0013,Control Room,,ccrblore@ksp.gov.in,8277945406,22942222,Bengaluru City,Control Room,C/Room
AGID0037,Control Room,,dcmys@ksp.gov.in,9480805000,8212443535,Mysuru,Control Room,C/Room
AGID0017,Control Room,,deblr@ksp.gov.in,9480803000,08392-258100,Ballari,Control Room,C/Room
AGID0035,Control Room,,dekpl@ksp.gov.in,9480803700,08539-230222,Koppal,Control Room,C/Room
AGID1348,Control Room,ACP,,9480801036,22200914,Bengaluru City,ACP (W) C/R,C/Room
AGID0049,Control Room,,,,22943000,Bengaluru City,Hoysala C/Room,C/Room
AGID0050,Control Room,,,,22943322,Bengaluru City,Master C/Room,C/Room
AGID0075,Control Room,,,,22943555,Bengaluru City,CAR HQ C/Room,C/Room
AGID0061,Control Room,,,9480801095,22943131,Bengaluru City,Traffic East C/Room,C/Room
AGID0012,Control Room,,cermys@ksp.gov.in,9480802200,2418339,Mysuru City,City C/Room,C/Room
AGID0053,Control Room,,,9480801300,22943434,Bengaluru City,North C/Room,C/Room
AGID0078,Control Room,,,9480801046,22943222,Bengaluru City,CAR North C/Room,C/Room
AGID0056,Control Room,,southcontrolbcp@ksp.gov.in,9480801500,22943111,Bengaluru City,South C/Room,C/Room
AGID0025,Control Room,,dcmaq@ksp.gov.in,9480805300,0824-2220500,Dakshina Kannada,Control Room,C/Room
AGID0023,Control Room,,dcckm@ksp.gov.in,9480805100,08262-235608-F,Chikkamagaluru,Control Room,C/Room
AGID1573,Control Room,PI,,9480801036,22943772,Bengaluru City,PI (W)-1 C/R,C/Room
AGID0076,Control Room,,,9845333551,22943555,Bengaluru City,CAR HQ. C/Room,C/Room
AGID0055,Control Room,,,9480801400,22943060,Bengaluru City,North-East C/Room,C/Room
AGID0047,Control Room,,eastcontrol75@gmail.com,9480801200,22943535,Bengaluru City,East C/Room,C/Room
AGID0052,Control Room,,ccrnbcp@ksp.gov.in,9480801300,22943434,Bengaluru City,North C/Room,C/Room
AGID0069,Control Room,,,,22943660,Bengaluru City,VIP C/Room,C/Room
AGID0080,Control Room,,,,22943333,Bengaluru City,CAR South C/Room,C/Room
AGID0029,Control Room,,dehsn@ksp.gov.in,9480804787,08172268845-F,Hassan,Control Room,C/Room
AGID0072,Control Room,,,7411747100,22942959,Bengaluru City,Whitefield C/Room,C/Room
AGID0019,Control Room,,debng@ksp.gov.in,9480802400,22256767,Bengaluru,Control Room,C/Room
AGID0006,Control Room,,,9480801100,22943003,Bengaluru City,Central C/Room,C/Room
AGID0021,Control Room,,dechn@ksp.gov.in,9480804600,8226222398,Chamarajanagara,Control Room,C/Room
AGID0014,Control Room,,,,2213888,Hubballi–Dharwad City,Corporation C/Room,C/Room
AGID0068,Control Room,,,9480801900,22943030,Bengaluru City,Traffic West C/Room,C/Room
AGID0030,Control Room,,dehvr@ksp.gov.in,9480804500,08375-237368,Haveri,Control Room,C/Room
AGID0032,Control Room,,dekgf@ksp.gov.in,9480802700,274743,KGF,Control Room,C/Room
AGID0059,Control Room,,,9480801600,22943481,Bengaluru City,South-East C/Room,C/Room
AGID0033,Control Room,,demer@ksp.gov.in,9480804900,08272228330-F,Kodagu,Control Room,C/Room
AGID0008,Control Room,,debgc@ksp.gov.in,9483931100,2405233,Belagavi City,City C/Room,C/Room
AGID0071,Control Room,,,9480801700,22943232,Bengaluru City,West C/Room,C/Room
AGID0048,Control Room,,,9480801200,22943535,Bengaluru City,East C/Room,C/Room
AGID0950,Control Room,,,,0824-2442590,Mangaluru City,Disaster C/R,C/Room
AGID0070,Control Room,,westcontrolbcp@ksp.gov.in,9480801700,22943232,Bengaluru City,West C/Room,C/Room
AGID0060,Control Room,,,,22943663,Bengaluru City,Traffic Central C/Room,C/Room
AGID0073,Control Room,,,9480801144,22942959,Bengaluru City,Whitefield C/Room,C/Room
AGID0005,Control Room,,,,22943084,Bengaluru City,CCB C/Room,C/Room
AGID0034,Control Room,,deklr@ksp.gov.in,9480802600,243066,Kolar,Control Room,C/Room
AGID0079,Control Room,,,,22943333,Bengaluru City,CAR South C/Room,C/Room
AGID0051,Control Room,,,,8172261111,Hassan,Natural Calamities,C/Room
AGID1574,Control Room,PI,,9480801701,,Bengaluru City,PI (W)-2 C/R,C/Room
AGID0057,Control Room,,,9480801500,22943111,Bengaluru City,South C/Room,C/Room
AGID0043,Control Room,,devjn@ksp.gov.in,9480805700,08394-200200,Vijayanagara,Control Room,C/Room
AGID0039,Control Room,,dermn@ksp.gov.in,9480802800,27273456,Ramanagara,Control Room,C/Room
AGID0011,Control Room,,cermgc@ksp.gov.in,9480802321,0824-2220800-F,Mangaluru City,City C/Room,C/Room
AGID0022,Control Room,,decbpura@ksp.gov.in,9480802500,08156-277211,Chikkaballapura,Control Room,C/Room
AGID0065,Control Room,,,9480801097,22942704,Bengaluru City,Traffic South C/Room,C/Room
AGID0064,Control Room,,,9480801096,22943684,Bengaluru City,Traffic North C/Room,C/Room
AGID0042,Control Room,,dcudp@ksp.gov.in,9480805400,0820-2526444,Udupi,Control Room,C/Room
AGID2617,Crime Section,SS,,,22942187,Bengaluru City,Crime Section,COP
AGID0137,Cyber Crime PS,,,9480801554,22375522,Bengaluru City,CYBER CRIME PS,CEN
AGID0001,DCP Admin,DCP,dcpadminbcp@ksp.gov.in,9480801015,22200918,Bangalore City,DCP Admin,Admin
AGID0105,DCP CAR,DCP,depearmyc@ksp.gov.in,9480802204,2418103,Mysuru City,DCP CAR,CAR
AGID0104,DCP CAR,DCP,depearhd@ksp.gov.in,9480802004,0836-2233503,Hubballi–Dharwad City,DCP CAR,CAR
AGID0103,DCP CAR,DCP,sypatilbgk@gmail.com,9480800653,2405243,Belagavi City,DCP CAR,CAR
AGID0113,DCP CAR,DCP,depearmgc@ksp.gov.in,9480802306,0824-2220811,Mangaluru City,DCP CAR,CAR
AGID0112,DCP CAR HQ,DCP,dcperbcp@ksp.gov.in,9480801017,22202375,Bengaluru City,CAR HQ,CAR
AGID0106,DCP CAR North,DCP,dcpearnorthbcp@ksp.gov.in,9480801018,22942368,Bengaluru City,CAR North,CAR
AGID0107,DCP CAR South,DCP,dcpearsouthbcp@ksp.gov.in,9480801019,22942492,Bengaluru City,CAR South,CAR
AGID0108,DCP CAR West,DCP,dcpearwestbcp@ksp.gov.in,9480806022,22942964,Bengaluru City,CAR West,CAR
AGID0109,DCP CAR-North,DCP,dcpearnorthbcp@ksp.gov.in,9480801018,28465406,Bengaluru City,CAR-North,CAR
AGID0110,DCP CAR-South,DCP,dcpearsouthbcp@ksp.gov.in,9480801019,29510856,Bengaluru City,CAR-South,CAR
AGID0111,DCP CAR-West,DCP,dcpearwestbcp@ksp.gov.in,9480806022,22942964,Bengaluru City,CAR-West,CAR
AGID0158,DCP Central,DCP,dcpcentral@ksp.gov.in,9480801101,22943032,Bengaluru City,DCP Central,CEN
AGID0157,DCP Central,DCP,dcpcentral@ksp.gov.in,9480801101,22942344,Bengaluru City,DCP Central,CEN
AGID0159,DCP Command Center,DCP,dcpcomdcentrebcp@ksp.gov.in,9480801018,22202593,Bengaluru City,DCP Command Center,CEN
AGID0604,DCP Crime & Traffic,DCP,depetkbe@ksp.gov.in,9480805503,228298,Kalaburagi City,DCP Crime & Traffic,Traffic
AGID0606,DCP Crime & Traffic,DCP,deperimemyc@ksp.gov.in,9480802203,2418102,Mysuru City,DCP Crime & Traffic,Traffic
AGID0603,DCP Crime & Traffic,DCP,deperimehde@ksp.gov.in,9480802003,0836-2233502,Hubballi–Dharwad City,DCP Crime & Traffic,Traffic
AGID0602,DCP Crime & Traffic,DCP,depermbgc@ksp.gov.in,9480800652,2405272,Belagavi City,DCP Crime & Traffic,Traffic
AGID0605,DCP Crime & Traffic,DCP,deperimemgc@ksp.gov.in,9480802305,0824-2220805,Mangaluru City,DCP Crime & Traffic,Traffic
AGID1404,DCP Crime-1,DCP,dcperbcp@ksp.gov.in,9480801016,22200912-F,Bengaluru City,DCP Crime-1,L&O
AGID1405,DCP Crime-2,DCP,dcperbcp@ksp.gov.in,9480801021,22200912-F,Bengaluru City,DCP Crime-2,L&O
AGID1407,DCP East,DCP,dcpeastbcp@ksp.gov.in,9480801201,25567085-F,Bengaluru City,DCP East,L&O
AGID1406,DCP East,DCP,dcpeastbcp@ksp.gov.in,9480801201,25567085,Bengaluru City,DCP East,L&O
AGID1408,DCP INT Bengaluru City,DCP,,,22942354,Bengaluru City,DCP INT Bengaluru City,L&O
AGID1412,DCP L&O,DCP,deplawmyc@ksp.gov.in,9480802205,2418101,Mysuru City,DCP L&O,L&O
AGID1409,DCP L&O,DCP,deplohde@ksp.gov.in,9480802005,0836-2233501,Hubballi–Dharwad City,DCP L&O,L&O
AGID1411,DCP L&O,DCP,deplomgc@ksp.gov.in,9480802304,0824-2220803,Mangaluru City,DCP L&O,L&O
AGID1410,DCP L&O,DCP,deplokbe@ksp.gov.in,9480805502,248111,Kalaburagi City,DCP L&O,L&O
AGID1413,DCP L&O Belagavi City,DCP,dcplobgc@ksp.gov.in,9480800651,2405246,Belagavi City,DCP L&O Belagavi City,L&O
AGID1414,DCP North,DCP,dcpnorth@ksp.gov.in,9480801017,22942299,Bengaluru City,DCP North,L&O
AGID1415,DCP North,DCP,dcpnorth@ksp.gov.in,9480801301,23567714-F,Bengaluru City,DCP North,L&O
AGID1416,DCP North-East,DCP,dcpnortheast@ksp.gov.in,9480801084,23632002,Bengaluru City,DCP North-East,L&O
AGID1417,DCP North-East,DCP,dcpnortheast@ksp.gov.in,9480801064,22942363,Bengaluru City,DCP North-East,L&O
AGID1418,DCP South,DCP,dcpsouthbcp@ksp.gov.in,9480801017,26635199,Bengaluru City,DCP South,L&O
AGID1419,DCP South,DCP,dcpsouthbcp@ksp.gov.in,9480801501,26635199,Bengaluru City,DCP South,L&O
AGID1420,DCP South-East,DCP,dcpsoutheastbcp@ksp.gov.in,9480801601,25530284,Bengaluru City,DCP South-East,L&O
AGID1421,DCP South-East,DCP,dcpsoutheastbcp@ksp.gov.in,9480801601,25530284,Bengaluru City,DCP South-East,L&O
AGID0607,DCP Traffic East,DCP,dcptrfeast@ksp.gov.in,9480801081,22860787-F,Bengaluru City,DCP Traffic East,Traffic
AGID0608,DCP Traffic East,DCP,dcptrfeast@ksp.gov.in,9480801801,22960787-F,Bengaluru City,DCP Traffic East,Traffic
AGID0609,DCP Traffic North,DCP,dcptrafficnorth@gmail.com,9480801133,23551133,Bengaluru City,DCP Traffic North,Traffic
AGID0610,DCP Traffic North,DCP,dcpnorthtrfbcp@ksp.gov.in,9480801133,22942411,Bengaluru City,DCP Traffic North,Traffic
AGID0612,DCP Traffic South,DCP,dcptrfsouthbcp@ksp.gov.in,9480800820,22943561,Bengaluru City,DCP Traffic South,Traffic
AGID0611,DCP Traffic South,DCP,dcptrfsouthbcp@ksp.gov.in,9480800820,22943561,Bengaluru City,DCP Traffic South,Traffic
BDFOrU4YvTY4er7oXlJS,DCP Traffic West,DCP,dcptrafficwest@gmail.com,9480801901,22942318,Bengaluru City,,Traffic
AGID0613,DCP Traffic West,DCP,dcptrafficwest@gmail.com,9480801901,22942318,Bengaluru City,DCP Traffic West,Traffic
AGID0673,DCP VVIP Security,DCP,dcpvvipsec@ksp.gov.in,9480801022,22280020,Bengaluru City,DCP VVIP Security,VVIP
AGID1422,DCP Vidhana Soudha Security,DCP,dcpvsoudhasec@ksp.gov.in,9480801109,22353129,Bengaluru City,DCP Vidhana Soudha Security,L&O
AGID1423,DCP Vidhana Soudha Security,DCP,dcpvsoudhasec@ksp.gov.in,9480801109,22943554,Bengaluru City,DCP Vidhana Soudha Security,L&O
AGID1425,DCP West,DCP,dcpwest@ksp.gov.in,9480801020,22370195,Bengaluru City,DCP West,L&O
AGID1424,DCP West,DCP,depwest@ksp.gov.in,9480801020,22370195,Bengaluru City,DCP West,L&O
AGID1427,DCP Whitefield,DCP,dcpwhitefieldbcp@ksp.gov.in,9480801084,22942852,Bengaluru City,DCP Whitefield,L&O
AGID1426,DCP Whitefield,DCP,dcpwhitefieldbcp@ksp.gov.in,9480801084,22942852,Bengaluru City,DCP Whitefield,L&O
AGID0305,DCRB,,derbdvg@ksp.gov.in,,08192-272004,Davanagere,DCRB,DCRB
AGID0307,DCRB,,derbhvr@ksp.gov.in,,08375-233387,Haveri,DCRB,DCRB
AGID0306,DCRB,,derbgdg@ksp.gov.in,9480806037,,Gadag,DCRB,DCRB
AGID2625,DDP,DDP,ddpdcre@ksp.gov.in,9480806113,,HQ,DGP Office,DCRE
AGID0946,DE Section,,,,22942184,Bengaluru City,DE Section,Minisrial
AGID2620,DGP,DGP,dgpdcre@ksp.gov.in,9480806101,080-22268723,HQ,DGP Office,DCRE
AGID2621,DIGP,DIGP,digpcre@ksp.gov.in,9480806102,080-22374163,HQ,DGP Office,DCRE
AGID0002,DIGP Joint CP Admin,DIGP,addlcpadmin@ksp.gov.in,9480801003,22268374,Bangalore City,DIGP Joint CP Admin,Admin
AGID1428,DIGP Joint CP East,DIGP,addlcpeast@ksp.gov.in,9480801010,22200904,Bengaluru City,DIGP Joint CP East,L&O
AGID0615,DIGP Joint CP Traffic,DIGP,jtcptrafticbcp@ksp.gov.in,9480801006,22942276,Bengaluru City,DIGP Joint CP Traffic,Traffic
AGID1429,DIGP North Eastern Range,DIGP,,9480800030,08472-263601,North Eastern,DIGP North Eastern Range,L&O
AGID1430,DIGP Southern Range,DIGP,igpsr@ksp.gov.in,9480800031,82124212,Mysuru,DIGP Southern Range,L&O
AGID1308,DPO Bagalkote,AAO,,,08354-235076,Bagalkote,DPO Bagalkote,DPO
AGID1310,DPO Ballari,AAO,,,08392-258011,Ballari,DPO Ballari,DPO
AGID1312,DPO Belagavi,AAO,aaobgm@ksp.gov.in,8277967403,0831-2405211,Belagavi,DPO Belagavi,DPO
AGID1314,DPO Bengaluru,AAO,aaobng@ksp.gov.in,,2256111,Bengaluru,DPO Bengaluru,DPO
AGID0240,DPO Bidar,AAO,,,08482-222915,Bidar,DPO Bidar,DPO
AGID1316,DPO Chamarajanagara,AAO,,,8226224005,Chamarajanagara,DPO Chamarajanagara,DPO
AGID1318,DPO Chikkaballapura,AAO,aaochpura@ksp.gov.in,,8156277214,Chikkaballapura,DPO Chikkaballapura,DPO
AGID1320,DPO Chikkamagaluru,AAO,aaockm@ksp.gov.in,,8262234808,Chikkamagaluru,DPO Chikkamagaluru,DPO
AGID1322,DPO Chitradurga,AAO,,,08194-222437,Chitradurga,DPO Chitradurga,DPO
AGID1324,DPO Dakshina Kannada,AAO,aaomaq@ksp.gov.in,,8242225095,Dakshina Kannada,DPO Dakshina Kannada,DPO
AGID1326,DPO Davanagere,AAO,,,08192-272003,Davanagere,DPO Davanagere,DPO
AGID1328,DPO Dharwad,AAO,,,0836-2233205,Dharwad,DPO Dharwad,DPO
AGID1331,DPO Gadag,AAO,,,08372-239033,Gadag,DPO Gadag,DPO
AGID1332,DPO Hassan,AAO,,,8172268,Hassan,DPO Hassan,DPO
AGID1333,DPO Haveri,AAO,,,08375-232101,Haveri,DPO Haveri,DPO
AGID1300,DPO Hubballi–Dharwad City,AAO,,9480802046,2233528,Hubballi–Dharwad City,DPO Hubballi–Dharwad City,DPO
AGID1330,DPO KGF,AAO,aaokgf@ksp.gov.in,9886585690,276100,KGF,DPO KGF,DPO
AGID1334,DPO Kalaburagi,AAO,,9480803621,08472-263606,Kalaburagi,DPO Kalaburagi,DPO
AGID1304,DPO Kalaburagi City,AAO,,,2220810,Mangaluru City,DPO Kalaburagi City,DPO
AGID1302,DPO Kalaburagi City,AAO,aaokbe@ksp.gov.in,,295052,Kalaburagi City,DPO Kalaburagi City,DPO
AGID1335,DPO Kodagu,AAO,aaomer@ksp.gov.in,,82722284,Kodagu,DPO Kodagu,DPO
AGID1336,DPO Kolar,AAO,aaoklr@ksp.gov.in,,243021,Kolar,DPO Kolar,DPO
AGID1337,DPO Koppal,AAO,,,08539-230629,Koppal,DPO Koppal,DPO
AGID1338,DPO Mandya,AAO,,,8232220011,Mandya,DPO Mandya,DPO
AGID1306,DPO Mangaluru City,AAO,,,2418304,Mysuru City,DPO Mangaluru City,DPO
AGID1339,DPO Mysuru,AAO,aaomys@ksp.gov.in,,8212441551,Mysuru,DPO Mysuru,DPO
AGID1340,DPO Raichur,AAO,,,08532-235336,Raichur,DPO Raichur,DPO
AGID1341,DPO Ramanagara,AAO,aaormn@ksp.gov.in,,27271101,Ramanagara,DPO Ramanagara,DPO
AGID1342,DPO Shivamogga,AAO,,,08182-259022,Shivamogga,DPO Shivamogga,DPO
AGID1343,DPO Tumkur,AAO,aaotkr@ksp.gov.in,,2271580,Tumkur,DPO Tumkur,DPO
AGID1344,DPO Udupi,AAO,aaoudp@ksp.gov.in,9480805412,0820-2526373,Udupi,DPO Udupi,DPO
AGID1345,DPO Uttara Kannada,AAO,aaoukwr@ksp.gov.in,,8382226307,Uttara Kannada,DPO Uttara Kannada,DPO
AGID1346,DPO Vijayapura,AAO,aaobjp@ksp.gov.in,,08352-255761,Vijayapura,DPO Vijayapura,DPO
AGID1347,DPO Yadgiri,AAO,,9480803669,08473-253735,Yadgiri,DPO Yadgiri,DPO
AGID0571,DSP ACB,DSP,,,08372-232566,Gadag,DSP ACB,ACB
AGID0572,DSP ACB,DSP,,9480806223,8172266789,Hassan,DSP ACB,ACB
AGID1431,DSP Admin DIGP Office,"DIGP, DSP",,9480803518,08472-263605,North Eastern,DSP Admin DIGP Office,Admin
AGID1435,DSP Alland,DSP,sdpoalandgha@ksp.gov.in,9480803523,08477-202443,Kalaburagi,DSP Alland,L&O
AGID1467,DSP Anekal Sub-Division,DSP,anekalsdpobng@ksp.gov.in,9480802420,22264170,Bengaluru,DSP Anekal Sub-Division,L&O
AGID1468,DSP Arasikere,DSP,sdpoarasikerehsn@ksp.gov.in,9480804721,8174,Hassan,DSP Arasikere,L&O
AGID1469,DSP Athani,DSP,sdpoathanibgm@ksp.gov.in,9480804122,08289-233190,Belagavi,DSP Athani,L&O
AGID1470,DSP B. Bagewadi,DSP,sdpobagewadibjp@ksp.gov.in,9480804221,08358-245233,Vijayapura,DSP B. Bagewadi,L&O
AGID1471,DSP Bagalkote,DSP,sdpobgk@ksp.gov.in,,8354220423,Bagalkote,DSP Bagalkote,L&O
AGID1472,DSP Bailahongal,DSP,sdpobailahongalbgm@ksp.gov.in,9480804025,08288-233190,Belagavi,DSP Bailahongal,L&O
AGID1473,DSP Ballari City,DSP,sdpeblr@ksp.gov.in,9480803020,08392-272322,Ballari,DSP Ballari City,L&O
AGID1474,DSP Bantwala,DSP,sdpobantwalamaq@ksp.gov.in,9480805309,08255-233999,Dakshina Kannada,DSP Bantwala,L&O
AGID1475,DSP Bhalki,DSP,sdpobhalkibdr@ksp.gov.in,9480803421,08484-252233,Bidar,DSP Bhalki,L&O
AGID1476,DSP Bhatkal,DSP,sdpobhatkalukwr@ksp.gov.in,9480805221,08385-226413,Uttara Kannada,DSP Bhatkal,L&O
AGID0262,DSP Bidar,DSP,sdpebdr@ksp.gov.in,9480803420,08482-226705,Bidar,DSP Bidar,DAR
AGID0164,DSP CEN PS,DSP,,9480802500,270916,Chikkaballapura,CEN PS,CEN
AGID0168,DSP CEN PS,DSP,,9480804509,08375-232770,Haveri,CEN PS,CEN
AGID0173,DSP CEN PS,DSP,,,8232295633,Mandya,CEN PS,CEN
AGID0184,DSP CEN PS,DSP,cenpsmys@ksp.gov.in,,8212483637,Mysuru,CEN PS,CEN
AGID0180,DSP CEN PS,DSP,,9480804309,0836-2444969,Dharwad,CEN PS,CEN
AGID0160,DSP CEN PS,DSP,cybercrimelr@ksp.gov.in,9480803014,08392-255034,Ballari,CEN PS,CEN
AGID0170,DSP CEN PS,DSP,debmer@ksp.gov.in,9480804908,8272220652,Kodagu,CEN PS,CEN
AGID0185,DSP CEN PS,DSP,,,,Raichur,CEN PS,CEN
AGID0171,DSP CEN PS,DSP,,9480802600,220950,Kolar,CEN PS,CEN
AGID0162,DSP CEN PS,DSP,,9480802408,,Bengaluru,CEN PS,CEN
AGID0165,DSP CEN PS,DSP,cencpsckm@ksp.gov.in,,8262295089,Chikkamagaluru,CEN PS,CEN
AGID0182,DSP CEN PS,DSP,,,8172251666,Hassan,CEN PS,CEN
AGID0172,DSP CEN PS,DSP,debkpl@ksp.gov.in,9480803753,08539-230029,Koppal,CEN PS,CEN
AGID0166,DSP CEN PS,DSP,,9480803173,08194-221044,Chitradurga,CEN PS,CEN
AGID0176,DSP CEN PS,DSP,cencpsukwr@ksp.gov.in,9480805206,-,Uttara Kannada,CEN PS,CEN
AGID0174,DSP CEN PS,DSP,dcbpsrmn@ksp.gov.in,9480802870,27271824,Ramanagara,CEN PS,CEN
AGID0175,DSP CEN PS,DSP,,9480802908,2271479,Tumkur,CEN PS,CEN
AGID0179,DSP CEN PS,DSP,,,8226223488,Chamarajanagara,CEN PS,CEN
AGID0181,DSP CEN PS,DSP,,,08372-221845,Gadag,CEN PS,CEN
AGID0167,DSP CEN PS,DSP,cencpsmaq@ksp.gov.in,,,Dakshina Kannada,CEN PS,CEN
AGID0163,DSP CEN PS,DSP,,,08482-220595,Bidar,CEN PS,CEN
AGID0177,DSP CEN PS,DSP,,9480804200,08352-240483,Vijayapura,CEN PS,CEN
AGID0161,DSP CEN PS,DSP,cenpsbgm@ksp.gov.in,9480804008,0831-2405677,Belagavi,CEN PS,CEN
AGID0169,DSP CEN PS,DSP,,9480802708,295003,KGF,CEN PS,CEN
AGID0183,DSP CEN PS,DSP,,9480803509,08472-273154,Kalaburagi,CEN PS,CEN
AGID0186,DSP CEN PS Jayanagar,DSP,,9480803321,08182-261426,Shivamogga,DSP CEN PS Jayanagar,CEN
AGID0178,DSP CEN PS Vidyanagara,DSP,cenpsdyg@ksp.gov.in,9480803209,08192-225119,Davanagere,DSP CEN PS Vidyanagara,CEN
AGID0187,DSP CEN PS Yadgiri,DSP,,,,Yadgiri,DSP CEN PS Yadgiri,CEN
AGID1477,DSP CH-Nagara,DSP,sdpochn@ksp.gov.in,9480804620,822622209,Chamarajanagara,DSP CH-Nagara,L&O
AGID1437,DSP CID,DSP,,9480800624,0836-2778334,Dharwad,DSP CID,CID
AGID1478,DSP Challakere,DSP,sdpoclkcta@ksp.gov.in,9480803121,08195-251010,Chitradurga,DSP Challakere,L&O
AGID1479,DSP Channapatna,DSP,sdpocpatnarmn@ksp.gov.in,9480802821,27251415,Ramanagara,DSP Channapatna,L&O
AGID1480,DSP Channarayapatna,DSP,,9480804712,,Hassan,DSP Channarayapatna,L&O
AGID1481,DSP Chennagiri,DSP,,9480803223,08189-229133,Davanagere,DSP Chennagiri,L&O
AGID1482,DSP Chikkaballapura,DSP,sdpocbpura@ksp.gov.in,9480802520,8156272423,Chikkaballapura,DSP Chikkaballapura,L&O
AGID1483,DSP Chikkamagaluru,DSP,sdpockm@ksp.gov.in,9480805120,08262-222836,Chikkamagaluru,DSP Chikkamagaluru,L&O
AGID1484,DSP Chikkodi,DSP,sdpochikkodibgm@ksp.gov.in,9480804024,08338-272147,Belagavi,DSP Chikkodi,L&O
AGID1485,DSP Chincholli,DSP,sdpechincholigba@ksp.gov.in,9480803524,08475-273100,Kalaburagi,DSP Chincholli,L&O
AGID1436,DSP Chintamani,DSP,sdpocmanicbpura@ksp.gov.in,9480802521,08154-252103,Chikkaballapura,DSP Chintamani,L&O
AGID1486,DSP Chitradurga,DSP,sdpcta@ksp.gov.in,9480803120,08194-222430,Chitradurga,DSP Chitradurga,L&O
AGID1562,DSP Crime IGP Office,"IGP, DSP",,9480804019,,Belagavi,DSP Crime IGP Office,L&O
AGID1438,DSP D.A.R,DSP,dargba@ksp.gov.in,9480803506,08472-263612,Kalaburagi,DSP D.A.R,DAR
AGID1439,DSP D.B. Pura Sub-Division,DSP,sdpodbpurabng@ksp.gov.in,9480802421,27622052,Bengaluru,DSP D.B. Pura Sub-Division,L&O
AGID0265,DSP DAR,DSP,,9480804506,,Haveri,DSP DAR,DAR
AGID0259,DSP DAR,DSP,darydr@ksp.gov.in,9480803668,08473-253277,Yadgiri,DSP DAR,DAR
AGID0257,DSP DAR,DSP,darukwr@ksp.gov.in,9480805206,-,Uttara Kannada,DSP DAR,DAR
AGID0246,DSP DAR,DSP,,9480803138,08194-222458,Chitradurga,DSP DAR,DAR
AGID0251,DSP DAR,DSP,,9480804806,8232224057,Mandya,DSP DAR,DAR
AGID0244,DSP DAR,DSP,darcbpura@ksp.gov.in,,8156273440,Chikkaballapura,DSP DAR,DAR
AGID0249,DSP DAR,DSP,dargdg@ksp.gov.in,9480804406,,Gadag,DSP DAR,DAR
AGID0256,DSP DAR,DSP,darudp@ksp.gov.in,9480805466,0820-2523444,Udupi,DSP DAR,DAR
AGID0253,DSP DAR,DSP,darmn@ksp.gov.in,9480802806,27255488,Ramanagara,DSP DAR,DAR
AGID0243,DSP DAR,DSP,darbbdr@ksp.gov.in,9480803406,08482-226715,Bidar,DSP DAR,DAR
AGID0241,DSP DAR,DSP,darbgk@ksp.gov.in,9480803906,08354-235083,Bagalkote,DSP DAR,DAR
AGID0242,DSP DAR,DSP,darbng@ksp.gov.in,9480802406,22942198,Bengaluru,DSP DAR,DAR
AGID0263,DSP DAR,DSP,dspdarblr@ksp.gov.in,9480803006,08392-272966,Ballari,DSP DAR,DAR
AGID0250,DSP DAR,DSP,darklr@ksp.gov.in,9480802606,222023,Kolar,DSP DAR,DAR
AGID0254,DSP DAR,DSP,darshi@ksp.gov.in,9480803306,08182-261412,Shivamogga,DSP DAR,DAR
AGID0245,DSP DAR,DSP,darcta@ksp.gov.in,9480803106,08194-220181,Chitradurga,DSP DAR,DAR
AGID0252,DSP DAR,DSP,darrcr@ksp.gov.in,9845851086,08532-235233,Raichur,DSP DAR,DAR
AGID0247,DSP DAR,DSP,,9480803271,08192-259643,Davanagere,DSP DAR,DAR
AGID0264,DSP DAR,DSP,pmtehn@ksp.gov.in,9480804606,8226224006,Chamarajanagara,DSP DAR,DAR
AGID0255,DSP DAR,DSP,dartkr@ksp.gov.in,9480802906,2278140,Tumkur,DSP DAR,DAR
AGID0258,DSP DAR,DSP,dyspdarbjp@ksp.gov.in,9480804206,08352-250287,Vijayapura,DSP DAR,DAR
AGID0248,DSP DAR,DSP,dardwd@ksp.gov.in,9480804306,0836-2233204,Dharwad,DSP DAR,DAR
AGID0260,DSP DAR Hassan,DSP,darhsn@ksp.gov.in,9480804706,8172270441,Hassan,DSP DAR Hassan,DAR
AGID0261,DSP DAR Koppal,DSP,darkpl@ksp.gov.in,9480803706,08539-230169,Koppal,DSP DAR Koppal,DAR
AGID0314,DSP DCRB,DSP,derbgba@ksp.gov.in,,,Kalaburagi,DSP DCRB,DCRB
AGID0310,DSP DCRB,DSP,darbng@ksp.gov.in,9480802407,22352466,Bengaluru,DSP DCRB,DCRB
AGID0311,DSP DCRB,DSP,derbchn@ksp.gov.in,9480804609,822622217,Chamarajanagara,DSP DCRB,DCRB
AGID0312,DSP DCRB,DSP,,,08194-231499,Chitradurga,DSP DCRB,DCRB
AGID0309,DSP DCRB,DSP,derbbgk@ksp.gov.in,,08354-235024,Bagalkote,DSP DCRB,DCRB
AGID0316,DSP DCRB,DSP,dspdcrbblr@ksp.gov.in,9480803009,,Ballari,DSP DCRB,DCRB
AGID0313,DSP DCRB,DSP,derbgdg@ksp.gov.in,,,Gadag,DSP DCRB,DCRB
AGID0315,DSP DCRB,DSP,derbshig@ksp.gov.in,,08182-261422,Shivamogga,DSP DCRB,DCRB
AGID1433,DSP DE DIGP Office,"DIGP, DSP",,9480803519,08472-263605,North Eastern,DSP DE DIGP Office,Admin
AGID1432,DSP DE DIGP Office,"DIGP, DSP",,9480805018,2418702,Mysuru,DSP DE DIGP Office,Admin
AGID1563,DSP DE IGP Office,"IGP, DSP",,9480802418,22942630,Central Range Bengaluru,DSP DE IGP Office,Admin
AGID1564,DSP DE IGP Office,"IGP, DSP",deigger@ksp.gov.in,9480803218,08192-237829,Davanagere,DSP DE IGP Office,Admin
AGID1565,DSP DE IGP Office,"IGP, DSP",dyspdewr@ksp.gov.in,9480805319,-,Mangaluru,DSP DE IGP Office,Admin
AGID1487,DSP Dandeli,DSP,sdpodandeliukwr@ksp.gov.in,9480805223,08284-231595,Uttara Kannada,DSP Dandeli,L&O
AGID1488,DSP Davanagere City,DSP,sdpocitydyg@ksp.gov.in,9480803220,08192-259213,Davanagere,DSP Davanagere City,L&O
AGID1489,DSP Davanagere Rural,DSP,sdporuraldvg@ksp.gov.in,9480803222,08192-262550,Davanagere,DSP Davanagere Rural,L&O
AGID1490,DSP Dharwad Rural,DSP,sdpodwd@ksp.gov.in,9480804320,0836-2233202,Dharwad,DSP Dharwad Rural,L&O
AGID0395,DSP Excise,DSP,,,0816-2272527,Tumkur,DSP Excise,Excise
AGID0431,DSP FPB,DSP,,9480800486,2220508,Mangaluru City,DSP FPB,FPB
AGID0430,DSP FPB,DSP,,9480800488,8212444545,Mysuru,DSP FPB,FPB
AGID0429,DSP FPB,DSP,,9480803267,08192-254842,Davanagere,DSP FPB,FPB
AGID0428,DSP FPB DIGP Office,"DIGP, DSP",,9480800488,2444545,"Southern Range, Mysuru",DSP FPB DIGP Office,FPB
AGID0434,DSP FPB IGP Office,"IGP, DSP",dspwrfpb@ksp.gov.in,9480800486,-,Western,DSP FPB IGP Office,FPB
AGID0433,DSP FPB IGP Office,"IGP, DSP",,9480800482,,Davanagere,DSP FPB IGP Office,FPB
AGID0432,DSP FPB IGP Office,"IGP, DSP",,9480800481,22942619,Central Range Bengaluru,DSP FPB IGP Office,FPB
AGID1491,DSP Gadag,DSP,sdpogadaggdg@ksp.gov.in,9480804420,08372-238704,Gadag,DSP Gadag,L&O
AGID1492,DSP Gangavati,DSP,sdpogvtkpl@ksp.gov.in,9480803721,08539-230853,Koppal,DSP Gangavati,L&O
AGID1440,DSP Gokak Sub. Dvn,DSP,sdpegokakbgm@ksp.gov.in,9480804062,08332-226339,Belagavi,DSP Gokak Sub. Dvn,L&O
AGID1434,DSP HQ DIGP Office,"DIGP, DSP",,9480805019,2418602,Mysuru,DSP HQ DIGP Office,Admin
AGID1568,DSP HQ IGP Office,"IGP, DSP",dysphqwr@ksp.gov.in,9480805318,0824-2220509,Mangaluru,DSP HQ IGP Office,Admin
AGID1567,DSP HQ IGP Office,"IGP, DSP",,9480803219,08192-237829,Davanagere,DSP HQ IGP Office,Admin
AGID1566,DSP HQ IGP Office,"IGP, DSP",,,08392-255009,Ballari,DSP HQ IGP Office,Admin
AGID1493,DSP Harapanahalli,DSP,sdpoharapanahallivjn@ksp.gov.in,9480805722,,Vijayanagara,DSP Harapanahalli,L&O
AGID1494,DSP Hassan,DSP,sdpohsn@ksp.gov.in,9480804720,8172268964,Hassan,DSP Hassan,L&O
AGID1495,DSP Haveri,DSP,sdpehaverihvr@ksp.gov.in,9480804520,08375-232470,Haveri,DSP Haveri,L&O
AGID1441,DSP High Court Vigilance,DSP,,9448288649,22954540,Bengaluru City,DSP High Court Vigilance,L&O
AGID1496,DSP Hiriyur,DSP,spdohyrcta@ksp.gov.in,9480803122,08193-263248,Chitradurga,DSP Hiriyur,L&O
AGID1497,DSP Hosakote Sub-Division,DSP,hosakotesdpobng@ksp.gov.in,8277960586,27932111,Bengaluru,DSP Hosakote Sub-Division,L&O
AGID1498,DSP Hospet,DSP,sdpohtvjn@ksp.gov.in,9480805720,08394-224204,Vijayanagara,DSP Hospet,L&O
AGID1499,DSP Humnabad,DSP,sdpehumnabadbdr@ksp.gov.in,9480803422,08483-270028,Bidar,DSP Humnabad,L&O
AGID1500,DSP Hunagund,DSP,sdphunagundbgk@ksp.gov.in,9480803921,08351-260333,Bagalkote,DSP Hunagund,L&O
AGID1501,DSP Hunsur,DSP,sdpehunsurmys@ksp.gov.in,9480805022,8222252044,Mysuru,DSP Hunsur,L&O
AGID1444,DSP INT,DSP,,,0831-2475703,Belagavi,DSP INT,S INT
AGID1442,DSP INT,DSP,,9449878601,08354-220641,Bagalkote,DSP INT,S INT
AGID1447,DSP INT,DSP,,9449878528,817226245,Hassan,DSP INT,S INT
AGID1452,DSP INT,DSP,piinttkr@ksp.gov.in,,,Tumkur,DSP INT,S INT
AGID1503,DSP INT,DSP,hubint@ksp.gov.in,9449878526,2371302,Hubballi–Dharwad City,DSP INT,INT
AGID1445,DSP INT,DSP,,9449878607,8226222215,Chamarajanagara,DSP INT,S INT
AGID1446,DSP INT,DSP,,,08192-260503,Davanagere,DSP INT,S INT
AGID1443,DSP INT,DSP,,,08392-277974,Ballari,DSP INT,S INT
AGID1451,DSP INT,DSP,,,08182-226905,Shivamogga,DSP INT,S INT
AGID1449,DSP INT,DSP,,9449878614,08472-263650,Kalaburagi,DSP INT,S INT
AGID1448,DSP INT,DSP,,,08375-232839,Haveri,DSP INT,S INT
AGID1450,DSP INT,DSP,,,8232224728,Mandya,DSP INT,S INT
AGID0499,DSP INT,DSP,,9480878606,08352-255656,Vijayapura,DSP INT,INT
AGID0509,DSP ISD,DSP,,9480800625,,Mangaluru City,DSP ISD,ISD
AGID0506,DSP ISD,DSP,,9480800621,08472-278666,Kalaburagi,DSP ISD,ISD
AGID0508,DSP ISD,DSP,,9480800629,,Vijayapura,DSP ISD,ISD
AGID0505,DSP ISD,DSP,,,0836-2774934,Dharwad,DSP ISD,ISD
AGID0507,DSP ISD,DSP,,9480800614,821247445,Mysuru,DSP ISD,ISD
AGID0504,DSP ISD,DSP,,,08192-272002,Davanagere,DSP ISD,ISD
AGID1502,DSP Indi,DSP,sdpoindibjp@ksp.gov.in,9480804225,08359-225022,Vijayapura,DSP Indi,L&O
AGID1453,DSP Intelligence,DSP,dspintukwr@ksp.gov.in,9449878618,08382-226570,Uttara Kannada,DSP Intelligence,S INT
AGID1504,DSP Jamakhandi,DSP,sdpojamakhandibgk@ksp.gov.in,9480803922,08353-220033,Bagalkote,DSP Jamakhandi,L&O
AGID1454,DSP KGF,DSP,sdpokgf@ksp.gov.in,9480802720,275284,KGF,DSP KGF,S INT
AGID1459,DSP KLA,DSP,,,08539-220200,Koppal,DSP KLA,KLA
AGID1460,DSP KLA,DSP,,,8232230057,Mandya,DSP KLA,KLA
AGID1457,DSP KLA,DSP,,,08372-220007,Gadag,DSP KLA,KLA
AGID1456,DSP KLA,DSP,,,0836-2793999,Dharwad,DSP KLA,KLA
AGID1455,DSP KLA,DSP,klackm@ksp.gov.in,,8262230179,Chikkamagaluru,DSP KLA,KLA
AGID1458,DSP KLA,DSP,,9364062563,08375-237167,Haveri,DSP KLA,KLA
AGID1508,DSP KLA,DSP,,9480806237,2447651,Hubballi–Dharwad City,DSP KLA,KLA
AGID1461,DSP KLA,DSP,,9480803839,,Raichur,DSP KLA,KLA
AGID1505,DSP Kalaburagi Rural,DSP,sdpouralgha@ksp.gov.in,9480803522,08472-263626,Kalaburagi,DSP Kalaburagi Rural,L&O
AGID1506,DSP Karkala,DSP,sdpokarkalaudp@ksp.gov.in,9480805421,08258-231333,Udupi,DSP Karkala,L&O
AGID1507,DSP Karwar,DSP,sdpokarwarukwr@ksp.gov.in,9480805220,08382-226416,Uttara Kannada,DSP Karwar,L&O
AGID1509,DSP Kolar Sub,DSP,sdpoklr@ksp.gov.in,9480802620,225824,Kolar,DSP Kolar Sub,L&O
AGID1510,DSP Kollegala,DSP,sdpokollegalchn@ksp.gov.in,9480804621,822425284,Chamarajanagara,DSP Kollegala,L&O
AGID1511,DSP Koppa,DSP,sdpokoppackm@ksp.gov.in,9480805121,08265-221285,Chikkamagaluru,DSP Koppa,L&O
AGID1512,DSP Koppal,DSP,sdpokpl@ksp.gov.in,9480803720,,Koppal,DSP Koppal,L&O
AGID1513,DSP Kudligi,DSP,sdpokudligivjn@ksp.gov.in,9480805721,,Vijayanagara,DSP Kudligi,L&O
AGID1514,DSP Kundapura,DSP,sdpokundapurudp@ksp.gov.in,9480805422,08254-232338,Udupi,DSP Kundapura,L&O
AGID1515,DSP Kunigal,DSP,sdpokunigaltkr@ksp.gov.in,9480802922,08132-220294,Tumkur,DSP Kunigal,L&O
AGID1516,DSP Lingasuguru,DSP,sdpolingasugurrrcr@ksp.gov.in,9480803821,,Raichur,DSP Lingasuguru,L&O
AGID1462,DSP Lokayukta,DSP,,,8226226177,Chamarajanagara,DSP Lokayukta,KLA
AGID1517,DSP Lokayuktha,DSP,kla.dsp-ydgr@karnataka.gov.in,9364062589,08473-250077,Yadgiri,DSP Lokayuktha,L&O
AGID1463,DSP Lokayuktha,DSP,lokayukthaukwr@ksp.gov.in,,8382222202,Uttara Kannada,DSP Lokayuktha,KLA
AGID1518,DSP Madhugiri,DSP,sdpomadhugiritkr@ksp.gov.in,9480802924,08137-282378,Tumkur,DSP Madhugiri,L&O
AGID1519,DSP Madikeri,DSP,sdpomdkmer@ksp.gov.in,9480804920,8272228725,Kodagu,DSP Madikeri,L&O
AGID1520,DSP Magadi,DSP,sdpomagadirmn2@ksp.gov.in,9480802866,28434100,Ramanagara,DSP Magadi,L&O
AGID1521,DSP Malavalli,DSP,sdpomalavallimdy@ksp.gov.in,9480804822,8231242211,Mandya,DSP Malavalli,L&O
AGID1522,DSP Mandya,DSP,sdpomdy@ksp.gov.in,9480804820,8232221187,Mandya,DSP Mandya,L&O
AGID1464,DSP Mulbagal,DSP,sdpomulbagalklr@ksp.gov.in,9480802621,08159-242234,Kolar,DSP Mulbagal,L&O
AGID1523,DSP Mysuru Rural,DSP,,9480805045,82124366,Mysuru,DSP Mysuru Rural,L&O
AGID1524,DSP Nagamangala,DSP,sdpenmangalamdy@ksp.gov.in,9480804876,8234285286,Mandya,DSP Nagamangala,L&O
AGID1525,DSP Nanjangudu,DSP,sdponanjangudmys@ksp.gov.in,9480805021,8221226249,Mysuru,DSP Nanjangudu,L&O
AGID1526,DSP Naragund,DSP,sdponaragundgdg@ksp.gov.in,9480804408,08377-245388,Gadag,DSP Naragund,L&O
AGID1527,DSP Nelamangala,DSP,sdponmlbng@ksp.gov.in,9480802422,27722688,Bengaluru,DSP Nelamangala,L&O
AGID1528,DSP Puttur,DSP,sdpoputturmaq@ksp.gov.in,9480805321,08251-230500,Dakshina Kannada,DSP Puttur,L&O
AGID1529,DSP Raichur,DSP,sdprcr@ksp.gov.in,9480803820,08532-235338,Raichur,DSP Raichur,L&O
AGID1531,DSP Ramadurga,DSP,sdporamadurgabgm@ksp.gov.in,9480804127,08335-242232,Belagavi,DSP Ramadurga,L&O
AGID1532,DSP Ramanagara,DSP,sdporamnagarmn2@ksp.gov.in,9480802820,27271878,Ramanagara,DSP Ramanagara,L&O
AGID1533,DSP Ranebennur,DSP,sdporbhvr@ksp.gov.in,9480804521,08373-255311,Haveri,DSP Ranebennur,L&O
AGID1534,DSP S.R.Patna,DSP,sdporpatnamdy@ksp.gov.in,9480804821,8236252016,Mandya,DSP S.R.Patna,L&O
AGID1535,DSP Sakaleshapura,DSP,sdposakaleshapurahsngksp.gov.in,9480804723,8173245505,Hassan,DSP Sakaleshapura,L&O
AGID1536,DSP Shahabad,DSP,sdposhahabadgbagksp.gov.in,9480803525,08474-204438,Kalaburagi,DSP Shahabad,L&O
AGID1465,DSP Shiggoan,DSP,sdposhiggoaonhvr@ksp.gov.in,9480804522,08378-255333,Haveri,DSP Shiggoan,L&O
AGID1537,DSP Shikaripura,DSP,sdposhikaripurashi@ksp.gov.in,9480803323,08187-222442,Shivamogga,DSP Shikaripura,L&O
AGID2649,DSP Shivamogga,DSP,shipsdcre@ksp.gov.in,9480806158,08182-200788,Eastern,PS Shivamogga,DCRE
AGID1538,DSP Shivamogga (A),DSP,sdpeshimogashi@ksp.gov.in,9480803321,08182-261404,Shivamogga,DSP Shivamogga (A),L&O
AGID1539,DSP Shorapur,DSP,sdposhorapurydr@ksp.gov.in,9480803637,08443-256302,Yadgiri,DSP Shorapur,L&O
AGID1540,DSP Sindhanoor,DSP,sdposindhanoorrcr@ksp.gov.in,9480803822,08535-220222,Raichur,DSP Sindhanoor,L&O
AGID1541,DSP Sira,DSP,sdposiratkr@ksp.gov.in,9480802921,08135-275184,Tumkur,DSP Sira,L&O
AGID1542,DSP Sirsi,DSP,sdposirsiukwr@ksp.gov.in,9480805222,08384-226424,Uttara Kannada,DSP Sirsi,L&O
AGID1543,DSP Siruguppa,DSP,,9480803021,,Ballari,DSP Siruguppa,L&O
AGID1544,DSP Somawarpet,DSP,sdpospetmer@ksp.gov.in,9480804921,82762744,Kodagu,DSP Somawarpet,L&O
AGID1466,DSP Tarikere,DSP,sdpotarikereckm@ksp.gov.in,9480805122,08261-222266,Chikkamagaluru,DSP Tarikere,L&O
AGID1545,DSP Tiptur,DSP,sdpotipturtkr@ksp.gov.in,9480802923,08134-251084,Tumkur,DSP Tiptur,L&O
AGID1546,DSP Toranagallu,DSP,sdpotngblr@ksp.gov.in,9480803010,08392-200763,Ballari,DSP Toranagallu,L&O
AGID1547,DSP Tumkur Sub Division,DSP,sdpotkr@ksp.gov.in,9480802920,2272340,Tumkur,DSP Tumkur Sub Division,L&O
AGID1548,DSP Udupi,DSP,sdpoudp@ksp.gov.in,9480805420,0820-2521257,Udupi,DSP Udupi,L&O
AGID1549,DSP Vijayapura,DSP,sdpobijapurbjp@ksp.gov.in,9480804220,,Vijayapura,DSP Vijayapura,L&O
AGID1550,DSP Virajpet,DSP,sdpovpetmer@ksp.gov.in,9480804922,8274257488,Kodagu,DSP Virajpet,L&O
AGID0675,DSP Wireless South Zone,DSP,dspwszmys@ksp.gov.in,9480800912,8212418572,Mysuru,DSP Wireless South Zone,Wireless
AGID1551,DSP Yadgiri,DSP,sdpoyadgirgydr@ksp.gov.in,9480803526,08473-252301,Yadgiri,DSP Yadgiri,L&O
AGID0966,DSP/PI KLA,PI,,,08182-222671,Shivamogga,DSP/PI KLA,KLA
AGID0969,DYSP INT,,,,,Raichur,DYSP INT,Other
AGID0947,Deployment Section,,,,22942865,Bengaluru City,Deployment Section,Minisrial
AGID0948,Deputy Commissioner,,dcukwr@nic.in,,8382226536,Uttara Kannada,Deputy Commissioner,DC
AGID0459,Dir. RFSL,,rfslmaq@ksp.gov.in,8277986369,0824-2220564,Dakshina Kannada,Dir. RFSL,FSL
AGID0949,Dir. Social Welfare Office,,socialwelfareckm@nic.in,,8262220780,Chikkamagaluru,Dir. Social Welfare Office,Other
AGID0462,Dist Health Officer,DHO,,,8156275077,Chikkaballapura,Dist Health Officer,Health
AGID0952,Dist Session Judge,,,,8156270966,Chikkaballapura,Dist Session Judge,Court
AGID0953,Dist Sessions Judge,,,,222091,Kolar,Dist Sessions Judge,Court
AGID0538,Dist. Jail,,,9480806415,27274220,Ramanagara,Dist. Jail,Prison
AGID0536,Dist. Jail,,,9480806515,08392-255025,Ballari,Dist. Jail,Prison
AGID0537,Dist. Jail,,,9480806504,08482-228225,Bidar,Dist. Jail,Prison
AGID0954,Dist. Judge,,distjudgeckm@nic.in,,8262231066,Chikkamagaluru,Dist. Judge,Court
AGID0955,Dist. Judge,,,,08539-221900,Koppal,Dist. Judge,Court
AGID0539,Dist. Prison,,,,08352-272044,Vijayapura,Dist. Prison,Prison
AGID0956,Dist. Public Prosecutor,,,,08482-226183,Bidar,Dist. Public Prosecutor,Court
AGID0957,Dist. Session Court,,,,8172268352,Hassan,Dist. Session Court,Court
AGID0958,Dist. Session Judge,,,,08472-221856,Kalaburagi,Dist. Session Judge,Court
AGID0959,Dist. Social Welfare,,,,08539-220138,Koppal,Dist. Social Welfare,Other
AGID0540,Dist. Sub-Jail,,subjailckm@nic.in,,8262222784,Chikkamagaluru,Dist. Sub-Jail,Prison
AGID0960,Dist. Surgeon,,surgeonckm@nic.in,,8262235213,Chikkamagaluru,Dist. Surgeon,Health
AGID0961,Dist. Surgeon Hospital,PI,,,2420173,Belagavi City,Dist. Surgeon Hospital,Health
AGID0962,Dist. Treasury,,,,0836-2447483,Dharwad,Dist. Treasury,Other
AGID0138,District Disaster Center,,disasterukwr@nic.in,8277888936,08382-221248,Uttara Kannada,District Disaster Center,CEN
AGID0398,District Fire Officer,,,,0816-2272527,Tumkur,District Fire Officer,Fire
AGID0399,District Fire Officer,,dfoukwr@ksfes.gov.in,,8382226364,Uttara Kannada,District Fire Officer,Fire
AGID0397,District Fire Officer,,,,8226222661,Chamarajanagara,District Fire Officer,Fire
AGID0463,District Health Officer,,,,8226222421,Chamarajanagara,District Health Officer,Health
AGID0464,District Health Officer,,dhoukwr@nic.in,,8382226339,Uttara Kannada,District Health Officer,Health
AGID0541,District Prison,,prisonukwr@nic.in,,8382226347,Uttara Kannada,District Prison,Prison
AGID0964,District Session Judge,,,,0816-2275084,Tumkur,District Session Judge,Court
AGID0963,District Session Judge,,,,08192-252562,Davanagere,District Session Judge,Court
AGID0965,District Surgeon,,,,8226222067,Chamarajanagara,District Surgeon,Health
AGID0337,Dog Squad,,ecbng@ksp.gov.in,8277960645,22942198,Bengaluru,Dog Squad,Dog Squad
AGID0338,Dog Squad,,,,2418563,Mysuru City,Dog Squad,Dog Squad
AGID0336,Dog Squad,,,,22943085,Bengaluru City,Dog Squad,Dog Squad
AGID0335,Dog Squad,,,,22943085,Bengaluru City,Dog Squad,Dog Squad
AGID0967,Dy. Commissioner Labour,,,,2428066,Belagavi City,Dy. Commissioner Labour,Other
AGID0968,Dy. Director BIMS,,,,2421464,Belagavi City,Dy. Director BIMS,Other
AGID0970,DySP Airport PS,,airportsecuritymyc@ksp.gov.in,9480800772,,Mysuru City,"DYSP, AIRPORT PS",L&O
AGID2640,DySP Bengaluru Rural,DySP,sscrdcre@ksp.gov.in,9480806127,080-29910723,Central,PS Bengaluru Rural,DCRE
AGID2636,DySP City East,DySP,bngeastpsdcre@ksp.gov.in,9480806121,080-29910753,Bengaluru City,PS City East,DCRE
AGID2637,DySP City West,DySP,bngwestpsdcre@ksp.gov.in,9480806124,080-29910763,Bengaluru City,PS City West,DCRE
AGID2638,DySP HQ PS,DySP,hqpsdcre@ksp.gov.in,9480806114,080-22268001,Bengaluru City,PS DCRE HQ,DCRE
AGID2662,DySP Hassan,DySP,hsnpsdcre@ksp.gov.in,9480806140,08172-200023,Southern,PS Hassan,DCRE
AGID2652,DySP Kalaburagi,DySP,kbcpsdcre@ksp.gov.in,9480806174,08472-255266,Northeastern,PS Kalaburagi,DCRE
AGID2642,DySP Kolar,DySP,klrpsdcre@ksp.gov.in,9480806130,0815-2221647,Central,PS Kolar,DCRE
AGID0373,DySP MESCOM,,mescomvigilance@rediffmail.com,,,Dakshina Kannada,DySP MESCOM,ESCOM
AGID2665,DySP Mysuru,DySP,mycpsdcre@ksp.gov.in,9480806138,0821-2344970,Southern,PS Mysuru,DCRE
AGID2643,DySP Ramanagar,DySP,rmnpsdcre@ksp.gov.in,9480806134,080-29911891,Central,PS Ramanagar,DCRE
AGID2644,DySP Tumkur,DySP,tkrpsdcre@ksp.gov.in,9480806132,0816-2260824,Central,PS Tumkur,DCRE
AGID2659,DySP Vijayapura,DySP,vjppsdcre@ksp.gov.in,9480806156,08352-200150,Northern,PS Vijayapura,DCRE
AGID0370,ERSS,,,,08375-232143,Haveri,ERSS,ERSS
AGID0371,ERSS 112 Raichur,,,9480803870,,Raichur,ERSS 112 Raichur,ERSS
AGID0372,ERSS. 112,,,,8172268422,Hassan,ERSS. 112,ERSS
AGID0971,EST Accounts,,,,22943138,Bengaluru City,EST Accounts,State HQ
AGID2618,EST COP,SS,,,22942834,Bengaluru City,EST COP,State HQ
AGID0391,Excise,,,,08539-222002,Koppal,Excise,Excise
AGID0387,Excise,,,,8226225676,Chamarajanagara,Excise,Excise
AGID0388,Excise,,,,0836-2322066,Dharwad,Excise,Excise
AGID0390,Excise,,,,222115,Kolar,Excise,Excise
AGID0389,Excise,,,,8272229295,Kodagu,Excise,Excise
AGID0394,Excise,,,,08473-296732,Yadgiri,Excise,Excise
AGID0393,Excise,,,,27271059,Ramanagara,Excise,Excise
AGID0386,Excise,,,,08392-256296,Ballari,Excise,Excise
AGID0392,Excise,,,,8232220313,Mandya,Excise,Excise
AGID0460,F.S.L,,,,2220564,Mangaluru City,F.S.L,FSL
AGID0458,FRRO,,,,22218195,Bengaluru City,FRRO,FRRO
AGID0461,FSL,,rfslmys@ksp.gov.in,,821252225,Mysuru,FSL,FSL
AGID0400,Fire Force,,,,8156277052,Chikkaballapura,Fire Force,Fire
AGID0401,Fire Force,,,,8272229299,Kodagu,Fire Force,Fire
AGID0402,Fire Force Officer,,,,243222,Kolar,Fire Force Officer,Fire
AGID0406,Fire Office,,,,0816-2272585,Tumkur,Fire Office,Fire
AGID0403,Fire Office,,,,08354-236101,Bagalkote,Fire Office,Fire
AGID0405,Fire Office,,,,08182-222888,Shivamogga,Fire Office,Fire
AGID0404,Fire Office,,,,08192-258101,Davanagere,Fire Office,Fire
AGID0407,Fire Officer,,,,08472-222188,Kalaburagi,Fire Officer,Fire
AGID0409,Fire Officer,,,,2423333,Mangaluru City,Fire Officer,Fire
AGID0408,Fire Officer,,,,08539-221300,Koppal,Fire Officer,Fire
AGID0410,Fire Officer Belagavi,,dfobgv@gmail.com,,2429441,Belagavi City,Fire Officer Belagavi,Fire
AGID0411,Fire Officer Belagavi,,,,0831-2429441,Belagavi,Fire Officer Belagavi,Fire
AGID0412,Fire Officer Dharwad,,,,2794101,Hubballi–Dharwad City,Fire Officer Dharwad,Fire
AGID0413,Fire Station,,,,0836-2794555,Dharwad,Fire Station,Fire
AGID0416,Fire Station,,,,08352-270160,Vijayapura,Fire Station,Fire
AGID0417,Fire Station,,,,08473-252688,Yadgiri,Fire Station,Fire
AGID0415,Fire Station,,,,29785101,Ramanagara,Fire Station,Fire
AGID0414,Fire Station,,,,08372-237444,Gadag,Fire Station,Fire
AGID0418,Fire Station Bangarpet,,,,257101,KGF,Fire Station Bangarpet,Fire
AGID0419,Fire Station Hassan,,,,8172240777,Hassan,Fire Station Hassan,Fire
AGID0420,Fire Station Haveri,,,,08375-232666,Haveri,Fire Station Haveri,Fire
AGID0421,Fire Station KGF,,,9480823713,266000,KGF,Fire Station KGF,Fire
AGID0374,GESCOM,,,,08392-268632,Ballari,GESCOM,ESCOM
AGID0375,GESCOM Kalaburagi,,,,08472-275923,Kalaburagi,GESCOM Kalaburagi,ESCOM
AGID0974,GPS,,,,22943658,Bengaluru City,GPS,Other
AGID0972,Ganesh Babu N R Legal Advisor,,,8317429087,22942721,Bengaluru City,Ganesh Babu N R Legal Advisor,Court
AGID0973,Gangjam OP,,,,823625214,Mandya,Gangjam OP,L&O
AGID0376,HESCOM,,,,08354-234011,Bagalkote,HESCOM,ESCOM
AGID0985,HP Bagalkote,,,,,Bagalkote,HP Bagalkote,Other
AGID0976,Haliyal PRS,,prshaliyalukwr@ksp.gov.in,,8284220333,Uttara Kannada,Haliyal PRS,PRS
AGID0977,Hidkaldam OP,,,,08333-263069,Belagavi,Hidkaldam OP,L&O
AGID0978,High Court,,,,0836-2485265,Dharwad,High Court,Court
AGID0979,High Court,,,,08472-264102,Kalaburagi,High Court,Court
AGID0980,High Court Dharwad,,,,2486281,Hubballi–Dharwad City,High Court Dharwad,Court
AGID0981,High Way Toll,,,9885420786,,Belagavi City,High Way Toll,Toll
AGID0982,Highway Toll,,,7760990864,,Bengaluru,Highway Toll,Toll
AGID0983,Holealur OP,,,,08381-266133,Gadag,Holealur OP,L&O
AGID0481,Home Guard,,,,08372-220203,Gadag,Home Guard,Home Guard
AGID0486,Home Guard,,,,8232220125,Mandya,Home Guard,Home Guard
AGID0484,Home Guard,,,,243149,Kolar,Home Guard,Home Guard
AGID0477,Home Guard,,,,08392-276421,Ballari,Home Guard,Home Guard
AGID0476,Home Guard,,,,08354-235052,Bagalkote,Home Guard,Home Guard
AGID0489,Home Guard,,homeguardukwr@ksp.gov.in,,8382226361,Uttara Kannada,Home Guard,Home Guard
AGID0487,Home Guard,,,,2220562,Mangaluru City,Home Guard,Home Guard
AGID0478,Home Guard,Cmdt,,,,Chikkaballapura,Home Guard,Home Guard
AGID0490,Home Guard,,,,08352-265829,Vijayapura,Home Guard,Home Guard
AGID0479,Home Guard,,homeguardckm@ksp.gov.in,,8262220379,Chikkamagaluru,Home Guard,Home Guard
AGID0488,Home Guard,,,,,Tumkur,Home Guard,Home Guard
AGID0482,Home Guard,,,,817224069,Hassan,Home Guard,Home Guard
AGID0485,Home Guard,,,,08539-225533,Koppal,Home Guard,Home Guard
AGID0483,Home Guard,,commandant228427@gmail.com,,8272228427,Kodagu,Home Guard,Home Guard
AGID0480,Home Guard,,,,0836-2442496,Dharwad,Home Guard,Home Guard
AGID0491,Homeguard,,,,27272265,Ramanagara,Homeguard,Home Guard
AGID0984,Hospital No.,PI,,9448016964,08482-226211,Bidar,Hospital No.,Other
AGID0986,Human Rights,,,,22392205,Bengaluru City,Human Rights,Other
AGID0987,IB,,,9686004656,,Chamarajanagara,IB,Other
AGID0497,IB Circuit House,,,,8232224503,Mandya,IB Circuit House,Guest House
AGID0495,IB Circuit House,,,,08372-220600,Gadag,IB Circuit House,Guest House
AGID0496,IB Circuit House,,,,08539-230280,Koppal,IB Circuit House,Guest House
AGID0498,IB Guest House,,,,2542217,Mysuru City,IB Guest House,Guest House
AGID1552,IGP Addl. CP Crime,IGP,jtcpcrimebcp@ksp.gov.in,9480801011,22263875,Bengaluru City,IGP Addl. CP Crime,L&O
AGID1553,IGP Addl. CP Intelligence Bengaluru City,IGP,jtcpintbcp@ksp.gov.in,9480801012,22200924,Bengaluru City,IGP Addl. CP Intelligence Bengaluru City,L&O
AGID1554,IGP Addl. CP West,IGP,addlcpwest@ksp.gov.in,9480801002,22200902,Bengaluru City,IGP Addl. CP West,L&O
AGID1555,IGP Ballari Range,IGP,igpblr@ksp.gov.in,9480800034,08392-254900 (CB),Ballari,IGP Ballari Range,L&O
AGID0188,IGP Central Range,IGP,igper@ksp.gov.in,9480800027,22264412,Eastern Range,IGP Central Range,L&O
AGID1556,IGP Eastern Range,IGP,igper@ksp.gov.in,9480800028,08192-237830,Davanagere,IGP Eastern Range,L&O
AGID1557,IGP Northern Range,IGP,igpnr@ksp.gov.in,9480800029,0831-2405200-F,Belagavi,IGP Northern Range,L&O
AGID1559,IGP Office,AAO,,,08392-255900,Ballari,IGP Office,IGP Off
AGID1561,IGP Office,AAO,,,08192-237829,Davanagere,IGP Office,IGP Off
AGID1560,IGP Office,AAO,,,22943053,Bengaluru,IGP Office,IGP Off
AGID1570,IGP Office -BR,SS,,,08392-255400,Ballari,IGP Office -BR,IGP Off
AGID1558,IGP Western Range,IGP,igpwr@ksp.gov.in,9480800032,0824-2220501-F,Mangaluru,IGP Western Range,L&O
AGID0990,INS Kadamba,,inskadamba@nic.in,,8382264016,Uttara Kannada,INS Kadamba,Other
AGID0993,INT,,,9449878691,2225014,Mangaluru City,INT,S INT
AGID0991,INT,,,,08194-231403,Chitradurga,INT,S INT
AGID0992,INT,,Mer.int@ksp.gov.in,,8272228425,Kodagu,INT,S INT
AGID1325,IRB Bn,,,,,IRB -Bn 2 Vijayapura,IRB Bn,IRB
AGID1323,IRB Bn,,,,,IRB -Bn 1 Munirabad,IRB Bn,IRB
AGID1329,IRB Bn,,,,,IRB -Bn 4 KGF,IRB Bn,IRB
AGID1327,IRB Bn,,,,,IRB -Bn 3 Avathi,IRB Bn,IRB
AGID0502,ISD,,,9480800694,8232227777,Mandya,ISD,ISD
AGID0501,ISD,,piisdhsn@ksp.gov.in,,8272228,Kodagu,ISD,ISD
AGID0503,ISD,,,9480800625,2559600,Mangaluru City,ISD,ISD
AGID0500,ISD,,,9480800671,,Haveri,ISD,ISD
AGID0988,Immigration,,,,22943278,Bengaluru City,Immigration,FRRO
AGID0989,Inda Bhavan Munirabad,,,,08539-270235,Koppal,Inda Bhavan Munirabad,Other
AGID0994,Intelligence Bureau Karwar,,ibkarwar@nic.in,,8382226638,Uttara Kannada,Intelligence Bureau Karwar,IB
AGID0531,Jail,,,,2492303,Mangaluru City,Jail,Prison
AGID0527,Jail,,,,08354-235255,Bagalkote,Jail,Prison
AGID0529,Jail,,,,08539-221200,Koppal,Jail,Prison
AGID0528,Jail,,dpmdk.prisons-kar@gov.in,,8272228462,Kodagu,Jail,Prison
AGID0530,Jail,,,,8232220233,Mandya,Jail,Prison
AGID0532,Jailer Sub Jail K.G.F,,,9480806419,274625,KGF,Jailer Sub Jail K.G.F,Prison
AGID0995,K.S.R.T.C Out Post,,,,22943113,Bengaluru City,K.S.R.T.C Out Post,Other
AGID0996,KARP Commdt. MTD COY Mysuru,Cmdt,acpmountedmyp@ksp.gov.in,9480802206,2418154,Mysuru City,KARP Commdt. MTD COY Mysuru,MTD COY
AGID0997,KAS Officers Guest House,,,,22206287,Bengaluru City,KAS Officers Guest House,Guest House
AGID0999,KIMS OP Hubballi,,,,2345354,Hubballi–Dharwad City,KIMS OP Hubballi,L&O
AGID1002,KSP App,,,,22943772,Bengaluru City,KSP App,Others
AGID1309,KSRP Bn,Cmdt,,,,6th Bn – Kalaburagi,KSRP Bn,KSRP
AGID1307,KSRP Bn,Cmdt,,,,5th Bn – Mysuru,KSRP Bn,KSRP
AGID1319,KSRP Bn,Cmdt,,,,11th Bn – Hassan,KSRP Bn,KSRP
AGID1311,KSRP Bn,Cmdt,,,,7th Bn – Mangaluru,KSRP Bn,KSRP
AGID1301,KSRP Bn,Cmdt,,,,2nd Bn – Belagavii,KSRP Bn,KSRP
AGID1317,KSRP Bn,Cmdt,,,,10th Bn – Shiggavi,KSRP Bn,KSRP
AGID1315,KSRP Bn,Cmdt,,,,9th Bn – Bengaluru,KSRP Bn,KSRP
AGID1305,KSRP Bn,Cmdt,,,,4th Bn – Bengaluru,KSRP Bn,KSRP
AGID1321,KSRP Bn,,,,,12th Bn – Tumakuru,KSRP Bn,KSRP
AGID1298,KSRP Bn,Cmdt,,,,1st Bn – Bengaluru,KSRP Bn,KSRP
AGID1303,KSRP Bn,Cmdt,,,,3rd Bn – Bengaluru,KSRP Bn,KSRP
AGID1313,KSRP Bn,Cmdt,,,,8th Bn – Shivamogga,KSRP Bn,KSRP
AGID0998,Kempegowda International Airport (KIAL) OP,,,,22001101,Bengaluru City,Kempegowda International Airport (KIAL) OP,L&O
AGID1001,Konnur OP,,,,08377-266233,Gadag,Konnur OP,L&O
AGID1000,Konnur OP,,,,08332-285493,Belagavi,Konnur OP,L&O
AGID1003,M.G. Govt Hospital,PI,mghospitalckm@nic.in,,8262234876,Chikkamagaluru,M.G. Govt Hospital,Other
AGID0377,MD HESCOM Hubballi,,,,2322771,Hubballi–Dharwad City,MD HESCOM Hubballi,ESCOM
AGID0378,MESCOM,,,,2446732,Mangaluru City,MESCOM,ESCOM
AGID1004,Makkala Sahayavani,,,,22943224,Bengaluru City,Makkala Sahayavani,Other
AGID1005,Market PS,,marketbgm@ksp.gov.in,9480804045,2405242,Belagavi City,MARKET PS,L&O
OFF_HJ6NE2B4I,N/A,PI,,NM,08152-243066,UNKNOWN,PI KOLAR,FPB
OFF_JYCQWQ7WE,N/A,DD,,NM,0824-2220542,UNKNOWN,DY DIR FSL MANGALURU,FSL
OFF_V9FWQHHXD,N/A,PSI,,9480802133,08482-226389,UNKNOWN,PSI Railway Bidar,Railways
OFF_5XAT8PVO5,N/A,,,NM,080-22943379,UNKNOWN,STORE SECTION,FSL
OFF_L9B8FMU0L,N/A,PI,,9480800668,,UNKNOWN,PI WEST DIV BENGALURU,ISD
OFF_EE1ZJID2O,N/A,DIGP,digprly@ksp.gov.in,9480800455,080-22102659,UNKNOWN,DIGP Railways,Railways
OFF_FAK1FQUUY,N/A,PI,,9480800471,08532-25534,UNKNOWN,PI Railway Raichur,Railways
OFF_PI6RSP0MD,N/A,,,NM,0821-2418637,UNKNOWN,KPA New Mess,KPA Mys
OFF_6H4D08M5U,N/A,ASO,,NM,0821-2418636,UNKNOWN,AAO,KPA Mys
OFF_QUSFEEGRO,N/A,PI,,9480800738,,UNKNOWN,PI LOGISTIC,ISD
AGID0426,N/A,ACP,,9480800487,0821-2418336,UNKNOWN,ACP FPB MYSURU CITY,FPB
OFF_HR8PGSEN1,N/A,,,NM,0821-2418630,UNKNOWN,"DD, Prosecutor",KPA Mys
AGID0455,N/A,PI,,9480804210,,UNKNOWN,PI FPB VIJAYAPURA,FPB
OFF_BJQ0LZJN6,N/A,,,NM,0821-2418638,UNKNOWN,KPA Guest House,KPA Mys
OFF_Q7WIZHK6R,N/A,ASO,,NM,0821-2418636,UNKNOWN,AAO,KPA Mys
OFF_QL3P9UJI9,N/A,COMMANDANT,"cmdbtn2ksisf@ksp.gov.in, crksisf2@ksp.gov.in",9480800616,"08182-296211, 08182-291100 (Control Room)",UNKNOWN,COMMANDANT KSISF-II SHIVAMOGGA,ISD
OFF_556OKP9CI,N/A,ACP,,9480800484,0836-2235539,UNKNOWN,ACP FPB DHARWAD,FPB
OFF_WAPU31W2J,N/A,PSI,,9480803810,,UNKNOWN,PSI FPB RAICHUR,FPB
OFF_7HLA5VAV2,N/A,AO,,NM,080-2553740,UNKNOWN,ADMINISTRATIVE OFFICE FSL,FSL
OFF_OVFGOW60H,N/A,,,NM,0821-2418635,UNKNOWN,Library,KPA Mys
OFF_USYZGV1Z8,N/A,,,NM,080-22942843,UNKNOWN,AAO,Railways
OFF_OPH9N7KLZ,N/A,,,NM,08152-243066,UNKNOWN,PI KOLAR,FPB
AGID0327,N/A,PI,,9480802910,0816-22942910,UNKNOWN,PI FPB TUMKUR,FPB
AGID0427,N/A,DSP,,9480800483,08472-22942600,UNKNOWN,DSP FPB NORTH EASTERN RANGE KALABURGI,FPB
OFF_SI0EOPL4U,N/A,PI,,9480803910,,UNKNOWN,PI FPB BAGALKOT,FPB
AGID1530,N/A,DSP,,9480800462,0836-2233510,UNKNOWN,DSP Railway Hubli,Railways
OFF_QU0OV5IK1,N/A,PI,,9480800687,,UNKNOWN,PI NORTH EAST DIV,ISD
OFF_VXYCAZTHE,N/A,PSI,,9480803625,,UNKNOWN,PSI FPB BIDAR,FPB
OFF_C2R314SP0,N/A,,kspdcno@ksp.gov.in,9480800865,080-22943776,UNKNOWN,"Data Centre, Koramangala",SCRB
OFF_R5UXIDJ1E,N/A,PI,,9480800669,,UNKNOWN,PI TECH WING SOCIAL MEDIA,ISD
OFF_S27PNS0E7,N/A,Dept.Commandant,crksisf@ksp.gov.in,9480800647,"080-22942291, 080-22943820, 22943270 (Control Room)",UNKNOWN,DEPUTY COMMANDANT KSISF-I & I/C METRO QRT,ISD
OFF_RYXLO1GDY,N/A,DD,ddkpa@ksp.gov.in,9480800332,0821-2564297,UNKNOWN,"Dy. Director, KPA",KPA Mys
OFF_QHC7IW8IZ,N/A,SS,,NM,080-22943784,UNKNOWN,Section Supdt.,SCRB
OFF_4PVEGJJ7Y,N/A,,,NM,0821-2418638,UNKNOWN,KPA Guest House,KPA Mys
OFF_FNDOSSM8G,N/A,DSP,,9480800627,,UNKNOWN,DSP BENGALURU CENTRAL,ISD
OFF_ZUZP0VEI5,N/A,PSI,,9480805267,08382-226550,UNKNOWN,PSI FPB KARWAR,FPB
OFF_H766TMZCR,N/A,,,NM,080-22871245,UNKNOWN,RP Control Room,Railways
OFF_4UESATAVQ,N/A,JOINT,,NM,080-25527199,UNKNOWN,JOINT DIRECTOR FSL,FSL
OFF_88ABNSE1O,N/A,"SP,",spisdner@ksp.gov.in,9480800611,"08472-262521, 08472-262520",UNKNOWN,"SP, ISD KALABURGI",ISD
OFF_FJV8ZEFYN,N/A,CCT,crcct@ksp.gov.in,9480800672,080-29526151,UNKNOWN,CCT CONTROL ROOM,ISD
OFF_IRIFMAN0X,N/A,"CHC,",,9480806073,,UNKNOWN,"CHC, System Admin",KPA Mys
OFF_WFKYRRGSX,N/A,,,NM,0821-2418637,UNKNOWN,KPA New Mess,KPA Mys
AGID1897,N/A,PI,,9480800470,0824-2220559,UNKNOWN,PI Railway Mangaluru,Railways
OFF_TD0PZOL8L,N/A,PSI,,9480802131,08392-276063,UNKNOWN,PSI Railway Ballari,Railways
OFF_3GXY464AM,N/A,AD,,9480800334,0821-2418629,UNKNOWN,Asst. Director (Works),KPA Mys
OFF_5XRJ495L5,N/A,SP,sprly@ksp.gov.in,9480800458,080-22942351,UNKNOWN,SP Railways,Railways
OFF_31MEGPLZL,N/A,PI,,9480800469,08192-259643,UNKNOWN,PI Railway Davangere,Railways
OFF_VUA3RGEZW,N/A,PI,,9480802105,080-22943176,UNKNOWN,PI Railway RCB BLURU,Railways
OFF_LB3WE7GIM,N/A,,,NM,0821-2418730,UNKNOWN,Hoysala & Nethravathi Guest House,KPA Mys
OFF_Q1AA6OQ0X,N/A,080-22943072,(POLICE IT HELP DESK),NM,080-22943071,UNKNOWN,POLICE IT HELP DESK,SCRB
OFF_VOZJAGDH8,N/A,PSI,,9480805010,,UNKNOWN,PSI FPB MYSURU DIST,FPB
OFF_I58LA16DQ,N/A,,,NM,0820-2526444,UNKNOWN,PI FPB UDUPI,FPB
OFF_042PHP7D9,N/A,,,NM,080-22871245,UNKNOWN,RP Control Room,Railways
OFF_6P4YX3AJP,N/A,,,NM,0820-2526444,UNKNOWN,PI FPB UDUPI,FPB
OFF_AG1RZBWJP,N/A,DSP,,9480800618,,UNKNOWN,DSP ISD SECURITY AUDIT,ISD
OFF_22JZZTS9G,N/A,RP,,NM,080-22871245,UNKNOWN,RP Control Room,Railways
OFF_WY7DCA9Z1,N/A,0821-2520980-P,,NM,0821-2418636,UNKNOWN,AAO,KPA Mys
OFF_PO00E7SWG,N/A,SS,,NM,080-22943784,UNKNOWN,Section Supdt.,SCRB
OFF_3MOLCNLBW,N/A,"SP,",spwrsisd@ksp.gov.in,9480800612,0824-2423600,UNKNOWN,"SP, ISD WESTERN RANGE",ISD
OFF_31K8YNET6,N/A,,crksisf@ksp.gov.in,NM,080-22943270,UNKNOWN,KSISF CONTROL ROOM,ISD
OFF_LJAFIJ1HY,N/A,PI,,NM,0820-2526444,UNKNOWN,PI FPB UDUPI,FPB
OFF_MPCO9Q4HS,N/A,PI,,9480804810,,UNKNOWN,PI FPB MANDYA,FPB
OFF_K37KHUAFK,N/A,AD,,9480800335,0821-2418631,UNKNOWN,Asst. Director (Training),KPA Mys
OFF_WR5737YN5,N/A,,,9480800470,0824-2220559,UNKNOWN,PI Railway Mangaluru,Railways
OFF_3XY2IBH0J,N/A,SP,spadminisd@ksp.gov.in,9480800608,"080-25592737, 080-22943817",UNKNOWN,SP ISD ADMIN,ISD
OFF_UA0OXF1F9,N/A,DSP,,9480800481,080-22208393,UNKNOWN,DSP FPB CENTRAL RANGE BENGALURU,FPB
AGID0457,N/A,PI,,9480804510,,UNKNOWN,PI FPB HAVERI,FPB
OFF_6YHJMKXJ3,N/A,,,NM,0821-2418635,UNKNOWN,Library,KPA Mys
OFF_4BE39DGZN,N/A,,,NM,0821-2418638,UNKNOWN,KPA Guest House,KPA Mys
OFF_TOQ68MP52,N/A,PI,,9480804710,,UNKNOWN,PI FPB HASSAN,FPB
OFF_838P5RWO1,N/A,DGP,dgppcw@ksp.gov.in,9480800427,080-22353871,UNKNOWN,DGP PCW,PCW
OFF_WUUZHL8LP,N/A,DD,,NM,0821-2418630,UNKNOWN,"DD, Prosecutor",KPA Mys
OFF_10YP8U8Y6,N/A,PSI,,9480805110,08262-235608,UNKNOWN,PSI FPB CHIKKAMAGALUR,FPB
OFF_FSCU946VT,N/A,,,NM,080-22871245,UNKNOWN,RP Control Room,Railways
OFF_H3EWEV73J,N/A,PI,,9480800468,0836-2364751,UNKNOWN,PI Railway Hubli,Railways
OFF_0QCS1MJIS,N/A,,,NM,0821-2418630,UNKNOWN,"DD, Prosecutor",KPA Mys
AGID0451,N/A,PI,,9480803310,,UNKNOWN,PI FPB SHIVAMOGGA,FPB
OFF_NFCP1A52N,N/A,,,9480800487,0821-2418336,UNKNOWN,ACP FPB MYSURU CITY,FPB
OFF_9NTBW82IX,N/A,PSI,,9480802119,080-2546081,UNKNOWN,PSI Railway Bayappanahalli,Railways
OFF_K8MWKIUSJ,N/A,PI,,9480802103,08476-202244,UNKNOWN,PI Railway Wadi,Railways
OFF_8CDGW1BVU,N/A,,,NM,0821-2418729,UNKNOWN,Senior Police Officers Hostel (Sangama),KPA Mys
OFF_RMIGSQFPE,N/A,AD,,NM,080-22943150,UNKNOWN,ASST DIR TO PHYSCOLOGY DIVISION,FSL
OFF_0B2SEIQZL,N/A,,,NM,0821-2418630,UNKNOWN,"DD, Prosecutor",KPA Mys
OFF_KFV7QL2GS,N/A,,,NM,080-22942843,UNKNOWN,AAO,Railways
OFF_12WVFOZWF,N/A,"SP,",spbcrersisd@ksp.gov.in,9480800613,"080-22346789, 25596006-F",UNKNOWN,"SP, ISD B�LURU CITY",ISD
OFF_VR6E1QNA6,N/A,080-22943784,,NM,080-22943784,UNKNOWN,Section Supdt.,SCRB
OFF_HXJ1I65O4,N/A,DD,,NM,08192-291593,UNKNOWN,DY DIR FSL DAVANGERE,FSL
OFF_R32YK0U9S,N/A,PSI,,9480802120,08153-255304,UNKNOWN,PSI Railway Banasawadi,Railways
OFF_AZVCBYEI5,N/A,PSI,,9480803710,,UNKNOWN,PSI FPB KOPPAL,FPB
OFF_41T6SC5RU,N/A,AD,,NM,080-22943352,UNKNOWN,ASST DIR BIOLOGY SECTION,FSL
OFF_G70ZTH2FI,N/A,COMMANDANT,cmdbtn1ksisf@ksp.gov.in,9480800610,"080-22942291, 080-22943820, 22943270 (Control Room)",UNKNOWN,COMMANDANT KSISF-I BENGALURU,ISD
OFF_YUWGUFKR0,N/A,DSP,,9480800461,080-22872483,UNKNOWN,DSP Railway SBC BLURU,Railways
OFF_D53DXW4AI,N/A,,,NM,0821-2418637,UNKNOWN,KPA New Mess,KPA Mys
OFF_0EH3I6J3L,N/A,ISD,,9480800688,,UNKNOWN,ISD SYSTEM ADMIN,ISD
OFF_6T7AXY9TK,N/A,PSI,,9480802126,0831-2405273,UNKNOWN,PSI Railway Belagavi,Railways
OFF_KSTGXEIAH,N/A,PI,,9480802102,080-22268591,UNKNOWN,PI Railway Cantonment BLURU,Railways
AGID0342,N/A,PI,,9480802410,080-22942498,UNKNOWN,PI FPB BENGALURU DIST,FPB
OFF_0PAIER5FD,N/A,,,NM,080-22942843,UNKNOWN,AAO,Railways
OFF_JWDZ9MOTD,N/A,AD,,9480800333,0821-2418636,UNKNOWN,Asst. Director (ICTs),KPA Mys
OFF_09YIDRS9E,N/A,,,9480802118,080-23376404,UNKNOWN,Railway Yeshwanthapur,Railways
OFF_G5L5GIGPE,N/A,DSP,,9480800478,080-22943438,UNKNOWN,DSP FPB HQRS MADIWALA B'LURU,FPB
OFF_9LKGEWTKI,N/A,PI,,9480802123,08372-278744,UNKNOWN,PI Railway Gadag,Railways
OFF_KVIA2CHTU,N/A,POLICE,(POLICE IT HELP DESK),NM,080-22943071,UNKNOWN,POLICE IT HELP DESK,SCRB
OFF_HXTG3DZQI,N/A,DIRECTOR,directorfsl@ksp.gov.in,9480800823,080-25532910,UNKNOWN,DIRECTOR FSL,FSL
OFF_LE530L0TR,N/A,PI,,NM,08152-243066,UNKNOWN,PI KOLAR,FPB
OFF_A7TY41X0S,N/A,DSP,,9480800463,08472-263654-F,UNKNOWN,DSP Railway Kalaburagi,Railways
OFF_Z7ZXLEGVU,N/A,DIGP,kparmyc@ksp.gov.in,9480800302,0821-2418627,UNKNOWN,"DIGP & Director, KPA",KPA Mys
OFF_ZQE7JNHYS,N/A,080-22943784,,NM,080-22943784,UNKNOWN,Section Supdt.,SCRB
OFF_1H77VBFAH,N/A,DD,,NM,0821-2418630,UNKNOWN,"DD, Prosecutor",KPA Mys
OFF_FM9YQTZ7R,N/A,DIGP,digpanf@ksp.gov.in,9480800601,08258-233111,UNKNOWN,DIGP & COMMANDER ANF,ISD
OFF_K9MKHBFND,N/A,,,9480800462,0836-2233510,UNKNOWN,DSP Railway Hubli,Railways
OFF_RFCPLW6VX,N/A,,,NM,08152-243066,UNKNOWN,PI KOLAR,FPB
OFF_XTJZQIVII,N/A,PSI,,9480804410,,UNKNOWN,PSI FPB GADAG,FPB
OFF_MH8C7P6V4,N/A,080-22943784,,NM,080-22943784,UNKNOWN,Section Supdt.,SCRB
OFF_T35M7OJ54,N/A,DYSP,dyspscrb@ksp.gov.in,9480800434,080-22353888,UNKNOWN,DYSP SCRB,SCRB
OFF_U2PZD850W,N/A,AD,,9480800488,0821-2418734,UNKNOWN,Asst. Director (Mess & Welfare),KPA Mys
OFF_2MTIJ51JL,N/A,080-22943072,(POLICE IT HELP DESK),NM,080-22943071,UNKNOWN,POLICE IT HELP DESK,SCRB
OFF_GNVKEV89K,N/A,PI,,9480800665,,UNKNOWN,PI TECH WING DOCUMENTATION 2,ISD
OFF_7M1CZTG28,N/A,DSP,,9480800617,,UNKNOWN,DSP ADMIN,ISD
OFF_GCYPR0T7B,N/A,PI,,9480800628,,UNKNOWN,PI MTO ISD,ISD
OFF_RQ8NKJX44,N/A,Railway,dcrly@ksp.gov.in,9480802140,080-22871291,UNKNOWN,Railway C/Room,Railways
OFF_XJH80O5A6,N/A,,,NM,0821-2418637,UNKNOWN,KPA New Mess,KPA Mys
OFF_LH83ILL3Y,N/A,RP,,NM,080-22871245,UNKNOWN,RP Control Room,Railways
OFF_VEC4Y4AYQ,N/A,PI,,9480800736,,UNKNOWN,PI ISD SOUTH EAST DIVISION,ISD
OFF_5B6QAZ7A6,N/A,COMMANDANT,cmdbtn3ksisf@ksp.gov.in,9480800637,"0836-2777790, 0836-2777799 (Control Room)",UNKNOWN,COMMANDANT KSISF-III DHARWAD,ISD
OFF_DBP5BA6FX,N/A,PI,,9480804010,,UNKNOWN,PI FPB BELAGAVI,FPB
OFF_OPWSTHRTQ,N/A,PI,,9480800664,,UNKNOWN,PI ISD DOCUMENTATION,ISD
OFF_GU0BRJTJH,N/A,"DIGP,",digpis@ksp.gov.in,9480800602,"080-22943811, 080-25592733",UNKNOWN,"DIGP, ADMIN, ISD",ISD
OFF_GRL0UDPWH,N/A,PI,,9480803210,,UNKNOWN,PI FPB DAVANAGERE,FPB
AGID0738,N/A,PI,,9480805310,,UNKNOWN,PI FPB MANGALURU DIST,FPB
OFF_VXBJGW60E,N/A,,,NM,0821-2418729,UNKNOWN,Senior Police Officers Hostel (Sangama),KPA Mys
AGID2460,N/A,PSI,,9480802124,08182-222974,UNKNOWN,PSI Railway Shivamogga,Railways
OFF_K3V938QIN,N/A,DSP,,9480800482,08192-272001,UNKNOWN,DSP FPB EASTERN RANGE DAVANAGERE,FPB
OFF_8DF7C45RA,N/A,,,9480800478,080-22943215,UNKNOWN,DSP FPB ADMIN B'LURU,FPB
OFF_863LLHJA2,N/A,,,NM,0821-2418729,UNKNOWN,Senior Police Officers Hostel (Sangama),KPA Mys
OFF_GL7Z2URL4,N/A,,,9480805310,,UNKNOWN,PI FPB MANGALURU DIST,FPB
OFF_RH6K5KETC,N/A,080-22943072,(POLICE IT HELP DESK),NM,080-22943071,UNKNOWN,POLICE IT HELP DESK,SCRB
OFF_D63HOILHB,N/A,SP,fpb@ksp.gov.in,9480800475,080-25634063,UNKNOWN,SP FPB BENGALURU,FPB
OFF_FO2UIFJSZ,N/A,,,9480802410,080-22942498,UNKNOWN,PI FPB BENGALURU DIST,FPB
OFF_OH19WO36M,N/A,,,NM,0820-2526444,UNKNOWN,PI FPB UDUPI,FPB
OFF_3IRZ2K065,N/A,PI,,9480800689,,UNKNOWN,PI TECHNICAL WING DR,ISD
OFF_ZIBG9VQLK,N/A,"ISD,",dircctisd@ksp.gov.in,9480800604,080-29516151,UNKNOWN,"ISD, DIRECTOR",ISD
OFF_IA4D3YBK5,N/A,ANF,,NM,08258-233111-F,UNKNOWN,ANF KARKALA CONTROL ROOM,ISD
AGID0440,N/A,PI,,9480803178,,UNKNOWN,PI FPB CHITRADURGA,FPB
OFF_TEYY4SLTM,N/A,PI,,9480800472,08352-250883,UNKNOWN,PI Railway Vijayapura,Railways
OFF_BJO76QFID,N/A,,,9480803178,,UNKNOWN,PI FPB CHITRADURGA,FPB
OFF_K005Q0B35,N/A,SS,,NM,080-22943356,UNKNOWN,SECTION SUPDT.,FSL
OFF_SWVXKX1YS,N/A,DSP,,9480800623,,UNKNOWN,DSP ISD BENGALURU EAST,ISD
OFF_UJOATDN24,N/A,DSP,,9480800626,,UNKNOWN,DSP BENGALURU WEST,ISD
OFF_XMMC9K6QS,N/A,AD,adindoorkpa@ksp.gov.in,9480800337,0821-2418633,UNKNOWN,Asst. Director (Outdoor),KPA Mys
OFF_GLKJ5WY3M,N/A,,,9480800483,08472-22942600,UNKNOWN,DSP FPB NORTH EASTERN RANGE KALABURGI,FPB
OFF_0XUSLVI3A,N/A,,,NM,0821-2418635,UNKNOWN,Library,KPA Mys
OFF_Q242OXF04,N/A,PI,,9480800706,,UNKNOWN,PI SOUTH DIV BENGALURU,ISD
OFF_XCKTSQYSG,N/A,PI,,9480800467,080-22942334,UNKNOWN,PI Railway SBC BLURU,Railways
OFF_19QV63LAW,N/A,DD,,NM,0821-2522250,UNKNOWN,DY DIR FSL MYSURU,FSL
OFF_Y0I3PZJZ5,N/A,DIGP,digpscrb@ksp.gov.in,9480800430,080-22254790,UNKNOWN,DIGP SCRB,SCRB
OFF_AO4VXV3J3,N/A,,,NM,08152-243066,UNKNOWN,PI KOLAR,FPB
OFF_D7VKUL34Y,N/A,,,9480802124,08182-222974,UNKNOWN,PSI Railway Shivamogga,Railways
OFF_RDZRMANSN,N/A,AAO,,NM,080-25593188,UNKNOWN,AAO ISD,ISD
OFF_Y3KPY0QND,N/A,DD,,NM,080-25634892,UNKNOWN,DY. DIRECTOR DNA CENTRE,FSL
OFF_S85LZ7HWP,N/A,DD,,NM,0831-2405249,UNKNOWN,DY DIR FSL BELAGAVI,FSL
OFF_GPVSO89PX,N/A,PSI,,9480802125,08174-232244,UNKNOWN,PSI Railway Arsikere,Railways
OFF_MPVB85FS9,N/A,PI,,9480803665,,UNKNOWN,PI FPB YADAGIRI,FPB
OFF_1IZST6Q20,N/A,DSP,,9480800620,,UNKNOWN,DSP ISD TECHNICAL,ISD
OFF_N5723SHYQ,N/A,,,9480803310,,UNKNOWN,PI FPB SHIVAMOGGA,FPB
OFF_A20XDR4ZJ,N/A,,,NM,0821-2418730,UNKNOWN,Hoysala & Nethravathi Guest House,KPA Mys
OFF_2JU7X543W,N/A,,,NM,0821-2418729,UNKNOWN,Senior Police Officers Hostel (Sangama),KPA Mys
OFF_9157TO5IU,N/A,PI,,NM,0820-2526444,UNKNOWN,PI FPB UDUPI,FPB
OFF_O86XOTCP5,N/A,,,9480804210,,UNKNOWN,PI FPB VIJAYAPURA,FPB
OFF_A891ZDW94,N/A,,,NM,0821-2418638,UNKNOWN,KPA Guest House,KPA Mys
OFF_2A713UVS4,N/A,"SP,","spcct@ksp.gov.in, crcct@ksp.gov.in",9480800605,"080-25746151, 080-25749147",UNKNOWN,"SP, COMMDT CCT",ISD
OFF_IV05BT66S,N/A,DSP,,9480800480,0831-2405245,UNKNOWN,DSP FPB N. RANGE BELAGAVI,FPB
OFF_M4T9WF9WE,N/A,0821-2520980-P,,NM,0821-2418636,UNKNOWN,AAO,KPA Mys
OFF_QWH5CNFC0,N/A,,,NM,080-22943350,UNKNOWN,QUESTION DOCUMENT DIVISION,FSL
OFF_WRYVV5K49,N/A,,,NM,0821-2418635,UNKNOWN,Library,KPA Mys
OFF_10JXJ672D,N/A,PI,,9480800640,,UNKNOWN,PI TECH WING (CDR),ISD
OFF_QLJT4KVTM,N/A,DD,,9480800638,,UNKNOWN,"DEPUTY DIRECTOR, TRAINING",ISD
AGID0443,N/A,PI,,9480804310,,UNKNOWN,PI FPB DHARWAD,FPB
OFF_C56MMI06S,N/A,,,9480804510,,UNKNOWN,PI FPB HAVERI,FPB
OFF_DXX0TRKVP,N/A,,,9480804310,,UNKNOWN,PI FPB DHARWAD,FPB
OFF_QRQKOS5CB,N/A,,,NM,0821-2418730,UNKNOWN,Hoysala & Nethravathi Guest House,KPA Mys
OFF_IX9DZ95KH,N/A,PI,,9480803510,,UNKNOWN,PI FPB KALABURGI,FPB
OFF_XROUXKVHU,N/A,DD,,NM,08472-226655,UNKNOWN,DY DIR FSL KALABURGI,FSL
OFF_DLE8EDS26,N/A,AAO,,NM,080-22942843,UNKNOWN,AAO,Railways
OFF_0UEC30TOG,N/A,DD,,9480800639,,UNKNOWN,"DEPUTY DIRECTOR, BDDS",ISD
OFF_W7B62DV71,N/A,,,NM,0821-2418729,UNKNOWN,Senior Police Officers Hostel (Sangama),KPA Mys
OFF_5OZGJ0GZX,N/A,PI,,9480800667,,UNKNOWN,PI EAST DIV BENGALURU,ISD
OFF_LQ7RYSYUQ,N/A,PI,,9480800670,,UNKNOWN,PI TECH WING INTERCEPTION,ISD
OFF_4BLSX9UME,N/A,ADGP,adgpis@ksp.gov.in,9480800008,"080-25304575, 080-22943816",UNKNOWN,ADGP ISD,ISD
OFF_YZTHB00FJ,N/A,,,9480800488,0821-2418734,UNKNOWN,Asst. Director (Mess & Welfare),KPA Mys
OFF_VOPDYVOP2,N/A,,,NM,0821-2418730,UNKNOWN,Hoysala & Nethravathi Guest House,KPA Mys
OFF_BOGKCSP19,N/A,,,NM,0821-2418635,UNKNOWN,Library,KPA Mys
OFF_11DE8FWTW,N/A,POLICE,(POLICE IT HELP DESK),NM,080-22943071,UNKNOWN,POLICE IT HELP DESK,SCRB
OFF_K4M4G70NG,N/A,DSP,,9480800619,,UNKNOWN,DSP DOCUMENTATION,ISD
OFF_3VQCAJWXG,N/A,0821-2520980-P,,NM,0821-2418636,UNKNOWN,AAO,KPA Mys
OFF_Q6T35K7LZ,N/A,PI,,9480802104,0821-2516790,UNKNOWN,PI Railway Mysuru,Railways
OFF_4N7ON9T7R,N/A,ISD,,9480800740,"080-25592666, 080-22943801, 25596006-F",UNKNOWN,ISD CONTROL ROOM,ISD
OFF_4TILWMFHU,N/A,AD,,NM,080-22943351,UNKNOWN,ASST DIR PHYSICS SECTION,FSL
OFF_V6HK9YNW9,N/A,,,9480802910,0816-22942910,UNKNOWN,PI FPB TUMKUR,FPB
OFF_AN37HIOR2,N/A,,,NM,0821-2418638,UNKNOWN,KPA Guest House,KPA Mys
OFF_L9JHHV0EG,N/A,ACP,fpubcp@ksp.gov.in,9480800477,080-22942190,UNKNOWN,ACP FPB BENGALURU CITY,FPB
OFF_CIJLK0FG7,N/A,"DD,",,9480800340,,UNKNOWN,"DD, Prosecution",KPA Mys
OFF_B0U1ZOP02,N/A,,,NM,0821-2418730,UNKNOWN,Hoysala & Nethravathi Guest House,KPA Mys
OFF_9JM46OCHM,N/A,PI,,9480800708,,UNKNOWN,PI ISD SMAC,ISD
OFF_HFD5RZ1UB,N/A,"SP,",sphqisd@ksp.gov.in,9480800607,080-22943824,UNKNOWN,"SP, ISD HQ.",ISD
OFF_75QU1HQEE,N/A,,,NM,0821-2418637,UNKNOWN,KPA New Mess,KPA Mys
OFF_XW711VHOO,N/A,AAO,,NM,080-22942843,UNKNOWN,AAO,Railways
AGID1007,NDPS,,,,22943769,Bengaluru City,NDPS,Other
AGID1008,NPCIL Kaiga,PC,npcilkaiga@nic.in,,8382264047,Uttara Kannada,NPCIL Kaiga,Other
AGID1006,Namma 112,,,,22943747,Bengaluru City,Namma 112,Other
AGID1010,OP Dharwad,,,,2233553,Hubballi–Dharwad City,OP Dharwad,L&O
AGID1011,OP Mishrikoti,,,,08370-283633,Dharwad,OP Mishrikoti,L&O
AGID1009,Old Age Helpline Shivamogga,,,,08182-221188,Shivamogga,Old Age Helpline Shivamogga,Other
AGID0308,P.I DCRB,,dcrbkpl@ksp.gov.in,9480803709,,Koppal,P.I DCRB,DCRB
AGID0339,P.I DSB Koppal,,debkpl@ksp.gov.in,9480803707,,Koppal,P.I DSB Koppal,DSB
AGID1571,PI (AD) Intelligence,PI,adintukwr@ksp.gov.in,,8382226570,Uttara Kannada,PI (AD) Intelligence,S INT
AGID1586,PI APMC Navanagar PS,PI,apmenavanagarhde@ksp.gov.in,9480802039,2233492,Hubballi–Dharwad City,APMC NAVANAGAR PS,L&O
AGID1587,PI APMC PS,PI,apmchgm@ksp.gov.in,9480804106,2405250,Belagavi City,APMC PS,L&O
AGID1588,PI APMC Yard Ballari PS,PI,apmcblr@ksp.gov.in,9480803096,08392-250033,Ballari,APMC YARD BALLARI PS,L&O
AGID1575,PI Admin,PI,,9480801092,,Bengaluru City,PI Admin,Admin
AGID1576,PI Adugodi PS,PI,adugodibcp@ksp.gov.in,9480801518,22942573,Bengaluru City,ADUGODI PS,L&O
AGID1577,PI Ajjampura PS,PI,ajjampurackm@ksp.gov.in,9480805164,08261-245133,Chikkamagaluru,AJJAMPURA PS,L&O
AGID2090,PI Allanahalli PS,PI,alanahallimyceiksp.gov.in,9480802257,2418311,Mysuru City,ALLANAHALLI PS,L&O
AGID1578,PI Alland PS,PI,alalndgha@ksp.gov.in,9480803563,08477-202222,Kalaburagi,ALLAND PS,L&O
AGID1579,PI Alur PS,PI,alurhsn@ksp.gov.in,9480804739,8170218231,Hassan,Alur PS,L&O
AGID1580,PI Amruthahalli PS,PI,amruthahallipsbcp@ksp.gov.in,9480801417,22943644,Bengaluru City,AMRUTHAHALLI PS,L&O
AGID1581,PI Anekal PS,PI,anekalbng@ksp.gov.in,9480802435,27859235,Bengaluru,ANEKAL PS,L&O
AGID1582,PI Ankali PS,PI,anklibgm@ksp.gov.in,9480804134,08338-254233,Belagavi,ANKALI PS,L&O
AGID1583,PI Ankola PS,PI,ankolaukwr@ksp.gov.in,9480805267,08388-254812,Uttara Kannada,ANKOLA PS,L&O
AGID1584,PI Annapoorneshwari Nagar PS,PI,apnagarabcp@ksp.gov.in,9480801726,22942513,Bengaluru City,ANNAPOORNESHWARI NAGAR PS,L&O
AGID1585,PI Anugondanahalli PS,PI,anugondanahallibng@ksp.gov.in,9480802464,27945777,Bengaluru,ANUGONDANAHALLI PS,L&O
AGID1589,PI Arasikere Rural PS,PI,arasikereruralhsn@ksp.gov.in,9480804754,8174232237,Hassan,Arasikere Rural PS,L&O
AGID1590,PI Arasikere(T) PS,PI,arasikeretownhsn@ksp.gov.in,9480804738,8174232233,Hassan,Arasikere Town PS,L&O
AGID1591,PI Ashok Nagar PS,PI,ashoknagarhde@ksp.gov.in,9480802038,2233490,Hubballi–Dharwad City,ASHOK NAGAR PS,L&O
AGID1592,PI Ashok Nagar PS,PI,ashoknagarkbe@ksp.gov.in,9480805520,263617,Kalaburagi City,ASHOK NAGAR PS,L&O
AGID2091,PI Ashokapuram PS,PI,ashokpurammyc@ksp.gov.in,9480802244,2418121,Mysuru City,ASHOKAPURAM PS,L&O
AGID1593,PI Ashoknagar PS,PI,anagarbcp@ksp.gov.in,9480801116,22942580,Bengaluru City,ASHOKNAGAR PS,L&O
AGID1594,PI Attibele PS,PI,attibelebng@ksp.gov.in,9480802436,27821360,Bengaluru,ATTIBELE PS,L&O
AGID1595,PI Avalahalli PS,PI,avalahallibng@ksp.gov.in,9480802473,28472500,Bengaluru,AVALAHALLI PS,L&O
AGID1596,PI Azadnagar PS,PI,azadnagardvg@ksp.gov.in,9480803245,08192-259337,Davanagere,AZADNAGAR PS,L&O
AGID0004,PI BDDS,PI,,9113201950,,Bengaluru City,PI BDDS,BDDS
AGID0380,PI BESCOM,PI,,9448094808,27273014,Ramanagara,PI BESCOM,ESCOM
AGID0379,PI BESCOM,PI,,9480800469,,Davanagere,PI BESCOM,ESCOM
AGID0381,PI BESCOM Vigilance,PI,,9480804812,2260050,Tumkur,PI BESCOM Vigilance,ESCOM
AGID1597,PI Badavanahalli PS,PI,badavanahallitkr@ksp.gov.in,9480802982,08137-284901,Tumkur,BADAVANAHALLI PS,L&O
AGID1598,PI Bagalgunte PS,PI,bagalguntepsbcp@ksp.gov.in,9480801547,22942258,Bengaluru City,BAGALGUNTE PS,L&O
AGID2655,PI Bagalkot,PI,bgkpsdcre@ksp.gov.in,9480806150,08354-295768,Northern,PS Bagalkot,DCRE
AGID1600,PI Bagalkote Town PS,PI,bgktownmsp@ksp.gov.in,9480803945,08354-250333,Bagalkote,BAGALKOTE TOWN PS,L&O
AGID1599,PI Bagalkote Town PS,PI,,,,Bagalkote,BAGALKOTE TOWN PS,L&O
AGID1601,PI Bagepalli PS,PI,bpallipscbpura@ksp.gov.in,9480802550,08150-282233,Chikkaballapura,BAGEPALLI PS,L&O
AGID1602,PI Bailahongal PS,PI,bailahongalbgm@ksp.gov.in,9480804037,08288-237060,Belagavi,BAILAHONGAL PS,L&O
AGID1603,PI Bajpe PS,PI,bajemgc@ksp.gov.in,9480802313,2220531,Mangaluru City,BAJPE PS,L&O
AGID2631,PI Ballari,PI,blrpsdcre@ksp.gov.in,9480806180,08392-299038,Ballari,PS Ballari,DCRE
AGID1604,PI Ballari Rural PS,PI,,9480803049,08392-276461,Ballari,BALLARI RURAL PS,L&O
AGID0616,PI Ballari Traffic PS,PI,bellarytrafficblr@ksp.gov.in,9480803048,08392-275722,Ballari,BALLARI TRAFFIC PS,Traffic
AGID1605,PI Banashankari PS,PI,bskbcpbcp@ksp.gov.in,9480801527,22942564,Bengaluru City,BANASHANKARI PS,L&O
AGID1606,PI Banaswadi PS,PI,bwadibcp@ksp.gov.in,9480801222,22942552,Bengaluru City,BANASWADI PS,L&O
AGID1607,PI Bandepalya PS,PI,bandepalyabcp@ksp.gov.in,9480801078,22942236,Bengaluru City,BANDEPALYA PS,L&O
AGID1608,PI Bangarpet PS,PI,bangarpetkgf@ksp.gov.in,9480802751,255402,KGF,BANGARPET PS,L&O
AGID1609,PI Bannerghatta PS,PI,bannerghattabng@ksp.gov.in,9480802449,27828595,Bengaluru,BANNERGHATTA PS,L&O
AGID1610,PI Bannur PS,PI,bannurmys@ksp.gov.in,9480805053,8227275632,Mysuru,Bannur PS,L&O
AGID1611,PI Bantwala (R) PS,PI,cpibantwalamaq@ksp.gov.in,9480805335,08255-235000,Dakshina Kannada,BANTWALA (R) PS,L&O
AGID1612,PI Bantwala (T) PS,PI,bantwalatownmaq@ksp.gov.in,9480805367,08255-232111,Dakshina Kannada,BANTWALA (T) PS,L&O
AGID1613,PI Barke PS,PI,barkemgc@ksp.gov.in,9480805350,2220522,Mangaluru City,BARKE PS,L&O
AGID1614,PI Basavanabagewadi PS,PI,bagewadibjp@ksp.gov.in,9480804261,08358-245333,Vijayapura,BASAVANABAGEWADI PS,L&O
AGID1615,PI Basavanagar PS,PI,basavanagadvg@ksp.gov.in,9480803246,08192-272009,Davanagere,BASAVANAGAR PS,L&O
AGID1616,PI Basavanagudi PS,PI,bgudibcp@ksp.gov.in,9480801516,22942057,Bengaluru City,BASAVANAGUDI PS,L&O
AGID1617,PI Beguru PS,PI,begurbcp@ksp.gov.in,9480801217,22942551,Bengaluru City,BEGURU PS,L&O
AGID2656,PI Belagavi,PI,bgmpsdcre@ksp.gov.in,9480806148,0831-2453802,Northern,PS Belagavi,DCRE
AGID1618,PI Bellanduru PS,PI,bellandurubcp@ksp.gov.in,9480801613,25747771,Bengaluru City,BELLANDURU PS,L&O
AGID1619,PI Belthangadi PS,PI,belthangadimaq@ksp.gov.in,9480805370,08256-232093,Dakshina Kannada,BELTHANGADI PS,L&O
AGID1620,PI Belur PS,PI,belurhsn@ksp.gov.in,9480804782,8177222444,Hassan,Belur PS,L&O
AGID1621,PI Bendigeri PS,PI,bendigerihde@ksp.gov.in,9480802025,2233526,Hubballi–Dharwad City,BENDIGERI PS,L&O
AGID1622,PI Bhadravathi New Town PS,PI,newtownbdvtshi@ksp.gov.in,9480803356,08282-266343,Shivamogga,BHADRAVATHI NEW TOWN PS,L&O
AGID1623,PI Bhadravathi Old Town PS,PI,oldtownbdvtshi@ksp.gov.in,9480803354,08282-266343,Shivamogga,BHADRAVATHI OLD TOWN PS,L&O
AGID1624,PI Bhadravathi Rural PS,PI,cpibdvtruralshi@ksp.gov.in,9480803357,08282-270100,Shivamogga,BHADRAVATHI RURAL PS,L&O
AGID1625,PI Bhagaluru PS,PI,bhagalurpsbcp@ksp.gov.in,9480801418,28469100,Bengaluru City,BHAGALURU PS,L&O
AGID1626,PI Bhalki (T) PS,PI,bhalkitownbdr@ksp.gov.in,9480803463,08484-262323,Bidar,BHALKI (T) PS,L&O
AGID1627,PI Bharamasagara PS,PI,bharamasagaracta@ksp.gov.in,9480803163,08194-258421,Chitradurga,BHARAMASAGARA PS,L&O
AGID1628,PI Bharathinagar PS,PI,bnagarbcp@ksp.gov.in,9480801216,22942547,Bengaluru City,BHARATHINAGAR PS,L&O
AGID1629,PI Bhatkal (R) PS,PI,bhatkalruralukwr@ksp.gov.in,9480805252,08385-227333,Uttara Kannada,BHATKAL (R) PS,L&O
AGID1630,PI Bhatkal (T) PS,PI,bhatkaltownukwr@ksp.gov.in,9480805269,08385-226333,Uttara Kannada,BHATKAL (T) PS,L&O
AGID1631,PI Bidadi PS,PI,bidadirmn@ksp.gov.in,9480802849,27282237,Ramanagara,BIDADI PS,L&O
AGID2651,PI Bidar,PI,bdrpsdcre@ksp.gov.in,9480806178,08482-200988,Northeastern,PS Bidar,DCRE
AGID0266,PI Bidar New Town PS,PI,newtownbdr@ksp.gov.in,9480803446,08482-228256,Bidar,BIDAR NEW TOWN PS,DAR
AGID0267,PI Bidar Rural PS,PI,ruralbdr@ksp.gov.in,9480803449,08482-232811,Bidar,BIDAR RURAL PS,DAR
AGID0268,PI Bidar Traffic PS,PI,pitraffichdr@ksp.gov.in,9480803472,08482-226713,Bidar,BIDAR TRAFFIC PS,DAR
AGID1632,PI Bilagi PS,PI,bilagibgk@ksp.gov.in,9480803963,08425-275233,Bagalkote,BILAGI PS,L&O
AGID1633,PI Bilichodu PS,PI,bilichodudvg@ksp.gov.in,9480803269,08192-248244,Davanagere,BILICHODU PS,L&O
AGID1634,PI Bilikere PS,PI,bilikeremys@ksp.gov.in,9480805057,8222240002,Mysuru,Bilikere PS,L&O
AGID1635,PI Bommanahalli PS,PI,bommanahallibcp@ksp.gov.in,9480801544,22942269,Bengaluru City,BOMMANAHALLI PS,L&O
AGID1636,PI Brahmpur PS,PI,brahmpurkbe@ksp.gov.in,9480805522,263618,Kalaburagi City,BRAHMPUR PS,L&O
AGID1637,PI Brucepet PS,PI,brucepethlr@ksp.gov.in,9480803045,08392-272022,Ballari,BRUCEPET PS,L&O
AGID1638,PI Byappanahalli PS,PI,bpnhallibcp@ksp.gov.in,9480801227,22942545,Bengaluru City,BYAPPANAHALLI PS,L&O
AGID1639,PI Byatarayanapura PS,PI,bypurabcp@ksp.gov.in,9480801721,22942507,Bengaluru City,BYATARAYANAPURA PS,L&O
AGID1640,PI C.R.Patna (R) PS,PI,crpatnaruralhsn@ksp.gov.in,9480804768,8176254933,Hassan,C.R.PATNA (R) PS,L&O
AGID1641,PI C.R.Patna (T) PS,PI,crpatnatownhsn@ksp.gov.in,9480804767,8176252333,Hassan,C.R.PATNA (T) PS,L&O
AGID0122,PI CCB,PI,csbkbc@ksp.gov.in,,,Kalaburagi City,CCB,CCB
AGID0121,PI CCB,PI,csbhdc@ksp.gov.in,9480802041,2233533,Hubballi–Dharwad City,CCB,CCB
AGID0123,PI CCB,PI,cchmge@ksp.gov.in,9480802322,2220818,Mangaluru City,CCB,CCB
AGID0124,PI CCB-1,PI,ccbmyc@ksp.gov.in,9480802266,2418334,Mysuru City,CCB-1,CCB
AGID0125,PI CCB-2,PI,,9480802264,,Mysuru City,CCB-2,CCB
AGID2092,PI CCRB,PI,cerbkbcksp.gov.in,9480805535,258112,Kalaburagi City,PI CCRB,CCRB
AGID2093,PI CCRB,PI,ccrbmyc@ksp.gov.in,9480802253,2418335,Mysuru City,PI CCRB,CCRB
AGID0220,PI CEN PS,PI,cenkwarukwr@ksp.gov.in,9480805207,08382-222522,Uttara Kannada,CEN PS,CEN
AGID0199,PI CEN PS,PI,cenckm@ksp.gov.in,9480805108,08262-295089,Chikkamagaluru,CEN PS,CEN
AGID0189,PI CEN PS,PI,,9480803900,08354-236133,Bagalkote,CEN PS,CEN
AGID0201,PI CEN PS,PI,,9480804309,0836-2444969,Dharwad,CEN PS,CEN
AGID0221,PI CEN PS,PI,,9480804200,08352-240483,Vijayapura,CEN PS,CEN
AGID0209,PI CEN PS,PI,,,8272220652,Kodagu,CEN PS,CEN
AGID0215,PI CEN PS,PI,,9480805008,8212483637,Mysuru,CEN PS,CEN
AGID0216,PI CEN PS,PI,cenpsrcr@ksp.gov.in,9480803812,08532-235377,Raichur,CEN PS,CEN
AGID0195,PI CEN PS,PI,cenpsbng@ksp.gov.in,,22267868,Bengaluru,CEN PS,CEN
AGID0212,PI CEN PS,PI,cenmdy@ksp.gov.in,9480804878,8232295633,Mandya,CEN PS,CEN
AGID0194,PI CEN PS,PI,,9449295763,,Bengaluru City,CEN PS,CEN
AGID0204,PI CEN PS,PI,picenhaveri@ksp.gov.in,8277984221,08375-232770,Haveri,CEN PS,CEN
AGID0203,PI CEN PS,PI,dehhsn@ksp.gov.in,9480804708,8172251666,Hassan,CEN PS,CEN
AGID0202,PI CEN PS,PI,cengdg@ksp.gov.in,9480804445,08372-221845,Gadag,CEN PS,CEN
AGID0211,PI CEN PS,PI,,9480803753,08539-230029,Koppal,CEN PS,CEN
AGID0219,PI CEN PS,PI,cencpsudp@ksp.gov.in,9480805410,0820-2530021,Udupi,CEN PS,CEN
AGID0192,PI CEN PS,PI,,9449295758,22942302,Bengaluru City,CEN PS,CEN
AGID0200,PI CEN PS,PI,,9480803172,08194-221044,Chitradurga,CEN PS,CEN
AGID0207,PI CEN PS,PI,,,,Kalaburagi,CEN PS,CEN
AGID0217,PI CEN PS,PI,,9480803321,08182-261426,Shivamogga,CEN PS,CEN
AGID0190,PI CEN PS,PI,,,0831-2405677,Belagavi,CEN PS,CEN
AGID0222,PI CEN PS,PI,picenyadagiri@ksp.gov.in,9480803664,08473-253778,Yadgiri,CEN PS,CEN
AGID0197,PI CEN PS,PI,,,8226223488,Chamarajanagara,CEN PS,CEN
AGID0213,PI CEN PS,PI,cenmgc@ksp.gov.in,9480802340,0824-2220594,Mangaluru City,CEN PS,CEN
AGID0218,PI CEN PS,PI,picentkr@ksp.gov.in,9480802985,,Tumkur,CEN PS,CEN
AGID0206,PI CEN PS,PI,,,248221,Kalaburagi City,CEN PS,CEN
AGID0191,PI CEN PS,PI,cenpseastbcp@ksp.gov.in,9480801025,22943089,Bengaluru City,CEN PS,CEN
AGID0198,PI CEN PS,PI,,,270916,Chikkaballapura,CEN PS,CEN
AGID0208,PI CEN PS,PI,,9480802708,260500,KGF,CEN PS,CEN
AGID0214,PI CEN PS,PI,citycrimemyc@ksp.gov.in,9480802263,2418598,Mysuru City,CEN PS,CEN
AGID0196,PI CEN PS,PI,cenpsbdr@ksp.gov.in,9480803437,08482-220595,Bidar,CEN PS,CEN
AGID0210,PI CEN PS,PI,,9480802603,220950,Kolar,CEN PS,CEN
AGID0205,PI CEN PS,PI,cybererimehde@ksp.gov.in,9480802042,0836-2233567,Hubballi–Dharwad City,CEN PS,CEN
AGID0193,PI CEN PS,PI,,9480801058,,Bengaluru City,CEN PS,CEN
AGID0223,PI CEN PS,PI,picencentralbcp@ksp.gov.in,9480801103,22942458,Bengaluru City,PI CEN PS,CEN
AGID0224,PI CEN PS Vidyanagara,PI,,,08192-225119,Davanagere,PI CEN PS Vidyanagara,CEN
AGID1643,PI CESCOM Vigilance,PI,,,8226226609,Chamarajanagara,PI CESCOM Vigilance,ESCOM
AGID1644,PI CH-Nagara East PS,PI,eastchn@ksp.gov.in,9480804648,8226222058,Chamarajanagara,CH-NAGARA EAST PS,L&O
AGID1645,PI CH-Nagara Rural PS,PI,ruralchn@ksp.gov.in,9480804646,8226222092,Chamarajanagara,CH-NAGARA RURAL PS,L&O
AGID1646,PI CH-Nagara Town PS,PI,townchn@ksp.gov.in,9480804645,8226222047,Chamarajanagara,CH-NAGARA TOWN PS,L&O
AGID1663,PI CIB,PI,,,,Tumkur,PI CIB,L&O
AGID2096,PI CSB,PI,piesbmyc@ksp.gov.in,9480802254,2418137,Mysuru City,PI CSB,CSB
AGID2094,PI CSB,PI,csbkbc@ksp.gov.in,9480805536,,Kalaburagi City,PI CSB,CSB
AGID2095,PI CSB,PI,cshmge@ksp.gov.in,9480802329,2220807,Mangaluru City,PI CSB,CSB
AGID1668,PI CSP Belekeri,PI,cspbelekeriukwr@ksp.gov.in,9480800585,08388-282243,Uttara Kannada,PI CSP Belekeri,CSP
AGID1669,PI CSP Bhatkal,PI,cspbhatkalukwr@ksp.gov.in,9480800576,08385-222557,Uttara Kannada,PI CSP Bhatkal,CSP
AGID1670,PI CSP Honnavar,PI,csphonnavarukwr@ksp.gov.in,9480800579,08387-221202,Uttara Kannada,PI CSP Honnavar,CSP
AGID1671,PI CSP Karwar,PI,cspkarwarukwr@ksp.gov.in,9480800578,08382-220600,Uttara Kannada,PI CSP Karwar,CSP
AGID1672,PI CSP Kumta,PI,cspkumtaukwr@ksp.gov.in,9480800577,08386-222533,Uttara Kannada,PI CSP Kumta,CSP
AGID2097,PI CSP M'luru,PI,,9480800574,2451303,Mangaluru City,PI CSP M'luru,CSP
AGID1673,PI CSP Mangaluru,PI,cspmaq@ksp.gov.in,9480800574,0824-2451302,Dakshina Kannada,PI CSP Mangaluru,CSP
AGID1642,PI Camp PS,PI,campbgm@ksp.gov.in,9480804054,2405238,Belagavi City,CAMP PS,L&O
AGID1647,PI Challakere PS,PI,chllakerecta@ksp.gov.in,9480803112,08195-250239,Chitradurga,CHALLAKERE PS,L&O
AGID2661,PI Chamarajanagar,PI,chnpsdcre@ksp.gov.in,9480806144,08226-224122,Southern,PS Chamarajanagar,DCRE
AGID1648,PI Chamarajapet PS,PI,cmpetbcp@ksp.gov.in,9480801521,22942575,Bengaluru City,CHAMARAJAPET PS,L&O
AGID1649,PI Chandra Layout PS,PI,chlayoutbcp@ksp.gov.in,9480801722,22942512,Bengaluru City,CHANDRA LAYOUT PS,L&O
AGID1650,PI Channagiri PS,PI,channagiridvg@ksp.gov.in,9480803260,08189-228133,Davanagere,CHANNAGIRI PS,L&O
AGID1651,PI Chennammanakere PS,PI,chkactps@ksp.gov.in,9480801532,22943483,Bengaluru City,CHENNAMMANAKERE PS,L&O
kZXtkVursbQMBZpiAnU6,PI Chennammanakere PS,PI,chkactps@ksp.gov.in,9480801532,08022943483,,,L&O
AGID1652,PI Chennraypatna PS,PI,crpatnabng@ksp.gov.in,9480802459,29562444,Bengaluru,CHENNRAYPATNA PS,L&O
AGID2641,PI Chikkaballapura,PI,cbppsdcre@ksp.gov.in,9480806136,08156-272733,Central,PS Chikkaballapura,DCRE
AGID1653,PI Chikkajala PS,PI,chikkajalapsbcp@ksp.gov.in,9480801419,28467200,Bengaluru City,CHIKKAJALA PS,L&O
AGID1654,PI Chikkamagaluru (R) PS,PI,ruralckm@ksp.gov.in,9480805147,08262-220588,Chikkamagaluru,CHIKKAMAGALURU (R) PS,L&O
AGID1655,PI Chikkamagaluru Town PS,PI,townckm@ksp.gov.in,9480805145,08262-235333,Chikkamagaluru,CHIKKAMAGALURU TOWN PS,L&O
AGID2667,PI Chikmagalur,PI,ckmpsdcre@ksp.gov.in,9480806172,08262-232335,Western,PS Chikmagalur,DCRE
AGID1656,PI Chintamani (R) PS,PI,cmaniruralcbpura@ksp.gov.in,9480802554,08154-252121,Chikkaballapura,CHINTAMANI (R) PS,L&O
AGID1657,PI Chintamani (T) PS,PI,cmanitowncbpura@ksp.gov.in,9480802553,08154-252140,Chikkaballapura,CHINTAMANI (T) PS,L&O
AGID2646,PI Chitradurga,PI,ctapsdcre@ksp.gov.in,9480806160,08194-200719,Eastern,PS Chitradurga,DCRE
AGID1658,PI Chitradurga (R) PS,PI,cpiruralcta@ksp.gov.in,9480803131,08194-230156,Chitradurga,CHITRADURGA (R) PS,L&O
AGID1659,PI Chitradurga (T) PS,PI,towncta@ksp.gov.in,9480803146,08194-222333,Chitradurga,CHITRADURGA (T) PS,L&O
AGID1660,PI Chitradurga Kote PS,PI,kotecta@ksp.gov.in,9480803147,08194-222933,Chitradurga,CHITRADURGA KOTE PS,L&O
AGID1661,PI Chittawadagi PS,PI,chitawadgivjn@ksp.gov.in,9480805733,08394-228543,Vijayanagara,CHITTAWADAGI PS,L&O
AGID1662,PI Chowk PS,PI,chowkkbe@ksp.gov.in,9480805524,263622,Kalaburagi City,CHOWK PS,L&O
AGID1664,PI City Market PS,PI,marketbcp@ksp.gov.in,9480801717,22942506,Bengaluru City,CITY MARKET PS,L&O
AGID1665,PI Commercial Street PS,PI,commercialbcp@ksp.gov.in,9480801218,22942549,Bengaluru City,COMMERCIAL STREET PS,L&O
AGID1666,PI Cottonpet PS,PI,cotpetbcp@ksp.gov.in,9480801719,22942508,Bengaluru City,COTTONPET PS,L&O
AGID1667,PI Cowl Bazar PS,PI,cowlbazarblr@ksp.gov.in,9480803047,08392-240731,Ballari,COWL BAZAR PS,L&O
AGID1569,PI Crime IGP Office,"IGP, PI",,9480802419,22250419,Central Range Bengaluru,PI Crime IGP Office,Admin
AGID1674,PI Cubbon Park PS,PI,cparkbcp@ksp.gov.in,9480801122,22942591,Bengaluru City,CUBBON PARK PS,L&O
AGID1675,PI D.B. Pura Town PS,PI,dbpuratownbng@ksp.gov.in,9480802454,27625601,Bengaluru,D.B. PURA TOWN PS,L&O
AGID1676,PI D.J. Halli PS,PI,djhallibcp@ksp.gov.in,9480801220,22942550,Bengaluru City,D.J. HALLI PS,L&O
AGID1679,PI DCIB,PI,pidcibunithbdrr@ksp.gov.in,9480803408,,Bidar,PI DCIB,DCIB
AGID1686,PI DCIB,PI,pidcibmdy@ksp.gov.in,9480804808,,Mandya,PI DCIB,DCIB
AGID1680,PI DCIB,PI,dcrbchpura@ksp.gov.in,,8156277219,Chikkaballapura,PI DCIB,DCIB
AGID1683,PI DCIB,PI,,,,Gadag,PI DCIB,DCIB
AGID1684,PI DCIB,PI,dcibgha@ksp.gov.in,9480803508,08472-263610,Kalaburagi,PI DCIB,DCIB
AGID1682,PI DCIB,PI,deibdwd@ksp.gov.in,,0836-2444969,Dharwad,PI DCIB,DCIB
AGID1685,PI DCIB,PI,dcibkgf@ksp.gov.in,9480802708,274577,KGF,PI DCIB,DCIB
AGID1687,PI DCIB,PI,dcibukwr@ksp.gov.in,9480805208,08382-226893,Uttara Kannada,PI DCIB,DCIB
AGID1681,PI DCIB,PI,pidcibcta@ksp.gov.in,9480803108,,Chitradurga,PI DCIB,DCIB
AGID0322,PI DCRB,PI,derbmer@ksp.gov.in,,,Kodagu,PI DCRB,DCRB
AGID0321,PI DCRB,PI,dcrbkgf@ksp.gov.in,9480802709,274577,KGF,PI DCRB,DCRB
AGID0319,PI DCRB,PI,dcrbchpura@ksp.gov.in,,8156277216,Chikkaballapura,PI DCRB,DCRB
AGID0323,PI DCRB,PI,dcrbklr@ksp.gov.in,9480802609,243062,Kolar,PI DCRB,DCRB
AGID0320,PI DCRB,PI,,9480803267,08192-230501,Davanagere,PI DCRB,DCRB
AGID0328,PI DCRB,PI,dcrvjn@ksp.gov.in,9480805708,,Vijayanagara,PI DCRB,DCRB
AGID0317,PI DCRB,PI,derbbdr@ksp.gov.in,9480803410,,Bidar,PI DCRB,DCRB
AGID0326,PI DCRB,PI,derbshig@ksp.gov.in,9480803309,08182-261422,Shivamogga,PI DCRB,DCRB
AGID0329,PI DCRB,PI,derbydr@ksp.gov.in,9480803661,08473-253738,Yadgiri,PI DCRB,DCRB
AGID0324,PI DCRB,PI,,,,Raichur,PI DCRB,DCRB
AGID0318,PI DCRB,PI,,,822622217,Chamarajanagara,PI DCRB,DCRB
AGID0325,PI DCRB,PI,dcrbrmn@ksp.gov.in,9480802809,27271103,Ramanagara,PI DCRB,DCRB
AGID0331,PI DCRB CDR Section,PI,derbmdy@ksp.gov.in,9480804809,8232221226,Mandya,PI DCRB CDR Section,DCRB
AGID0330,PI DCRB Hassan,PI,dcbhsn@ksp.gov.in,9480804709,,Hassan,PI DCRB Hassan,DCRB
AGID0362,PI DSB,PI,dsbtkr@ksp.gov.in,9480802909,2271789,Tumkur,PI DSB,DSB
AGID0369,PI DSB,PI,pidsbblr@ksp.gov.in,9480803007,08392-257886,Ballari,PI DSB,DSB
AGID0346,PI DSB,PI,dsbckm@ksp.gov.in,9480805107,08262-235400,Chikkamagaluru,PI DSB,DSB
AGID0360,PI DSB,PI,dsbrmn@ksp.gov.in,9480802807,27271102,Ramanagara,PI DSB,DSB
AGID0356,PI DSB,PI,dsbklr@ksp.gov.in,9480802608,243444,Kolar,PI DSB,DSB
AGID0357,PI DSB,PI,dsbmdy@ksp.gov.in,9480804807,8232224242,Mandya,PI DSB,DSB
AGID0348,PI DSB,PI,dsbmaq@ksp.gov.in,9480805307,0824-2443868,Dakshina Kannada,PI DSB,DSB
AGID0340,PI DSB,PI,dsbbgk@ksp.gov.in,9480803907,08354-235076,Bagalkote,PI DSB,DSB
AGID0352,PI DSB,PI,dsbhvr@ksp.gov.in,9480804507,08375-233120,Haveri,PI DSB,DSB
AGID0364,PI DSB,PI,dsbukwr@ksp.gov.in,9480805207,08382-220754,Uttara Kannada,PI DSB,DSB
AGID0354,PI DSB,PI,dsbkgf@ksp.gov.in,9480802707,274292,KGF,PI DSB,DSB
AGID0366,PI DSB,PI,pidsbbjp@ksp.gov.in,9480804224,08352-250022/240808,Vijayapura,PI DSB,DSB
AGID0359,PI DSB,PI,,,,Raichur,PI DSB,DSB
AGID0358,PI DSB,PI,pidsbmys@ksp.gov.in,9480805007,821252971,Mysuru,PI DSB,DSB
AGID0347,PI DSB,PI,,9480803107,08194-224728,Chitradurga,PI DSB,DSB
AGID0341,PI DSB,PI,,9480804130,0831-2405225,Belagavi,PI DSB,DSB
AGID0361,PI DSB,PI,dsbshig@ksp.gov.in,9480803307,08182-261436,Shivamogga,PI DSB,DSB
AGID0365,PI DSB,PI,dsvjn@ksp.gov.in,9480805709,,Vijayanagara,PI DSB,DSB
AGID0344,PI DSB,PI,dsbchn@ksp.gov.in,9480804607,8226222908,Chamarajanagara,PI DSB,DSB
AGID0353,PI DSB,PI,dshgha@ksp.gov.in,9480803507,08472-263610,Kalaburagi,PI DSB,DSB
AGID0351,PI DSB,PI,dsbgdg@ksp.gov.in,9480804407,08372-220117,Gadag,PI DSB,DSB
AGID0343,PI DSB,PI,dsbbdr@ksp.gov.in,9480803407,08482-227231,Bidar,PI DSB,DSB
AGID0363,PI DSB,PI,dsbudp@ksp.gov.in,9480805467,0820-2524366,Udupi,PI DSB,DSB
AGID0367,PI DSB,PI,dsbydr@ksp.gov.in,9480803660,08473-253737,Yadgiri,PI DSB,DSB
AGID0349,PI DSB,PI,,9480803265,08192-272004,Davanagere,PI DSB,DSB
AGID0355,PI DSB,PI,dsbmer@ksp.gov.in,9480804907,8272223056,Kodagu,PI DSB,DSB
AGID0345,PI DSB,PI,dsbchpura@ksp.gov.in,,8156277215,Chikkaballapura,PI DSB,DSB
AGID0350,PI DSB,PI,dsbdwd@ksp.gov.in,8277968303,0836-2233207,Dharwad,PI DSB,DSB
AGID0368,PI DSB Hassan,PI,dsbhsn@ksp.gov.in,9480804707,,Hassan,PI DSB Hassan,DSB
AGID2668,PI Dakshina Kannada,PI,dkpsdcre@ksp.gov.in,9480806166,0824-2003544,Western,PS Dakshina Kannada,DCRE
AGID2647,PI Davanagere,PI,dvgpsdcre@ksp.gov.in,9480806162,08192-259575,Eastern,PS Davanagere,DCRE
AGID1677,PI Davanagere Extension PS,PI,extnddyg@ksp.gov.in,9480803249,08192-272012,Davanagere,DAVANAGERE EXTENSION PS,L&O
AGID1678,PI Davanagere Rural PS,PI,ruraldvg@ksp.gov.in,9480803256,08192-262555,Davanagere,DAVANAGERE RURAL PS,L&O
AGID1688,PI Devadurga PS,PI,deodurgarcr@ksp.gov.in,9480803858,08531-260333,Raichur,DEVADURGA PS,L&O
AGID1689,PI Devanahalli PS,PI,devanahallipsbcp@ksp.gov.in,9480801420,27680333,Bengaluru City,DEVANAHALLI PS,L&O
AGID2098,PI Devaraja PS,PI,devarajamyceiksp.gov.in,9480802231,2418106,Mysuru City,DEVARAJA PS,L&O
AGID0634,PI Devaraja Traffic PS,PI,devarajatrafficmyc@ksp.gov.in,9480802248,2418326,Mysuru City,DEVARAJA TRAFFIC PS,Traffic
AGID2657,PI Dharwad,PI,dwdpsdcre@ksp.gov.in,9480806152,0836-2445580,Northern,PS Dharwad,DCRE
AGID1690,PI Dharwad Rural PS,PI,dharwadruraldwd@ksp.gov.in,9480804345,0836-2233215,Dharwad,DHARWAD RURAL PS,L&O
AGID1691,PI Dobbospet PS,PI,dobbaspethbng@ksp.gov.in,9480802462,27734231,Bengaluru,DOBBOSPET PS,L&O
AGID1692,PI Dodda Belavangala PS,PI,dbvangalabng@ksp.gov.in,9480802455,27655241,Bengaluru,DODDA BELAVANGALA PS,L&O
AGID1693,PI Doddaballapur (R) PS,PI,bdpuraruralbng@ksp.gov.in,9480802453,27622025,Bengaluru,DODDABALLAPUR (R) PS,L&O
AGID1694,PI Doddapete PS,PI,doddapeteshi@ksp.gov.in,9480803330,08182-261415,Shivamogga,DODDAPETE PS,L&O
AGID1695,PI Electronic City PS,PI,electroniccitybcp@ksp.gov.in,9480801623,22943469,Bengaluru City,ELECTRONIC CITY PS,L&O
AGID0396,PI Excise,PI,exciseudp@nic.in,,8202532732,Udupi,PI Excise,Excise
AGID0442,PI FPB,PI,,9480803268,08192-272005,Davanagere,PI FPB,FPB
AGID0453,PI FPB,PI,fpvjn@ksp.gov.in,9480805711,,Vijayanagara,PI FPB,FPB
AGID0439,PI FPB,PI,,9480804610,,Chamarajanagara,PI FPB,FPB
AGID0456,PI FPB,PI,fcukbc@ksp.gov.in,,,Kalaburagi City,PI FPB,FPB
AGID0447,PI FPB,PI,fpkpl@ksp.gov.in,9480803710,,Koppal,PI FPB,FPB
AGID0446,PI FPB,PI,fpbklr@ksp.gov.in,9480802637,,Kolar,PI FPB,FPB
AGID0449,PI FPB,PI,fpbmyc@ksp.gov.in,9480805010,,Mysuru,PI FPB,FPB
AGID0438,PI FPB,PI,fpubdr@ksp.gov.in,9480806025,,Bidar,PI FPB,FPB
AGID0436,PI FPB,PI,,9480804010,,Belagavi,PI FPB,FPB
AGID0437,PI FPB,PI,fpbhng@ksp.gov.in,9480802438,22942198,Bengaluru,PI FPB,FPB
AGID0445,PI FPB,PI,fpugba@ksp.gov.in,9480803510,,Kalaburagi,PI FPB,FPB
AGID0444,PI FPB,PI,fpugdg@ksp.gov.in,9480804410,08372-233260,Gadag,PI FPB,FPB
AGID0441,PI FPB,PI,fpbmaq@ksp.gov.in,9448998729,0824-2482800,Dakshina Kannada,PI FPB,FPB
AGID0448,PI FPB,PI,,9480804810,,Mandya,PI FPB,FPB
AGID0435,PI FPB,PI,fpubgk@ksp.gov.in,,,Bagalkote,PI FPB,FPB
AGID0450,PI FPB,PI,,,,Raichur,PI FPB,FPB
AGID0452,PI FPB,PI,fpbtkr@ksp.gov.in,9480802983,,Tumkur,PI FPB,FPB
AGID0454,PI FPB Hassan,PI,,9480804785,,Hassan,PI FPB Hassan,FPB
AGID1696,PI Farahatabad PS,PI,farthabadkbe@ksp.gov.in,9480805529,213033,Kalaburagi City,FARAHATABAD PS,L&O
AGID1697,PI Field-1,PI,,9480801062,,Bengaluru City,PI Field-1,L&O
AGID1698,PI Field-2,PI,,9113202098,22942192,Bengaluru City,PI Field-2,L&O
AGID1699,PI Field-3,PI,,9480801083,,Bengaluru City,PI Field-3,L&O
AGID0384,PI GESCOM,PI,,,08473-250630,Yadgiri,PI GESCOM,ESCOM
AGID0382,PI GESCOM,PI,,,08392-258753,Ballari,PI GESCOM,ESCOM
AGID0383,PI GESCOM,PI,,,,Raichur,PI GESCOM,ESCOM
AGID2658,PI Gadag,PI,gdgpsdcre@ksp.gov.in,9480806154,08372-200223,Northern,PS Gadag,DCRE
AGID1700,PI Gadag Rural PS,PI,cpiruralgdg@ksp.gov.in,9480804431,08372-278703,Gadag,GADAG RURAL PS,L&O
AGID1701,PI Gadag Town PS,PI,towngdg@ksp.gov.in,9480804430,08372-235233,Gadag,GADAG TOWN PS,L&O
AGID1702,PI Gandhi Chowk PS,PI,gandhichowkbjp@ksp.gov.in,9480804200,,Vijayapura,GANDHI CHOWK PS,L&O
AGID1703,PI Gandhi Gunj PS,PI,gandhigunjbdr@ksp.gov.in,9480803448,08482-226233,Bidar,GANDHI GUNJ PS,L&O
AGID1704,PI Gandhinagar PS,PI,gandhinagarblr@ksp.gov.in,9480803046,08392-272192,Ballari,GANDHINAGAR PS,L&O
AGID1705,PI Gangammanagudi PS,PI,gggudibcp@ksp.gov.in,9480801326,22942530,Bengaluru City,GANGAMMANAGUDI PS,L&O
AGID1706,PI Gangavati Rural PS,PI,gvtruralkpl@ksp.gov.in,9480803730,08533-230854,Koppal,GANGAVATI RURAL PS,L&O
AGID1707,PI Gangavati Town PS,PI,gvttownkpl@ksp.gov.in,9480803752,08533-230633,Koppal,GANGAVATI TOWN PS,L&O
AGID1708,PI Ghantikeri PS,PI,ghantikerihde@ksp.gov.in,9480802022,2233527,Hubballi–Dharwad City,GHANTIKERI PS,L&O
AGID1709,PI Ghataprabha PS,PI,ghataprabhabgm@ksp.gov.in,9480804070,08332-286233,Belagavi,GHATAPRABHA PS,L&O
AGID1710,PI Girinagar PS,PI,gnagarbcp@ksp.gov.in,9480801528,22942577,Bengaluru City,GIRINAGAR PS,L&O
AGID1711,PI Gokarna PS,PI,gokarnaukwr@ksp.gov.in,9480805251,08386-256133,Uttara Kannada,GOKARNA PS,L&O
AGID1712,PI Gokul Road PS,PI,gokulroadhde@ksp.gov.in,9480802047,2233552,Hubballi–Dharwad City,GOKUL ROAD PS,L&O
AGID1713,PI Govindapura PS,PI,govindpurabcp@ksp.gov.in,9480801024,22943305,Bengaluru City,GOVINDAPURA PS,L&O
AGID1714,PI Gundlupete PS,PI,gundlupetehn@ksp.gov.in,9480804651,8229222228,Chamarajanagara,Gundlupete PS,L&O
AGID1715,PI Gurmitkal,PI,cpigurmitkalydr@ksp.gov.in,9480803543,08473-225153,Yadgiri,PI Gurmitkal,L&O
AGID1716,PI H.A.L PS,PI,halbcp@ksp.gov.in,9480801616,22942542,Bengaluru City,H.A.L PS,L&O
AGID1717,PI H.D. Kote PS,PI,hdkotemys@ksp.gov.in,9480805063,8228255329,Mysuru,H.D. Kote PS,L&O
AGID1718,PI H.S.R Layout PS,PI,hsrlayoutbcp@ksp.gov.in,9480801626,22943467,Bengaluru City,H.S.R LAYOUT PS,L&O
AGID1719,PI Halasoor Gate PS,PI,hgatebcp@ksp.gov.in,9480801115,22942075,Bengaluru City,HALASOOR GATE PS,L&O
AGID1720,PI Halasoor PS,PI,halsoorbcp@ksp.gov.in,9480801226,22942540,Bengaluru City,HALASOOR PS,L&O
AGID1721,PI Hanumanthanagara PS,PI,hnagarbcp@ksp.gov.in,9480801524,22942576,Bengaluru City,HANUMANTHANAGARA PS,L&O
AGID1722,PI Hanuru PS,PI,hanurchn@ksp.gov.in,9480804656,8224268803,Chamarajanagara,Hanuru PS,L&O
AGID1723,PI Harihara Town PS,PI,hariharatowndvg@ksp.gov.in,9480803257,08192-272016,Davanagere,HARIHARA TOWN PS,L&O
AGID1724,PI Hassan (R) PS,PI,ruralhsn@ksp.gov.in,9480804746,817226893,Hassan,HASSAN (R) PS,L&O
AGID1725,PI Hassan City PS,PI,townhsn@ksp.gov.in,9480804745,8172268333,Hassan,HASSAN CITY PS,L&O
AGID1726,PI Hassan Extension PS,PI,extensionhsn@ksp.gov.in,9480804730,8172268967,Hassan,HASSAN EXTENSION PS,L&O
AGID0617,PI Hassan Traffic PS,PI,traffichsn@ksp.gov.in,9480804749,8172272846,Hassan,Hassan Traffic PS,Traffic
AGID2648,PI Haveri,PI,hvrpsdcre@ksp.gov.in,9480806164,08375-200867,Eastern,PS Haveri,DCRE
AGID1727,PI Haveri Town PS,PI,haveritownhvr@ksp.gov.in,9480804545,08375-232333,Haveri,HAVERI TOWN PS,L&O
AGID1728,PI Hebbagodi PS,PI,hebbagodibng@ksp.gov.in,9480802451,27832922,Bengaluru,HEBBAGODI PS,L&O
AGID1729,PI Hebbala PS,PI,hebbalbcp@ksp.gov.in,9480801331,22942535,Bengaluru City,HEBBALA PS,L&O
AGID2099,PI Hebbala PS,PI,hebbalmyceiksp.gov.in,9480802260,2418318,Mysuru City,HEBBALA PS,L&O
AGID1730,PI Hennuru PS,PI,hennurbcp@ksp.gov.in,9480801225,22942557,Bengaluru City,HENNURU PS,L&O
AGID1731,PI High Court Security,PI,,,22943282,Bengaluru City,PI High Court Security,L&O
AGID1732,PI High Court Vigilance,PI,,9448589038,,Bengaluru City,PI High Court Vigilance,L&O
AGID1733,PI High Ground PS,PI,hgroundbcp@ksp.gov.in,9480801126,22942587,Bengaluru City,HIGH GROUND PS,L&O
AGID1734,PI Hirebagewadi PS,PI,hirebagewadibgm@ksp.gov.in,9480804058,2405240,Belagavi City,HIREBAGEWADI PS,L&O
AGID1735,PI Hiriyur (T) PS,PI,hiriyurcta@ksp.gov.in,9480803153,08193-263444,Chitradurga,HIRIYUR (T) PS,L&O
AGID1736,PI Hiriyur Rural PS,PI,hiriyurruralcta@ksp.gov.in,9480803115,08193-263555,Chitradurga,HIRIYUR RURAL PS,L&O
AGID1737,PI Holehonnur PS,PI,holehonnurshi@ksp.gov.in,9480803359,08282-235494,Shivamogga,HOLEHONNUR PS,L&O
AGID1738,PI Honnalli PS,PI,hannallidvg@ksp.gov.in,9480803261,,Davanagere,HONNALLI PS,L&O
AGID1739,PI Hosadurga PS,PI,cpihsdcta@ksp.gov.in,9480803134,08199-230217,Chitradurga,HOSADURGA PS,L&O
AGID1740,PI Hosahalli PS,PI,hosahallybng@ksp.gov.in,9480802456,27656008,Bengaluru,HOSAHALLI PS,L&O
AGID1741,PI Hosakote PS,PI,hosakotebng@ksp.gov.in,9480802432,27931570,Bengaluru,HOSAKOTE PS,L&O
AGID0618,PI Hosakote Traffic PS,PI,hosakotetrfbng@ksp.gov.in,9480802445,27931199,Bengaluru,HOSAKOTE TRAFFIC PS,Traffic
AGID1742,PI Hosamane PS,PI,hosamaneshi@ksp.gov.in,9480803312,08282-266022,Shivamogga,HOSAMANE PS,L&O
AGID1743,PI Hospet Rural PS,PI,hospetruralvjn@ksp.gov.in,9480805746,08394-228233,Vijayanagara,HOSPET RURAL PS,L&O
AGID1744,PI Hospet Town PS,PI,hospettownvjn@ksp.gov.in,9480805745,08394-224033,Vijayanagara,HOSPET TOWN PS,L&O
AGID0619,PI Hospet Traffic PS,PI,hospettrafficvjn@ksp.gov.in,9480805756,08394-230255,Vijayanagara,HOSPET TRAFFIC PS,Traffic
AGID1745,PI Hubballi Rural PS,PI,hubliruraldwd@ksp.gov.in,9480804350,0836-2233218,Dharwad,HUBBALLI RURAL PS,L&O
AGID1746,PI Hukkeri PS,PI,cpihukkeribgm@ksp.gov.in,9480804036,08333-265133,Belagavi,HUKKERI PS,L&O
AGID1747,PI Hulimavu PS,PI,hulimavubcp@ksp.gov.in,9480801622,22943470,Bengaluru City,HULIMAVU PS,L&O
AGID1748,PI Hunsur Rural PS,PI,hunsururalmys@ksp.gov.in,9480805056,8222252042,Mysuru,Hunsur Rural PS,L&O
AGID1749,PI Hunsur Town PS,PI,hunsurtownmys@ksp.gov.in,9480805034,8222252133,Mysuru,Hunsur Town PS,L&O
AGID1750,PI Hutti PS,PI,huttircr@ksp.gov.in,9480803855,08537-275033,Raichur,HUTTI PS,L&O
AGID1753,PI INT,PI,,,08392-277974,Ballari,PI INT,S INT
AGID1754,PI INT,PI,,,08192-272005,Davanagere,PI INT,S INT
AGID1756,PI INT,PI,,,8232224728,Mandya,PI INT,S INT
AGID1758,PI INT,PI,,9449878626,08182-227273,Shivamogga,PI INT,S INT
AGID1755,PI INT,PI,,9449878613,08372-245044,Gadag,PI INT,S INT
AGID1759,PI INT,PI,piintudp@ksp.gov.in,9449878629,0820-2521278,Udupi,PI INT,S INT
AGID1757,PI INT,PI,,9449878600,27271807,Ramanagara,PI INT,S INT
AGID1760,PI INT,PI,,9449878615,08473-252266,Yadgiri,PI INT,S INT
AGID1761,PI INT DWD,PI,,9449878612,0836-2271302,Dharwad,PI INT DWD,S INT
AGID1762,PI INT Koppal,PI,,,08539-222133,Koppal,PI INT Koppal,S INT
AGID0520,PI ISD,PI,,,,Raichur,PI ISD,ISD
AGID0523,PI ISD,PI,isdukwr@ksp.gov.in,9480800709,-,Uttara Kannada,PI ISD,ISD
AGID0526,PI ISD,PI,,9480800691,,Mysuru City,PI ISD,ISD
AGID0512,PI ISD,PI,isdckm@ksp.gov.in,9480800705,-,Chikkamagaluru,PI ISD,ISD
AGID0513,PI ISD,PI,,9480800662,,Davanagere,PI ISD,ISD
AGID0517,PI ISD,PI,,9480800699,,Kolar,PI ISD,ISD
AGID0525,PI ISD,PI,,9480800693,,Mangaluru City,PI ISD,ISD
AGID0522,PI ISD,PI,piisdudp@ksp.gov.in,9480800697,-,Udupi,PI ISD,ISD
AGID0519,PI ISD,PI,,9480800691,821247445,Mysuru,PI ISD,ISD
AGID0518,PI ISD,PI,,9480800694,,Mandya,PI ISD,ISD
AGID0511,PI ISD,PI,,9480800692,,Chamarajanagara,PI ISD,ISD
AGID0515,PI ISD,PI,,9480800696,,Hubballi–Dharwad City,PI ISD,ISD
AGID0521,PI ISD,PI,,9480802984,,Tumkur,PI ISD,ISD
AGID0516,PI ISD,PI,,9480800663,,Kalaburagi,PI ISD,ISD
AGID0514,PI ISD,PI,,9480800686,,Hassan,PI ISD,ISD
AGID0524,PI ISD,PI,,9480800095,,Ballari,PI ISD,ISD
AGID0510,PI ISD,PI,,9480800695,,Ballari,PI ISD,ISD
AGID2100,PI Immigration Airport,PI,,,2220534,Mangaluru City,PI Immigration Airport,L&O
AGID1751,PI Indi (T) PS,PI,inditownbjp@ksp.gov.in,,08359-225333,Vijayapura,INDI (T) PS,L&O
AGID1752,PI Indiranagar PS,PI,inagarbcp@ksp.gov.in,9480801228,22942541,Bengaluru City,INDIRANAGAR PS,L&O
AGID1763,PI J.B. Nagar PS,PI,jbnagarbcp@ksp.gov.in,9480801229,22942543,Bengaluru City,J.B. NAGAR PS,L&O
AGID1764,PI J.C. Nagar PS,PI,jcngarbcp@ksp.gov.in,9480801329,22942534,Bengaluru City,J.C. NAGAR PS,L&O
AGID1765,PI J.J. Nagar PS,PI,jjnagarbcp@ksp.gov.in,9480801720,22942509,Bengaluru City,J.J. NAGAR PS,L&O
AGID1766,PI J.P. Nagar PS,PI,jpnagarbcp@ksp.gov.in,9480801517,22942563,Bengaluru City,J.P. NAGAR PS,L&O
AGID1767,PI Jagalur PS,PI,jlrdvg@ksp.gov.in,9480803270,08196-227329,Davanagere,JAGALUR PS,L&O
AGID1768,PI Jalahalli PS,PI,jhallibcp@ksp.gov.in,9480801323,22942527,Bengaluru City,JALAHALLI PS,L&O
AGID2101,PI Jayalakshmipuram PS,PI,jailaxmipurammyceiksp.gov.in,9480802240,2418316,Mysuru City,JAYALAKSHMIPURAM PS,L&O
AGID1769,PI Jayanagar PS,PI,pijnagarbcp@ksp.gov.in,9480801515,22942562,Bengaluru City,JAYANAGAR PS,L&O
AGID1770,PI Jayanagara PS,PI,jayanagarashi@ksp.gov.in,9480803348,08182-261416,Shivamogga,JAYANAGARA PS,L&O
AGID1771,PI Jigani PS,PI,jiganibng@ksp.gov.in,9480802476,27825108,Bengaluru,JIGANI PS,L&O
AGID1772,PI Jnanabharathi PS,PI,jnbharathibcp@ksp.gov.in,9480801730,22942516,Bengaluru City,JNANABHARATHI PS,L&O
AGID1773,PI K.G. Halli PS,PI,kghallibcp@ksp.gov.in,9480801223,22942556,Bengaluru City,K.G. HALLI PS,L&O
AGID1774,PI K.M.Doddi,PI,cpikmdoddimdy@ksp.gov.in,9480804835,8232245132,Mandya,K.M.Doddi PS,L&O
AGID1775,PI K.R. Nagar PS,PI,krnagarmys@ksp.gov.in,9480805050,8212418714,Mysuru,K.R. Nagar PS,L&O
AGID2102,PI K.R. PS,PI,krishnarajamyc@ksp.gov.in,9480802242,2418319,Mysuru City,K.R. PS,L&O
AGID1776,PI K.R. Puram PS,PI,krpurambcp@ksp.gov.in,9480801221,22942553,Bengaluru City,K.R. PURAM PS,L&O
AGID0635,PI K.R. Traffic PS,PI,,9480802249,2418130,Mysuru City,K.R. TRAFFIC PS,Traffic
AGID1777,PI K.R.Pet (R) PS,PI,krpetruralmdy@ksp.gov.in,9480804860,823026244,Mandya,K.R.PET (R) PS,L&O
AGID1778,PI K.R.Pet (T) PS,PI,epikrpetmdy@ksp.gov.in,9480804833,8230262368,Mandya,K.R.PET (T) PS,L&O
AGID1779,PI K.S. Layout PS,PI,kslayoutbcp@ksp.gov.in,9480801531,22942567,Bengaluru City,K.S. LAYOUT PS,L&O
AGID1780,PI K.T.J Nagar PS,PI,ktjnagardvg@ksp.gov.in,9480803250,08192-259285,Davanagere,K.T.J NAGAR PS,L&O
AGID1803,PI KIAL PS,PI,,,22001103,Bengaluru City,KIAL PS,L&O
AGID1810,PI KLA,PI,,,,Raichur,PI KLA,KLA
AGID1807,PI KLA,PI,,,08372-236164,Gadag,PI KLA,KLA
AGID1809,PI KLA,PI,,,823222445,Mandya,PI KLA,KLA
AGID1808,PI KLA,PI,,,08539-220533,Koppal,PI KLA,KLA
AGID1806,PI KLA,PI,,9480803270,08192-257599,Davanagere,PI KLA,KLA
AGID1805,PI KLA,PI,,,08354-236170,Bagalkote,PI KLA,KLA
AGID1819,PI KPTCL,PI,,9480803296,,Davanagere,PI KPTCL,ESCOM
AGID1818,PI KPTCL,PI,,,08354-234011,Bagalkote,PI KPTCL,ESCOM
AGID1820,PI KPTCL,PI,,9448070799,08352-277333,Vijayapura,PI KPTCL,ESCOM
AGID1781,PI Kadugodi PS,PI,,9480801619,22943471,Bengaluru City,KADUGODI PS,L&O
AGID1782,PI Kaggalipura PS,PI,kaggalipurps@ksp.gov.in,9480802851,28435250,Ramanagara,KAGGALIPURA PS,L&O
AGID1783,PI Kalagatagi PS,PI,kalaghatagidwd@ksp.gov.in,9480804351,08370-284511,Dharwad,KALAGATAGI PS,L&O
AGID1784,PI Kalasipalya PS,PI,kpalyabcp@ksp.gov.in,9480801718,22942504,Bengaluru City,KALASIPALYA PS,L&O
AGID1785,PI Kamakshipalya PS,PI,kpalyaabcp@ksp.gov.in,9480801728,22942515,Bengaluru City,KAMAKSHIPALYA PS,L&O
AGID1786,PI Kamaripeth PS,PI,kamaripethhde@ksp.gov.in,9480802028,2233519,Hubballi–Dharwad City,KAMARIPETH PS,L&O
AGID1787,PI Kampli PS,PI,cpikampliblr@ksp.gov.in,9480803038,,Ballari,KAMPLI PS,L&O
AGID1788,PI Kanakagiri PS,PI,kanakagirikpl@ksp.gov.in,9480803755,08533-240233,Koppal,KANAKAGIRI PS,L&O
AGID1789,PI Kanakapura (T) PS,PI,kpuratownrmn@ksp.gov.in,9480802860,27522441,Ramanagara,KANAKAPURA (T) PS,L&O
AGID1790,PI Kankanadi PS,PI,kankanadymge@ksp.gov.in,9480805354,2220529,Mangaluru City,KANKANADI PS,L&O
AGID1791,PI Karatagi PS,PI,karatagikpl@ksp.gov.in,9480803754,08533-275331,Koppal,KARATAGI PS,L&O
AGID1792,PI Karkala (T) PS,PI,karkalatownudp@ksp.gov.in,9480805461,08258-230213,Udupi,KARKALA (T) PS,L&O
AGID1793,PI Karwar Rural PS,PI,karwarruralukwr@ksp.gov.in,9480805248,08382-228333,Uttara Kannada,KARWAR RURAL PS,L&O
AGID1794,PI Karwar Town PS,PI,karwartownukwr@ksp.gov.in,9480805247,08382-226333,Uttara Kannada,KARWAR TOWN PS,L&O
AGID1795,PI Kasabapeth PS,PI,kasabapethhde@ksp.gov.in,9480802023,2233536,Hubballi–Dharwad City,KASABAPETH PS,L&O
AGID1796,PI Kavoor PS,PI,kavoormgc@ksp.gov.in,9480802346,2220533,Mangaluru City,KAVOOR PS,L&O
AGID1797,PI Kempegowda International Airport PS (KIAL PS),PI,biapsbcp@ksp.gov.in,9480801421,22001102,Bengaluru City,PI Kempegowda International Airport PS (KIAL PS),L&O
AGID1798,PI Kempegowda Nagar PS,PI,kgnagarbcp@ksp.gov.in,9480801525,22942578,Bengaluru City,KEMPEGOWDA NAGAR PS,L&O
AGID1799,PI Kengeri PS,PI,kengeribcp@ksp.gov.in,9480801729,22942517,Bengaluru City,KENGERI PS,L&O
AGID1800,PI Keshwapur PS,PI,keshwapurhde@ksp.gov.in,9480802026,2233518,Hubballi–Dharwad City,KESHWAPUR PS,L&O
AGID1801,PI Khadebazar PS,PI,khadebazarbmg@ksp.gov.in,9480804049,2405232,Belagavi City,KHADEBAZAR PS,L&O
AGID1802,PI Khanapur PS,PI,khanapurbgm@ksp.gov.in,9480804033,08336-223233,Belagavi,KHANAPUR PS,L&O
AGID1804,PI Kikkeri PS,PI,kikkerimdy@ksp.gov.in,9480804861,8230265433,Mandya,Kikkeri PS,L&O
AGID2663,PI Kodagu,PI,mcrpsdcre@ksp.gov.in,9480806146,0827-2221050,Southern,PS Kodagu,DCRE
AGID1811,PI Kodigehalli PS,PI,pikodigehallibcp@ksp.gov.in,9480801422,22943703,Bengaluru City,KODIGEHALLI PS,L&O
AGID1812,PI Konaje PS,PI,konajemgc@ksp.gov.in,9480802350,2220536,Mangaluru City,KONAJE PS,L&O
AGID1813,PI Konanakunte PS,PI,konanakuntepsbcp@ksp.gov.in,9480801520,22942560,Bengaluru City,KONANAKUNTE PS,L&O
AGID2632,PI Koppal,PI,kplpsdcre@ksp.gov.in,9480806184,08539-230227,Ballari,PS Koppal,DCRE
AGID1814,PI Koppal (T) PS,PI,townkpl@ksp.gov.in,9480803745,08539-220333,Koppal,KOPPAL (T) PS,L&O
AGID1815,PI Koramangala PS,PI,kmangalabcp@ksp.gov.in,9480801625,22942570,Bengaluru City,KORAMANGALA PS,L&O
AGID1816,PI Kote PS,PI,koteshi@ksp.gov.in,9480803349,08182-261415,Shivamogga,KOTE PS,L&O
AGID1817,PI Kothanuru PS,PI,kottanurbcpksp.gov.in,9480801423,22943694,Bengaluru City,KOTHANURU PS,L&O
AGID1821,PI Kudur PS,PI,kudurrmn@ksp.gov.in,9480802853,27762241,Ramanagara,KUDUR PS,L&O
AGID1822,PI Kumbalagodu PS,PI,kumbalagudurm@ksp.gov.in,9480802808,28437599,Ramanagara,KUMBALAGODU PS,L&O
AGID1823,PI Kumsi PS,PI,kumsishi@ksp.gov.in,9480803351,08182-262332,Shivamogga,KUMSI PS,L&O
AGID1824,PI Kumta PS,PI,cpikumtaukwr@ksp.gov.in,9480805234,08386-220233,Uttara Kannada,KUMTA PS,L&O
AGID1825,PI Kundagola PS,PI,kundagoldwd@ksp.gov.in,9480804352,08304-290343,Dharwad,KUNDAGOLA PS,L&O
AGID1826,PI Kundapur Town PS,PI,kundapurudp@ksp.gov.in,9480805455,08254-230338,Udupi,KUNDAPUR TOWN PS,L&O
AGID1827,PI Kunigal PS,PI,kunigaltkr@ksp.gov.in,9480802962,08132-220229,Tumkur,KUNIGAL PS,L&O
AGID1828,PI Kushalnagara (T) PS,PI,kushalnagamer@ksp.gov.in,9480804951,8276274333,Kodagu,KUSHALNAGARA (T) PS,L&O
AGID2103,PI Kuvempunagar PS,PI,kuvempunagarmyc@ksp.gov.in,9480802247,2418324,Mysuru City,KUVEMPUNAGAR PS,L&O
AGID2104,PI Lakshmipuram PS,PI,laxmipurammyc@ksp.gov.in,9480802243,2418320,Mysuru City,LAKSHMIPURAM PS,L&O
AGID2105,PI Lashkar PS,PI,lashkarmyceiksp.gov.in,9480802232,2418107,Mysuru City,LASHKAR PS,L&O
AGID1829,PI Legislative House,PI,,,22942692,Bengaluru City,PI Legislative House,L&O
AGID1830,PI Lingasuguru PS,PI,cplingasugurrrcr@ksp.gov.in,9480803833,08537-258333,Raichur,LINGASUGURU PS,L&O
AGID1831,PI M.B. Nagar PS,PI,mbnagarkepksp.gov.in,9480805526,263628,Kalaburagi City,M.B. NAGAR PS,L&O
AGID0385,PI MESCOM,PI,,,08182-251910,Shivamogga,PI MESCOM,ESCOM
AGID1858,PI MM Hills PS,PI,mmhillsehn@ksp.gov.in,9480804658,8225272141,Chamarajanagara,M.M. Hills PS,L&O
AGID2627,PI MTO,PI,mtohqdcre@ksp.gov.in,9480806117,,HQ,MTO,DCRE
AGID1833,PI Madanayakanahalli PS,PI,mnayakahallibng@ksp.gov.in,9480802472,23713699,Bengaluru,MADANAYAKANAHALLI PS,L&O
AGID1832,PI Madanayakanahalli PS,PI,mdhallibcp@ksp.gov.in,9480801731,22942561,Bengaluru City,MADANAYAKANAHALLI PS,L&O
AGID1834,PI Maddur PS,PI,maddurmdy@ksp.gov.in,9480804869,823223217,Mandya,Maddur PS,L&O
AGID1835,PI Madikeri (R) PS,PI,madikeriruralmer@ksp.gov.in,9480804946,8272228777,Kodagu,MADIKERI (R) PS,L&O
AGID1836,PI Madiwala PS,PI,madivalabcp@ksp.gov.in,9480801624,22942568,Bengaluru City,MADIWALA PS,L&O
AGID1837,PI Magadi PS,PI,magadirmn@ksp.gov.in,9480802852,27745224,Ramanagara,MAGADI PS,L&O
AGID1838,PI Magadi Road PS,PI,mroadbcp@ksp.gov.in,9480801724,22942505,Bengaluru City,MAGADI ROAD PS,L&O
AGID1839,PI Mahadevapura PS,PI,mdpurabcp@ksp.gov.in,9480801230,22942546,Bengaluru City,MAHADEVAPURA PS,L&O
AGID1840,PI Mahalakshmi Layout PS,PI,mllayoutbcp@ksp.gov.in,9480801318,22942523,Bengaluru City,MAHALAKSHMI LAYOUT PS,L&O
AGID1841,PI Malamaruthi PS,PI,malmaruthibgm@ksp.gov.in,9480804107,2405251,Belagavi City,MALAMARUTHI PS,L&O
AGID1842,PI Malavalli (R) PS,PI,malavalliruralmdy@ksp.gov.in,9480804863,8231242233,Mandya,MALAVALLI (R) PS,L&O
AGID1843,PI Malavalli (T) PS,PI,malavallitownmdy@ksp.gov.in,9480804862,8231243,Mandya,Malavalli Town PS,L&O
AGID1844,PI Malleshwaram PS,PI,mvmbcp@ksp.gov.in,9480801315,22942519,Bengaluru City,MALLESHWARAM PS,L&O
AGID2106,PI Mandi PS,PI,mandimyceiksp.gov.in,9480802237,2418113,Mysuru City,MANDI PS,L&O
AGID2664,PI Mandya,PI,mdypsdcre@ksp.gov.in,9480806142,08232-230703,Southern,PS Mandya,DCRE
AGID1845,PI Mandya (R) PS,PI,ruralmdy@ksp.gov.in,9480804808,82322242,Mandya,MANDYA (R) PS,L&O
AGID0620,PI Mandya Traffic PS,PI,trafficmdy@ksp.gov.in,9480804848,8232224648,Mandya,Mandya Traffic PS,Traffic
AGID1846,PI Mandya West PS,PI,westmdy@ksp.gov.in,9480804845,8232224666,Mandya,Mandya West PS,L&O
AGID1847,PI Mangaluru East PS (Kadri),PI,,9480805347,2220520,Mangaluru City,PI Mangaluru East PS (Kadri),L&O
AGID1848,PI Mangaluru North PS,PI,,9480805338,2220516,Mangaluru City,MANGALURU NORTH PS,L&O
AGID1849,PI Mangaluru Rural PS,PI,mangaloreruralmgc@ksp.gov.in,9480805330,2220535,Mangaluru City,MANGALURU RURAL PS,L&O
AGID1850,PI Mangaluru South PS,PI,mangaloresouthmgc@ksp.gov.in,9480805339,2220518,Mangaluru City,MANGALURU SOUTH PS,L&O
AGID1851,PI Manipal PS,PI,manipaludp@ksp.gov.in,9480805448,0820-2570328,Udupi,MANIPAL PS,L&O
AGID1852,PI Manvi PS,PI,spimanvircr@ksp.gov.in,9480803865,08538-220033,Raichur,MANVI PS,L&O
AGID1853,PI Marathahalli PS,PI,marathahallibcp@ksp.gov.in,9480801615,25639999,Bengaluru City,MARATHAHALLI PS,L&O
AGID1854,PI Marihal PS,PI,marihalbgm@ksp.gov.in,9480804056,2405239,Belagavi City,MARIHAL PS,L&O
AGID1855,PI Masthi PS,PI,mastiklr@ksp.gov.in,9480802651,08151-236222,Kolar,MASTHI PS,L&O
AGID1856,PI Melukote PS,PI,,,82362998,Mandya,Melukote PS,L&O
AGID2107,PI Metagally PS,PI,metagallymyceiksp.gov.in,9480802239,2418315,Mysuru City,METAGALLY PS,L&O
AGID1857,PI Mico Layout PS,PI,micobcp@ksp.gov.in,9480801620,22942569,Bengaluru City,MICO LAYOUT PS,L&O
AGID1859,PI Moodabidri PS,PI,moodbidremgc@ksp.gov.in,9480802314,08258-236333,Mangaluru City,MOODABIDRI PS,L&O
AGID1861,PI Mudhol PS,PI,mudholgha@ksp.gov.in,9480803594,08441-220811,Kalaburagi,MUDHOL PS,L&O
AGID1862,PI Mulagund PS,PI,mulagundgdg@ksp.gov.in,9480804448,08372-280133,Gadag,MULAGUND PS,L&O
AGID1863,PI Mulbagal (T) PS,PI,mulbagalklr@ksp.gov.in,9480802652,08159-242040,Kolar,MULBAGAL (T) PS,L&O
AGID1864,PI Mulki PS,PI,mulkimgc@ksp.gov.in,9480805352,2290533,Mangaluru City,MULKI PS,L&O
AGID0269,PI Mundargi PS,PI,mundaragigdggksp.gov.in,9480804455,08371-262233,Gadag,MUNDARGI PS,DAR
AGID1865,PI Mundgod PS,PI,mundgodukwr@ksp.gov.in,9480805258,08301-222211,Uttara Kannada,MUNDGOD PS,L&O
AGID1866,PI Murgod PS,PI,murgodbgm@ksp.gov.in,9480804079,08337-265533,Belagavi,MURGOD PS,L&O
AGID1867,PI Mysuru South PS,PI,mysurusouthmys@ksp.gov.in,9480805036,8212444955,Mysuru,Mysuru South PS,L&O
AGID2108,PI N.R. PS,PI,narasimharajamyceiksp.gov.in,9480802236,2418312,Mysuru City,N.R. PS,L&O
AGID0636,PI N.R. Traffic PS,PI,artrafficmyc@ksp.gov.in,9480802250,2418328,Mysuru City,N.R. TRAFFIC PS,Traffic
AGID1868,PI Nagamangala (T) PS,PI,nmangalamdy@ksp.gov.in,9480804852,823428604,Mandya,Nagamangala Town PS,L&O
AGID1869,PI Nandagudi PS,PI,nandagudibng@ksp.gov.in,9480802433,27961250,Bengaluru,NANDAGUDI PS,L&O
AGID1870,PI Nandgad PS,PI,nandgadbgm@ksp.gov.in,9480804087,08336-236633,Belagavi,NANDGAD PS,L&O
AGID1871,PI Nandini Layout PS,PI,nlayoutbcp@ksp.gov.in,9480801317,22942539,Bengaluru City,NANDINI LAYOUT PS,L&O
AGID1872,PI Nanjangudu Rural PS,PI,nanjangudruralmys@ksp.gov.in,9480805049,8221226259,Mysuru,Nanjangudu Rural PS,L&O
AGID1873,PI Nanjangudu Town PS,PI,nanjangudtownmys@ksp.gov.in,9480805048,8221228383,Mysuru,NANJANGUDU TOWN PS,L&O
AGID1874,PI Naragund PS,PI,naragundgdg@ksp.gov.in,9480804456,08377-245288,Gadag,NARAGUND PS,L&O
AGID2109,PI Nazarbad PS,PI,nazarbadmyceiksp.gov.in,9480802233,2418308,Mysuru City,NAZARBAD PS,L&O
AGID1875,PI Nelamangala (R) PS,PI,nmlruralbng@ksp.gov.in,9480802430,27728223,Bengaluru,NELAMANGALA (R) PS,L&O
AGID1876,PI Nelamangala (T) PS,PI,nmltownbng@ksp.gov.in,9480802461,27722133,Bengaluru,NELAMANGALA (T) PS,L&O
AGID1877,PI Nelamangala PS,PI,nmgalaabcp@ksp.gov.in,9480801732,27722500,Bengaluru City,NELAMANGALA PS,L&O
AGID0621,PI Nelamangala Traffic PS,PI,nmltrafficbng@ksp.gov.in,9480802474,27722134,Bengaluru,NELAMANGALA TRAFFIC PS,Traffic
AGID1878,PI Nesargi PS,PI,nesargibgm@ksp.gov.in,9480804075,08288-7259392428,Belagavi,NESARGI PS,L&O
AGID1879,PI Nyamathi PS,PI,nyamathidvg@ksp.gov.in,9480803263,08188-265349,Davanagere,NYAMATHI PS,L&O
AGID1880,PI Old Hubballi PS,PI,oldhublihde@ksp.gov.in,9480802024,2233541,Hubballi–Dharwad City,OLD HUBBALLI PS,L&O
AGID1881,PI Panambur PS,PI,panamburmge@ksp.gov.in,9480805331,2220530,Mangaluru City,PANAMBUR PS,L&O
AGID1882,PI Pandavapura PS,PI,,9480804858,8236255132,Mandya,Pandavapura PS,L&O
AGID1883,PI Paper Town PS,PI,papertowbdvtshi@ksp.gov.in,9480803358,08282-270456,Shivamogga,PAPER TOWN PS,L&O
AGID1884,PI Parappana Agrahara PS,PI,pagraharabcp@ksp.gov.in,9480801627,22943468,Bengaluru City,PARAPPANA AGRAHARA PS,L&O
AGID1885,PI Pavagada (T) PS,PI,pavagadatkr@ksp.gov.in,9480802941,08136-245888,Tumkur,PAVAGADA (T) PS,L&O
AGID1886,PI Peenya PS,PI,peenyabcp@ksp.gov.in,9480801324,22942532,Bengaluru City,PEENYA PS,L&O
AGID1887,PI Pension Mohalla PS,PI,pensionmohallahsn@ksp.gov.in,9480804748,817227226,Hassan,PENSION MOHALLA PS,L&O
AGID1888,PI Periyapatna PS,PI,periyapatnamys@ksp.gov.in,9480805058,82222731,Mysuru,Periyapatna PS,L&O
AGID1889,PI Pulakeshinagar PS,PI,ftownbcp@ksp.gov.in,9480801215,22942548,Bengaluru City,PULAKESHINAGAR PS,L&O
AGID1890,PI Puttenahalli PS,PI,puttenahallipsbcp@ksp.gov.in,9480801523,22942566,Bengaluru City,PUTTENAHALLI PS,L&O
AGID1891,PI Puttur (R) PS,PI,putturruralmaq@ksp.gov.in,9480805363,08251-232102,Dakshina Kannada,PUTTUR (R) PS,L&O
AGID1892,PI Puttur Town PS,PI,putturtownmaq@ksp.gov.in,9480805361,08251-230555,Dakshina Kannada,PUTTUR TOWN PS,L&O
AGID1893,PI R.G. Nagar PS,PI,rgnagarkbe@ksp.gov.in,9480805523,263619,Kalaburagi City,R.G. NAGAR PS,L&O
AGID1894,PI R.M.C Yard PS,PI,rmcyardbcp@ksp.gov.in,9480801325,22942531,Bengaluru City,R.M.C YARD PS,L&O
AGID1895,PI R.T. Nagar PS,PI,rtnagarbcp@ksp.gov.in,9480801330,22942538,Bengaluru City,R.T. NAGAR PS,L&O
AGID1896,PI Raibag PS,PI,raibagbgm@ksp.gov.in,9480804060,08331-225333,Belagavi,RAIBAG PS,L&O
AGID2633,PI Raichur,PI,rcrpsdcre@ksp.gov.in,9480806182,08532-230100,Ballari,PS Raichur,DCRE
AGID1900,PI Railway,PI,,,,Raichur,PI Railway,Railway
AGID1898,PI Railway,PI,,9480803231,,Davanagere,PI Railway,Railway
AGID1899,PI Railway,PI,,9480800468,2233597,Hubballi–Dharwad City,PI Railway,Railway
AGID1901,PI Railway Wadi,PI,,9480802132,08476-202244,Kalaburagi,PI Railway Wadi,Railway
AGID1902,PI Rajagopal Nagar PS,PI,rgnagarbcp@ksp.gov.in,9480801319,22942525,Bengaluru City,RAJAGOPAL NAGAR PS,L&O
AGID1903,PI Rajajinagar PS,PI,rnagarbcp@ksp.gov.in,9480801316,22942522,Bengaluru City,RAJAJINAGAR PS,L&O
AGID1904,PI Rajanukunte PS,PI,rajanukuntebng@ksp.gov.in,9480802457,28468936,Bengaluru,RAJANUKUNTE PS,L&O
AGID1905,PI Rajarajeshwarinagara PS (R.R. Nagar),PI,rrnagarbcp@ksp.gov.in,9480801725,22942559,Bengaluru City,PI Rajarajeshwarinagara PS (R.R. Nagar),L&O
AGID1906,PI Ramamurthy Nagar PS,PI,rmnagarbcp@ksp.gov.in,9480801224,22942554,Bengaluru City,RAMAMURTHY NAGAR PS,L&O
AGID1907,PI Ramapura PS,PI,ramapurachn@ksp.gov.in,9480804657,8225274324,Chamarajanagara,Ramapura PS,L&O
AGID1908,PI Ranebennur (R) PS,PI,rbruralhvr@ksp.gov.in,9480804552,08373-266433,Haveri,RANEBENNUR (R) PS,L&O
AGID1909,PI Roza PS,PI,rozakbe@ksp.gov.in,9480805525,263623,Kalaburagi City,ROZA PS,L&O
AGID1910,PI S.J Park PS,PI,sjparkbcp@ksp.gov.in,9480801119,22942583,Bengaluru City,S.J PARK PS,L&O
AGID1911,PI S.R Nagar PS,PI,srnagarabcp@ksp.gov.in,9480801117,22942582,Bengaluru City,S.R NAGAR PS,L&O
AGID1912,PI S.R.Patna (R) PS,PI,sratnaruralmdy@ksp.gov.in,9480804875,8236253027,Mandya,S.R.PATNA (R) PS,L&O
AGID1913,PI S.R.Patna(T) PS,PI,sratnamdy@ksp.gov.in,9480804855,8236252027,Mandya,S.R.PATNA(T) PS,L&O
AGID2110,PI S.S. Puram PS,PI,saraswathipurammyceiksp.gov.in,9480802246,2418323,Mysuru City,S.S. PURAM PS,L&O
AGID1927,PI SEW,PI,,,,Bengaluru City,PI SEW,L&O
AGID0270,PI Sadarbazar PS,PI,sardarbazarrrcr@ksp.gov.in,9480803830,08532-226842,Raichur,SADARBAZAR PS,DAR
AGID1914,PI Sadashiva Nagar PS,PI,ssnagarabcp@ksp.gov.in,9480801127,22942589,Bengaluru City,SADASHIVA NAGAR PS,L&O
AGID1915,PI Sagara Rural PS,PI,sagararuralshi@ksp.gov.in,9480803361,08183-226194,Shivamogga,SAGARA RURAL PS,L&O
AGID1916,PI Sagara Town PS,PI,sagaratownshi@ksp.gov.in,9480803360,08183-226067,Shivamogga,SAGARA TOWN PS,L&O
AGID1917,PI Saidapur PS,PI,saidapurydr@ksp.gov.in,9480803582,08473-224233,Yadgiri,SAIDAPUR PS,L&O
AGID1918,PI Sakaleshapura (T) PS,PI,sakaleshapuratownhsn@ksp.gov.in,9480804760,81732441,Hassan,Sakaleshapura Town PS,L&O
AGID1919,PI Saligrama PS,PI,saligramamys@ksp.gov.in,9480805050,,Mysuru,Saligrama PS,L&O
AGID1920,PI Sampigehalli PS,PI,sampigehallipshcp@ksp.gov.in,9480801424,22943692,Bengaluru City,SAMPIGEHALLI PS,L&O
AGID1921,PI Sanjaynagar PS,PI,sanjaynagarbcp@ksp.gov.in,9480801332,22942533,Bengaluru City,SANJAYNAGAR PS,L&O
AGID1922,PI Sankeshwar PS,PI,,,08333-273303,Belagavi,SANKESHWAR PS,L&O
AGID1923,PI Sarjapura PS,PI,sarjapurabng@ksp.gov.in,9480802452,27823032,Bengaluru,SARJAPURA PS,L&O
AGID1924,PI Savadatti PS,PI,savadattibgm@ksp.gov.in,9480804039,08330-222303,Belagavi,SAVADATTI PS,L&O
AGID1925,PI Savanur PS,PI,savanurhvr@ksp.gov.in,9480804560,08378-241633,Haveri,SAVANUR PS,L&O
AGID1926,PI Seshadripuram PS,PI,sspurambcp@ksp.gov.in,9480801125,22942586,Bengaluru City,SESHADRIPURAM PS,L&O
AGID1928,PI Shahabad PS,PI,shahabadtownghagksp.gov.in,9480803570,08474-204444,Kalaburagi,SHAHABAD PS,L&O
AGID1930,PI Shahapur PS,PI,,9480804137,08443-9487,Yadgiri,SHAHAPUR PS,L&O
AGID1929,PI Shahapur PS,PI,shshapurbgm@ksp.gov.in,9480804046,2405244,Belagavi City,SHAHAPUR PS,L&O
AGID1931,PI Shanivarasanthe PS,PI,shanivarasanthemer@ksp.gov.in,9480804954,8276283333,Kodagu,Shanivarasanthe PS,L&O
AGID1932,PI Shankarapuram PS,PI,piskpurabcp@ksp.gov.in,9480801526,22942558,Bengaluru City,SHANKARAPURAM PS,L&O
AGID1933,PI Shiggoan PS,PI,shiggoanhvr@ksp.gov.in,9480804558,08378-255600,Haveri,SHIGGOAN PS,L&O
AGID1934,PI Shikaripura (R) PS,PI,shikaripuraruralshi@ksp.gov.in,9480803366,08187-223430,Shivamogga,SHIKARIPURA (R) PS,L&O
AGID1935,PI Shivajinagar PS,PI,snagarbcp@ksp.gov.in,9480801219,22942597,Bengaluru City,SHIVAJINAGAR PS,L&O
AGID1936,PI Shorapur PS,PI,shorapurydr@ksp.gov.in,9480803583,08443-256030,Yadgiri,SHORAPUR PS,L&O
AGID1937,PI Siddapur PS,PI,siddapurukwr@ksp.gov.in,9480805256,08389-230283,Uttara Kannada,SIDDAPUR PS,L&O
AGID1938,PI Siddapura PS,PI,spurabcp@ksp.gov.in,9480801519,22942572,Bengaluru City,SIDDAPURA PS,L&O
AGID0271,PI Siddarthanagara Traffic PS,PI,siddarthatrafficmyc@ksp.gov.in,9480802265,2418527,Mysuru City,SIDDARTHANAGARA TRAFFIC PS,DAR
AGID1939,PI Sira Town,PI,siratowntkr@ksp.gov.in,9480802958,08135-275237,Tumkur,PI Sira Town,L&O
AGID1940,PI Sirsi (R) PS,PI,sirsiruralukwr@ksp.gov.in,9480805254,08384-236233,Uttara Kannada,SIRSI (R) PS,L&O
AGID1941,PI Soladevanahalli PS,PI,sdhallibcp@ksp.gov.in,9480801328,28394805,Bengaluru City,SOLADEVANAHALLI PS,L&O
AGID1942,PI Somawarpet PS,PI,cpispetmer@ksp.gov.in,9480804952,827628484,Kodagu,Somawarpet PS,L&O
AGID1943,PI South Women PS,PI,womensouthbcp@ksp.gov.in,9480801530,22943250,Bengaluru City,SOUTH WOMEN PS,L&O
AGID1944,PI Sringeri PS,PI,sringerickm@ksp.gov.in,9480805156,08265-250150,Chikkamagaluru,SRINGERI PS,L&O
AGID1945,PI Srinivasapura PS,PI,srinivaspuraklr@ksp.gov.in,9480802654,08157-246234,Kolar,SRINIVASAPURA PS,L&O
AGID1946,PI Srirampura PS,PI,srpurambcp@ksp.gov.in,9480801321,22942520,Bengaluru City,SRIRAMPURA PS,L&O
AGID1947,PI Srirampura PS,PI,srirampuracta@ksp.gov.in,9480803156,08199-242633,Chitradurga,SRIRAMPURA PS,L&O
AGID1948,PI Station Bazar PS,PI,stationbazarkbe@ksp.gov.in,9480805521,263616,Kalaburagi City,STATION BAZAR PS,L&O
AGID1949,PI Sub Urban PS,PI,graminkep@ksp.gov.in,9480805528,263631,Kalaburagi City,SUB URBAN PS,L&O
AGID1951,PI Sub-Urban PS,PI,dwdsurhde@ksp.gov.in,9480802033,2233511,Hubballi–Dharwad City,SUB-URBAN PS,L&O
AGID1950,PI Sub-Urban PS,PI,suburbanhde@ksp.gov.in,9480802030,2233517,Hubballi–Dharwad City,SUB-URBAN PS,L&O
AGID1952,PI Subramanya Nagar PS,PI,shnagarbcp@ksp.gov.in,9480801320,22942524,Bengaluru City,SUBRAMANYA NAGAR PS,L&O
AGID1953,PI Subramanyapura PS,PI,shpurabcp@ksp.gov.in,9480801529,22942565,Bengaluru City,SUBRAMANYAPURA PS,L&O
AGID1954,PI Suddguntepalya PS,PI,sgpalyabcp@ksp.gov.in,9480801425,22942762,Bengaluru City,SUDDGUNTEPALYA PS,L&O
AGID1955,PI Sulibele PS,PI,sulibelebng@ksp.gov.in,9480802446,27952415,Bengaluru,SULIBELE PS,L&O
AGID1956,PI Surathkal PS,PI,surathkalmgc@ksp.gov.in,9480805350,2220540,Mangaluru City,SURATHKAL PS,L&O
WzkIK1Rakx43hp7uyOhR,PI Suryanagar PS,PI,suryanagarabng@ksp.gov.in,08029765300,08029765300,Bengaluru City,,L&O
AGID1958,PI T.N. Pura PS,PI,tnpuramys@ksp.gov.in,9480805033,822726099,Mysuru,T.N. Pura PS,L&O
AGID1972,PI TR. Adugodi PS,PI,adugoditrafficbcp@ksp.gov.in,9480801822,22943125,Bengaluru City,TR. ADUGODI PS,Traffic
AGID1973,PI TR. Ashoknagar PS,PI,angartrafficbcp@ksp.gov.in,9480801823,22943122,Bengaluru City,TR. ASHOKNAGAR PS,Traffic
AGID1974,PI TR. Banasawadi PS,PI,bwaditrafficbc@ksp.gov.in,9480801819,22942217,Bengaluru City,TR. BANASAWADI PS,Traffic
AGID1975,PI TR. Banashankari PS,PI,bsktrafficbcp@ksp.gov.in,9480801929,22943108,Bengaluru City,TR. BANASHANKARI PS,Traffic
AGID1976,PI TR. Basavanagudi PS,PI,bguditrafficbcp@ksp.gov.in,9480801928,22942668,Bengaluru City,TR. BASAVANAGUDI PS,Traffic
AGID1977,PI TR. Bellanduru PS,PI,,,22943718,Bengaluru City,TR. BELLANDURU PS,Traffic
AGID1978,PI TR. Byatarayanapura PS,PI,bypuratrafficpc@ksp.gov.in,9480801919,22943011,Bengaluru City,TR. BYATARAYANAPURA PS,Traffic
AGID1979,PI TR. Chamrajpet PS,PI,chickpettrafficbc@ksp.gov.in,9480801916,22942664,Bengaluru City,TR. CHAMRAJPET PS,Traffic
AGID1980,PI TR. Chikka Banavara PS,PI,,9480801134,22943516,Bengaluru City,TR. CHIKKA BANAVARA PS,Traffic
AGID1981,PI TR. Chikkajala PS,PI,chikkajalatrafficbcp@ksp.gov.in,9480801934,22943186,Bengaluru City,TR. CHIKKAJALA PS,Traffic
AGID1982,PI TR. City Market PS,PI,citymarkettrafficbc@ksp.gov.in,9480801917,22942808,Bengaluru City,TR. CITY MARKET PS,Traffic
AGID1983,PI TR. Cubbon Park PS,PI,acpcentraltrafficbc@ksp.gov.in,9480801828,22942675,Bengaluru City,TR. CUBBON PARK PS,Traffic
AGID1984,PI TR. Devanahalli PS,PI,bialtrafficbcp@ksp.gov.in,9480801074,27681100,Bengaluru City,TR. DEVANAHALLI PS,Traffic
AGID1985,PI TR. Electronic City PS,PI,,,22942399,Bengaluru City,TR. ELECTRONIC CITY PS,Traffic
AGID1986,PI TR. HAL Airport PS,PI,acpwhitefieldtraffic@gmail.com,9480801817,29917704,Bengaluru City,TR. HAL AIRPORT PS,Traffic
AGID1987,PI TR. Halasoor PS,PI,acpeasttrafficbcp@ksp.gov.in,9480801815,22942659,Bengaluru City,TR. HALASOOR PS,Traffic
AGID1988,PI TR. Halsoor Gate PS,PI,acpcentraltrafficbc@ksp.gov.in,9480801829,22942660,Bengaluru City,TR. HALSOOR GATE PS,Traffic
AGID1989,PI TR. Hebbala PS,PI,hebbaltrafficbcp@ksp.gov.in,9480801931,22943023,Bengaluru City,TR. HEBBALA PS,Traffic
AGID1990,PI TR. Hennur PS,PI,,9449295596,22943732,Bengaluru City,TR. HENNUR PS,Traffic
AGID1991,PI TR. High Ground PS,PI,hgroundtrafficbcp@ksp.gov.in,9480801827,22942916,Bengaluru City,TR. HIGH GROUND PS,Traffic
AGID1992,PI TR. Hulimavu PS,PI,hulimavutrfebcp@ksp.gov.in,9480801553,22942884,Bengaluru City,TR. HULIMAVU PS,Traffic
AGID1993,PI TR. Jalahalli PS,PI,jalahallitrafficbcp@ksp.gov.in,9480801958,22943020,Bengaluru City,TR. JALAHALLI PS,Traffic
AGID1994,PI TR. Jayanagar PS,PI,jnagartrafficbcp@ksp.gov.in,9480801927,22942669,Bengaluru City,TR. JAYANAGAR PS,Traffic
AGID1995,PI TR. Jeevanbheema Nagar PS,PI,jbnagartraffic@gmail.com,9480801816,22942919,Bengaluru City,TR. JEEVANBHEEMA NAGAR PS,Traffic
AGID1996,PI TR. Jnanabharathi PS,PI,,9480801137,22942271,Bengaluru City,TR. JNANABHARATHI PS,Traffic
AGID1997,PI TR. K.G. Halli PS,PI,kghallitrafficbc@ksp.gov.in,9480801584,22942969,Bengaluru City,TR. K.G. HALLI PS,Traffic
AGID1998,PI TR. K.R. Puram PS,PI,krpuramtrafficbc@ksp.gov.in,9480801818,29532928,Bengaluru City,TR. K.R. PURAM PS,Traffic
AGID1999,PI TR. Kamakshipalya PS,PI,kamakshipalyatrps@gmail.com,9480801921,22943009,Bengaluru City,TR. KAMAKSHIPALYA PS,Traffic
AGID2000,PI TR. Kengeri PS,PI,kengeritrfbc@ksp.gov.in,948080021,22943013,Bengaluru City,TR. KENGERI PS,Traffic
AGID2001,PI TR. Kumaraswamy Layout PS,PI,kslyttrafficbcp@ksp.gov.in,9480801930,22943109,Bengaluru City,TR. KUMARASWAMY LAYOUT PS,Traffic
AGID2002,PI TR. Madiwala PS,PI,madivalatrafficbcp@ksp.gov.in,9480801824,22942805,Bengaluru City,TR. MADIWALA PS,Traffic
AGID2003,PI TR. Magadi Road PS,PI,mroadtraffic@gmail.com,9480801918,22943010,Bengaluru City,TR. MAGADI ROAD PS,Traffic
AGID2004,PI TR. Mahadevapura PS,PI,mpuratrfbc@ksp.gov.in,9480801818,22943389,Bengaluru City,TR. MAHADEVAPURA PS,Traffic
AGID2005,PI TR. Malleshwaram PS,PI,mvmtrafficbcp@ksp.gov.in,9480801922,22942810,Bengaluru City,TR. MALLESHWARAM PS,Traffic
AGID2006,PI TR. Mico Layout PS,PI,micolayouttrafficbcp@ksp.gov.in,9480801825,22943118,Bengaluru City,TR. MICO LAYOUT PS,Traffic
AGID2007,PI TR. Peenya PS,PI,peenyatrafficbcp@ksp.gov.in,9480801923,22942674,Bengaluru City,TR. PEENYA PS,Traffic
AGID2008,PI TR. Pulakeshi Nagar PS,PI,ftowntrafficps@gmail.com,9480801820,22942924,Bengaluru City,TR. PULAKESHI NAGAR PS,Traffic
AGID2009,PI TR. R.T. Nagar PS,PI,rtnagartrafficbcp@ksp.gov.in,9480801932,22943026,Bengaluru City,TR. R.T. NAGAR PS,Traffic
AGID2010,PI TR. Rajajinagar PS,PI,rnagartrafficbcp@ksp.gov.in,9480801924,22942807,Bengaluru City,TR. RAJAJINAGAR PS,Traffic
AGID2011,PI TR. Sadashivanagar PS,PI,ssnagrtrafficbcp@ksp.gov.in,9480801830,22942804,Bengaluru City,TR. SADASHIVANAGAR PS,Traffic
AGID2012,PI TR. Shivajinagar PS,PI,shivajinagartrafficbcp@ksp.gov.in,9480801821,22942658,Bengaluru City,TR. SHIVAJINAGAR PS,Traffic
AGID2013,PI TR. Talaghattapura PS,PI,tgpuratraffic@gmail.com,9449296259,22942862,Bengaluru City,TR. TALAGHATTAPURA PS,Traffic
AGID2014,PI TR. Upparpet PS,PI,chetpettrafficbc@ksp.gov.in,9480801915,22942665,Bengaluru City,TR. UPPARPET PS,Traffic
AGID2015,PI TR. Vijayanagar PS,PI,vijayanagartrafficbcp@ksp.gov.in,9480801920,22942809,Bengaluru City,TR. VIJAYANAGAR PS,Traffic
AGID2016,PI TR. Whitefield PS,PI,whitefieldtrafficbc@ksp.gov.in,9480801817,22943706,Bengaluru City,TR. WHITEFIELD PS,Traffic
AGID2017,PI TR. Wilson Garden PS,PI,wgardentrafficbcp@ksp.gov.in,9480801826,22943120,Bengaluru City,TR. WILSON GARDEN PS,Traffic
AGID2018,PI TR. Yelahanka PS,PI,ylktrafficbcp@ksp.gov.in,9480801933,22943024,Bengaluru City,TR. YELAHANKA PS,Traffic
AGID2019,PI TR. Yeshwanthapura PS,PI,yspuratrafficbcp@ksp.gov.in,9480801925,22942661,Bengaluru City,TR. YESHWANTHAPURA PS,Traffic
AGID1959,PI Talaghattapura PS,PI,tgpurabcp@ksp.gov.in,9480801075,22942359,Bengaluru City,TALAGHATTAPURA PS,L&O
AGID1960,PI Talakadu PS,PI,talakadumys@ksp.gov.in,9480805054,8227273369,Mysuru,Talakadu PS,L&O
AGID1961,PI Tarikere PS,PI,tarikereckm@ksp.gov.in,9480805161,08261-222222,Chikkamagaluru,TARIKERE PS,L&O
AGID1962,PI Tavarekere PS,PI,tkerermn2@ksp.gov.in,9480802854,28434365,Ramanagara,TAVAREKERE PS,L&O
AGID1963,PI Thilakanagar PS,PI,tlknagarbcp@ksp.gov.in,9480801621,22942571,Bengaluru City,THILAKANAGAR PS,L&O
AGID1964,PI Thirthahalli PS,PI,thirthahallishi@ksp.gov.in,9480803364,08181-228133,Shivamogga,THIRTHAHALLI PS,L&O
AGID1965,PI Thyamagondlu PS,PI,tgondalubng@ksp.gov.in,9480802463,27732033,Bengaluru,THYAMAGONDLU PS,L&O
AGID1966,PI Tilakwadi PS,PI,tilakwadibgm@ksp.gov.in,9480804052,2405236,Belagavi City,TILAKWADI PS,L&O
AGID1967,PI Tiptur Rural PS,PI,tiptururaltkr@ksp.gov.in,9480802967,08134-251007,Tumkur,TIPTUR RURAL PS,L&O
AGID1968,PI Tiptur Town PS,PI,tipturtowntkr@ksp.gov.in,9480802970,08134-251041,Tumkur,TIPTUR TOWN PS,L&O
AGID1969,PI Tirumashettihalli PS,PI,tshallibng@ksp.gov.in,9480802434,28549101,Bengaluru,TIRUMASHETTIHALLI PS,L&O
AGID1970,PI Town Hubballi PS,PI,townhde@ksp.gov.in,9480802021,2233540,Hubballi–Dharwad City,TOWN HUBBALLI PS,L&O
AGID1971,PI Town PS,PI,dwdtownhde@ksp.gov.in,9480802032,2233512,Hubballi–Dharwad City,TOWN PS,L&O
AGID0622,PI Traffic Dharwad PS,PI,dwdtraffichde@ksp.gov.in,9480802037,2233542,Hubballi–Dharwad City,TRAFFIC DHARWAD PS,Traffic
AGID0624,PI Traffic East PS,PI,trafficeastmge@ksp.gov.in,9480805337,2220523,Mangaluru City,TRAFFIC EAST PS,Traffic
AGID0623,PI Traffic East PS,PI,easttraffichde@ksp.gov.in,9480802040,2233543,Hubballi–Dharwad City,TRAFFIC EAST PS,Traffic
AGID0626,PI Traffic North PS,PI,trafficnorthmge@ksp.gov.in,9480802349,2220833,Mangaluru City,TRAFFIC NORTH PS,Traffic
AGID0625,PI Traffic North PS,PI,aorthtraffichde@ksp.gov.in,9480802035,2233515,Hubballi–Dharwad City,TRAFFIC NORTH PS,Traffic
AGID0628,PI Traffic South PS,PI,trafficsouthmge@ksp.gov.in,9480805371,2220850,Mangaluru City,TRAFFIC SOUTH PS,Traffic
AGID0627,PI Traffic South PS,PI,southtraffichde@ksp.gov.in,9480802036,2233538,Hubballi–Dharwad City,TRAFFIC SOUTH PS,Traffic
AGID0629,PI Traffic West PS,PI,trafficwestmge@ksp.gov.in,9480802325,2220524,Mangaluru City,TRAFFIC WEST PS,Traffic
AGID0630,PI Traffic-1 PS,PI,addltraffe-1kep@ksp.gov.in,9480805542,263625,Kalaburagi City,TRAFFIC-1 PS,Traffic
AGID0631,PI Traffic-2 PS,PI,traffic-2kep@ksp.gov.in,9480805536,263624,Kalaburagi City,TRAFFIC-2 PS,Traffic
AGID2020,PI Tumkur Town PS,PI,tumkurtowntkr@ksp.gov.in,9480802930,2278388,Tumkur,TUMKUR TOWN PS,L&O
AGID0632,PI Tumkur Traffic PS,PI,trafficeasttkr@ksp.gov.in,9480802929,2278207,Tumkur,TUMKUR TRAFFIC PS,Traffic
AGID2021,PI Tunganagara PS,PI,tunganagarashi@ksp.gov.in,9480803330,08182-261415,Shivamogga,TUNGANAGARA PS,L&O
AGID2022,PI Turuvanur (Jogi) PS,PI,turuvanurcta@ksp.gov.in,9480803149,08194-267051,Chitradurga,TURUVANUR (JOGI) PS,L&O
AGID2111,PI Udayagiri PS,PI,udayagirimyceiksp.gov.in,9480802234,2418309,Mysuru City,UDAYAGIRI PS,L&O
AGID2669,PI Udupi,PI,udppsdcre@ksp.gov.in,9480806170,0820-2003644,Western,PS Udupi,DCRE
AGID2023,PI Udupi (T) PS,PI,udupitownudp@ksp.gov.in,9480805408,0820-2520444,Udupi,UDU(T) PS,L&O
AGID2024,PI Udyambag PS,PI,udyambagbgm@ksp.gov.in,9480804051,2405234,Belagavi City,UDYAMBAG PS,L&O
AGID2025,PI Ullal PS,PI,ullalmgc@ksp.gov.in,9480802315,2466269,Mangaluru City,ULLAL PS,L&O
AGID2026,PI University PS,PI,universitykep@ksp.gov.in,9480805527,263629,Kalaburagi City,UNIVERSITY PS,L&O
AGID2027,PI Upparpet PS,PI,upetbcp@ksp.gov.in,9480801716,22942503,Bengaluru City,UPPARPET PS,L&O
AGID2028,PI Urva PS,PI,urwamgc@ksp.gov.in,9480802323,2220521,Mangaluru City,URVA PS,L&O
AGID2670,PI Uttara Kannada,PI,ukpsdcre@ksp.gov.in,9480806168,08382-221214,Western,PS Uttara Kannada,DCRE
AGID2029,PI V V Puram PS,PI,cmpettrafficp@ksp.gov.in,9480801926,22942670,Bengaluru City,V V PURAM PS,L&O
AGID2030,PI V.V. Puram PS,PI,vvpurapsbcp@ksp.gov.in,9480801522,22942574,Bengaluru City,V.V. PURAM PS,L&O
AGID2112,PI V.V. Puram PS,PI,vvpurammyceiksp.gov.in,9480802238,2418314,Mysuru City,V.V. PURAM PS,L&O
AGID0637,PI V.V. Puram Traffic PS,PI,vvpuramtrafficmyc@ksp.gov.in,9480802262,2418529,Mysuru City,V.V. PURAM TRAFFIC PS,Traffic
AGID2031,PI Varthur PS,PI,varthurbcp@ksp.gov.in,9480801618,28539196,Bengaluru City,VARTHUR PS,L&O
AGID2032,PI Vidhana Soudha PS,PI,vsoudhabcp@ksp.gov.in,9480801123,22942590,Bengaluru City,VIDHANA SOUDHA PS,L&O
AGID2033,PI Vidhana Soudha Security-1,PI,,9480801131,22943548,Bengaluru City,PI Vidhana Soudha Security-1,L&O
AGID2034,PI Vidhana Soudha Security-2,PI,,9480801124,22933703,Bengaluru City,PI Vidhana Soudha Security-2,L&O
AGID2035,PI Vidyagiri PS,PI,vidyagirihde@ksp.gov.in,9480802034,2233513,Hubballi–Dharwad City,VIDYAGIRI PS,L&O
AGID2037,PI Vidyanagar PS,PI,vidyanagarhde@ksp.gov.in,9480802027,2233516,Hubballi–Dharwad City,VIDYANAGAR PS,L&O
AGID2036,PI Vidyanagar PS,PI,vidyanagardvg@ksp.gov.in,9480803251,08192-262688,Davanagere,VIDYANAGAR PS,L&O
AGID2038,PI Vidyaranyapura PS,PI,vrpurabcp@ksp.gov.in,9480801327,22942528,Bengaluru City,VIDYARANYAPURA PS,L&O
AGID2113,PI Vidyaranyapuram PS,PI,vidyaranyamyc@ksp.gov.in,9480802245,2418122,Mysuru City,VIDYARANYAPURAM PS,L&O
AGID2634,PI Vijayanagara,PI,vjnpsdcre@ksp.gov.in,9480806186,08394-266100,Ballari,PS Vijayanagara,DCRE
AGID2114,PI Vijayanagara PS,PI,vijayanagarmyceiksp.gov.in,9480802241,2418317,Mysuru City,VIJAYANAGARA PS,L&O
AGID2039,PI Vijayanagara PS,PI,vjynagarbcp@ksp.gov.in,9480801723,22942510,Bengaluru City,VIJAYANAGARA PS,L&O
AGID2040,PI Vijayapura (R) PS,PI,bijapurruralbjp@ksp.gov.in,9480804208,08352-250923,Vijayapura,VIJAYAPURA (R) PS,L&O
AGID2041,PI Vijayapura PS,PI,vijayapurabng@ksp.gov.in,9480802458,27668444,Bengaluru,VIJAYAPURA PS,L&O
AGID0633,PI Vijayapura Traffic PS,PI,bijapurtrafficbjp@ksp.gov.in,9480804200,,Vijayapura,VIJAYAPURA TRAFFIC PS,Traffic
AGID2042,PI Vikasa Soudha Security-1,PI,,9480801130,22935200,Bengaluru City,PI Vikasa Soudha Security-1,L&O
AGID2043,PI Vikasa Soudha Security-2,PI,,9480801129,22942908,Bengaluru City,PI Vikasa Soudha Security-2,L&O
AGID2044,PI Vinobanagara PS,PI,vinobanagarashi@ksp.gov.in,9480803308,08182-261424,Shivamogga,VINOBANAGARA PS,L&O
AGID2045,PI Vishwanathapura PS,PI,vnpurabng@ksp.gov.in,9480802460,2522244,Bengaluru,VISHWANATHAPURA PS,L&O
AGID2046,PI Vittla PS,PI,vittlamaq@ksp.gov.in,9480805369,08255-239233,Dakshina Kannada,VITTLA PS,L&O
AGID2047,PI Viveknagar PS,PI,vknagarbcp@ksp.gov.in,9480801121,22942584,Bengaluru City,VIVEKNAGAR PS,L&O
AGID2048,PI Vyalikaval PS,PI,vkavalbcp@ksp.gov.in,9480801128,22942588,Bengaluru City,VYALIKAVAL PS,L&O
AGID2628,PI WIRELESS,PI,,9480806118,,HQ,WIRELESS,DCRE
AGID2084,PI WPW,PI,,,,Bengaluru City,PI WPW,L&O
AGID2049,PI Whitefield PS,PI,whitefieldbcp@ksp.gov.in,9480801617,22943472,Bengaluru City,WHITEFIELD PS,L&O
AGID2050,PI Wilson Garden PS,PI,wgardenbcp@ksp.gov.in,9480801118,22942581,Bengaluru City,WILSON GARDEN PS,L&O
AGID0708,PI Wireless,PI,,9480804200,08352-240483,Vijayapura,PI Wireless,Wireless
AGID0701,PI Wireless,PI,piwdermys@gmail.com,9480800936,82124448,Mysuru,PI Wireless,Wireless
AGID0691,PI Wireless,PI,,9480800553,08375-233766,Haveri,PI Wireless,Wireless
AGID0677,PI Wireless,PI,,9480803048,08392-258101,Ballari,PI Wireless,Wireless
AGID0699,PI Wireless,PI,,9480800938,8232224888,Mandya,PI Wireless,Wireless
AGID0676,PI Wireless,PI,,9480803901,08354-235279,Bagalkote,PI Wireless,Wireless
AGID0681,PI Wireless,PI,,9480800958,,Bidar,PI Wireless,Wireless
AGID0695,PI Wireless,PI,,,274743,KGF,PI Wireless,Wireless
AGID0698,PI Wireless,PI,dekpl@ksp.gov.in,9480803753,08539-230029,Koppal,PI Wireless,Wireless
AGID0702,PI Wireless,PI,,9480803806,08532-235635,Raichur,PI Wireless,Wireless
AGID0687,PI Wireless,PI,,9480803203,08192-270011-F,Davanagere,PI Wireless,Wireless
AGID0703,PI Wireless,PI,,948080031,,Ramanagara,PI Wireless,Wireless
AGID0707,PI Wireless,PI,pervjn@gmail.com,9480805707,08394-200201,Vijayanagara,PI Wireless,Wireless
AGID0679,PI Wireless,PI,,9480804093,0831-2405231,Belagavi,PI Wireless,Wireless
AGID0684,PI Wireless,PI,wirelessckm@ksp.gov.in,9480800943,-,Chikkamagaluru,PI Wireless,Wireless
AGID0690,PI Wireless,PI,,9480804940,8172268845,Hassan,PI Wireless,Wireless
AGID0678,PI Wireless,PI,debgc@ksp.gov.in,,2452131-F,Belagavi City,PI Wireless,Wireless
AGID0694,PI Wireless,PI,,9480803509,08472-273154,Kalaburagi,PI Wireless,Wireless
AGID0704,PI Wireless,PI,,9480800932,,Tumkur,PI Wireless,Wireless
AGID0705,PI Wireless,PI,wirelessudp@ksp.gov.in,9480800942,-,Udupi,PI Wireless,Wireless
AGID0706,PI Wireless,PI,wirelessukwr@ksp.gov.in,9480805205,08382-223093,Uttara Kannada,PI Wireless,Wireless
AGID0682,PI Wireless,PI,dechn@ksp.gov.in,9480800937,8226223488,Chamarajanagara,PI Wireless,Wireless
AGID0685,PI Wireless,PI,,,08194-221044,Chitradurga,PI Wireless,Wireless
AGID0689,PI Wireless,PI,,9480800954,08372-238300,Gadag,PI Wireless,Wireless
AGID0692,PI Wireless,PI,,9480800928,0836-2233421,Hubballi–Dharwad City,PI Wireless,Wireless
AGID0680,PI Wireless,PI,,9480800930,22942643,Bengaluru,PI Wireless,Wireless
AGID0693,PI Wireless,PI,citycontrol0053@gmail.com,9480805503,228112,Kalaburagi City,PI Wireless,Wireless
AGID0709,PI Wireless,PI,,9480803693,08473-253778,Yadgiri,PI Wireless,Wireless
AGID0696,PI Wireless,PI,piwirelesskodagu@gmail.com,9480800339,827222072,Kodagu,PI Wireless,Wireless
AGID0686,PI Wireless,PI,wirelessmaq@ksp.gov.in,9480800541,0824-2440284,Dakshina Kannada,PI Wireless,Wireless
AGID0688,PI Wireless,PI,,9480804309,0836-2233206,Dharwad,PI Wireless,Wireless
AGID0700,PI Wireless,PI,,9480800232,0824-2220825,Mangaluru City,PI Wireless,Wireless
AGID0697,PI Wireless,PI,,9480802603,243173,Kolar,PI Wireless,Wireless
AGID0683,PI Wireless,PI,,9480802503,8156270916,Chikkaballapura,PI Wireless,Wireless
AGID0710,PI Wireless -I,PI,,9480800227,2418338,Mysuru City,PI Wireless -I,Wireless
AGID0711,PI Wireless -II,PI,,,2418542,Mysuru City,PI Wireless -II,Wireless
AGID2070,PI Women PS,PI,womenpshvr@ksp.gov.in,8277984068,08375-232633,Haveri,WOMEN PS,L&O
AGID2055,PI Women PS,PI,womenpseastbcp@ksp.gov.in,9480801120,22942585,Bengaluru City,WOMEN PS,L&O
AGID2052,PI Women PS,PI,womenpsblr@ksp.gov.in,9480803088,08392-268108,Ballari,WOMEN PS,L&O
AGID2069,PI Women PS,PI,womenpshsn@ksp.gov.in,9480804772,8172261,Hassan,WOMEN PS,L&O
AGID2115,PI Women PS,PI,womenmyc@ksp.gov.in,9480802235,2418310,Mysuru City,WOMEN PS,L&O
AGID2053,PI Women PS,PI,wpsbgm@ksp.gov.in,9480804123,,Belagavi,WOMEN PS,L&O
AGID2071,PI Women PS,PI,wemenhde@ksp.gov.in,9480802031,0836-2233514,Hubballi–Dharwad City,WOMEN PS,L&O
AGID2060,PI Women PS,PI,womenpsbng@ksp.gov.in,8277960670,25344432,Bengaluru,WOMEN PS,L&O
AGID2065,PI Women PS,PI,womenmaq@ksp.gov.in,8277986370,08251-233500,Dakshina Kannada,WOMEN PS,L&O
AGID2054,PI Women PS,PI,womenpscentralbcp@ksp.gov.in,9364107013,22942728,Bengaluru City,WOMEN PS,L&O
AGID2081,PI Women PS,PI,womenudp@ksp.gov.in,9480805458,0820-2525599,Udupi,WOMEN PS,L&O
AGID2076,PI Women PS,PI,womenmge@ksp.gov.in,9480805348,0824-2220525,Mangaluru City,WOMEN PS,L&O
AGID2073,PI Women PS,PI,kodaguwomenpsmer@ksp.gov.in,8277958200,8272221818,Kodagu,WOMEN PS,L&O
AGID2075,PI Women PS,PI,womenmdy@ksp.gov.in,,8232297192,Mandya,WOMEN PS,L&O
AGID2080,PI Women PS,PI,womenpstkr@ksp.gov.in,9364098541,2290832,Tumkur,WOMEN PS,L&O
AGID2066,PI Women PS,PI,womenpsdyg@ksp.gov.in,9480803252,08192-253088,Davanagere,WOMEN PS,L&O
AGID2067,PI Women PS,PI,womenpsdwd@ksp.gov.in,9480804309,0836-2233301,Dharwad,WOMEN PS,L&O
AGID2064,PI Women PS,PI,womenckm@ksp.gov.in,8277990200,08262-232333,Chikkamagaluru,WOMEN PS,L&O
AGID2078,PI Women PS,PI,womenpsrcr@ksp.gov.in,9480803808,08532-228545,Raichur,WOMEN PS,L&O
AGID2072,PI Women PS,PI,womenkbe@ksp.gov.in,8277972446,227550,Kalaburagi City,WOMEN PS,L&O
AGID2058,PI Women PS,PI,wemenpsnorthbcp@ksp.gov.in,9364107017,,Bengaluru City,WOMEN PS,L&O
AGID2059,PI Women PS,PI,,9364107014,22943188,Bengaluru City,WOMEN PS,L&O
AGID2077,PI Women PS,PI,womenpsmys@ksp.gov.in,9480805061,8212441552,Mysuru,WOMEN PS,L&O
AGID2079,PI Women PS,PI,womenpssmg@ksp.gov.in,9480803330,08182-227310,Shivamogga,WOMEN PS,L&O
AGID2068,PI Women PS,PI,womengdg@ksp.gov.in,9480804447,08372-276133,Gadag,WOMEN PS,L&O
AGID2061,PI Women PS,PI,womenpsbdr@ksp.gov.in,9480803408,08482-222807,Bidar,WOMEN PS,L&O
AGID2063,PI Women PS,PI,,9480802507,8156275122,Chikkaballapura,WOMEN PS,L&O
AGID2051,PI Women PS,PI,womenpsbgk@ksp.gov.in,,08354-235233,Bagalkote,WOMEN PS,L&O
AGID2074,PI Women PS,PI,womenklr@ksp.gov.in,9480802600,226133,Kolar,WOMEN PS,L&O
AGID2083,PI Women PS,PI,womenpsbjp@ksp.gov.in,9480804200,08352-253555,Vijayapura,WOMEN PS,L&O
AGID2062,PI Women PS,PI,wemenchn@ksp.gov.in,,8226222048,Chamarajanagara,WOMEN PS,L&O
AGID2057,PI Women PS,PI,wemenpswsbcp@gmail.com,9480801147,22943510,Bengaluru City,WOMEN PS,L&O
AGID2056,PI Women PS,PI,,9480801059,22943180,Bengaluru City,WOMEN PS,L&O
AGID2082,PI Women PS,PI,womenkwarukwr@ksp.gov.in,9480805208,08382-226566,Uttara Kannada,WOMEN PS,L&O
AGID2653,PI Yadgir,PI,ydrpsdcre@ksp.gov.in,9480806176,08473-200141,Northeastern,PS Yadgir,DCRE
AGID2085,PI Yamakanamardi PS,PI,yamakanamardibgm@ksp.gov.in,9480804073,08333-276333,Belagavi,YAMAKANAMARDI PS,L&O
AGID2086,PI Yelahanka New Town PS,PI,piylkntbcp@ksp.gov.in,9480801416,22942537,Bengaluru City,YELAHANKA NEW TOWN PS,L&O
AGID2087,PI Yelahanka PS,PI,ylankabcp@ksp.gov.in,9480801415,22942536,Bengaluru City,YELAHANKA PS,L&O
AGID2088,PI Yellapur PS,PI,yellapurukwr@ksp.gov.in,9480805257,08419-261133,Uttara Kannada,YELLAPUR PS,L&O
AGID2089,PI Yeshwanthapura PS,PI,yspurabcp@ksp.gov.in,9480801322,22942526,Bengaluru City,YESHWANTHAPURA PS,L&O
AGID1014,PI-1 Lokayuktha,PI,kla.pi1-ydgr@karnataka.gov.in,9364062714,08473-253355,Yadgiri,PI-1 Lokayuktha,KLA
AGID1015,PI-2 Lokayuktha,PI,kla.pi2-ydgr@karnataka.gov.in,9364062715,08473-253355,Yadgiri,PI-2 Lokayuktha,KLA
AGID1025,PRS Sirsi,,prssirsiukwr@ksp.gov.in,7259815100,-,Uttara Kannada,PRS Sirsi,PRS
AGID2139,PSI APMC PS,PSI,apmcbjp@ksp.gov.in,9480804200,,Vijayapura,APMC PS,L&O
AGID2138,PSI APMC PS,PSI,,9480804047,2405250,Belagavi City,APMC PS,L&O
AGID2116,PSI Abbinahole PS,PSI,abbinholecta@ksp.gov.in,9480803152,08193-275325,Chitradurga,ABBINAHOLE PS,L&O
AGID0272,PSI Adarsha Nagar PS,PSI,adarshanagarbjp@ksp.gov.in,9480804200,,Vijayapura,ADARSHA NAGAR PS,DAR
AGID2117,PSI Afzalpur PS,PSI,afzalpurgha@ksp.gov.in,9480803567,08470-283038,Kalaburagi,AFZALPUR PS,L&O
AGID2118,PSI Agar Mambally PS,PSI,mamballichn@ksp.gov.in,9480804654,08224-264176,Chamarajanagara,AGAR MAMBALLY PS,L&O
AGID2119,PSI Aigali PS,PSI,aigalibgm@ksp.gov.in,9480804064,08289-259433,Belagavi,AIGALI PS,L&O
AGID2120,PSI Aimangala PS,PSI,aimangalacta@ksp.gov.in,9480803154,08193-263221,Chitradurga,AIMANGALA PS,L&O
AGID2121,PSI Ajjampura PS,PSI,ajjampurackm@ksp.gov.in,8277990271,08261-245033,Chikkamagaluru,AJJAMPURA PS,L&O
AGID2122,PSI Akkur PS,PSI,akkurrmn@ksp.gov.in,9480802858,27263253,Ramanagara,AKKUR PS,L&O
AGID2123,PSI Alamatti PS,PSI,alamattibjp@ksp.gov.in,9480804272,08426-281103,Vijayapura,ALAMATTI PS,L&O
AGID2124,PSI Aldur PS,PSI,aldurckm@ksp.gov.in,9480805149,08262-250041,Chikkamagaluru,ALDUR PS,L&O
AGID2125,PSI Almel PS,PSI,almelbjp@ksp.gov.in,9480804258,08488-232033,Vijayapura,ALMEL PS,L&O
AGID2126,PSI Alnavar PS,PSI,alnavardwd@ksp.gov.in,9480804349,0836-2233216,Dharwad,ALNAVAR PS,L&O
AGID2127,PSI Alwandi PS,PSI,alwandikpl@ksp.gov.in,9480803747,08539-225233,Koppal,ALWANDI PS,L&O
AGID2128,PSI Amasebylu PS,PSI,amasebailudp@ksp.gov.in,9480805472,08259-286499,Udupi,AMASEBYLU PS,L&O
AGID2129,PSI Ambikanagar PS,PSI,ambikanagarukwr@ksp.gov.in,9480805260,08284-258633,Uttara Kannada,AMBIKANAGAR PS,L&O
AGID2130,PSI Amingad PS,PSI,amingadbgk@ksp.gov.in,9480803952,08351-270333,Bagalkote,AMINGAD PS,L&O
AGID2131,PSI Anandapura PS,PSI,anandapurashi@ksp.gov.in,9480803363,08186-244733,Shivamogga,ANANDAPURA PS,L&O
AGID2132,PSI Anavatti PS,PSI,anavattishi@ksp.gov.in,9480803369,08184-267135,Shivamogga,ANAVATTI PS,L&O
AGID2133,PSI Andersonpet PS,PSI,andersonpetkgf@ksp.gov.in,9480802750,274282,KGF,ANDERSONPET PS,L&O
AGID2134,PSI Ankalgi PS,PSI,ankalgibgm@ksp.gov.in,9480804067,08332-262233,Belagavi,ANKALGI PS,L&O
AGID2135,PSI Ankola PS,PSI,ankolaukwr@ksp.gov.in,8277988267,08388-254812,Uttara Kannada,ANKOLA PS,L&O
AGID2136,PSI Annigeri PS,PSI,anagardwd@ksp.gov.in,9480804349,0836-2233216,Dharwad,ANNIGERI PS,L&O
AGID2137,PSI Antharasanthe PS,PSI,antharasanthemys@ksp.gov.in,9480805065,8228268333,Mysuru,ANTHARASANTHE PS,L&O
AGID2140,PSI Arakalagudu PS,PSI,arkalgudhsn@ksp.gov.in,9480804763,8175220249,Hassan,ARAKALAGUDU PS,L&O
AGID2141,PSI Arakere PS,PSI,arakeremdy@ksp.gov.in,9480804857,8236259235,Mandya,ARAKERE PS,L&O
AGID2142,PSI Arasikere PS,PSI,arasikerevjn@ksp.gov.in,9480805778,08398-240333,Vijayanagara,ARASIKERE PS,L&O
AGID2143,PSI Arehalli PS,PSI,arehallyhsn@ksp.gov.in,9480804759,8177221342,Hassan,AREHALLI PS,L&O
AGID2144,PSI Athani PS,PSI,athanibgm@ksp.gov.in,9480804062,08289-251133,Belagavi,ATHANI PS,L&O
AGID2145,PSI Aurad PS,PSI,auradbdr@ksp.gov.in,9480803467,08485-280048,Bidar,AURAD PS,L&O
AGID2146,PSI B.Gudi PS,PSI,bgudiydr@ksp.gov.in,9480803580,08492-222055,Yadgiri,B.GUDI PS,L&O
AGID2177,PSI BEML PS,PSI,bemlkgf@ksp.gov.in,9480802748,263179,KGF,BEML PS,L&O
AGID2147,PSI Babaleshwar PS,PSI,babalesjwarbjp@ksp.gov.in,9480804249,08355-283033,Vijayapura,BABALESHWAR PS,L&O
AGID2148,PSI Badami PS,PSI,,9480803954,8357220333,Bagalkote,BADAMI PS,L&O
AGID2149,PSI Bagalkot Rural PS,PSI,bgkruralbgk@ksp.gov.in,9480803947,08354-220460,Bagalkote,BAGALKOT RURAL PS,L&O
AGID0638,PSI Bagalkote Traffic PS,PSI,bgktraffichgk@ksp.gov.in,9480803946,08354-235033,Bagalkote,BAGALKOTE TRAFFIC PS,Traffic
AGID2150,PSI Bagdal PS,PSI,bagdalbdr@ksp.gov.in,9480803451,08482-242633,Bidar,BAGDAL PS,L&O
AGID2151,PSI Bagmandala PS,PSI,bhagamandalamer@ksp.gov.in,9480804949,827224327,Kodagu,BAGMANDALA PS,L&O
AGID2152,PSI Bajpe PS,PSI,,9480805356,2220531,Mangaluru City,BAJPE PS,L&O
AGID2153,PSI Balaganoor PS,PSI,balaganoorrcr@ksp.gov.in,9480803863,,Raichur,BALAGANOOR PS,L&O
AGID2154,PSI Balehonnur PS,PSI,balehonnurckm@ksp.gov.in,9480805158,08266-250666,Chikkamagaluru,BALEHONNUR PS,L&O
AGID0639,PSI Ballari Traffic PS,PSI,,9480803086,08392-275722,Ballari,BALLARI TRAFFIC PS,Traffic
AGID2155,PSI Balur PS,PSI,balurckm@ksp.gov.in,9480805153,08263-245111,Chikkamagaluru,BALUR PS,L&O
AGID2156,PSI Banahatti PS,PSI,banahattibgk@ksp.gov.in,9480803957,08353-220133,Bagalkote,BANAHATTI PS,L&O
AGID2157,PSI Banakal PS,PSI,banakalckm@ksp.gov.in,9480805151,08263-229049,Chikkamagaluru,BANAKAL PS,L&O
AGID2158,PSI Banavara PS,PSI,banavarahsngksp.gov.in,9480804756,8174235633,Hassan,BANAVARA PS,L&O
AGID2159,PSI Banavasi PS,PSI,banavasiukwr@ksp.gov.in,9480805246,08384-264210,Uttara Kannada,BANAVPS,L&O
AGID2160,PSI Bangarpet PS,PSI,,9480109383,255228,KGF,BANGARPET PS,L&O
AGID2161,PSI Bantwal (T) PS,PSI,bantwalatownmaq@ksp.gov.in,8277986225,08255-232111,Dakshina Kannada,BANTWAL (T) PS,L&O
AGID2162,PSI Bantwala (R) PS,PSI,bantwalaruralmaq@ksp.gov.in,9480805368,08255-235000,Dakshina Kannada,BANTWALA (R) PS,L&O
AGID0640,PSI Bantwala Traffic PS,PSI,bantwalatrafficmaq@ksp.gov.in,8277986631,08255-281111,Dakshina Kannada,BANTWALA TRAFFIC PS,Traffic
AGID2163,PSI Basaralu PS,PSI,basaralumdy@ksp.gov.in,9480804850,8232276634,Mandya,BASARALU PS,L&O
AGID2164,PSI Basavakalyan (R) PS,PSI,bkalyanruralbdr@ksp.gov.in,9480803460,08481-252333,Bidar,BASAVAKALYAN (R) PS,L&O
AGID2165,PSI Basavakalyan Town PS,PSI,bkalyantownbdr@ksp.gov.in,9480803457,08481-250336,Bidar,BASAVAKALYAN TOWN PS,L&O
AGID2166,PSI Basavakalyan Trf. PS,PSI,bkalyantrafficbdr@ksp.gov.in,9480803459,08481-259045,Bidar,BASAVAKALYAN TRF. PS,L&O
AGID2167,PSI Basavanahalli PS,PSI,basavanahallickm@ksp.gov.in,9480805148,08262-228120,Chikkamagaluru,BASAVANAHALLI PS,L&O
AGID2168,PSI Basavapatanna PS,PSI,basavapatnadvg@ksp.gov.in,9480803260,,Davanagere,BASAVAPATANNA PS,L&O
AGID2169,PSI Batlahalli PS,PSI,bhallipscbpura@ksp.gov.in,9480802556,08154-247265,Chikkaballapura,BATLAHALLI PS,L&O
AGID2170,PSI Begur PS,PSI,begurehn@ksp.gov.in,9480804608,82292311,Chamarajanagara,BEGUR PS,L&O
AGID2171,PSI Belakavadi PS,PSI,,9480804865,8232240034,Mandya,BELAKAVADI PS,L&O
AGID2172,PSI Bellare,PSI,bellaremaq@ksp.gov.in,8277986452,08257-271995,Dakshina Kannada,PSI Bellare,L&O
AGID2173,PSI Bellur PS,PSI,bellurmdy@ksp.gov.in,9480804853,8234287535,Mandya,BELLUR PS,L&O
AGID2174,PSI Belthangadi PS,PSI,belthangadimaq@ksp.gov.in,8277986367,08256-232093,Dakshina Kannada,BELTHANGADI PS,L&O
AGID0641,PSI Belthangadi Traffic PS,PSI,belthangaditrafficmaq@ksp.gov.in,8277986304,08256-234100,Dakshina Kannada,BELTHANGADI TRAFFIC PS,Traffic
AGID2175,PSI Belur PS,PSI,,9480804757,8177222444,Hassan,Belur PS,L&O
AGID2176,PSI Bemalkhed PS,PSI,bemalkhedbdr@ksp.gov.in,9480803454,08483-275444,Bidar,BEMALKHED PS,L&O
AGID2178,PSI Besagarahalli PS,PSI,besagarahallimdy@ksp.gov.in,9480804871,8232278264,Mandya,BESAGARAHALLI PS,L&O
AGID2179,PSI Betageri Extension PS,PSI,betagerixtngdg@ksp.gov.in,9480804450,08372-237019,Gadag,BETAGERI EXTENSION PS,L&O
AGID2180,PSI Betageri PS,PSI,betagerigd@ksp.gov.in,9480804449,08372-246333,Gadag,BETAGERI PS,L&O
AGID2181,PSI Bethamangala PS,PSI,bethamangalakgf@ksp.gov.in,9480802752,200623,KGF,BETHAMANGALA PS,L&O
AGID2182,PSI Bettadapura PS,PSI,bettadapuramys@ksp.gov.in,9480805050,82232757,Mysuru,BETTADAPURA PS,L&O
AGID2183,PSI Bevoor PS,PSI,bevoorkpl@ksp.gov.in,9480803751,08539-227641,Koppal,BEVOOR PS,L&O
AGID0642,PSI Bhadravathi Traffic PS,PSI,bdvttrafficshi@ksp.gov.in,9480803351,08282-274313,Shivamogga,BHADRAVATHI TRAFFIC PS,Traffic
AGID2184,PSI Bhalki Rural PS,PSI,bhalkiruralbdr@ksp.gov.in,9480803464,08484-262333,Bidar,BHALKI RURAL PS,L&O
AGID2185,PSI Bhatkal (R) PS,PSI,bhatkalruralukwr@ksp.gov.in,8277987574,08385-227333,Uttara Kannada,BHATKAL (R) PS,L&O
AGID2186,PSI Bhatkal (T) PS,PSI,bhatkaltownukwr@ksp.gov.in,8277987570,08385-226333,Uttara Kannada,BHATKAL (T) PS,L&O
AGID0273,PSI Bidar Sub-Urban PS,PSI,townbdr@ksp.gov.in,9480803445,08482-231046,Bidar,BIDAR SUB-URBAN PS,DAR
AGID2187,PSI Biligere PS,PSI,,9480805051,8221232255,Mysuru,BILIGERE PS,L&O
AGID2188,PSI Bindiganavile PS,PSI,bnavilemdy@ksp.gov.in,9480804854,823428424,Mandya,BINDIGANAVILE PS,L&O
AGID2189,PSI Birur PS,PSI,birurckm@ksp.gov.in,9480805165,08267-255656,Chikkamagaluru,BIRUR PS,L&O
AGID2190,PSI Brahmavara PS,PSI,brahmavarudp@ksp.gov.in,9480805453,0820-2561044,Udupi,BRAHMAVARA PS,L&O
AGID2191,PSI Brucepet PS,PSI,,9480803081,08392-272022,Ballari,BRUCEPET PS,L&O
AGID2192,PSI Budikote PS,PSI,budikotekgf@ksp.gov.in,9480802746,200450,KGF,BUDIKOTE PS,L&O
AGID2193,PSI Bylakuppa PS,PSI,byalakuppemys@ksp.gov.in,9480805059,8223254433,Mysuru,BYLAKUPPA PS,L&O
AGID2194,PSI Byndoor PS,PSI,byndoorudp@ksp.gov.in,9480805459,08254-251033,Udupi,BYNDOOR PS,L&O
AGID2195,PSI C.R.Patna (R) PS,PSI,,9480804768,8176254933,Hassan,C.R.PATNA (R) PS,L&O
AGID2196,PSI C.R.Patna (T) PS,PSI,,9480804779,8176252333,Hassan,C.R.PATNA (T) PS,L&O
AGID0643,PSI C.R.Patna Traffic PS,PSI,,9480804775,8176256707,Hassan,C.R.PATNA TRAFFIC PS,Traffic
AGID0126,PSI CCB-1,PSI,,9480802326,2220818,Mangaluru City,CCB-1,CCB
AGID0127,PSI CCB-2,PSI,,9480805340,,Mangaluru City,CCB-2,CCB
AGID0225,PSI CEN PS,PSI,cencpsudp@ksp.gov.in,8277988955,0820-2530021,Udupi,CEN PS,CEN
AGID2197,PSI CH-Nagara East PS,PSI,eastchn@ksp.gov.in,,8226222058,Chamarajanagara,CH-NAGARA EAST PS,L&O
AGID0644,PSI CH-Nagara Traffic PS,PSI,trafficchn@ksp.gov.in,,822622202,Chamarajanagara,CH-NAGARA TRAFFIC PS,Traffic
AGID2198,PSI Chadachan PS,PSI,chadachanbjp@ksp.gov.in,9480804255,08422-278013,Vijayapura,CHADACHAN PS,L&O
AGID2199,PSI Channapatna (T) PS,PSI,cpatnatownrmn@ksp.gov.in,9480802855,27251749,Ramanagara,CHANNAPATNA (T) PS,L&O
AGID2200,PSI Channapatna East PS,PSI,cpatnaeastrmn@ksp.gov.in,9480802856,27251229,Ramanagara,CHANNAPATNA EAST PS,L&O
AGID2201,PSI Channapatna Rural PS,PSI,cpatnaruralrmn@ksp.gov.in,9480802857,27251256,Ramanagara,CHANNAPATNA RURAL PS,L&O
AGID0645,PSI Channapatna Traffic PS,PSI,cpatnatfermn2@ksp.gov.in,,27271010,Ramanagara,CHANNAPATNA TRAFFIC PS,Traffic
AGID2202,PSI Chelur PS,PSI,chelurpscbpura@ksp.gov.in,9480802551,08150-280099,Chikkaballapura,CHELUR PS,L&O
AGID2203,PSI Chigateri PS,PSI,chigaterivjn@ksp.gov.in,9480805779,08398-250213,Vijayanagara,CHIGATERI PS,L&O
AGID2204,PSI Chikkajajur PS,PSI,chikkajajurcta@ksp.gov.in,9480803150,08191-287533,Chitradurga,CHIKKAJAJUR PS,L&O
AGID2205,PSI Chikkamagaluru (R) PS,PSI,ruralckm@ksp.gov.in,8277990246,08262-220588,Chikkamagaluru,CHIKKAMAGALURU (R) PS,L&O
AGID2206,PSI Chikkamagaluru Town PS,PSI,townckm@ksp.gov.in,8277990240,08262-235333,Chikkamagaluru,CHIKKAMAGALURU TOWN PS,L&O
AGID0646,PSI Chikkamagaluru Traffic PS,PSI,trafficckm@ksp.gov.in,9480805146,08262-222956,Chikkamagaluru,CHIKKAMAGALURU TRAFFIC PS,Traffic
AGID0647,PSI Chikkodi Traffic PS,PSI,chikkoditowntrafficbgm@ksp.gov.in,9480804131,08338-272733,Belagavi,CHIKKODI TRAFFIC PS,Traffic
AGID2207,PSI Chincholli PS,PSI,chincholigba@ksp.gov.in,9480803588,08475-273033,Kalaburagi,CHINCHOLLI PS,L&O
AGID2208,PSI Chintaki PS,PSI,chintakibdr@ksp.gov.in,9480803468,08485-284033,Bidar,CHINTAKI PS,L&O
AGID2209,PSI Chintamani (T) PS,PSI,,9480802553,08154-252140,Chikkaballapura,CHINTAMANI (T) PS,L&O
AGID2210,PSI Chitaguppa PS,PSI,chittaguppabdr@ksp.gov.in,9480803455,08483-277133,Bidar,CHITAGUPPA PS,L&O
AGID2211,PSI Chithapur Circle,PSI,chittaputagba@ksp.gov.in,9480803532,08472-236116,Kalaburagi,PSI Chithapur Circle,L&O
AGID2212,PSI Chithapur PS,PSI,chittapurgha@ksp.gov.in,9480803573,08472-236123,Kalaburagi,CHITHAPUR PS,L&O
AGID2213,PSI Chitrahalli Gate PS,PSI,,,08191-277277,Chitradurga,CHITRAHALLI GATE PS,L&O
AGID2214,PSI Chittakula PS,PSI,chittakulaukwr@ksp.gov.in,9480805249,08382-222443,Uttara Kannada,CHITTAKULA PS,L&O
AGID2215,PSI Chittawadagi PS,PSI,,9480805757,08394-228543,Vijayanagara,CHITTAWADAGI PS,L&O
AGID2216,PSI Choranuru PS,PSI,choranurublr@ksp.gov.in,9480803063,,Ballari,CHORANURU PS,L&O
AGID0332,PSI DCRB,PSI,derb1gba@ksp.gov.in,94808032100,,Kalaburagi,PSI DCRB,DCRB
AGID0333,PSI DCRB,PSI,dcrbudp@ksp.gov.in,8277989133,0820-2522895,Udupi,PSI DCRB,DCRB
AGID0334,PSI DCRB Shivamogga,PSI,,9480803392,,Shivamogga,PSI DCRB Shivamogga,DCRB
AGID2217,PSI Dandeli (R) PS,PSI,dandeliruralukwr@ksp.gov.in,9480805259,08284-230363,Uttara Kannada,DANDELI (R) PS,L&O
AGID2218,PSI Dandeli (T) PS,PSI,dandelitownukwr@ksp.gov.in,9480805274,08284-231333,Uttara Kannada,DANDELI (T) PS,L&O
AGID0648,PSI Devadurga Traffic PS,PSI,deodurgatrafficrcr@ksp.gov.in,9480803815,08531-260344,Raichur,DEVADURGA TRAFFIC PS,Traffic
AGID2219,PSI Deval Ganagapur PS,PSI,dgpuragba@ksp.gov.in,9480803568,08470-274360,Kalaburagi,DEVAL GANAGAPUR PS,L&O
AGID2220,PSI Devarhipparagi PS,PSI,devarahipparagibjp@ksp.gov.in,9480804259,08424-283033,Vijayapura,DEVARHIPPARAGI PS,L&O
AGID2221,PSI Dhannura PS,PSI,dhannurabdr@ksp.gov.in,9480803465,08484-264231,Bidar,DHANNURA PS,L&O
AGID2222,PSI Dharmastala PS,PSI,dharmastalamaq@ksp.gov.in,8277986447,08256-277253,Dakshina Kannada,DHARMASTALA PS,L&O
AGID2223,PSI Dibburhalli PS,PSI,dbhallicbpura@ksp.gov.in,9480802559,08158-258125,Chikkaballapura,DIBBURHALLI PS,L&O
AGID2224,PSI Doddapete PS,PSI,,9480803349,08182-261415,Shivamogga,DODDAPETE PS,L&O
AGID2225,PSI Doddawad PS,PSI,doddawadbgm@ksp.gov.in,9480804077,08337-9481415545,Belagavi,DODDAWAD PS,L&O
AGID2226,PSI Dudda PS,PSI,duddahsngksp.gov.in,9480804751,8172223935,Hassan,DUDDA PS,L&O
AGID2227,PSI Gabbur PS,PSI,gabburrrcr@ksp.gov.in,9480803860,08531-275133,Raichur,GABBUR PS,L&O
AGID0649,PSI Gadag Betageri Traffic PS,PSI,trafficgdg@ksp.gov.in,9480804446,08372-238425,Gadag,GADAG BETAGERI TRAFFIC PS,Traffic
AGID2228,PSI Gadag Rural PS,PSI,ruralgdg@ksp.gov.in,,08372-278213,Gadag,GADAG RURAL PS,L&O
AGID2229,PSI Gajendragad PS,PSI,gajendragadgdg@ksp.gov.in,9480804453,08381-262133,Gadag,GAJENDRAGAD PS,L&O
AGID2230,PSI Gandasi PS,PSI,gandasihsn@ksp.gov.in,9480804755,817422063,Hassan,GANDPS,L&O
AGID2231,PSI Gandhinagar PS,PSI,,9480803082,08392-272192,Ballari,GANDHINAGAR PS,L&O
AGID2232,PSI Gandhinagar PS,PSI,ghandinagardvg@ksp.gov.in,9480803247,08192-272011,Davanagere,GANDHINAGAR PS,L&O
AGID0650,PSI Gangavati Traffic PS,PSI,gvttraffickpl@ksp.gov.in,9480803756,08533-231533,Koppal,GANGAVATI TRAFFIC PS,Traffic
AGID2233,PSI Gangolli PS,PSI,gangolliudp@ksp.gov.in,9480805457,08254-265333,Udupi,GANGOLLI PS,L&O
AGID2234,PSI Garag PS,PSI,garagdwd@ksp.gov.in,9480804349,0836-2233217,Dharwad,GARAG PS,L&O
AGID2235,PSI Gogi PS,PSI,gogiydr@ksp.gov.in,9480803579,08491-225533,Yadgiri,GOGI PS,L&O
AGID2236,PSI Gokak Rural PS,PSI,gokakruralbgm@ksp.gov.in,9480804066,08332-225333,Belagavi,GOKAK RURAL PS,L&O
AGID2237,PSI Gokarna PS,PSI,gokarnaukwr@ksp.gov.in,8277988251,08386-256133,Uttara Kannada,GOKARNA PS,L&O
AGID2238,PSI Golgumbaz PS,PSI,golgumbazbjp@ksp.gov.in,9480804200,,Vijayapura,GOLGUMBAZ PS,L&O
AGID2239,PSI Gonibeedu PS,PSI,gonibeeduckm@ksp.gov.in,9480805152,08263-240117,Chikkamagaluru,GONIBEEDU PS,L&O
AGID2240,PSI Gonikoppa PS,PSI,gonicoppamer@ksp.gov.in,9480804957,8274247333,Kodagu,GONIKOPPA PS,L&O
AGID2241,PSI Gorur PS,PSI,gorurhsn@ksp.gov.in,9480804750,8172225475,Hassan,GORUR PS,L&O
AGID2242,PSI Gownipalli PS,PSI,gownipalliklr@ksp.gov.in,9480802656,08157-248106,Kolar,GOWNIPALLI PS,L&O
AGID2243,PSI Gudageri PS,PSI,gudageridwd@ksp.gov.in,9480804349,,Dharwad,GUDAGERI PS,L&O
AGID2244,PSI Gudekote PS,PSI,gudekotevjn@ksp.gov.in,9480805761,,Vijayanagara,GUDEKOTE PS,L&O
AGID2245,PSI Gudibande PS,PSI,gbandecbpura@ksp.gov.in,9480802560,261025,Chikkaballapura,GUDIBANDE PS,L&O
AGID2246,PSI Guledagudda PS,PSI,,9480803956,08357-220333,Bagalkote,GULEDAGUDDA PS,L&O
AGID2247,PSI Gurmitkal,PSI,gurmitkalydr@ksp.gov.in,9480803581,08473-225054,Yadgiri,PSI Gurmitkal,L&O
AGID2248,PSI H.B.Halli PS,PSI,hbhalli@ksp.gov.in,9480805764,,Vijayanagara,H.B.HALLI PS,L&O
AGID2249,PSI H.N.Pura (R) PS,PSI,hnpuraruralhsn@ksp.gov.in,9480804766,8175273308,Hassan,H.N.PURA (R) PS,L&O
AGID2250,PSI H.N.Pura (T) PS,PSI,hnpuratownhsn@ksp.gov.in,9480804765,8175273333,Hassan,H.N.PURA (T) PS,L&O
AGID2251,PSI Hadadi PS,PSI,hadadidvg@ksp.gov.in,9480803254,08192-218405,Davanagere,HADADI PS,L&O
AGID2252,PSI Hadagali PS,PSI,hadagalivjn@ksp.gov.in,9480805781,,Vijayanagara,HADAGALI PS,L&O
AGID2253,PSI Halageri PS,PSI,halagerihvr@ksp.gov.in,9480804554,08373-252333,Haveri,HALAGERI PS,L&O
AGID2254,PSI Halagur PS,PSI,halagurumdy@ksp.gov.in,9480804866,8232295322,Mandya,HALAGUR PS,L&O
AGID2255,PSI Halawagalu PS,PSI,halawagaluvjn@ksp.gov.in,9480805777,08398-240333,Vijayanagara,HALAWAGALU PS,L&O
AGID2256,PSI Halebeedu PS,PSI,halebeeduhsn@ksp.gov.in,9480804758,8177273201,Hassan,HALEBEEDU PS,L&O
AGID2257,PSI Haliyal PS,PSI,haliyalukwr@ksp.gov.in,9480805265,08284-220133,Uttara Kannada,HALIYAL PS,L&O
AGID2258,PSI Halli Mysuru PS,PSI,,9480804780,81752601,Hassan,HALLI MYSURU PS,L&O
AGID2259,PSI Hallikhed PS,PSI,hallikhedbdr@ksp.gov.in,9480803453,08483-274313,Bidar,HALLIKHED PS,L&O
AGID2260,PSI Hanumasagara PS,PSI,hanumsagarkpl@ksp.gov.in,9480803759,08536-270333,Koppal,HANUMASAGARA PS,L&O
AGID2261,PSI Harapanahalli PS,PSI,harapanhallivjn@ksp.gov.in,9480805776,08398-272033,Vijayanagara,HARAPANAHALLI PS,L&O
AGID2262,PSI Harihara Rural PS,PSI,hariharararaldvg@ksp.gov.in,9480803258,08192-272107,Davanagere,HARIHARA RURAL PS,L&O
AGID2263,PSI Hariharapura PS,PSI,hariharapurackm@ksp.gov.in,9480805155,08265-274158,Chikkamagaluru,HARIHARAPURA PS,L&O
AGID2264,PSI Harohally PS,PSI,thallirmn@ksp.gov.in,9480802850,27562240,Ramanagara,HAROHALLY PS,L&O
AGID2265,PSI Harugeri PS,PSI,harugeribgm@ksp.gov.in,9480804061,08331-257133,Belagavi,HARUGERI PS,L&O
AGID2266,PSI Hassan City PS,PSI,,9480804778,8172268333,Hassan,HASSAN CITY PS,L&O
AGID2267,PSI Hassan Extension PS,PSI,,9480804747,8172268967,Hassan,HASSAN EXTENSION PS,L&O
AGID2268,PSI Hatchohalli PS,PSI,hatcholliblr@ksp.gov.in,9480803054,08396-241613,Ballari,HATCHOHALLI PS,L&O
AGID2269,PSI Hebri PS,PSI,hebriudp@ksp.gov.in,9480805463,08253-251116,Udupi,HEBRI PS,L&O
AGID2270,PSI Hialur PS,PSI,cpibdvtruralshi@ksp.gov.in,9480803357,08282-223310,Shivamogga,HIALUR PS,L&O
AGID2271,PSI Hirehadagali PS,PSI,hirehadagalivjn@ksp.gov.in,9480805782,,Vijayanagara,HIREHADAGALI PS,L&O
AGID2272,PSI Hiresave PS,PSI,hirisavehsn@ksp.gov.in,9480804770,8176226888,Hassan,HIRESAVE PS,L&O
AGID2273,PSI Hiriyadkka PS,PSI,hiriyadkkaudp@ksp.gov.in,9480805452,0820-2542248,Udupi,HIRIYADKKA PS,L&O
AGID2274,PSI Hiriyur (T) PS,PSI,,9480803177,08193-263444,Chitradurga,HIRIYUR (T) PS,L&O
AGID2275,PSI Hiriyur Rural PS,PSI,,9480803116,08193-263555,Chitradurga,HIRIYUR RURAL PS,L&O
AGID2276,PSI Hokrana PS,PSI,hokranabdr@ksp.gov.in,,08485-284444,Bidar,HOKRANA PS,L&O
AGID2277,PSI Holalkere PS,PSI,holakerecta@ksp.gov.in,9480803151,08191-275233,Chitradurga,HOLALKERE PS,L&O
AGID2278,PSI Honnali PS,PSI,,9480803262,,Davanagere,HONNALI PS,L&O
AGID2279,PSI Honnavar PS,PSI,honnavarukwr@ksp.gov.in,9480805270,08387-220248,Uttara Kannada,HONNAVAR PS,L&O
AGID2280,PSI Horti PS,PSI,hortibjp@ksp.gov.in,9480804254,08422-283733,Vijayapura,HORTI PS,L&O
AGID2281,PSI Hosadurga PS,PSI,hosadurgacta@ksp.gov.in,9480803155,08199-230431,Chitradurga,HOSADURGA PS,L&O
AGID2282,PSI Hosalli PS,PSI,hosallivjn@ksp.gov.in,9480805763,,Vijayanagara,HOSALLI PS,L&O
AGID2283,PSI Hospet Extn. PS,PSI,hospetextnvjn@ksp.gov.in,9480805755,08394-230233,Vijayanagara,HOSPET EXTN. PS,L&O
AGID2284,PSI Hospet Rural PS,PSI,hospetruralvjn@ksp.gov.in,9480805753,08394-228233,Vijayanagara,HOSPET RURAL PS,L&O
AGID2285,PSI Hospet Town PS,PSI,hospettownvjn@ksp.gov.in,9480805751,08394-224033,Vijayanagara,HOSPET TOWN PS,L&O
AGID0651,PSI Hospet Traffic PS,PSI,hospettrafficvjn@ksp.gov.in,9480805752,08394-230255,Vijayanagara,HOSPET TRAFFIC PS,Traffic
AGID2286,PSI Hukkeri PS,PSI,hukkeribgm@ksp.gov.in,9480804071,08333-266033,Belagavi,HUKKERI PS,L&O
AGID2287,PSI Hullahalli PS,PSI,hullahallimys@ksp.gov.in,9480805066,8221220111,Mysuru,HULLAHALLI PS,L&O
AGID2288,PSI Hulsoor PS,PSI,hulsoorbdr@ksp.gov.in,9480803458,08481-253025,Bidar,HULSOOR PS,L&O
AGID2289,PSI Humnabad PS,PSI,humnabadbdr@ksp.gov.in,9480803452,08483-270033,Bidar,HUMNABAD PS,L&O
AGID0652,PSI Humnabad Traffic PS,PSI,humnadbadtrafficbdr@ksp.gov.in,8277975032,08483-270100,Bidar,HUMNABAD TRAFFIC PS,Traffic
AGID2290,PSI Hunagund PS,PSI,hunagundbgk@ksp.gov.in,9480803950,08351-260133,Bagalkote,HUNAGUND PS,L&O
AGID2291,PSI Hunsagi PS,PSI,hunasagiydr@ksp.gov.in,9480803587,08444-200388,Yadgiri,HUNSAGI PS,L&O
AGID2292,PSI Hutti PS,PSI,huttircr@ksp.gov.in,9480803875,08537-275033,Raichur,HUTTI PS,L&O
AGID2293,PSI Idapanoor PS,PSI,idapanoorrcr@ksp.gov.in,9480803853,,Raichur,IDAPANOOR PS,L&O
AGID2294,PSI Ijoor PS,PSI,ijoorrmn@ksp.gov.in,9480802847,27271230,Ramanagara,IJOOR PS,L&O
AGID2295,PSI Ilkal (T) PS,PSI,,,08351-805,Bagalkote,ILKAL (T) PS,L&O
AGID2296,PSI Ilkal Rural PS,PSI,ilkalruralbgk@ksp.gov.in,,8351270333,Bagalkote,ILKAL RURAL PS,L&O
AGID2297,PSI Indi Rural PS,PSI,indiruralbjp@ksp.gov.in,9480804273,08359-225100,Vijayapura,INDI RURAL PS,L&O
AGID2298,PSI Ittigi PS,PSI,ittigivjn@ksp.gov.in,9480805783,,Vijayanagara,ITTIGI PS,L&O
AGID2299,PSI Jalahalli PS,PSI,jalahallircr@ksp.gov.in,9480803859,08531-265233,Raichur,JALAHALLI PS,L&O
AGID2300,PSI Jalanagara PS,PSI,jalanagarabjp@ksp.gov.in,9480804200,,Vijayapura,JALANAGARA PS,L&O
AGID2301,PSI Jamakhandi (T) PS,PSI,jamakhandibgk@ksp.gov.in,9480803953,08353-220333,Bagalkote,JAMAKHANDI (T) PS,L&O
AGID2302,PSI Jamakhandi Rural PS,PSI,jamakhandiruralbgk@ksp.gov.in,948080321,08353-220133,Bagalkote,JAMAKHANDI RURAL PS,L&O
AGID2303,PSI Janwada PS,PSI,janwadabdr@ksp.gov.in,9480803450,08482-244033,Bidar,JANWADA PS,L&O
AGID2304,PSI Javagal PS,PSI,javgalhsn@ksp.gov.in,9480804784,8174271221,Hassan,JAVAGAL PS,L&O
AGID2305,PSI Jayapura,PSI,jayapuramys@ksp.gov.in,9480805047,83522595781,Mysuru,PSI Jayapura,L&O
AGID2306,PSI Jayapura PS,PSI,jayapurackm@ksp.gov.in,9480805172,08265-245245,Chikkamagaluru,JAYAPURA PS,L&O
AGID2307,PSI Jewargi PS,PSI,jewargigba@ksp.gov.in,9480803560,,Kalaburagi,JEWARGI PS,L&O
AGID2308,PSI Joida PS,PSI,joidaukwr@ksp.gov.in,9480805266,08383-282733,Uttara Kannada,JOIDA PS,L&O
AGID2309,PSI K.M.Doddi PS,PSI,kmdoddimdy@ksp.gov.in,9480804867,8232235032,Mandya,K.M.Doddi PS,L&O
AGID2310,PSI K.R.Pet (R) PS,PSI,,,823026244,Mandya,K.R.PET (R) PS,L&O
AGID2311,PSI K.R.Pet (T) PS,PSI,krpettownmdy@ksp.gov.in,9480804859,8230262248,Mandya,K.R.PET (T) PS,L&O
AGID2312,PSI K.R.Sagar PS,PSI,,9480804856,8236257233,Mandya,K.R.SAGAR PS,L&O
AGID2313,PSI Kadaba PS,PSI,kadabamaq@ksp.gov.in,9480805364,08251-260044,Dakshina Kannada,KADABA PS,L&O
AGID2314,PSI Kadakalata PS,PSI,kadakalatabgm@ksp.gov.in,9480804120,08338-266333,Belagavi,KADAKALATA PS,L&O
AGID2315,PSI Kadur PS,PSI,kadurckm@ksp.gov.in,9480805167,08267-221333,Chikkamagaluru,KADUR PS,L&O
AGID2316,PSI Kagawad PS,PSI,kagawadbgm@ksp.gov.in,9480804063,08339-264633,Belagavi,KAGAWAD PS,L&O
AGID2317,PSI Kaladagi PS,PSI,,9480803948,08354-240133,Bagalkote,KALADAGI PS,L&O
AGID2319,PSI Kalagi PS,PSI,kalagigba@ksp.gov.in,9480803572,08474-227633,Kalaburagi,KALAGI PS,L&O
AGID2318,PSI Kalagi PS,PSI,kalagibgk@ksp.gov.in,,,Bagalkote,Kalagi PS,L&O
AGID2320,PSI Kalakeri PS,PSI,kalkeribjp@ksp.gov.in,9480804260,08424-273233,Vijayapura,KALAKERI PS,L&O
AGID2321,PSI Kalasa PS,PSI,kalasackm@ksp.gov.in,9480805160,08263-274877,Chikkamagaluru,KALASA PS,L&O
AGID2322,PSI Kamalanagar PS,PSI,kamalanagarbdr@ksp.gov.in,9480803470,08484-285223,Bidar,KAMALANAGAR PS,L&O
AGID2323,PSI Kamalapur PS,PSI,kamalapurgha@ksp.gov.in,9480803558,08478-221306,Kalaburagi,KAMALAPUR PS,L&O
AGID2324,PSI Kamasamudram PS,PSI,kamasamudramkgf@ksp.gov.in,9480802753,259028,KGF,KAMASAMUDRAM PS,L&O
AGID2325,PSI Kampli PS,PSI,kampliblr@ksp.gov.in,9480803077,08393-250333,Ballari,KAMPLI PS,L&O
AGID2326,PSI Kanakapura (R) PS,PSI,kpuraruralrmn@ksp.gov.in,9480802861,27523616,Ramanagara,KANAKAPURA (R) PS,L&O
AGID2327,PSI Kanakapura (T) PS,PSI,,9480802868,27522441,Ramanagara,KANAKAPURA (T) PS,L&O
AGID0653,PSI Kanakapura Traffic,PSI,kpuratfermn@ksp.gov.in,9480802869,27562270,Ramanagara,PSI Kanakapura Traffic,Traffic
AGID2328,PSI Kankanadi PS,PSI,,9480802348,2220529,Mangaluru City,KANKANADI PS,L&O
AGID2329,PSI Kargal PS,PSI,kargalshi@ksp.gov.in,9480803362,08186-240324,Shivamogga,KARGAL PS,L&O
AGID2330,PSI Karkala (R) PS,PSI,karkalaruraludp@ksp.gov.in,9480805462,08258-232083,Udupi,KARKALA (R) PS,L&O
AGID2331,PSI Karkala (T) PS,PSI,karkalatownudp@ksp.gov.in,8277988987,08258-230213,Udupi,KARKALA (T) PS,L&O
AGID2332,PSI Karwar Rural PS,PSI,karwarruralukwr@ksp.gov.in,8277988248,08382-228333,Uttara Kannada,KARWAR RURAL PS,L&O
AGID2333,PSI Karwar Town PS,PSI,karwartownukwr@ksp.gov.in,8277988247,08382-226333,Uttara Kannada,KARWAR TOWN PS,L&O
AGID2334,PSI Katkol PS,PSI,katakolbgm@ksp.gov.in,9480804081,08335-262133,Belagavi,KATKOL PS,L&O
AGID2335,PSI Kavitala PS,PSI,kowthalrcr@ksp.gov.in,9480803867,08538-252028,Raichur,KAVITALA PS,L&O
AGID2336,PSI Kavoor PS,PSI,,9480805358,2220533,Mangaluru City,KAVOOR PS,L&O
AGID2337,PSI Kembhavi PS,PSI,kembhavi@ksp.gov.in,9480804135,08443-278210,Yadgiri,KEMBHAVI PS,L&O
AGID2338,PSI Kencharlahalli PS,PSI,khallicbpura@ksp.gov.in,9480802555,08154-258640,Chikkaballapura,KENCHARLAHALLI PS,L&O
AGID2339,PSI Keregodu PS,PSI,keragodumdy@ksp.gov.in,9480804851,8232272044,Mandya,KEREGODU PS,L&O
AGID2340,PSI Kerur PS,PSI,kerurbgk@ksp.gov.in,9480803955,08357-230333,Bagalkote,KERUR PS,L&O
AGID2341,PSI Kesthur PS,PSI,kesturmdy@ksp.gov.in,9480804888,8232279735,Mandya,KESTHUR PS,L&O
AGID2342,PSI Khatak Chincholli PS,PSI,kehinchellibdr@ksp.gov.in,9480803466,08484-265233,Bidar,KHATAK CHINCHOLLI PS,L&O
AGID2343,PSI Kirugavalu PS,PSI,kalagavalumdy@ksp.gov.in,9480804866,8232249481,Mandya,KIRUGAVALU PS,L&O
AGID2344,PSI Kittur PS,PSI,kitturbgm@ksp.gov.in,9480804076,08337-286233,Belagavi,KITTUR PS,L&O
AGID2345,PSI Kodekal PS,PSI,kodekalydr@ksp.gov.in,9480804134,08444-222833,Yadgiri,KODEKAL PS,L&O
AGID2346,PSI Kodihalli PS,PSI,khallirmn@ksp.gov.in,9480802862,27541240,Ramanagara,KODIHALLI PS,L&O
AGID2347,PSI Kolhar PS,PSI,kolharbjp@ksp.gov.in,9480804267,08426-283013,Vijayapura,KOLHAR PS,L&O
AGID2348,PSI Kollegala Rural PS,PSI,kollegalruralchn@ksp.gov.in,9480804655,8224252051,Chamarajanagara,KOLLEGALA RURAL PS,L&O
AGID2349,PSI Kollegala Town PS,PSI,kollegaltownchn@ksp.gov.in,9480804653,8224252368,Chamarajanagara,KOLLEGALA TOWN PS,L&O
AGID2350,PSI Kollur PS,PSI,kollurudp@ksp.gov.in,9480805460,08254-258233,Udupi,KOLLUR PS,L&O
AGID2351,PSI Konanur PS,PSI,konanurhsn@ksp.gov.in,9480804764,8175226227,Hassan,KONANUR PS,L&O
AGID2352,PSI Konchawaram PS,PSI,kunchawaramgbalksp.gov.in,9480803590,08475-285181,Kalaburagi,KONCHAWARAM PS,L&O
AGID2354,PSI Koppa PS,PSI,keppamdy@ksp.gov.in,9480804870,8232248032,Mandya,KOPPA PS,L&O
AGID2353,PSI Koppa PS,PSI,koppackm@ksp.gov.in,9480805154,08265-221027,Chikkamagaluru,KOPPA PS,L&O
AGID2355,PSI Koppal (R) PS,PSI,ruralkpl@ksp.gov.in,9480803746,08539-221333,Koppal,KOPPAL (R) PS,L&O
AGID0654,PSI Koppal Traffic PS,PSI,traffickpl@ksp.gov.in,9480803731,08539-222822,Koppal,KOPPAL TRAFFIC PS,Traffic
AGID2356,PSI Kota PS,PSI,kotaudp@ksp.gov.in,9480805454,0820-2564155,Udupi,KOTA PS,L&O
AGID2357,PSI Kottur PS,PSI,kotturvjn@ksp.gov.in,9480805762,,Vijayanagara,KOTTUR PS,L&O
AGID2358,PSI Kowlande PS,PSI,kowlandemys@ksp.gov.in,9480805050,8221295621,Mysuru,KOWLANDE PS,L&O
AGID2359,PSI Kudachi PS,PSI,kudachibgm@ksp.gov.in,9480804061,08331-235233,Belagavi,KUDACHI PS,L&O
AGID2360,PSI Kudagi PS,PSI,kudagintpbjp@ksp.gov.in,9480804271,08426-280133,Vijayapura,KUDAGI PS,L&O
AGID2361,PSI Kuder PS,PSI,kuderuchn@ksp.gov.in,9480804647,8226234439,Chamarajanagara,KUDER PS,L&O
AGID2362,PSI Kudligi PS,PSI,kudligivjn@ksp.gov.in,9480805760,,Vijayanagara,KUDLIGI PS,L&O
AGID2363,PSI Kudremukha PS,PSI,kudremukhackm@ksp.gov.in,9480805159,08263-254169,Chikkamagaluru,KUDREMUKHA PS,L&O
AGID2364,PSI Kuduthini PS,PSI,kuduthiniblr@ksp.gov.in,9480803078,08392-248100,Ballari,KUDUTHINI PS,L&O
AGID2365,PSI Kukanoor PS,PSI,kukanoorkpl@ksp.gov.in,9480803750,08539-230438,Koppal,KUKANOOR PS,L&O
AGID2366,PSI Kulgod PS,PSI,kulgodbgm@ksp.gov.in,9480804069,08332-222233,Belagavi,KULGOD PS,L&O
AGID2367,PSI Kumarapattanam PS,PSI,kpattanamhvr@ksp.gov.in,9480804553,08373-242208,Haveri,KUMARAPATTANAM PS,L&O
AGID2368,PSI Kumta PS,PSI,kumtaukwr@ksp.gov.in,9480805272,08386-222333,Uttara Kannada,KUMTA PS,L&O
AGID2369,PSI Kundapur Town PS,PSI,kundapurudp@ksp.gov.in,8277988957,08254-230338,Udupi,KUNDAPUR TOWN PS,L&O
AGID2370,PSI Kundapur Town PS,PSI,kundapurudp@ksp.gov.in,8277988959,08254-230338,Udupi,KUNDAPUR TOWN PS,L&O
AGID0655,PSI Kundapur Traffic PS,PSI,kundapurtrafficudp@ksp.gov.in,9480805469,08254-233800,Udupi,KUNDAPUR TRAFFIC PS,Traffic
AGID2371,PSI Kundapura Rural PS,PSI,kundapuraruraludp@ksp.gov.in,9480805468,08254-237100,Udupi,KUNDAPURA RURAL PS,L&O
AGID2372,PSI Kurkunta PS,PSI,kurkuntagba@ksp.gov.in,9480803596,08441-228543,Kalaburagi,KURKUNTA PS,L&O
AGID2373,PSI Kurugodu PS,PSI,kurugodublr@ksp.gov.in,9480803051,08393-263433,Ballari,KURUGODU PS,L&O
AGID0656,PSI Kushalnagar Traffic PS,PSI,kushalnagartrafficmer@ksp.gov.in,8277958199,8276278833,Kodagu,KUSHALNAGAR TRAFFIC PS,Traffic
AGID2374,PSI Kushalnagara (R) PS,PSI,kushalanagararuralmer@ksp.gov.in,9480804936,8276278433,Kodagu,KUSHALNAGARA (R) PS,L&O
AGID2375,PSI Kushnoor PS,PSI,kushnurbdr@ksp.gov.in,9480803471,08484-988833,Bidar,KUSHNOOR PS,L&O
AGID2376,PSI Kushtagi PS,PSI,kushtagikpl@ksp.gov.in,9480803757,08536-267033,Koppal,KUSHTAGI PS,L&O
AGID2377,PSI Kutta PS,PSI,kuttamer@ksp.gov.in,9480804958,82742441,Kodagu,KUTTA PS,L&O
AGID2378,PSI Kyasamballi PS,PSI,kyasamballikgf@ksp.gov.in,9480802745,200289,KGF,KYASAMBALLI PS,L&O
AGID2379,PSI Lakkavalli PS,PSI,lakkavallickm@ksp.gov.in,9480805162,08261-239446,Chikkamagaluru,LAKKAVALLI PS,L&O
AGID2380,PSI Laxmeshwar PS,PSI,laxmeshwargdg@ksp.gov.in,9480804452,08487-272333,Gadag,LAXMESHWAR PS,L&O
AGID2381,PSI Lingadahalli PS,PSI,lingadahallickm@ksp.gov.in,9480805163,08261-254636,Chikkamagaluru,LINGADAHALLI PS,L&O
AGID2382,PSI Lokapur PS,PSI,lokapurbgk@ksp.gov.in,9480803962,08350-243033,Bagalkote,LOKAPUR PS,L&O
AGID2383,PSI M.K. Doddi PS,PSI,mkdoddirmn@ksp.gov.in,9480802859,,Ramanagara,M.K. DODDI PS,L&O
AGID2384,PSI M.M.Halli PS,PSI,mmhallivjn@ksp.gov.in,9480805766,,Vijayanagara,M.M.HALLI PS,L&O
AGID2385,PSI Madan Hipparga PS,PSI,madanhihipparagagba@ksp.gov.in,9480803566,08477-216266,Kalaburagi,MADAN HIPPARGA PS,L&O
AGID2386,PSI Madbool PS,PSI,madboolgba@ksp.gov.in,9480803571,08474-290166,Kalaburagi,MADBOOL PS,L&O
AGID0657,PSI Maddur Traffic PS,PSI,kesturmdy@ksp.gov.in,9480804880,8232232003,Mandya,MADDUR TRAFFIC PS,Traffic
AGID2387,PSI Madikeri (T) PS,PSI,madikeritownmer@ksp.gov.in,9480804945,8272229333,Kodagu,MADIKERI (T) PS,L&O
AGID0658,PSI Madikeri Traffic PS,PSI,trafficmer@ksp.gov.in,9480804947,8272220081,Kodagu,MADIKERI TRAFFIC PS,Traffic
AGID2388,PSI Magadi PS,PSI,,,27745224,Ramanagara,MAGADI PS,L&O
AGID2389,PSI Mahagaon PS,PSI,mahagoangba@ksp.gov.in,9480803557,08478-220355,Kalaburagi,MAHAGAON PS,L&O
AGID2390,PSI Mahalingapur PS,PSI,mahalingapur@ksp.gov.in,9480803959,08350-220133,Bagalkote,MAHALINGAPUR PS,L&O
AGID2391,PSI Malamaruthi PS,PSI,,9480804048,2405251,Belagavi City,MALAMARUTHI PS,L&O
AGID2392,PSI Malavalli (R) PS,PSI,,,8231242233,Mandya,MALAVALLI (R) PS,L&O
AGID2393,PSI Malebennuru PS,PSI,malebennurdvg@ksp.gov.in,9480803259,08192-268758,Davanagere,MALEBENNURU PS,L&O
AGID2394,PSI Malkhed PS,PSI,seakmedgbalksp.gov.in,9480803595,08441-280366,Kalaburagi,MALKHED PS,L&O
AGID2395,PSI Mallandur PS,PSI,mallandurckm@ksp.gov.in,9480805171,08262-248222,Chikkamagaluru,MALLANDUR PS,L&O
AGID2396,PSI Mallapur PS,PSI,mallapurukwr@ksp.gov.in,9480805250,08382-2256592,Uttara Kannada,MALLAPUR PS,L&O
AGID2397,PSI Malpe PS,PSI,malpeudp@ksp.gov.in,9480805447,0820-2537999,Udupi,MALPE PS,L&O
AGID2398,PSI Managuli PS,PSI,managulibjp@ksp.gov.in,9480804245,08358-240833,Vijayapura,MANAGULI PS,L&O
AGID2399,PSI Mandya (R) PS,PSI,,9480804847,82322242,Mandya,MANDYA (R) PS,L&O
AGID0226,PSI Mandya Central PS,PSI,,9480804873,8232221345,Mandya,MANDYA CENTRAL PS,CEN
AGID2400,PSI Mandya East PS,PSI,eastmdy@ksp.gov.in,9480804846,8232224777,Mandya,MANDYA EAST PS,L&O
AGID2401,PSI Manki PS,PSI,mankiukwr@ksp.gov.in,9480805263,08387-257886,Uttara Kannada,MANKI PS,L&O
AGID2402,PSI Manna-Ekhelli PS,PSI,mannaekhellbdr@ksp.gov.in,9480803456,08483-276833,Bidar,MANNA-EKHELLI PS,L&O
AGID2403,PSI Mannalli PS,PSI,mannallibdr@ksp.gov.in,8277975088,08482-246133,Bidar,MANNALLI PS,L&O
AGID2404,PSI Mantala PS,PSI,manthalabdr@ksp.gov.in,9480803461,08481-257433,Bidar,MANTALA PS,L&O
AGID2405,PSI Manvi PS,PSI,manvircr@ksp.gov.in,9480803874,08538-220333,Raichur,MANVI PS,L&O
AGID2407,PSI Market PS,PSI,marketbdr@ksp.gov.in,9480803447,08482-226709,Bidar,MARKET PS,L&O
AGID2406,PSI Market PS,PSI,,9480804089,2405242,Belagavi City,MARKET PS,L&O
AGID2408,PSI Market Yard PS,PSI,westrrcr@ksp.gov.in,9480803847,08532-235600,Raichur,MARKET YARD PS,L&O
AGID2409,PSI Maski PS,PSI,maskircr@ksp.gov.in,9480803856,08537-270244,Raichur,MASKI PS,L&O
AGID2410,PSI Mayakonda PS,PSI,mayakondadvg@ksp.gov.in,9480803255,08192-215922,Davanagere,MAYAKONDA PS,L&O
AGID2411,PSI Mehakar PS,PSI,mehakarbdr@ksp.gov.in,,08484-269502,Bidar,MEHAKAR PS,L&O
AGID2412,PSI Melukote PS,PSI,melukotemdy@ksp.gov.in,9480804879,82362998,Mandya,Melukote PS,L&O
AGID2413,PSI Miriyana PS,PSI,miriyangba@ksp.gov.in,9480803589,08475-295444,Kalaburagi,MIRIYANA PS,L&O
AGID2414,PSI Moka PS,PSI,mokablr@ksp.gov.in,9480803050,08392-293228,Ballari,MOKA PS,L&O
AGID2415,PSI Moodabidri PS,PSI,,9480805357,08258-236333,Mangaluru City,MOODABIDRI PS,L&O
AGID2416,PSI Mudalgi PS,PSI,mudalgibgm@ksp.gov.in,9480804068,08332-251333,Belagavi,MUDALGI PS,L&O
AGID2417,PSI Mudbi PS,PSI,mudbibdr@ksp.gov.in,9480803462,08481-259833,Bidar,MUDBI PS,L&O
AGID2418,PSI Muddebihal PS,PSI,muddebihalbjp@ksp.gov.in,9480804264,08356-220333,Vijayapura,MUDDEBIHAL PS,L&O
AGID2419,PSI Mudgal PS,PSI,mudgalrcr@ksp.gov.in,9480803857,08537-280536,Raichur,MUDGAL PS,L&O
AGID2420,PSI Mudhol PS,PSI,mudholbgk@ksp.gov.in,9480803960,08350-280133,Bagalkote,MUDHOL PS,L&O
AGID2421,PSI Mudigere PS,PSI,mudigereckm@ksp.gov.in,9480805150,08263-220333,Chikkamagaluru,MUDIGERE PS,L&O
AGID2422,PSI Mulabagal (R) PS,PSI,mblruralklr@ksp.gov.in,9480802607,08159-244100,Kolar,MULABAGAL (R) PS,L&O
AGID2423,PSI Mulki PS,PSI,,9480805359,2290533,Mangaluru City,MULKI PS,L&O
AGID2424,PSI Mundgod PS,PSI,mundgodukwr@ksp.gov.in,9480805275,08301-222211,Uttara Kannada,MUNDGOD PS,L&O
AGID2425,PSI Munirabad PS,PSI,munirabadkpl@ksp.gov.in,9480803748,08539-270333,Koppal,MUNIRABAD PS,L&O
AGID2426,PSI Murdeshwar PS,PSI,murdeshwarukwr@ksp.gov.in,9480805253,08385-268896,Uttara Kannada,MURDESHWAR PS,L&O
AGID2427,PSI N.R Pura PS,PSI,nrpurackm@ksp.gov.in,9480805157,08266-220129,Chikkamagaluru,N.R PURA PS,L&O
AGID2428,PSI Nagamangala (R) PS,PSI,nmangalaruralmdy@ksp.gov.in,9480804877,823428521,Mandya,NAGAMANGALA (R) PS,L&O
AGID2429,PSI Nagamangala (T) PS,PSI,,,823428604,Mandya,Nagamangala Town PS,L&O
AGID2430,PSI Nangali PS,PSI,nangliklr@ksp.gov.in,9480802653,08159-248126,Kolar,NANGALI PS,L&O
AGID0659,PSI Nanjangudu Traffic PS,PSI,nanjangudtraffieps@ksp.gov.in,9480805055,8221226633,Mysuru,NANJANGUDU TRAFFIC PS,Traffic
AGID2431,PSI Napoklu PS,PSI,napoklumer@ksp.gov.in,9480804948,827223724,Kodagu,NAPOKLU PS,L&O
AGID2432,PSI Narayanpur PS,PSI,narayanapurydr@ksp.gov.in,9480803586,08444-229824,Yadgiri,NARAYANPUR PS,L&O
AGID2433,PSI Naregal PS,PSI,naregaigdggksp.gov.in,9480804454,08381-268233,Gadag,NAREGAL PS,L&O
AGID2434,PSI Narona PS,PSI,naronagba@ksp.gov.in,9480803564,08477-228233,Kalaburagi,NARONA PS,L&O
AGID2435,PSI Navalagund PS,PSI,navalagunddwd@ksp.gov.in,9480804349,0836-2233217,Dharwad,NAVALAGUND PS,L&O
AGID2436,PSI Navanagar PS,PSI,navnagara@ksp.gov.in,9480803964,08354-235323,Bagalkote,NAVANAGAR PS,L&O
AGID2437,PSI Nayakanahatti PS,PSI,nayakanahatticta@ksp.gov.in,9480803158,08195-207408,Chitradurga,NAYAKANAHATTI PS,L&O
AGID2438,PSI Nelogi PS,PSI,newargigba@ksp.gov.in,9480803562,,Kalaburagi,NELOGI PS,L&O
AGID2439,PSI Netajinagar PS,PSI,marketyardrcr@ksp.gov.in,9480803849,08532-240222,Raichur,NETAJINAGAR PS,L&O
AGID2440,PSI Nidagundi PS,PSI,nidagundibjp@ksp.gov.in,9480804263,08426-281434,Vijayapura,NIDAGUNDI PS,L&O
AGID2441,PSI Nimbarga PS,PSI,nimbargagba@ksp.gov.in,9480803565,08477-286733,Kalaburagi,NIMBARGA PS,L&O
AGID2442,PSI Nippani (R) PS,PSI,nippaniruralbgm@ksp.gov.in,9480804088,08338-220213,Belagavi,NIPPANI (R) PS,L&O
AGID2443,PSI Nippani (T) PS,PSI,nippanitownbgm@ksp.gov.in,9480804058,08338-220033,Belagavi,NIPPANI (T) PS,L&O
AGID0660,PSI North Traffic PS,PSI,trafficnorthdvg@ksp.gov.in,9480803271,08192-234865,Davanagere,NORTH TRAFFIC PS,Traffic
AGID2444,PSI Nuggehalli PS,PSI,nuggehallyhsn@ksp.gov.in,9480804769,8176233033,Hassan,NUGGEHALLI PS,L&O
AGID2445,PSI Oorgaum PS,PSI,oorgaumkgf@ksp.gov.in,9480802747,260283,KGF,OORGAUM PS,L&O
AGID2446,PSI P.D.Halli PS,PSI,pdhalliblr@ksp.gov.in,9480803052,,Ballari,P.D.HALLI PS,L&O
AGID2447,PSI Padubidri PS,PSI,padubidriudp@ksp.gov.in,9480805450,0820-2555452,Udupi,PADUBIDRI PS,L&O
AGID2448,PSI Panambur PS,PSI,,9480805355,,Mangaluru City,PANAMBUR PS,L&O
AGID2449,PSI Panchanahalli PS,PSI,panchanahallickm@ksp.gov.in,9480805170,08267-259533,Chikkamagaluru,PANCHANAHALLI PS,L&O
AGID2450,PSI Pandavapura PS,PSI,ppuramdy@ksp.gov.in,9480804874,8236255132,Mandya,Pandavapura PS,L&O
AGID2451,PSI Parasurampura PS,PSI,parashurampuracta@ksp.gov.in,9480803159,08195-254533,Chitradurga,PARASURAMPURA PS,L&O
AGID2452,PSI Pathapalya PS,PSI,ppalyacbpura@ksp.gov.in,9480802552,08150-285133,Chikkaballapura,PATHAPALYA PS,L&O
AGID2453,PSI Pension Mohalla PS,PSI,,9480804741,817227226,Hassan,PENSION MOHALLA PS,L&O
AGID2454,PSI Peresandra PS,PSI,psandracbpura@ksp.gov.in,9480802568,200040,Chikkaballapura,PERESANDRA PS,L&O
AGID2455,PSI Ponnampet PS,PSI,ponnampetmer@ksp.gov.in,9480804959,8274249044,Kodagu,PONNAMPET PS,L&O
AGID2456,PSI Punjalakatte PS,PSI,punjalakattemaq@ksp.gov.in,8277986416,08256-279375,Dakshina Kannada,PUNJALAKATTE PS,L&O
AGID2457,PSI Puttur (R) PS,PSI,putturruralmaq@ksp.gov.in,8277986539,08251-232102,Dakshina Kannada,PUTTUR (R) PS,L&O
AGID2458,PSI Puttur Town PS,PSI,putturtownmaq@ksp.gov.in,8277986460,08251-230555,Dakshina Kannada,PUTTUR TOWN PS,L&O
AGID0661,PSI Puttur Traffic PS,PSI,putturtrafficmaq@ksp.gov.in,8277986612,08251-238500,Dakshina Kannada,PUTTUR TRAFFIC PS,Traffic
AGID2469,PSI RMC Yard PS,PSI,rmcyarddvg@ksp.gov.in,9480803248,08192-272008,Davanagere,RMC YARD PS,L&O
AGID2459,PSI Raichur Rural PS,PSI,ruralrcr@ksp.gov.in,9480803850,08532-235308,Raichur,RAICHUR RURAL PS,L&O
AGID0663,PSI Raichur Traffic PS,PSI,trafficrcr@ksp.gov.in,9480803848,08532-226124,Raichur,RAICHUR TRAFFIC PS,Traffic
AGID0662,PSI Raichur Traffic PS,PSI,netajinagarrrcr@ksp.gov.in,9480803846,08532-226124,Raichur,RAICHUR TRAFFIC PS,Traffic
AGID2461,PSI Ramanagara (R) PS,PSI,rnagarruralrmn@ksp.gov.in,9480802848,27271321,Ramanagara,RAMANAGARA (R) PS,L&O
AGID2462,PSI Ramanagara (T) PS,PSI,rnagartownrmn@ksp.gov.in,9480802845,27271422,Ramanagara,RAMANAGARA (T) PS,L&O
AGID0664,PSI Ramanagara Traffic PS,PSI,tfermn@ksp.gov.in,9480802846,27273904,Ramanagara,RAMANAGARA TRAFFIC PS,Traffic
AGID2463,PSI Ramnagar PS,PSI,ramnagarukwr@ksp.gov.in,9480805261,08383-248133,Uttara Kannada,RAMNAGAR PS,L&O
AGID2464,PSI Rampura PS,PSI,rampuracta@ksp.gov.in,9480803162,08198-267308,Chitradurga,RAMPURA PS,L&O
AGID2465,PSI Ranebennur (R) PS,PSI,,8277984332,08373-266433,Haveri,RANEBENNUR (R) PS,L&O
AGID2466,PSI Ratkal PS,PSI,ratkalgha@ksp.gov.in,9480803592,08475-292833,Kalaburagi,RATKAL PS,L&O
AGID2467,PSI Rayapad PS,PSI,ralaypadklr@ksp.gov.in,9480802655,08157-240006,Kolar,RAYAPAD PS,L&O
AGID2468,PSI Revor PS,PSI,revourgba@ksp.gov.in,9480803569,08470-269436,Kalaburagi,REVOR PS,L&O
AGID2470,PSI Robertsonpet PS,PSI,robpetkgf@ksp.gov.in,9480802749,260224,KGF,ROBERTSONPET PS,L&O
AGID2471,PSI Ron PS,PSI,rongdg@ksp.gov.in,9480804457,08381-267233,Gadag,RON PS,L&O
AGID2472,PSI Rural Ballari PS,PSI,bellaryruralblr@ksp.gov.in,9480803087,08392-276461,Ballari,RURAL BALLARI PS,L&O
AGID2473,PSI Sadalga PS,PSI,sadalgabgm@ksp.gov.in,9480804057,08338-251633,Belagavi,SADALGA PS,L&O
AGID2474,PSI Sagara Rural PS,PSI,,9480803385,08183-226194,Shivamogga,SAGARA RURAL PS,L&O
AGID2475,PSI Sagara Town PS,PSI,,9480803384,08183-226067,Shivamogga,SAGARA TOWN PS,L&O
AGID2476,PSI Sakaleshapura (T) PS,PSI,,9480804781,81732441,Hassan,Sakaleshapura Town PS,L&O
AGID2477,PSI Sakarayapatna PS,PSI,sakarayapatnackm@ksp.gov.in,9480805168,08267-244044,Chikkamagaluru,SAKARAYAPATNA PS,L&O
AGID2478,PSI Sandur PS,PSI,sandurblr@ksp.gov.in,9480803061,08395-260249,Ballari,SANDUR PS,L&O
AGID2479,PSI Sankeshwar PS,PSI,,9480804072,08333-273303,Belagavi,SANKESHWAR PS,L&O
AGID2480,PSI Santhapur PS,PSI,santhapurbdr@ksp.gov.in,9480803469,08485-287633,Bidar,SANTHAPUR PS,L&O
AGID2481,PSI Santhebennuru PS,PSI,santhebennurdvg@ksp.gov.in,9480803262,08180-272463,Davanagere,SANTHEBENNURU PS,L&O
AGID2482,PSI Santhemaralli PS,PSI,smhallichn@ksp.gov.in,9480804650,822624025,Chamarajanagara,SANTHEMARALLI PS,L&O
AGID2483,PSI Sargur PS,PSI,sargurmys@ksp.gov.in,9480805064,8228265542,Mysuru,SARGUR PS,L&O
AGID2484,PSI Sathanur PS,PSI,sathnoormn2@ksp.gov.in,9480802863,27551233,Ramanagara,SATHANUR PS,L&O
AGID2485,PSI Savalagi PS,PSI,,,8353,Bagalkote,SAVALAGI PS,L&O
AGID2486,PSI Sedam PS,PSI,sedamgbagba@ksp.gov.in,9480803593,08441-276166,Kalaburagi,SEDAM PS,L&O
AGID2487,PSI Shahapur PS,PSI,,9480804104,2405244,Belagavi City,SHAHAPUR PS,L&O
AGID2488,PSI Shaktinagar PS,PSI,shaktinagarrrcr@ksp.gov.in,9480803868,08532-246133,Raichur,SHAKTINAGAR PS,L&O
AGID2489,PSI Shankar Narayana PS,PSI,shankaranarayanaudp@ksp.gov.in,9480805456,08259-280299,Udupi,SHANKAR NARAYANA PS,L&O
AGID2490,PSI Shanthigrama PS,PSI,sgramahsn@ksp.gov.in,9480804783,8172258038,Hassan,SHANTHIGRAMA PS,L&O
AGID2491,PSI Shirahatti PS,PSI,shirahattigdg@ksp.gov.in,9480804451,08487-242233,Gadag,SHIRAHATTI PS,L&O
AGID2492,PSI Shiralakoppa PS,PSI,shiralakoppashi@ksp.gov.in,9480803387,08187-234511,Shivamogga,SHIRALAKOPPA PS,L&O
AGID2493,PSI Shirva PS,PSI,shirvaudp@ksp.gov.in,9480805451,0820-2554139,Udupi,SHIRVA PS,L&O
AGID2494,PSI Shivalli PS,PSI,shivallimdy@ksp.gov.in,9480804849,8232277144,Mandya,SHIVALLI PS,L&O
AGID0665,PSI Shivamogga Traffic East PS,PSI,trafficeastshi@ksp.gov.in,9480803335,08182-240666,Shivamogga,SHIVAMOGGA TRAFFIC EAST PS,Traffic
AGID0666,PSI Shivamogga Traffic West PS,PSI,,9480803346,08182-261417,Shivamogga,SHIVAMOGGA TRAFFIC WEST PS,Traffic
AGID2495,PSI Shravanabelagola PS,PSI,shravanabelagolahsngksp.gov.in,9480804771,8176257229,Hassan,SHRAVANABELAGOLA PS,L&O
AGID2496,PSI Siddapur PS,PSI,siddapurukwr@ksp.gov.in,9480805271,08389-230283,Uttara Kannada,SIDDAPUR PS,L&O
AGID2497,PSI Siddapura PS,PSI,siddapuramer@ksp.gov.in,9480804950,8274258333,Kodagu,SIDDAPURA PS,L&O
AGID2498,PSI Sidlaghatta (R) PS,PSI,sgattaruralcbpura@ksp.gov.in,9480802558,08158-256270,Chikkaballapura,SIDLAGHATTA (R) PS,L&O
AGID2499,PSI Sidlaghatta (T) PS,PSI,sgattatowncbpura@ksp.gov.in,9480802557,08158-256280,Chikkaballapura,SIDLAGHATTA (T) PS,L&O
AGID2500,PSI Sindagi PS,PSI,sindagibjp@ksp.gov.in,9480804257,08488-221333,Vijayapura,SINDAGI PS,L&O
AGID2502,PSI Sindhanoor (T) PS,PSI,sindhanoortownrcr@ksp.gov.in,9480803871,08535-220333,Raichur,SINDHANOOR (T) PS,L&O
AGID2501,PSI Sindhanoor (T) PS,PSI,sindhanoortownrcr@ksp.gov.in,9480803861,08535-220333,Raichur,SINDHANOOR (T) PS,L&O
AGID2503,PSI Sindhanoor Rural PS,PSI,sindhanoorruralrcr@ksp.gov.in,9480803862,08535-223733,Raichur,SINDHANOOR RURAL PS,L&O
AGID0667,PSI Sindhanoor Traffic PS,PSI,sindhanoortrafficrcr@ksp.gov.in,9480803816,08535-220050,Raichur,SINDHANOOR TRAFFIC PS,Traffic
AGID2504,PSI Singatagere PS,PSI,singatagereckm@ksp.gov.in,9480805169,08267-235520,Chikkamagaluru,SINGATAGERE PS,L&O
AGID2505,PSI Sirigeri PS,PSI,siregeriblr@ksp.gov.in,9480803056,08396-244426,Ballari,SIRIGERI PS,L&O
AGID2506,PSI Sirsi (R) PS,PSI,sirsiruralukwr@ksp.gov.in,8277988263,08384-236233,Uttara Kannada,SIRSI (R) PS,L&O
AGID2507,PSI Sirsi (T) PS,PSI,sirsitownukwr@ksp.gov.in,9480805264,08384-226333,Uttara Kannada,SIRSI (T) PS,L&O
AGID2508,PSI Sirsi New Market PS,PSI,sirsinewmarketukwr@ksp.gov.in,9480805255,08384-236330,Uttara Kannada,SIRSI NEW MARKET PS,L&O
AGID2509,PSI Sirwar PS,PSI,sirwarrcr@ksp.gov.in,9480803866,08538-220020,Raichur,SIRWAR PS,L&O
AGID2510,PSI Somawarpet PS,PSI,somawarpetmer@ksp.gov.in,,827628204,Kodagu,Somawarpet PS,L&O
AGID0668,PSI South Traffic PS,PSI,trafficdvg@ksp.gov.in,9480803253,08192-259238,Davanagere,SOUTH TRAFFIC PS,Traffic
AGID2511,PSI Srimangala PS,PSI,srimangalamer@ksp.gov.in,9480804960,8274246246,Kodagu,SRIMANGALA PS,L&O
AGID2512,PSI Sringeri PS,PSI,sringerickm@ksp.gov.in,8277990259,08265-250150,Chikkamagaluru,SRINGERI PS,L&O
AGID2513,PSI Subramanya PS,PSI,subramanyamaq@ksp.gov.in,9480805366,08257-281250,Dakshina Kannada,SUBRAMANYA PS,L&O
AGID2514,PSI Sulepeth PS,PSI,sulupethgha@ksp.gov.in,9480803591,08475-295024,Kalaburagi,SULEPETH PS,L&O
AGID2515,PSI Sullia PS,PSI,sulliamaq@ksp.gov.in,9480805365,08257-230337,Dakshina Kannada,SULLIA PS,L&O
AGID2516,PSI Suntikoppa PS,PSI,sunticoppamer@ksp.gov.in,9480804953,8276262333,Kodagu,SUNTIKOPPA PS,L&O
AGID2517,PSI Sureban PS,PSI,surebanbgm@ksp.gov.in,9902748691,08335-200433,Belagavi,SUREBAN PS,L&O
AGID2518,PSI T.B Dam PS,PSI,tbdamvjn@ksp.gov.in,9480805754,08394-259233,Vijayanagara,T.B DAM PS,L&O
AGID2519,PSI T.B.Halli PS,PSI,tbhallivjn@ksp.gov.in,9480805765,,Vijayanagara,T.B.HALLI PS,L&O
AGID2520,PSI T.N. Pura PS,PSI,,9480805052,8227261227,Mysuru,T.N. Pura PS,L&O
AGID2521,PSI Talikot PS,PSI,talokotbjp@ksp.gov.in,9480804265,08356-266333,Vijayapura,TALIKOT PS,L&O
AGID2522,PSI Tarikere PS,PSI,tarikereckm@ksp.gov.in,8277990265,08261-222222,Chikkamagaluru,TARIKERE PS,L&O
AGID2523,PSI Tawaragera PS,PSI,tawargerakpl@ksp.gov.in,9480803758,08536-275322,Koppal,TAWARAGERA PS,L&O
AGID2524,PSI Tekkalakote PS,PSI,tekkalakotablr@ksp.gov.in,9480803055,08396-248013,Ballari,TEKKALAKOTE PS,L&O
AGID2525,PSI Teradal PS,PSI,teradalbgk@ksp.gov.in,9480803958,08353-220133,Bagalkote,TERADAL PS,L&O
AGID2526,PSI Terakanambi PS,PSI,terakanambichn@ksp.gov.in,9480804652,8229232235,Chamarajanagara,TERAKANAMBI PS,L&O
AGID2527,PSI Thalak PS,PSI,thalakcta@ksp.gov.in,9480803160,08195-206634,Chitradurga,THALAK PS,L&O
AGID2528,PSI Thirthahalli PS,PSI,,9480803382,08181-228133,Shivamogga,THIRTHAHALLI PS,L&O
AGID2529,PSI Tikota PS,PSI,tikotabjp@ksp.gov.in,9480804248,08352-231533,Vijayapura,TIKOTA PS,L&O
AGID2530,PSI Torangallu PS,PSI,torangalblr@ksp.gov.in,9480803062,08395-250100,Ballari,TORANGALLU PS,L&O
AGID0669,PSI Traffic West PS,PSI,,9480805351,2220524,Mangaluru City,TRAFFIC WEST PS,Traffic
AGID2531,PSI Tunganagara PS,PSI,,9480803377,08182-261415,Shivamogga,TUNGANAGARA PS,L&O
AGID2532,PSI Turvihala PS,PSI,turvihalrcr@ksp.gov.in,9480803864,08535-258631,Raichur,TURVIHALA PS,L&O
AGID2533,PSI Varuna,PSI,varunamys@ksp.gov.in,9480805052,83522594411,Mysuru,PSI Varuna,L&O
AGID2534,PSI Venoor PS,PSI,venoormaq@ksp.gov.in,9480805372,08256-286232,Dakshina Kannada,VENOOR PS,L&O
AGID2535,PSI Vijayapura (R) PS,PSI,bijapurruralbjp@ksp.gov.in,9480804247,08352-250923,Vijayapura,VIJAYAPURA (R) PS,L&O
AGID2536,PSI Vinobanagara PS,PSI,,9480803373,08182-261424,Shivamogga,VINOBANAGARA PS,L&O
AGID2537,PSI Virajpet (R) PS,PSI,virajpetruralmer@ksp.gov.in,9480804956,8274257462,Kodagu,VIRAJPET (R) PS,L&O
AGID2538,PSI Virajpet (T) PS,PSI,virajpettownmer@ksp.gov.in,9480804955,8274257333,Kodagu,VIRAJPET (T) PS,L&O
AGID2539,PSI Vittla PS,PSI,vittlamaq@ksp.gov.in,8277986310,-,Dakshina Kannada,VITTLA PS,L&O
AGID2540,PSI Wadagera PS,PSI,wadagerydr@ksp.gov.in,9480803577,08473-219003,Yadgiri,WADAGERA PS,L&O
AGID2541,PSI Wadi PS,PSI,wadigba@ksp.gov.in,9480803574,08476-202300,Kalaburagi,WADI PS,L&O
AGID0712,PSI Wireless,PSI,,9480804777,,Hassan,PSI Wireless,Wireless
AGID2542,PSI Women PS,PSI,womenpscta@ksp.gov.in,,08194-224638,Chitradurga,WOMEN PS,L&O
AGID2543,PSI Women PS,PSI,womenpsmaq@ksp.gov.in,8277986373,08251-233500,Dakshina Kannada,WOMEN PS,L&O
AGID2545,PSI Women PS,PSI,womenpsudp@ksp.gov.in,8277988949,0820-2525599,Udupi,WOMEN PS,L&O
AGID2546,PSI Women PS,PSI,womenydr@ksp.gov.in,9480803639,08473-253255,Yadgiri,WOMEN PS,L&O
AGID2544,PSI Women PS,PSI,,9364098542,2290832,Tumkur,WOMEN PS,L&O
AGID2547,PSI Yadgiri (R) PS,PSI,yadgirydr@ksp.gov.in,9480803576,08473-252303,Yadgiri,YADGIRI (R) PS,L&O
AGID2548,PSI Yadgiri (T) PS,PSI,yadgirydr@ksp.gov.in,9480803575,08473-252100,Yadgiri,YADGIRI (T) PS,L&O
AGID0670,PSI Yadgiri Traffic PS,PSI,trafficydr@ksp.gov.in,9480803638,08473-250001,Yadgiri,YADGIRI TRAFFIC PS,Traffic
AGID2549,PSI Yagati PS,PSI,yagatickm@ksp.gov.in,9480805166,08267-240033,Chikkamagaluru,YAGATI PS,L&O
AGID2550,PSI Yamakanamardi PS,PSI,,8277967405,08333-276333,Belagavi,YAMAKANAMARDI PS,L&O
AGID2551,PSI Yapaldinni PS,PSI,yapalainnircr@ksp.gov.in,9480803851,08532-280111,Raichur,YAPALDINNI PS,L&O
AGID2552,PSI Yedrami PS,PSI,yedramigba@ksp.gov.in,9480803561,,Kalaburagi,YEDRAMI PS,L&O
AGID2553,PSI Yelanduru PS,PSI,yelandurchn@ksp.gov.in,9480804649,8226240028,Chamarajanagara,YELANDURU PS,L&O
AGID2554,PSI Yelawala,PSI,yelawalamys@ksp.gov.in,9480805046,83522402222,Mysuru,PSI Yelawala,L&O
AGID2555,PSI Yelburga PS,PSI,yelburgakpl@ksp.gov.in,9480803749,08539-220133,Koppal,YELBURGA PS,L&O
AGID2556,PSI Yellapur PS,PSI,yellapurukwr@ksp.gov.in,9480805273,08419-261133,Uttara Kannada,YELLAPUR PS,L&O
AGID2557,PSI Yeragera PS,PSI,yeragerarcr@ksp.gov.in,9480803852,,Raichur,YERAGERA PS,L&O
AGID2558,PSI Yesalur PS,PSI,yeslurhsn@ksp.gov.in,9480804762,8173278212,Hassan,YESALUR PS,L&O
AGID2559,PSI Zalaki PS,PSI,zalakibjp@ksp.gov.in,9480804256,08422-282233,Vijayapura,ZALAKI PS,L&O
AGID1027,PSI-1 Adur PS,PSI-1,adurhvr@ksp.gov.in,9480804562,08379-265233,Haveri,ADUR PS,L&O
AGID1028,PSI-1 Agumbe PS,PSI-1,,9480803353,08282-235142,Shivamogga,AGUMBE PS,L&O
AGID1029,PSI-1 Ajekar PS,PSI-1,ajekarudp@ksp.gov.in,9480805470,08253-271100,Udupi,AJEKAR PS,L&O
AGID1030,PSI-1 Alur PS,PSI-1,,9480804752,8170218231,Hassan,Alur PS,L&O
AGID1031,PSI-1 Amruthur PS,PSI-1,amrutgurtr@ksp.gov.in,9480802963,08132-225229,Tumkur,AMRUTHUR PS,L&O
AGID1032,PSI-1 Andersonpet PS,PSI-1,andersonpetklr@ksp.gov.in,9480802640,222022,Kolar,ANDERSONPET PS,L&O
AGID1033,PSI-1 Arasikere (T) PS,PSI-1,,9480804753,8174232233,Hassan,Arasikere Town PS,L&O
AGID1034,PSI-1 Arasikere PS,PSI-1,arasikeretkr@ksp.gov.in,9480802978,08136-248433,Tumkur,ARASIKERE PS,L&O
AGID1035,PSI-1 B.D. Halli,PSI-1,,9364098529,08137-284901,Tumkur,PSI-1 B.D. Halli,L&O
AGID1039,PSI-1 BCPS Nippani PS,PSI-1,,9480804059,08338-220513,Belagavi,BCPS NIPPANI PS,L&O
AGID1036,PSI-1 Bailhongala PS,PSI-1,,9480804074,08288-233133,Belagavi,BAILHONGALA PS,L&O
AGID1037,PSI-1 Bankapur PS,PSI-1,bankapurhvr@ksp.gov.in,9480804508,08378-254233,Haveri,BANKAPUR PS,L&O
AGID1038,PSI-1 Barke PS,PSI-1,,9480802340,2220522,Mangaluru City,BARKE PS,L&O
AGID1040,PSI-1 Bellavi PS,PSI-1,bellavitkr@ksp.gov.in,9480802950,2240046,Tumkur,BELLAVI PS,L&O
AGID1041,PSI-1 Byadagi PS,PSI-1,byadagihvr@ksp.gov.in,9480804548,08375-228333,Haveri,BYADAGI PS,L&O
AGID1042,PSI-1 C.N. Halli PS,PSI-1,cnhallitkr@ksp.gov.in,9480802971,08133-267234,Tumkur,C.N. HALLI PS,L&O
AGID1043,PSI-1 C.S Pura PS,PSI-1,cspuratkr@ksp.gov.in,9480802960,08131-246522,Tumkur,C.S PURA PS,L&O
AGID0139,PSI-1 CEN PS,PSI-1,,8277984158,,Haveri,CEN PS,CEN
AGID1044,PSI-1 Camp PS,PSI-1,,9480804103,2405238,Belagavi City,CAMP PS,L&O
AGID1045,PSI-1 Challakere PS,PSI-1,,9480803157,08195-250239,Chitradurga,CHALLAKERE PS,L&O
AGID1046,PSI-1 Chelur PS,PSI-1,chelurtkr@ksp.gov.in,9480802961,08131-242222,Tumkur,CHELUR PS,L&O
AGID1047,PSI-1 Chikkaballapura (R) PS,PSI-1,cballapuraruralcbpura@ksp.gov.in,9480802530,8156272143,Chikkaballapura,CHIKKABALLAPURA (R) PS,L&O
AGID1048,PSI-1 Chikkaballapura (T) PS,PSI-1,cballapuratowncbpura@ksp.gov.in,9480802528,8156272423,Chikkaballapura,CHIKKABALLAPURA (T) PS,L&O
AGID1049,PSI-1 Chikkodi PS,PSI-1,chikkodibgm@ksp.gov.in,9480804056,08338-272133,Belagavi,CHIKKODI PS,L&O
AGID1050,PSI-1 Chitradurga (R) PS,PSI-1,ruralcta@ksp.gov.in,9480803148,08194-230156,Chitradurga,CHITRADURGA (R) PS,L&O
AGID1051,PSI-1 Chitradurga (T) PS,PSI-1,,9480803180,08194-222333,Chitradurga,CHITRADURGA (T) PS,L&O
AGID1052,PSI-1 Chitradurga Extension PS,PSI-1,extentioncta@ksp.gov.in,9480803171,08194-224639,Chitradurga,CHITRADURGA EXTENSION PS,L&O
AGID1053,PSI-1 Chitradurga Kote PS,PSI-1,,9480803167,08194-222933,Chitradurga,CHITRADURGA KOTE PS,L&O
AGID0573,PSI-1 Chitradurga Traffic PS,PSI-1,trafficcta@ksp.gov.in,9480803166,08194-224637,Chitradurga,CHITRADURGA TRAFFIC PS,Traffic
AGID1054,PSI-1 Cowl Bazar PS,PSI-1,,9480803084,08392-240731,Ballari,COWL BAZAR PS,L&O
AGID1055,PSI-1 Dandinashivara PS,PSI-1,dshivaratkr@ksp.gov.in,9480802966,08139-278355,Tumkur,DANDINASHIVARA PS,L&O
AGID1056,PSI-1 Gokak Town PS,PSI-1,gokaktownbgm@ksp.gov.in,9480804065,08332-225033,Belagavi,GOKAK TOWN PS,L&O
AGID1057,PSI-1 Gubbi PS,PSI-1,gubbitkr@ksp.gov.in,9480802959,08131-222229,Tumkur,GUBBI PS,L&O
AGID1058,PSI-1 Guttal PS,PSI-1,guttalhvr@ksp.gov.in,9480804547,08375-224233,Haveri,GUTTAL PS,L&O
AGID1059,PSI-1 Hampi Tourist PS,PSI-1,hampitouristvjn@ksp.gov.in,,08394-241530,Vijayanagara,HAMTOURIST PS,L&O
AGID0574,PSI-1 Hampi Traffic PS,PSI-1,hampitrafficvjn@ksp.gov.in,,08394-241630,Vijayanagara,HAMTRAFFIC PS,Traffic
AGID1060,PSI-1 Hamsabhavi PS,PSI-1,hansabhavihvr@ksp.gov.in,9480804557,08376-289033,Haveri,HAMSABHAVI PS,L&O
AGID1061,PSI-1 Hanagal PS,PSI-1,hanagalhvr@ksp.gov.in,9480804561,08379-262333,Haveri,HANAGAL PS,L&O
AGID1062,PSI-1 Handanakere PS,PSI-1,handanakeretkr@ksp.gov.in,9480802973,08133-257660,Tumkur,HANDANAKERE PS,L&O
AGID0575,PSI-1 Hassan Traffic PS,PSI-1,,9480804773,8172272846,Hassan,Hassan Traffic PS,Traffic
AGID1063,PSI-1 Haveri Rural PS,PSI-1,haveriruralhvr@ksp.gov.in,9480804546,08375-233333,Haveri,HAVERI RURAL PS,L&O
AGID1064,PSI-1 Haveri Town PS,PSI-1,,8277984039,08375-232333,Haveri,HAVERI TOWN PS,L&O
AGID0576,PSI-1 Haveri Traffic PS,PSI-1,haveritraffic@ksp.gov.in,8277984025,08375-234233,Haveri,HAVERI TRAFFIC PS,Traffic
AGID1065,PSI-1 Hebbur PS,PSI-1,hebburtkr@ksp.gov.in,9480802953,2241036,Tumkur,HEBBUR PS,L&O
AGID1066,PSI-1 Hirebagewadi PS,PSI-1,,9480804059,2405240,Belagavi City,HIREBAGEWADI PS,L&O
AGID1067,PSI-1 Hirekerur PS,PSI-1,hirekerurhvr@ksp.gov.in,9480804555,08376-282333,Haveri,HIREKERUR PS,L&O
AGID1068,PSI-1 Honnavalli PS,PSI-1,honnavallitkr@ksp.gov.in,9480802968,08134-264710,Tumkur,HONNAVALLI PS,L&O
AGID1069,PSI-1 Hulagur PS,PSI-1,hulagurhvr@ksp.gov.in,8277984577,,Haveri,HULAGUR PS,L&O
AGID1070,PSI-1 Huliyar PS,PSI-1,huliyartkr@ksp.gov.in,9480802972,08133-256150,Tumkur,HULIYAR PS,L&O
AGID1071,PSI-1 Huliyurdurga PS,PSI-1,huliyurdurgatkr@ksp.gov.in,9480802964,08132-223338,Tumkur,HULIYURDURGA PS,L&O
AGID1072,PSI-1 Jayanagara PS,PSI-1,,8277982644,08182-261416,Shivamogga,JAYANAGARA PS,L&O
AGID1073,PSI-1 Jayanagara PS,PSI-1,jayanagarpstkr@ksp.gov.in,9480802986,2293389,Tumkur,JAYANAGARA PS,L&O
AGID1074,PSI-1 K.B. Cross PS,PSI-1,kbcrosstkr@ksp.gov.in,9480802989,08134-262055,Tumkur,K.B. CROSS PS,L&O
AGID1075,PSI-1 Kaginele PS,PSI-1,kaginelehvr@ksp.gov.in,9480804549,08375-289233,Haveri,KAGINELE PS,L&O
AGID1076,PSI-1 Kallambella PS,PSI-1,kallambellatkr@ksp.gov.in,9480802955,08135-274738,Tumkur,KALLAMBELLA PS,L&O
AGID1077,PSI-1 Kamalapur PS,PSI-1,kamalapurvjn@ksp.gov.in,,08394-241240,Vijayanagara,KAMALAPUR PS,L&O
AGID1078,PSI-1 Kaup PS,PSI-1,kaupudp@ksp.gov.in,9480805449,0820-2551033,Udupi,KAUP PS,L&O
AGID1079,PSI-1 Khadebazar PS,PSI-1,,9480804102,2405232,Belagavi City,KHADEBAZAR PS,L&O
AGID1080,PSI-1 Khanapur PS,PSI-1,,9480804086,08336-222333,Belagavi,KHANAPUR PS,L&O
AGID1081,PSI-1 Kodigenahalli PS,PSI-1,kodigenahallitkr@ksp.gov.in,9480802975,08137-279534,Tumkur,KODIGENAHALLI PS,L&O
AGID1082,PSI-1 Kolala PS,PSI-1,kolalapstkr@ksp.gov.in,9480802987,08138-236648,Tumkur,KOLALA PS,L&O
AGID1083,PSI-1 Kolar (R) PS,PSI-1,klrruralklr@ksp.gov.in,9480802638,243299,Kolar,KOLAR (R) PS,L&O
AGID1084,PSI-1 Kolar (T) PS,PSI-1,klrtownklr@ksp.gov.in,9480802635,222133,Kolar,KOLAR (T) PS,L&O
AGID1085,PSI-1 Konaje PS,PSI-1,,9480802351,2220536,Mangaluru City,KONAJE PS,L&O
AGID1086,PSI-1 Kora PS,PSI-1,koratkr@ksp.gov.in,9480802949,2242006,Tumkur,KORA PS,L&O
AGID1087,PSI-1 Koratagere PS,PSI-1,koratageretkr@ksp.gov.in,9480802986,08138-232136,Tumkur,KORATAGERE PS,L&O
AGID1088,PSI-1 Kote PS,PSI-1,,9480803370,08182-261415,Shivamogga,KOTE PS,L&O
AGID1089,PSI-1 Kunigal PS,PSI-1,,9364098511,08132-220229,Tumkur,KUNIGAL PS,L&O
AGID1090,PSI-1 Kyathasandra PS,PSI-1,,9480802952,2281124,Tumkur,KYATHASANDRA PS,L&O
AGID1091,PSI-1 Lingasuguru PS,PSI-1,lingasugurrrcr@ksp.gov.in,9480803854,08537-257227,Raichur,LINGASUGURU PS,L&O
AGID1092,PSI-1 Madhugiri PS,PSI-1,madhugiritkr@ksp.gov.in,9480802974,08137-282381,Tumkur,MADHUGIRI PS,L&O
AGID1093,PSI-1 Mangaluru East PS,PSI-1,mangaloreeastmgc@ksp.gov.in,9480802336,2220520,Mangaluru City,MANGALURU EAST PS,L&O
AGID1094,PSI-1 Mangaluru North PS,PSI-1,mangalorenorthmgc@ksp.gov.in,9480805345,2220516,Mangaluru City,MANGALURU NORTH PS,L&O
AGID1095,PSI-1 Mangaluru Rural PS,PSI-1,,9480805220,2220535,Mangaluru City,MANGALURU RURAL PS,L&O
AGID1096,PSI-1 Mangaluru South PS,PSI-1,,9480805346,2220518,Mangaluru City,MANGALURU SOUTH PS,L&O
AGID1097,PSI-1 Manipal PS,PSI-1,manipaludp@ksp.gov.in,9480805475,0820-2570328,Udupi,MANIPAL PS,L&O
AGID1098,PSI-1 Marihal PS,PSI-1,,9480804057,2405239,Belagavi City,MARIHAL PS,L&O
AGID1099,PSI-1 Midigeshi PS,PSI-1,midigeshitkr@ksp.gov.in,9480802976,08137-278634,Tumkur,MIDIGESHI PS,L&O
AGID1100,PSI-1 Molkalmuru PS,PSI-1,molkalmuructa@ksp.gov.in,9480803161,08198-229233,Chitradurga,MOLKALMURU PS,L&O
AGID1101,PSI-1 Narasapura PS,PSI-1,narasapuraklr@ksp.gov.in,9480802646,240400,Kolar,NARASAPURA PS,L&O
AGID1102,PSI-1 New Extn PS,PSI-1,newextenttkr@ksp.gov.in,9480802951,2278224,Tumkur,NEW EXTN PS,L&O
AGID1103,PSI-1 Nonavinakere PS,PSI-1,nvkeretke@ksp.gov.in,9480802969,08134-258024,Tumkur,NONAVINAKERE PS,L&O
AGID1104,PSI-1 Patta Nayakana Hally PS,PSI-1,pnhallitkr@ksp.gov.in,9480802956,08135-271058,Tumkur,PATTA NAYAKANA HALLY PS,L&O
AGID1105,PSI-1 Pavagada (T) PS,PSI-1,,9480802977,08136-245666,Tumkur,PAVAGADA (T) PS,L&O
AGID1106,PSI-1 Rahamath Nagar PS,PSI-1,rahamathnagarpsklr@ksp.gov.in,9480802642,228222,Kolar,RAHAMATH NAGAR PS,L&O
AGID1107,PSI-1 Ramadurga PS,PSI-1,ramadurgabgm@ksp.gov.in,9480804080,08335-242333,Belagavi,RAMADURGA PS,L&O
AGID1108,PSI-1 Ranebennur (T) PS,PSI-1,rbtownhvr@ksp.gov.in,9480804550,08373-266333,Haveri,RANEBENNUR (T) PS,L&O
AGID0577,PSI-1 Ranebennur Traffic PS,PSI-1,rbtraffichvr@ksp.gov.in,9480804551,08373-268333,Haveri,RANEBENNUR TRAFFIC PS,Traffic
AGID1109,PSI-1 Rattihalli PS,PSI-1,rattihallihvr@ksp.gov.in,9480804556,08376-286233,Haveri,RATTIHALLI PS,L&O
AGID1110,PSI-1 Sakaleshapura (R) PS,PSI-1,sakaleshapuraralhsn@ksp.gov.in,9480804761,8173245183,Hassan,SAKALESHAPURA (R) PS,L&O
AGID1111,PSI-1 Savadatti PS,PSI-1,,9480804078,08330-222333,Belagavi,SAVADATTI PS,L&O
AGID1112,PSI-1 Savanur PS,PSI-1,,8277984629,08378-241633,Haveri,SAVANUR PS,L&O
AGID1113,PSI-1 Shahabad PS,PSI-1,,9480803623,08474-204444,Kalaburagi,SHAHABAD PS,L&O
AGID1114,PSI-1 Shiggoan PS,PSI-1,,8277984488,08378-255233,Haveri,SHIGGOAN PS,L&O
AGID1115,PSI-1 Shikaripura Town PS,PSI-1,shikaripurashi@ksp.gov.in,9480803371,08187-222772,Shivamogga,SHIKARIPURA TOWN PS,L&O
AGID1116,PSI-1 Shivamogga Rural PS,PSI-1,shimogaruralshi@ksp.gov.in,9480803332,08182-261418,Shivamogga,SHIVAMOGGA RURAL PS,L&O
AGID1117,PSI-1 Sira PS,PSI-1,,9364098521,08135-275237,Tumkur,SIRA PS,L&O
AGID1118,PSI-1 Siruguppa PS,PSI-1,siruguppablr@ksp.gov.in,9480803053,08396-220333,Ballari,SIRUGUPPA PS,L&O
AGID1119,PSI-1 Soraba PS,PSI-1,sorabashi@ksp.gov.in,9480803368,08184-272210,Shivamogga,SORABA PS,L&O
AGID1120,PSI-1 Surathkal PS,PSI-1,,9480802345,2220540,Mangaluru City,SURATHKAL PS,L&O
AGID1121,PSI-1 Tadasa PS,PSI-1,tadashvr@ksp.gov.in,9480804559,08378-257433,Haveri,TADASA PS,L&O
AGID1122,PSI-1 Tavarekere PS,PSI-1,tavarekeretkr@ksp.gov.in,9480802957,08135-272541,Tumkur,TAVAREKERE PS,L&O
AGID1123,PSI-1 Thilak Park PS,PSI-1,thilakparktkr@ksp.gov.in,9480802981,2278202,Tumkur,THILAK PARK PS,L&O
AGID1124,PSI-1 Thirumani PS,PSI-1,thirumanitkr@ksp.gov.in,9480802980,08136-240047,Tumkur,THIRUMANI PS,L&O
AGID1125,PSI-1 Tilakwadi PS,PSI-1,,9480804105,2405236,Belagavi City,TILAKWADI PS,L&O
AGID1126,PSI-1 Tiptur Rural PS,PSI-1,,9364098470,08134-251007,Tumkur,TIPTUR RURAL PS,L&O
AGID1127,PSI-1 Tiptur Town PS,PSI-1,,9364098501,08134-251041,Tumkur,TIPTUR TOWN PS,L&O
AGID1128,PSI-1 Tumkur Rural PS,PSI-1,tumkurruraltkr@ksp.gov.in,9480802948,2278381,Tumkur,TUMKUR RURAL PS,L&O
AGID1129,PSI-1 Tumkur Town PS,PSI-1,,9480802945,2278388,Tumkur,TUMKUR TOWN PS,L&O
AGID0578,PSI-1 Tumkur Traffic East PS,PSI-1,,9480802947,2278207,Tumkur,TUMKUR TRAFFIC EAST PS,Traffic
AGID1130,PSI-1 Turuvekere PS,PSI-1,turuvekeretkr@ksp.gov.in,9480802965,08139-287334,Tumkur,TURUVEKERE PS,L&O
AGID1131,PSI-1 Udupi (T) PS,PSI-1,udupitownudp@ksp.gov.in,9480805445,0820-2520444,Udupi,UDU(T) PS,L&O
AGID0579,PSI-1 Udupi Traffic PS,PSI-1,udupitrafficudp@ksp.gov.in,9480805446,0820-2521332,Udupi,UDUTRAFFIC PS,Traffic
AGID1132,PSI-1 Udyambag PS,PSI-1,,9480804100,2405234,Belagavi City,UDYAMBAG PS,L&O
AGID1133,PSI-1 Ullal PS,PSI-1,,9480805353,2466269,Mangaluru City,ULLAL PS,L&O
AGID1134,PSI-1 Uppinangadi PS,PSI-1,uppinangadimaq@ksp.gov.in,9480805362,08251-251055,Dakshina Kannada,UPPINANGADI PS,L&O
AGID1135,PSI-1 Urva PS,PSI-1,,9480805349,2220521,Mangaluru City,URVA PS,L&O
AGID1136,PSI-1 Vemagal PS,PSI-1,vemagalklr@ksp.gov.in,9480802644,247233,Kolar,VEMAGAL PS,L&O
AGID1137,PSI-1 Women PS,PSI-1,,8277984029,,Haveri,WOMEN PS,L&O
AGID1138,PSI-1 Y.N. Hosakote PS,PSI-1,ynhosakotetkr@ksp.gov.in,9480802979,08136-247635,Tumkur,Y.N. HOSAKOTE PS,L&O
AGID1139,PSI-2 Adur PS,PSI-2,,8277984703,08379-265233,Haveri,ADUR PS,L&O
AGID1140,PSI-2 Agumbe PS,PSI-2,,9480803353,,Shivamogga,AGUMBE PS,L&O
AGID1141,PSI-2 Ajekar PS,PSI-2,ajekarudp@ksp.gov.in,9480805471,08253-271100,Udupi,AJEKAR PS,L&O
AGID1142,PSI-2 Amruthur PS,PSI-2,,9364098510,08132-225229,Tumkur,AMRUTHUR PS,L&O
AGID1143,PSI-2 Andersonpet PS,PSI-2,,9480802641,222022,Kolar,ANDERSONPET PS,L&O
AGID1144,PSI-2 Arasikere PS,PSI-2,,9364098536,08136-248433,Tumkur,ARASIKERE PS,L&O
AGID1145,PSI-2 B.D. Halli,PSI-2,,9364098530,08137-284901,Tumkur,PSI-2 B.D. Halli,L&O
AGID1149,PSI-2 BCPS Nippani PS,PSI-2,,9480804119,08338-220513,Belagavi,BCPS NIPPANI PS,L&O
AGID1146,PSI-2 Bailhongala PS,PSI-2,,9480804125,08288-233133,Belagavi,BAILHONGALA PS,L&O
AGID1147,PSI-2 Bankapur PS,PSI-2,,8277984535,08378-254233,Haveri,BANKAPUR PS,L&O
AGID1148,PSI-2 Barke PS,PSI-2,,,2220522,Mangaluru City,BARKE PS,L&O
AGID1150,PSI-2 Bellavi PS,PSI-2,,9364098493,2240046,Tumkur,BELLAVI PS,L&O
AGID1151,PSI-2 Byadagi PS,PSI-2,,8277984194,08375-228333,Haveri,BYADAGI PS,L&O
AGID1152,PSI-2 C.N. Halli PS,PSI-2,,9364098506,08133-267234,Tumkur,C.N. HALLI PS,L&O
AGID1153,PSI-2 C.S Pura PS,PSI-2,,9364098526,08131-246522,Tumkur,C.S PURA PS,L&O
AGID0140,PSI-2 CEN PS,PSI-2,,8277984088,,Haveri,CEN PS,CEN
AGID1154,PSI-2 Camp PS,PSI-2,,9480804055,2405238,Belagavi City,CAMP PS,L&O
AGID1155,PSI-2 Challakere PS,PSI-2,,9480803113,08195-250239,Chitradurga,CHALLAKERE PS,L&O
AGID1156,PSI-2 Chelur PS,PSI-2,,9364098525,,Tumkur,CHELUR PS,L&O
AGID1157,PSI-2 Chikkaballapura (R) PS,PSI-2,,9480802531,8156272143,Chikkaballapura,CHIKKABALLAPURA (R) PS,L&O
AGID1158,PSI-2 Chikkaballapura (T) PS,PSI-2,,9480802529,8156272423,Chikkaballapura,CHIKKABALLAPURA (T) PS,L&O
AGID1159,PSI-2 Chikkodi PS,PSI-2,,9480804118,08338-272133,Belagavi,CHIKKODI PS,L&O
AGID1160,PSI-2 Chitradurga (R) PS,PSI-2,,9480803169,08194-230156,Chitradurga,CHITRADURGA (R) PS,L&O
AGID1161,PSI-2 Chitradurga (T) PS,PSI-2,,9480803164,08194-222333,Chitradurga,CHITRADURGA (T) PS,L&O
AGID1162,PSI-2 Chitradurga Extension PS,PSI-2,,,08194-224639,Chitradurga,CHITRADURGA EXTENSION PS,L&O
AGID1163,PSI-2 Cowl Bazar PS,PSI-2,,9480803085,08392-240731,Ballari,COWL BAZAR PS,L&O
AGID1164,PSI-2 Dandinashivara PS,PSI-2,,9364098516,,Tumkur,DANDINASHIVARA PS,L&O
AGID1165,PSI-2 Gubbi PS,PSI-2,,9364098519,08131-222229,Tumkur,GUBBI PS,L&O
AGID1166,PSI-2 Guttal PS,PSI-2,,8277984146,08375-224233,Haveri,GUTTAL PS,L&O
AGID1167,PSI-2 Hampi Tourist PS,PSI-2,hampitouristvjn@ksp.gov.in,,08394-241530,Vijayanagara,HAMTOURIST PS,L&O
AGID0580,PSI-2 Hampi Traffic PS,PSI-2,hampitrafficvjn@ksp.gov.in,,08394-241630,Vijayanagara,HAMTRAFFIC PS,Traffic
AGID1168,PSI-2 Hamsabhavi PS,PSI-2,,8277984487,08376-289033,Haveri,HAMSABHAVI PS,L&O
AGID1169,PSI-2 Handanakere PS,PSI-2,,9364098507,08133-257660,Tumkur,HANDANAKERE PS,L&O
AGID1170,PSI-2 Hangal PS,PSI-2,,8277984645,08379-262333,Haveri,HANGAL PS,L&O
AGID0581,PSI-2 Hassan Traffic PS,PSI-2,,9480804774,8172272846,Hassan,Hassan Traffic PS,Traffic
AGID1171,PSI-2 Haveri Rural PS,PSI-2,,8277984116,08375-233333,Haveri,HAVERI RURAL PS,L&O
AGID0582,PSI-2 Haveri Traffic PS,PSI-2,,8277984096,08375-234233,Haveri,HAVERI TRAFFIC PS,Traffic
AGID1172,PSI-2 Hebbur PS,PSI-2,,9364098497,2241036,Tumkur,HEBBUR PS,L&O
AGID1173,PSI-2 Hirebagewadi PS,PSI-2,,9480804109,2405240,Belagavi City,HIREBAGEWADI PS,L&O
AGID1174,PSI-2 Hirekerur PS,PSI-2,,8277984407,08376-282333,Haveri,HIREKERUR PS,L&O
AGID1175,PSI-2 Honnavalli PS,PSI-2,,9364098503,08134-264710,Tumkur,HONNAVALLI PS,L&O
AGID1176,PSI-2 Hulagur PS,PSI-2,,6361512694,,Haveri,HULAGUR PS,L&O
AGID1177,PSI-2 Huliyar PS,PSI-2,,9364098509,08133-256150,Tumkur,HULIYAR PS,L&O
AGID1178,PSI-2 Huliyurdurga PS,PSI-2,,9364098517,08132-223338,Tumkur,HULIYURDURGA PS,L&O
AGID1180,PSI-2 Jayanagara PS,PSI-2,,9364098494,2293389,Tumkur,JAYANAGARA PS,L&O
AGID1179,PSI-2 Jayanagara PS,PSI-2,,9480803375,08182-261416,Shivamogga,JAYANAGARA PS,L&O
AGID1181,PSI-2 K.B. Cross PS,PSI-2,,9364098505,08134-262055,Tumkur,K.B. CROSS PS,L&O
AGID1182,PSI-2 Kaginele PS,PSI-2,,8277984224,08375-289233,Haveri,KAGINELE PS,L&O
AGID1183,PSI-2 Kallambella PS,PSI-2,,9364098518,08135-274738,Tumkur,KALLAMBELLA PS,L&O
AGID1184,PSI-2 Kamalapur PS,PSI-2,kamalapurvjn@ksp.gov.in,,08394-241240,Vijayanagara,KAMALAPUR PS,L&O
AGID1185,PSI-2 Kaup PS,PSI-2,kaupudp@ksp.gov.in,9480805466,0820-2551033,Udupi,KAUP PS,L&O
AGID1186,PSI-2 Khadebazar PS,PSI-2,,9480804050,2405232,Belagavi City,KHADEBAZAR PS,L&O
AGID1187,PSI-2 Khanapur PS,PSI-2,,9480804129,08336-222333,Belagavi,KHANAPUR PS,L&O
AGID1188,PSI-2 Kodigenahalli PS,PSI-2,,9364098534,08137-279534,Tumkur,KODIGENAHALLI PS,L&O
AGID1189,PSI-2 Kolala PS,PSI-2,,9364098539,08138-236648,Tumkur,KOLALA PS,L&O
AGID1190,PSI-2 Kolar (R) PS,PSI-2,,9480802639,243299,Kolar,KOLAR (R) PS,L&O
AGID1191,PSI-2 Kolar (T) PS,PSI-2,,9480802636,222133,Kolar,KOLAR (T) PS,L&O
AGID1192,PSI-2 Kora PS,PSI-2,,9364098489,2242006,Tumkur,KORA PS,L&O
AGID1193,PSI-2 Koratagere PS,PSI-2,,9364098538,08138-232136,Tumkur,KORATAGERE PS,L&O
AGID1194,PSI-2 Kote PS,PSI-2,,9480803374,08182-261415,Shivamogga,KOTE PS,L&O
AGID1195,PSI-2 Kunigal PS,PSI-2,,9364098512,08132-220229,Tumkur,KUNIGAL PS,L&O
AGID1196,PSI-2 Kyathasandra PS,PSI-2,,9364098498,2281124,Tumkur,KYATHASANDRA PS,L&O
AGID1197,PSI-2 Lingasuguru PS,PSI-2,,9480803873,08537-257227,Raichur,LINGASUGURU PS,L&O
AGID1198,PSI-2 Madhugiri PS,PSI-2,,9364098528,08137-282381,Tumkur,MADHUGIRI PS,L&O
AGID1199,PSI-2 Mangaluru East PS,PSI-2,,9480802337,2220520,Mangaluru City,MANGALURU EAST PS,L&O
AGID1200,PSI-2 Mangaluru North PS,PSI-2,,9480805338,2220516,Mangaluru City,MANGALURU NORTH PS,L&O
AGID1201,PSI-2 Mangaluru Rural PS,PSI-2,,9480802343,2220535,Mangaluru City,MANGALURU RURAL PS,L&O
AGID1202,PSI-2 Marihal PS,PSI-2,,9480804108,2405239,Belagavi City,MARIHAL PS,L&O
AGID1203,PSI-2 Midigeshi PS,PSI-2,,9364098535,08137-278634,Tumkur,MIDIGESHI PS,L&O
AGID1204,PSI-2 Molkalmuru PS,PSI-2,,9480803114,08198-229233,Chitradurga,MOLKALMURU PS,L&O
AGID1205,PSI-2 Narasapura PS,PSI-2,,9480802647,240400,Kolar,NARASAPURA PS,L&O
AGID1206,PSI-2 New Extn PS,PSI-2,,9364098487,2278224,Tumkur,NEW EXTN PS,L&O
AGID1207,PSI-2 Nonavinakere PS,PSI-2,,9364098508,08134-258024,Tumkur,NONAVINAKERE PS,L&O
AGID1208,PSI-2 Patta Nayakana Hally PS,PSI-2,,9364098527,08135-271058,Tumkur,PATTA NAYAKANA HALLY PS,L&O
AGID1209,PSI-2 Pavagada (T) PS,PSI-2,,9364098531,08136-245666,Tumkur,PAVAGADA (T) PS,L&O
AGID1210,PSI-2 Rahamath Nagar PS,PSI-2,,9480802643,228222,Kolar,RAHAMATH NAGAR PS,L&O
AGID1211,PSI-2 Ramadurga PS,PSI-2,,9480804081,08335-242333,Belagavi,RAMADURGA PS,L&O
AGID1212,PSI-2 Ranebennur (T) PS,PSI-2,,8277984293,08373-266333,Haveri,RANEBENNUR (T) PS,L&O
AGID0583,PSI-2 Ranebennur Traffic PS,PSI-2,,8277984275,08373-268333,Haveri,RANEBENNUR TRAFFIC PS,Traffic
AGID1213,PSI-2 Rattihalli PS,PSI-2,,8277984432,08376-286233,Haveri,RATTIHALLI PS,L&O
AGID1214,PSI-2 Sakaleshapura (R) PS,PSI-2,,8277959538,8173245183,Hassan,SAKALESHAPURA (R) PS,L&O
AGID1215,PSI-2 Savadatti PS,PSI-2,,9480804126,08330-222333,Belagavi,SAVADATTI PS,L&O
AGID1216,PSI-2 Savanur PS,PSI-2,,8277984601,08378-241633,Haveri,SAVANUR PS,L&O
AGID1217,PSI-2 Shahabad PS,PSI-2,,9480803624,08474-204444,Kalaburagi,SHAHABAD PS,L&O
AGID1218,PSI-2 Shiggoan PS,PSI-2,,8277984510,08378-255233,Haveri,SHIGGOAN PS,L&O
AGID1219,PSI-2 Shikaripura Town PS,PSI-2,,9480803386,,Shivamogga,SHIKARIPURA TOWN PS,L&O
AGID1220,PSI-2 Shivamogga Rural PS,PSI-2,,9480803350,08182-261418,Shivamogga,SHIVAMOGGA RURAL PS,L&O
AGID1221,PSI-2 Sira PS,PSI-2,,9364098522,08135-275237,Tumkur,SIRA PS,L&O
AGID1222,PSI-2 Siruguppa PS,PSI-2,,9480803013,08396-220333,Ballari,SIRUGUPPA PS,L&O
AGID1223,PSI-2 Soraba PS,PSI-2,,9480803387,08184-272210,Shivamogga,SORABA PS,L&O
AGID1224,PSI-2 Surathkal PS,PSI-2,,9480802344,2220540,Mangaluru City,SURATHKAL PS,L&O
AGID1225,PSI-2 Tadasa PS,PSI-2,,8277984565,08378-257433,Haveri,TADASA PS,L&O
AGID1226,PSI-2 Tavarekere PS,PSI-2,,9364098520,08135-272541,Tumkur,TAVAREKERE PS,L&O
AGID1227,PSI-2 Thilak Park PS,PSI-2,,9364098499,2278202,Tumkur,THILAK PARK PS,L&O
AGID1228,PSI-2 Thirumani PS,PSI-2,,9364098537,08136-240047,Tumkur,THIRUMANI PS,L&O
AGID1229,PSI-2 Tilakwadi PS,PSI-2,,9480804053,2405236,Belagavi City,TILAKWADI PS,L&O
AGID1230,PSI-2 Tiptur Rural PS,PSI-2,,9364098471,,Tumkur,TIPTUR RURAL PS,L&O
AGID1231,PSI-2 Tiptur Town PS,PSI-2,,9364098502,08134-251041,Tumkur,TIPTUR TOWN PS,L&O
AGID1232,PSI-2 Tumkur Rural PS,PSI-2,,9364098490,2278381,Tumkur,TUMKUR RURAL PS,L&O
AGID1233,PSI-2 Tumkur Town PS,PSI-2,,9364098496,2278388,Tumkur,TUMKUR TOWN PS,L&O
AGID0584,PSI-2 Tumkur Traffic West PS,PSI-2,,9480802946,2278207,Tumkur,TUMKUR TRAFFIC WEST PS,Traffic
AGID1234,PSI-2 Turuvekere PS,PSI-2,,9364098515,08139-287334,Tumkur,TURUVEKERE PS,L&O
AGID1235,PSI-2 Udupi (T) PS,PSI-2,udupitownudp@ksp.gov.in,9480805465,0820-2520444,Udupi,UDU(T) PS,L&O
AGID0585,PSI-2 Udupi Traffic PS,PSI-2,udupitrafficudp@ksp.gov.in,9480805474,0820-2521332,Udupi,UDUTRAFFIC PS,Traffic
AGID1236,PSI-2 Udyambag PS,PSI-2,,9480804101,2405234,Belagavi City,UDYAMBAG PS,L&O
AGID1237,PSI-2 Uppinangadi PS,PSI-2,uppinangadimaq@ksp.gov.in,8277986548,08251-251055,Dakshina Kannada,UPPINANGADI PS,L&O
AGID1238,PSI-2 Vemagal PS,PSI-2,,9480802645,247233,Kolar,VEMAGAL PS,L&O
AGID1239,PSI-2 Women PS,PSI-2,,8277984120,,Haveri,WOMEN PS,L&O
AGID1240,PSI-2 Y.N. Hosakote PS,PSI-2,,9364098540,08136-247635,Tumkur,Y.N. HOSAKOTE PS,L&O
AGID1241,PSI-3 Chitradurga (T) PS,PSI-3,,9480803170,08194-222333,Chitradurga,CHITRADURGA (T) PS,L&O
AGID1242,PSI-3 Kunigal PS,PSI-3,,9364098513,08132-220229,Tumkur,KUNIGAL PS,L&O
AGID1243,PSI-3 Sira PS,PSI-3,,9364098523,08135-275237,Tumkur,SIRA PS,L&O
AGID1244,PSI-4 Chitradurga (T) PS,PSI-4,,9480803165,08194-222333,Chitradurga,CHITRADURGA (T) PS,L&O
AGID1245,PSI-4 Kunigal PS,PSI-4,,9364098514,08132-220229,Tumkur,KUNIGAL PS,L&O
AGID1246,PSI-4 Sira PS,PSI-4,,9364098524,08135-275237,Tumkur,SIRA PS,L&O
AGID1247,PTS Mysuru,,ptsmyc@ksp.gov.in,,8212418732,Mysuru,PTS Mysuru,PTS
AGID1012,Pachapur OP,,,,08333-261460,Belagavi,Pachapur OP,L&O
AGID1013,Passport Cell COP Office,,passportcellhde@ksp.gov.in,,2233460,Hubballi–Dharwad City,Passport Cell COP Office,Other
AGID0083,Petrol Card Section,,petrolcardbcp@ksp.gov.in,,22943659,Bengaluru City,Petrol Card Section,CAR
AGID1016,Police Canteen,,,,8232224097,Mandya,Police Canteen,Canteen
AGID1017,Police Complaint Authority,,,,2418340,Mysuru City,Police Complaint Authority,Other
AGID1018,Police Guest House,,,,0836-2233209,Dharwad,Police Guest House,Guest House
AGID1019,Police Housing Board,,,,2475610,Belagavi City,Police Housing Board,Other
AGID1020,Police Radio Station (PRS) Bhatkal,,prsbhatkalukwr@ksp.gov.in,,8385225400,Uttara Kannada,Police Radio Station (PRS) Bhatkal,PRS
AGID1022,Post Office,,postofficeudp@nic.in,,8202520628,Udupi,Post Office,POST
AGID1021,Post Office,,,,08539-220348,Koppal,Post Office,POST
AGID1023,Press Room,,,,22943227,Bengaluru City,Press Room,Other
AGID0542,Prison,,,,8212492089,Mysuru,Prison,Prison
AGID0543,Prisons,,,9480806440,8226222335,Chamarajanagara,Prisons,Prison
AGID1024,Protocol,,protocoludp@nic.in,,8202524925,Udupi,Protocol,Other
AGID1252,Public Prosecutor,,publicprosecutorudp@nic.in,,8202530574,Udupi,Public Prosecutor,Court
AGID1251,Public Prosecutor,,,,0816-2278273,Tumkur,Public Prosecutor,Court
AGID1250,Public Prosecutor,,,,823222119,Mandya,Public Prosecutor,Court
AGID1248,Public Prosecutor,,,,22262371,Bengaluru,Public Prosecutor,Court
AGID1249,Public Prosecutor,,,,08372-274988,Gadag,Public Prosecutor,Court
AGID1268,RFO,,,,08392-266933,Ballari,RFO,RFO
AGID2560,RPI,RPI,,9480802256,2418551,Mysuru City,RPI,CAR
AGID2561,RPI Band Office,RPI,,,2418741,Mysuru City,RPI Band Office,CAR
AGID0116,RPI CAR,RPI,,9480802324,2220826,Mangaluru City,RPI CAR,CAR
AGID0114,RPI CAR,RPI,carhde@ksp.gov.in,9480802044,2233522/523,Hubballi–Dharwad City,RPI CAR,CAR
AGID2562,RPI Company,RPI,,9480804102,0831-2405229,Belagavi,RPI Company,CAR
AGID0280,RPI DAR,RPI,darhvr@ksp.gov.in,8277984155,08375-234429,Haveri,RPI DAR,DAR
AGID0282,RPI DAR,RPI,darmdy@ksp.gov.in,9480804872,8232224057,Mandya,RPI DAR,DAR
AGID0275,RPI DAR,RPI,,9008368656,08482-226715,Bidar,RPI DAR,DAR
AGID0284,RPI DAR,RPI,,,,Tumkur,RPI DAR,DAR
AGID0279,RPI DAR,RPI,,,0836-2233204,Dharwad,RPI DAR,DAR
AGID0285,RPI DAR,RPI,rpidarudp@ksp.gov.in,9480805464,0820-2523444,Udupi,RPI DAR,DAR
AGID0276,RPI DAR,RPI,,,8156277057,Chikkaballapura,RPI DAR,DAR
AGID0286,RPI DAR,RPI,rpidarukwr@ksp.gov.in,9480805210,08382-225318,Uttara Kannada,RPI DAR,DAR
AGID0278,RPI DAR,RPI,,9480803137,08194-222458,Chitradurga,RPI DAR,DAR
AGID0274,RPI DAR,RPI,,9480803937,08354-235083,Bagalkote,RPI DAR,DAR
AGID0283,RPI DAR,RPI,darmys@ksp.gov.in,9480805006,8212473058,Mysuru,RPI DAR,DAR
AGID0299,RPI DAR,RPI,rpidarblr@ksp.gov.in,9480803041,08392-277417,Ballari,RPI DAR,DAR
AGID0277,RPI DAR,RPI,darckm@ksp.gov.in,9480805106,08262-222150,Chikkamagaluru,RPI DAR,DAR
AGID0281,RPI DAR,RPI,darmer@ksp.gov.in,9480804906,827222842,Kodagu,RPI DAR,DAR
AGID0287,RPI DAR,RPI,darvjn@ksp.gov.in,9480805706,,Vijayanagara,RPI DAR,DAR
AGID0290,RPI DAR (MTO),RPI,,,,Tumkur,RPI DAR (MTO),DAR
AGID0289,RPI DAR (MTO),RPI,,9480803282,08192-257599,Davanagere,RPI DAR (MTO),DAR
AGID0288,RPI DAR (MTO),RPI,darbng@ksp.gov.in,,,Bengaluru,RPI DAR (MTO),DAR
AGID0291,RPI DAR Bhadravathi,RPI,darbdvtshig@ksp.gov.in,9480803389,08282-270495,Shivamogga,RPI DAR Bhadravathi,DAR
AGID0292,RPI DAR Hassan,RPI,darhassan@ksp.gov.in,9480804740,,Hassan,RPI DAR Hassan,DAR
AGID0293,RPI DAR Koppal,RPI,,,08539-230169,Koppal,RPI DAR Koppal,DAR
AGID0294,RPI DAR-1,RPI,,,08372-297268,Gadag,RPI DAR-1,DAR
AGID0295,RPI DAR-2,RPI,,,08372-297268,Gadag,RPI DAR-2,DAR
AGID0296,RPI DAR-I,RPI,,9480803667,08473-253230,Yadgiri,RPI DAR-I,DAR
AGID0297,RPI MTO,RPI,darbjp@ksp.gov.in,9480804262,08352-250287,Vijayapura,RPI MTO,DAR
AGID1860,RPI MTO,PI,,9480801072,22942194,Bengaluru City,RPI MTO,CAR
AGID2565,RPI MTO,RPI,mtomaq@ksp.gov.in,9480805306,0824-2225080,Dakshina Kannada,RPI MTO,CAR
AGID2564,RPI MTO,RPI,,9480804006,0831-2405230,Belagavi,RPI MTO,CAR
AGID2566,RPI MTO,RPI,,,0836-2233204,Dharwad,RPI MTO,CAR
AGID2568,RPI MTO,RPI,carmtmyc@ksp.gov.in,9480802255,2418348,Mysuru City,RPI MTO,CAR
AGID2569,RPI MTO,RPI,,9480802837,27255488,Ramanagara,RPI MTO,CAR
AGID2567,RPI MTO,RPI,mtodargba@ksp.gov.in,9480803613,,Kalaburagi,RPI MTO,CAR
AGID0115,RPI MTO CAR,RPI,mtcarhde@ksp.gov.in,9480802045,2233524,Hubballi–Dharwad City,RPI MTO CAR,CAR
AGID0298,RPI MTO DAR,RPI,,,8232224057,Mandya,RPI MTO DAR,DAR
AGID0300,RPI MTO DAR,RPI,,,,Chitradurga,RPI MTO DAR,DAR
AGID2563,RPI Mounted Company,RPI,,,2418556,Mysuru City,RPI Mounted Company,CAR
AGID2570,RPI Palace-Security,RPI,,9480802259,2418552,Mysuru City,RPI Palace-Security,CAR
AGID1269,RPI-1,PI,darrcr@ksp.gov.in,9480803806,,Raichur,RPI-1,DAR
AGID1270,RPI-2 MT,PI,,9480803840,,Raichur,RPI-2 MT,DAR
AGID0003,RSI ASC Team,RSI,,,2418537,Mysuru City,RSI ASC Team,ASC Team
AGID0548,RTO,,,,8226222444,Chamarajanagara,RTO,RTO
AGID0546,RTO,,,,08392-240048,Ballari,RTO,RTO
AGID0556,RTO,,,,2220577,Mangaluru City,RTO,RTO
AGID0553,RTO,,,,08372-237078,Gadag,RTO,RTO
AGID0559,RTO,,,,08473-250154,Yadgiri,RTO,RTO
AGID0545,RTO,,,,08354-235275,Bagalkote,RTO,RTO
AGID0549,RTO,,rtockm@nic.in,,8262220366,Chikkamagaluru,RTO,RTO
AGID0555,RTO,,,,8272225785,Kodagu,RTO,RTO
AGID0550,RTO,,,,08192-259848,Davanagere,RTO,RTO
AGID0551,RTO,,,,0836-2233392,Dharwad,RTO,RTO
AGID0547,RTO,,,,2465503,Belagavi City,RTO,RTO
AGID0557,RTO,,,,2330364,Mysuru City,RTO,RTO
AGID0554,RTO,,,,08472-248805,Kalaburagi,RTO,RTO
AGID0552,RTO,,,,08372-237078,Gadag,RTO,RTO
AGID0558,RTO,,,,27273471,Ramanagara,RTO,RTO
AGID0560,RTO Hassan,,,,817224066,Hassan,RTO Hassan,RTO
AGID0561,RTO Haveri,,,,08375-232299,Haveri,RTO Haveri,RTO
AGID0562,RTO Hubballi,,,,2244550,Hubballi–Dharwad City,RTO Hubballi,RTO
AGID0563,RTO Karwar,,rtoukwr@nic.in,,8382226303,Uttara Kannada,RTO Karwar,RTO
AGID0564,RTO Kolar,,,,222039,Kolar,RTO Kolar,RTO
AGID0565,RTO Koppal,,,,08539-225023,Koppal,RTO Koppal,RTO
AGID0567,RTO Mandya,,,,8232220031,Mandya,RTO Mandya,RTO
AGID0566,RTO Tumkur,,,9449864006,0816-2009116,Tumkur,RTO Tumkur,RTO
AGID0568,RTO Udupi,PI,rtoudp@nic.in,9449864020,0820-2575137,Udupi,RTO Udupi,RTO
AGID1253,Railway,,,9480802128,08372-278744,Gadag,Railway,Railway
AGID1254,Railway OP Arasikere,ASI,,,8174232244,Hassan,Railway OP Arasikere,Railway
AGID1255,Railway OP Hassan,,,9480802144,8172268617,Hassan,Railway OP Hassan,Railway
AGID1256,Railway PS,,,9480802131,08392-276063,Ballari,RAILWAY PS,Railway
AGID1257,Railway PS,,,,08352-250883,Vijayapura,RAILWAY PS,Railway
AGID1264,Railway Station,,,,08473-252131,Yadgiri,Railway Station,Railway
AGID1262,Railway Station,,,,08372-234131,Gadag,Railway Station,Railway
AGID1258,Railway Station,,,,08354-220422,Bagalkote,Railway Station,Railway
AGID1263,Railway Station,,,,2423137,Mangaluru City,Railway Station,Railway
AGID1259,Railway Station,,,9480802133,,Bidar,Railway Station,Railway
AGID1260,Railway Station,,,,8226222038,Chamarajanagara,Railway Station,Railway
AGID1261,Railway Station,,,,0836-2326859,Dharwad,Railway Station,Railway
AGID1265,Railway Station Hubli-Dharwad,,,,2326859,Hubballi–Dharwad City,Railway Station Hubli-Dharwad,Railway
AGID1266,Regional Commissioner,,,,08472-278811,Kalaburagi,Regional Commissioner,Other
AGID0423,Regional Fire Officer,,,,2540116,Mysuru City,Regional Fire Officer,Fire
AGID0422,Regional Fire Officer,,,,08392-266933,Ballari,Regional Fire Officer,Fire
AGID1267,Remand Room,,,,08182-223157,Shivamogga,Remand Room,Other
AGID1281,SOCO Team,,,9480805713,,Vijayanagara,SOCO Team,SOCO
AGID2623,SP (ADMIN),SP,spadmindcre@ksp.gov.in,9480806104,080-22268003,HQ,DGP Office,DCRE
AGID2622,SP (HQ),SP,sphqdcre@ksp.gov.in,9480806103,080-22266891,HQ,DGP Office,DCRE
AGID2580,SP Bagalkote,SP,spbgk@ksp.gov.in,9480803901,08354-235077,Bagalkote,SP Bagalkote,L&O
AGID2581,SP Ballari,SP,spblr@ksp.gov.in,9480803001,08392-258300,Ballari,SP Ballari,L&O
AGID2630,SP Ballari Range,SP,spblrdcre@ksp.gov.in,9480806112,0821-2344912,Ballari,Range Office,DCRE
AGID2582,SP Belagavi,SP,sphgm@ksp.gov.in,9480804001,0831-2405204,Belagavi,SP Belagavi,L&O
AGID2583,SP Bengaluru,SP,spbng@ksp.gov.in,9480802401,22264350,Bengaluru,SP Bengaluru,L&O
AGID2635,SP Bengaluru City,SP,spbngcitydcre@ksp.gov.in,9480806105,080-29910793,Bengaluru City,Range Office,DCRE
AGID0302,SP Bidar,SP,sphdr@ksp.gov.in,9480803401,08482-226700,Bidar,SP Bidar,DAR
AGID0227,SP CEN PS,SP,,9480803900,08354-235279,Bagalkote,SP CEN PS,CEN
AGID0544,SP Central Prison,SP,,,0836-2447428,Dharwad,SP Central Prison,Prison
AGID2639,SP Central Range,SP,spcrdcre@ksp.gov.in,9480806106,080-29910724,Central,Range Office,DCRE
AGID2584,SP Chamarajanagara,SP,spchn@ksp.gov.in,9480804601,8226222243,Chamarajanagara,SP Chamarajanagara,L&O
AGID2585,SP Chikkaballapura,SP,spcbpura@ksp.gov.in,9480802501,08156-277210,Chikkaballapura,SP Chikkaballapura,L&O
AGID2586,SP Chikkamagaluru,SP,spckm@ksp.gov.in,9480805101,08262-230403,Chikkamagaluru,SP Chikkamagaluru,L&O
AGID0303,SP Chitradurga,SP,spcta@ksp.gov.in,9480803101,08194-222781,Chitradurga,SP Chitradurga,DAR
AGID2587,SP Commdt. Mounted Company,SP,,9480802206,2418154,Mysuru City,SP Commdt. Mounted Company,Mounted
AGID0304,SP DAR  Belagavi,SP,spdarbgm@ksp.gov.in,9480804003,0831-2405209,Belagavi,SP DAR  Belagavi,DAR
AGID2588,SP Dakshina Kannada,SP,spmaq@ksp.gov.in,9480805301,0824-2220503,Dakshina Kannada,SP Dakshina Kannada,L&O
AGID2589,SP Davanagere,SP,spdyg@ksp.gov.in,9480803201,08192-253400,Davanagere,SP Davanagere,L&O
AGID2590,SP Dharwad,SP,spdwd@ksp.gov.in,9480804301,0836-2233200,Dharwad,SP Dharwad,L&O
AGID2645,SP Eastern Range,SP,sperdcre@ksp.gov.in,9480806109,08192-259574,Eastern,Range Office,DCRE
AGID0424,SP Forest Cell  Kodagu,SP,spcidforestmer@ksp.gov.in,9480800220,8272228662,Kodagu,SP Forest Cell  Kodagu,Forest
AGID2591,SP Gadag,SP,spgdg@ksp.gov.in,9480804401,08372-236260,Gadag,SP Gadag,L&O
AGID2592,SP Hassan,SP,sphsn@ksp.gov.in,9480804701,817226841,Hassan,SP Hassan,L&O
AGID2593,SP Haveri,SP,sphvr@ksp.gov.in,9480804501,08375-232800,Haveri,SP Haveri,L&O
AGID2594,SP High Court Vigilance,SP,acphcourtsecbcp@ksp.gov.in,,22954540,Bengaluru City,SP High Court Vigilance,Court
AGID2596,SP KGF,SP,spkgf@ksp.gov.in,9480802701,274291,KGF,SP KGF,L&O
AGID2595,SP Kalaburagi,SP,spba@ksp.gov.in,9480803501,08472-263602,Kalaburagi,SP Kalaburagi,L&O
AGID2597,SP Kodagu,SP,spmer@ksp.gov.in,9480804901,8272229,Kodagu,SP Kodagu,L&O
AGID2598,SP Kolar,SP,spklr@ksp.gov.in,9480802601,243060,Kolar,SP Kolar,L&O
AGID2599,SP Koppal,SP,spkpl@ksp.gov.in,9480803701,08539-230111,Koppal,SP Koppal,L&O
AGID2600,SP Lokayuktha,SP,spklayadagir@gmail.com,9364062529,08473-253802,Yadgiri,SP Lokayuktha,L&O
AGID2601,SP Mandya,SP,spmdy@ksp.gov.in,9480804801,82322245,Mandya,SP Mandya,L&O
AGID2602,SP Marshal Vidhana Soudha Assembly,SP,,9663730385,22943116,Bengaluru City,SP Marshal Vidhana Soudha Assembly,L&O
AGID2603,SP Marshal Vidhana Soudha Council,SP,,,22943423,Bengaluru City,SP Marshal Vidhana Soudha Council,L&O
AGID2604,SP Mysuru,SP,spmys@ksp.gov.in,9480805001,821252004,Mysuru,SP Mysuru,L&O
AGID2650,SP NE Range,SP,spnerdcre@ksp.gov.in,9480806111,08472-263647,Northeastern,Range Office,DCRE
AGID2654,SP Northern Range,SP,spnrdcre@ksp.gov.in,9480806108,0831-2405215,Northern,Range Office,DCRE
AGID2605,SP Raichur,SP,sprcr@ksp.gov.in,9480803801,08532-235001,Raichur,SP Raichur,L&O
AGID2606,SP Ramanagar,SP,sprmn@ksp.gov.in,9480802801,27278800 (R),Ramanagara,SP Ramanagar,L&O
AGID2607,SP Shivamogga,SP,spsmg@ksp.gov.in,9480803301,08182-261400,Shivamogga,SP Shivamogga,L&O
AGID2660,SP Southern Range,SP,spsrdcre@ksp.gov.in,9480806107,0821-2344912,Southern,Range Office,DCRE
AGID2608,SP Tumkur,SP,sptkr@ksp.gov.in,9480802901,2272451,Tumkur,SP Tumkur,L&O
AGID2609,SP Udupi,SP,spudp@ksp.gov.in,9480805401,0820-2534777,Udupi,SP Udupi,L&O
AGID2610,SP Uttara Kannada,SP,spukwr@ksp.gov.in,9480805201,08382-226233,Uttara Kannada,SP Uttara Kannada,L&O
AGID2611,SP Vijayanagara,SP,spvjn@ksp.gov.in,9480805701,08394-200083,Vijayanagara,SP Vijayanagara,L&O
AGID2612,SP Vijayapura,SP,spbjp@ksp.gov.in,9480804201,08352-250152,Vijayapura,SP Vijayapura,L&O
AGID2666,SP Western Range,SP,spwrdcre@ksp.gov.in,9480806110,0824-2453644,Western,Range Office,DCRE
AGID2613,SP Yadgiri,SP,spydr@ksp.gov.in,9480803601,08473-253780,Yadgiri,SP Yadgiri,L&O
AGID2626,SSO,SSO,ss1hqdcre@ksp.gov.in,,080-22260827,HQ,DGP Office,DCRE
AGID1272,Site Director NPCIL Kaiga,PC,sdncilkaiga@nic.in,,8382264077,Uttara Kannada,Site Director NPCIL Kaiga,Other
AGID1273,Snake Catcher,,,9980034125,,Chamarajanagara,Snake Catcher,Other
AGID1276,Social Media,,,9480805719,,Vijayanagara,Social Media,Social Media
AGID1275,Social Media,,,9480803610,,Kalaburagi,Social Media,Social Media
AGID1274,Social Media,,smcellkbc@ksp.gov.in,,,Social Media,Social Media,Social Media
AGID1277,Social Media Cell,,,9480801000,22943001,Bengaluru City,Social Media Cell,Social Media
AGID1279,Social Welfare,,,,08473-252322,Yadgiri,Social Welfare,Other
AGID1278,Social Welfare,,,,0836-2447201,Dharwad,Social Welfare,Other
AGID1280,Social Welfare Officer,,,,08354-235526,Bagalkote,Social Welfare Officer,Other
AGID1282,Studio Section,,,,22943228,Bengaluru City,Studio Section,Other
AGID0533,Sub Jail,,,,08472-212505,Kalaburagi,Sub Jail,Prison
AGID0534,Sub-Jail,,,,08372-246341,Gadag,Sub-Jail,Prison
AGID0535,Sub-Jail,,,,8172268621,Hassan,Sub-Jail,Prison
AGID0141,Supdt of Central Prisons,,epvpr.prisons-kar@gov.in,9480806487,08352-272044,Vijayapura,Supdt of Central Prisons,CEN
AGID0142,Supdt. Central Prison,,,,08472-287142,Kalaburagi,Supdt. Central Prison,CEN
AGID1283,System Admin,,,9480804777,,Hassan,System Admin,Computer
AGID1285,Technical Cell,,,,2233485,Hubballi–Dharwad City,Technical Cell,Tech cell
AGID1284,Technical Cell,,,9480804007,,Belagavi,Technical Cell,Tech cell
AGID0143,Technical Centre,,,,22942620,Bengaluru City,Technical Centre,CEN
AGID1286,Toll,,,,28394383,Chikkaballapura,Toll,Other
AGID0586,Traffic Management Center,,,9480801041,22942926,Bengaluru City,Traffic Management Center,Traffic
AGID1287,University,,,,08472-245708,Kalaburagi,University,Other
AGID0671,VVIP Section,,,,22942192,Bengaluru City,VVIP Section,VVIP
AGID0672,VVIP Security Section,,,,22942192,Bengaluru City,VVIP Security Section,VVIP
AGID1288,Vaikuntha Guest House,,,,08539-239115,Koppal,Vaikuntha Guest House,Guest House
AGID1289,Vanitha Sahayavani,,,,22943225,Bengaluru City,Vanitha Sahayavani,Other
AGID1290,Victoria Hospital OP,PI,,,22943857,Bengaluru City,Victoria Hospital OP,L&O
AGID1291,Whatsapp No.,,,9480802300,,Mangaluru City,Whatsapp No.,Other
AGID0674,Wireless Workshop,,,,22943132,Bengaluru City,Wireless Workshop,Wireless
AGID1292,Women & Child Helpline,,,,08354-235708,Bagalkote,Women & Child Helpline,Other
AGID1294,Women PS,,womenpskpl@ksp.gov.in,9480803720,08539-221233,Koppal,WOMEN PS,Women
AGID1295,Women PS,,womenpsrmn@ksp.gov.in,9480802871,27276446,Ramanagara,WOMEN PS,Women
AGID1293,Women PS,,womengha@ksp.gov.in,9480803556,08472-263620,Kalaburagi,WOMEN PS,Women
AGID1296,Womens Helpline,,,,2233478,Hubballi–Dharwad City,Womens Helpline,Other
AGID0975,guledaguddabgk,,guledaguddabgk@ksp.gov.in,,,Bagalkote,guledaguddabgk,Other
AGID1271,savalagibgk,,savalagibgk@ksp.gov.in,,,Bagalkote,savalagibgk,Other