Section,Unit,District,Name,Rank,Station,Office 1,Office 2,Mobile 1,Mobile 2,Email
Control Room,Control Rooms in Bengaluru,Bengaluru City,"DGP C/Room, Office",DGP C/Room,Office,22211777,,22942111,,"crdgcontrol@ksp.gov.in, wrdgcontrol@ksp.gov.in"
Control Room,Control Rooms in Bengaluru,Bengaluru City,"CID CIVIL C/Room, Office",CID CIVIL C/Room,Office,22942444,,22094498,,spnoccid@ksp.gov.in
Wireless,Control Rooms in Bengaluru,Bengaluru City,"CID WIRELESS C/Room, Office",CID WIRELESS C/Room,Office,22942434,,22094500,,crcod@ksp.gov.in
Control Room,Control Rooms in Bengaluru,Bengaluru City,"ISD C/Room, Office",ISD C/Room,Office,25596006,,22943801,,
Control Room,Control Rooms in Bengaluru,Bengaluru City,"BENGALURU CITY C/Room, Office",BENGALURU CITY C/Room,Office,22942222,,22250999,,
Control Room,Control Rooms in Bengaluru,Bengaluru City,"108 C/Room (Ambulance), Office",108 C/Room (Ambulance),Office,23280161 (108),,—,,
Control Room,Control Rooms in Bengaluru,Bengaluru City,"CENTRAL C/Room, Office",CENTRAL C/Room,Office,22943003,,9480801100,,
Control Room,Control Rooms in Bengaluru,Bengaluru City,"EAST C/Room, Office",EAST C/Room,Office,22943535,,9480801200,,
Control Room,Control Rooms in Bengaluru,Bengaluru City,"SOUTH EAST C/Room, Office",SOUTH EAST C/Room,Office,22943482,,9480801600,,
Control Room,Control Rooms in Bengaluru,Bengaluru City,"WEST C/Room, Office",WEST C/Room,Office,22943232,,9480801700,,
Control Room,Control Rooms in Bengaluru,Bengaluru City,"NORTH C/Room, Office",NORTH C/Room,Office,22943434,,9480801300,,
Control Room,Control Rooms in Bengaluru,Bengaluru City,"NORTH EAST C/Room, Office",NORTH EAST C/Room,Office,22943060,,9480801400,,
Control Room,Control Rooms in Bengaluru,Bengaluru City,"SOUTH C/Room, Office",SOUTH C/Room,Office,22943111,,9480801500,,
Control Room,Control Rooms in Bengaluru,Bengaluru City,"TRAFFIC NORTH C/Room, Office",TRAFFIC NORTH C/Room,Office,22943684,,9480801096,,
Control Room,Control Rooms in Bengaluru,Bengaluru City,"TRAFFIC SOUTH C/Room, Office",TRAFFIC SOUTH C/Room,Office,22942704,,9480801097,,
Control Room,Control Rooms in Bengaluru,Bengaluru City,"TRAFFIC EAST C/Room, Office",TRAFFIC EAST C/Room,Office,22943131,,9480801095,,
Control Room,Control Rooms in Bengaluru,Bengaluru City,"TRAFFIC WEST C/Room, Office",TRAFFIC WEST C/Room,Office,22943030,,9480801900,,
Control Room,Control Rooms in Bengaluru,Bengaluru City,"TRAFFIC CENTRAL C/Room, Office",TRAFFIC CENTRAL C/Room,Office,22943663,,9480801094,,
Control Room,Control Rooms in Bengaluru,Bengaluru City,"MASTER C/Room, Office",MASTER C/Room,Office,22943322,,—,,
Control Room,Control Rooms in Bengaluru,Bengaluru City,"CCB C/Room, Office",CCB C/Room,Office,22943084,,—,,
Control Room,Control Rooms in Bengaluru,Bengaluru City,"CAR HQRS C/Room, Office",CAR HQRS C/Room,Office,22943555,,—,,
Control Room,Control Rooms in Bengaluru,Bengaluru City,"CAR NORTH C/Room, Office",CAR NORTH C/Room,Office,22943222,,9480801046,,
Control Room,Control Rooms in Bengaluru,Bengaluru City,"CAR SOUTH C/Room, Office",CAR SOUTH C/Room,Office,22943333,,—,,
Control Room,Control Rooms in Bengaluru,Bengaluru City,"WHITE FIELD C/Room, Office",WHITE FIELD C/Room,Office,22942959,,9480801144,,
Control Room,Control Rooms in Bengaluru,Bengaluru City,"RAILWAY C/Room, Office",RAILWAY C/Room,Office,22942666,,22871291,,dcrly@ksp.gov.in
Control Room,Control Rooms in Bengaluru,Bengaluru City,"RPF C/Room, Office",RPF C/Room,Office,22156322,,—,,
Control Room,Control Rooms in Bengaluru,Bengaluru City,"BBMP C/Room, Office",BBMP C/Room,Office,22221188,,22660000,,
Control Room,Control Rooms in Bengaluru,Bengaluru City,"DEAD BODY C/Room, Office",DEAD BODY C/Room,Office,22975829,,—,,
Control Room,Control Rooms in Bengaluru,Bengaluru City,"CISF C/Room, Office",CISF C/Room,Office,22001509,,22001519,,
Control Room,Control Rooms in Bengaluru,Bengaluru City,"DISASTER C/Room, Office",DISASTER C/Room,Office,22340676,,22253707,,
Control Room,Control Rooms in Bengaluru,Bengaluru City,"INT C/Room, Office",INT C/Room,Office,22240372,,22942608,,
Control Room,Control Rooms in Bengaluru,Bengaluru City,"I BN KSRP C/Room BENGALURU, Office",I BN KSRP C/Room BENGALURU,Office,25584116,,22942555,,
Control Room,Control Rooms in Bengaluru,Bengaluru City,"III BN KSRP C/Room BENGALURU, Office",III BN KSRP C/Room BENGALURU,Office,22943638,,9480800836,,
Control Room,Control Rooms in Bengaluru,Bengaluru City,"IV BN KSRP C/Room BENGALURU, Office",IV BN KSRP C/Room BENGALURU,Office,22942118,,25530257,,
Control Room,Control Rooms in Bengaluru,Bengaluru City,"IX BN KSRP C/Room KOODLU, Office",IX BN KSRP C/Room KOODLU,Office,28440661,,28440673,,
Control Room,Control Rooms in Bengaluru,Bengaluru City,"CBI C/Room, Office",CBI C/Room,Office,23331026,,23331977,,
Control Room,Control Rooms in Bengaluru,Bengaluru City,"ISPW C/Room, Office",ISPW C/Room,Office,22259660,,—,,
Control Room,Control Rooms in Bengaluru,Bengaluru City,"DISASTER C/Room (REVENUE DEPT), Office",DISASTER C/Room (REVENUE DEPT),Office,22253707,,22340676,,
Control Room,Control Rooms in Bengaluru,Bengaluru City,"DISASTER C/Room, COP",DISASTER C/Room,COP,22943283,,—,,
Control Room,Control Rooms in Bengaluru,Bengaluru City,"FIRE & EMERGENCY SERVICES C/Room, Office",FIRE & EMERGENCY SERVICES C/Room,Office,22971500,,22971600,,
Control Room,Control Rooms in Bengaluru,Bengaluru City,"HOME GUARDS C/Room, Office",HOME GUARDS C/Room,Office,25553234,,25576853,,
Control Room,Control Rooms in Bengaluru,Bengaluru City,"CIVIL DEFENCE C/Room, Office",CIVIL DEFENCE C/Room,Office,22267920,,22942720,,
State Police Headquarters,Control Rooms in Bengaluru,Bengaluru City,"CRPF BENGALURU, Office",CRPF BENGALURU,Office,080-28567730,,—,,
State Police Headquarters,Control Rooms in Bengaluru,Bengaluru City,"VIDHANA SOUDHA EXCHANGE, Office",VIDHANA SOUDHA EXCHANGE,Office,22032000,,22032998,,
State Police Headquarters,Control Rooms in Bengaluru,Bengaluru City,"VIKASA SOUDHA EXCHANGE, Office",VIKASA SOUDHA EXCHANGE,Office,22035005,,22034545,,
State Police Headquarters,Officers on State Deputation,Bengaluru City,"IGP, Vigilance Water Resource Development, Bengaluru",IGP,"Vigilance Water Resource Development, Bengaluru",22384076,,22874201,,igpwrv@gmail.com
State Police Headquarters,Officers on State Deputation,Bengaluru City,"DIGP & Secretary, Karnataka Building and Other Construction Workers Welfare Board Bengaluru",DIGP & Secretary,Karnataka Building and Other Construction Workers Welfare Board Bengaluru,—,,9902956196,,
State Police Headquarters,Officers on State Deputation,Bengaluru City,"DIGP & Director, BMTC (Security & Vigilance), Bengaluru",DIGP & Director,"BMTC (Security & Vigilance), Bengaluru",080-22537512,,080-22537513,,directorsv@mybmtc.com
State Police Headquarters,Officers on State Deputation,Bengaluru City,"SP, BDA, Bengaluru",SP,"BDA, Bengaluru",080-23364227,,7019053100,,sp@bdabangalore.org
State Police Headquarters,Officers on State Deputation,Bengaluru City,"SP, BESCOM Vigilance, Bengaluru",SP,"BESCOM Vigilance, Bengaluru",080-22381838,,9448042375,,spvigilance@yahoo.in
Special Units,"Home, Civil Defence, Fire & Emergency Services",Bengaluru City,"North Fire Station, Bengaluru",North Fire Station,Bengaluru,080-22971536,,,,fsonorth.ksfes@ka.gov.in
Special Units,"Home, Civil Defence, Fire & Emergency Services",Bengaluru City,"South Fire Station, Bengaluru",South Fire Station,Bengaluru,080-22971535,,,,fsosouth.ksfes@ka.gov.in
Special Units,Internal Security Division (ISD),Bengaluru City,"ADGP, Second-In-Command Karnataka State Bengaluru",ADGP,Second-In-Command Karnataka State Bengaluru,080-22943812,,25303900,,
Special Units,Internal Security Division (ISD),Bengaluru City,"Commandant KSISF-I BN, Bengaluru",Commandant KSISF-I BN,Bengaluru,080-22942291,,22942285,,cmdbtn1ksisf@ksp.gov.in
Special Units,Internal Security Division (ISD),Bengaluru City,"DySP, ISD BENGALURU EAST",DySP,ISD BENGALURU EAST,—,,9480800623,,
Special Units,Internal Security Division (ISD),Bengaluru City,"DySP, ISD BENGALURU WEST",DySP,ISD BENGALURU WEST,—,,9480800626,,
Special Units,Internal Security Division (ISD),Bengaluru City,"DySP, ISD BENGALURU CENTRAL",DySP,ISD BENGALURU CENTRAL,—,,9480800627,,
Special Units,Internal Security Division (ISD),Bengaluru City,"PI, SOUTH DIVISION BENGALURU",PI,SOUTH DIVISION BENGALURU,—,,9480800706,,
Special Units,Internal Security Division (ISD),Bengaluru City,"PI, EAST DIVISION BENGALURU",PI,EAST DIVISION BENGALURU,—,,9480800667,,
Special Units,Internal Security Division (ISD),Bengaluru City,"PI, WEST DIVISION BENGALURU",PI,WEST DIVISION BENGALURU,—,,9480800668,,
Special Units,Karnataka Lokayukta,Bengaluru City,"SP, KLA, Bengaluru Rural",SP,"KLA, Bengaluru Rural",080-22353821,,22011598,,kla_spbangalore_ka@ka.gov.in
Special Units,Criminal Investigation Department (CID),Bengaluru City,"AO, CID BENGALURU",AO,CID BENGALURU,080-22094634,,22942815,,
Special Units,Police Training Wing,Bengaluru City,"ADGP, Training, Bengaluru",ADGP,"Training, Bengaluru",080-22343708,,22943031,,"dgptraining@ksp.gov.in, igptrg@ksp.gov.in"
Special Units,Police Training Institutions,Bengaluru City,"DySP(W), KSPWTS, Bengaluru",DySP(W),"KSPWTS, Bengaluru",080-22942757,,080-22943626,,kspwtraining@gmail.com
Special Units,KSPH & IDCL,Bengaluru City,"DGP, Chairman and MD, KSPH & IDCL Bengaluru",DGP,"Chairman and MD, KSPH & IDCL Bengaluru",080-22943190,,25584304,,mdksphc@ksp.gov.in
Special Units,Bengaluru Metropolitan Task Force (BMTF),Bengaluru City,"ADGP BMTF, Office",ADGP BMTF,Office,080-22975586,,080-22943454,,"bmtf.policestation@gmail.com, adgpbmtf@gmail.com"
Special Units,Bengaluru Metropolitan Task Force (BMTF),Bengaluru City,"SP BMTF, Office",SP BMTF,Office,080-22975587,,9480685372,,spbmtf@gmail.com
Special Units,Bengaluru Metropolitan Task Force (BMTF),Bengaluru City,"DySP, BMTF",DySP,BMTF,080-22975588,,9480683347,,bmtfdysp@gmail.com
Special Units,Department of Prisons & Correctional Services,Bengaluru City,"Chief Superintendent of Prison, Bengaluru",Chief Superintendent of Prison,Bengaluru,080-25731611,,25737564,,cpblr.prisons-kar@gov.in
Special Units,Department of Prisons & Correctional Services,Bengaluru City,"CENTRAL JAIL, PARAPPANA AGRAHARA, BENGALURU",CENTRAL JAIL,"PARAPPANA AGRAHARA, BENGALURU",25733743,,25733809,,
Special Units,Karnataka State Reserve Police (KSRP),Bengaluru City,"Commandant, I-BN, Bengaluru",Commandant,"I-BN, Bengaluru",080-22942316,,25584416,,cmdt1bn@ksp.gov.in
Special Units,Karnataka State Reserve Police (KSRP),Bengaluru City,"Commandant, III-BN, Bengaluru",Commandant,"III-BN, Bengaluru",080-25532332,,25538262,,cmdt3bn@ksp.gov.in
Special Units,Karnataka State Reserve Police (KSRP),Bengaluru City,"Commandant, IV-BN, Bengaluru",Commandant,"IV-BN, Bengaluru",080-22942398,,25533541,,cmdt4bn@ksp.gov.in
Special Units,Karnataka State Reserve Police (KSRP),Bengaluru City,"Commandant, IX-BN, Koodlu, Bengaluru",Commandant,"IX-BN, Koodlu, Bengaluru",080-28440673,,25741554,,cmdt9bn@ksp.gov.in
Special Units,Karnataka State Reserve Police (KSRP),Bengaluru City,"Commandant, IRB, AVATI-KUDUGURKI, BENGALURU URBAN",Commandant,"IRB, AVATI-KUDUGURKI, BENGALURU URBAN",—,,9448065817 (PER.NO),,irbavathi@ksp.gov.in
Special Units,IRB,Bengaluru City,"Commandant, IRB, AVATI-KUDUGURKI, BENGALURU URBAN",Commandant,"IRB, AVATI-KUDUGURKI, BENGALURU URBAN",—,,9448065817 (PER.NO),,
Special Units,KSRP Battalions,Bengaluru City,"Commandant, I-BN, Bengaluru",Commandant,"I-BN, Bengaluru",25584416,,22942316,,cmdt1bn@ksp.gov.in
Special Units,KSRP Battalions,Bengaluru City,"I-BN KSRP, C/Room BENGALURU",I-BN KSRP,C/Room BENGALURU,25584116,,22942555,,ksrpcr1bn@ksp.gov.in
Special Units,KSRP Battalions,Bengaluru City,"POLICE PUBLIC SCHOOL (KSRP Campus, Koramangala, Bengaluru)",POLICE PUBLIC SCHOOL (KSRP Campus,"Koramangala, Bengaluru)",25506765,,22943674,,
Special Units,KSRP Battalions,Bengaluru City,"Commandant, III-BN, Bengaluru",Commandant,"III-BN, Bengaluru",25532332,,22942396,,cmdt3bn@ksp.gov.in
Special Units,KSRP Battalions,Bengaluru City,"III-BN KSRP, C/Room BENGALURU",III-BN KSRP,C/Room BENGALURU,22943638,,9480800836,,ksrpcr3bn@ksp.gov.in
Special Units,KSRP Battalions,Bengaluru City,"Commandant, IV-BN, Bengaluru",Commandant,"IV-BN, Bengaluru",080-22942398,,25533541,,cmdt4bn@ksp.gov.in
Special Units,KSRP Battalions,Bengaluru City,"IV-BN KSRP, C/Room BENGALURU",IV-BN KSRP,C/Room BENGALURU,22942118,,25530257,,ksrpcr4bn@ksp.gov.in
Special Units,KSRP Battalions,Bengaluru City,"Commandant, IX-BN, Koodlu, Bengaluru",Commandant,"IX-BN, Koodlu, Bengaluru",28440673,,25741554,,cmdt9bn@ksp.gov.in
Special Units,IRB Battalions & Training Institutions,Bengaluru City,"Commandant, IRB, AVATI-KUDUGURKI, BENGALURU URBAN",Commandant,"IRB, AVATI-KUDUGURKI, BENGALURU URBAN",—,,9448065817 (PER.NO),,irbavathi@ksp.gov.in
Special Units,"Communication, Logistics & Modernisation",Bengaluru City,"DCP(W), Bengaluru City",DCP(W),Bengaluru City,080-22942338,,22250999,,"dcpcontrol@ksp.gov.in, ccrblore@ksp.gov.in"
Special Units,"Communication, Logistics & Modernisation",Bengaluru City,"DySP (W), Crypto & Training, KSPWTS Bengaluru",DySP (W),"Crypto & Training, KSPWTS Bengaluru",080-22942757,,22943626,,"kspwtraining@gmail.com, kspwtrg@ksp.gov.in"
Special Units,"Communication, Logistics & Modernisation",Bengaluru City,"DySP(W), Central Zone Bengaluru",DySP(W),Central Zone Bengaluru,080-22942332,,9480800907,,
Special Units,"Communication, Logistics & Modernisation",Bengaluru City,"ACP(W), C/Room Bengaluru City",ACP(W),C/Room Bengaluru City,080-22200914,,9480800905,,
Special Units,Directorate of Civil Rights Enforcement (DCRE),Bengaluru City,"SP, HQ, DCRE, Bengaluru",SP,"HQ, DCRE, Bengaluru",080-22266891,,9480806103,,sphqdcre@ksp.gov.in
Special Units,Directorate of Civil Rights Enforcement (DCRE),Bengaluru City,"SP, ADMIN, DCRE, Bengaluru",SP,"ADMIN, DCRE, Bengaluru",080-22268003,,9480806104,,spadmindcre@ksp.gov.in
Special Units,Directorate of Civil Rights Enforcement (DCRE),Bengaluru City,"SP, DCRE, Bengaluru City Range",SP,"DCRE, Bengaluru City Range",080-29910753,,9480806105,,spbngcitydcre@ksp.gov.in
Special Units,Karnataka Railways Police,Bengaluru City,"DySP, Railways Bengaluru Sub-Division",DySP,Railways Bengaluru Sub-Division,080-22872483,,22943733,,sdpoblorerly@ksp.gov.in
Special Units,Karnataka Railways Police,Bengaluru City,"PI, Railways RCRB, Bengaluru",PI,"Railways RCRB, Bengaluru",080-22943176,,22268591,,rcrbrly@ksp.gov.in
Special Units,Karnataka Railways Police,Bengaluru City,"CPI, Railways Cantonment, Bengaluru",CPI,"Railways Cantonment, Bengaluru",080-22266260,,22942212,,cpiblorecantrly@ksp.gov.in
Special Units,Finger Print Bureau (FPB),Bengaluru City,"SP, FPB, Bengaluru",SP,"FPB, Bengaluru",080-22943590,,22942387,,"fpb@ksp.gov.in, spfpb@ksp.gov.in"
Special Units,Finger Print Bureau (FPB),Bengaluru City,"ACP, FPB, Bengaluru City",ACP,"FPB, Bengaluru City",080-22942190,,22943280,,fpubcp@ksp.gov.in
Special Units,Finger Print Bureau (FPB),Bengaluru City,"DySP, FPB, Admin Madiwala, Bengaluru",DySP,"FPB, Admin Madiwala, Bengaluru",080-22943215,,9480800479,,
Special Units,Finger Print Bureau (FPB),Bengaluru City,"DySP, FPB HQRS, Madiwala, Bengaluru",DySP,"FPB HQRS, Madiwala, Bengaluru",22943438,,9480800478,,
Special Units,Finger Print Bureau (FPB),Bengaluru City,"PI, FPB, Bengaluru",PI,"FPB, Bengaluru",080-22208393,,9480802410,,
Commissionerates,Bengaluru City,Bengaluru City,"CP, Bengaluru City",CP,Bengaluru City,080-22260222,,9480801001,,compolbcp@ksp.gov.in
Commissionerates,Bengaluru City,Bengaluru City,"IGP, Addl. CP, Intelligence, Bengaluru City",IGP,"Addl. CP, Intelligence, Bengaluru City",22200924,,22942254,,jtcpintbcp@ksp.gov.in
Commissionerates,Bengaluru City,Bengaluru City,"IGP, Addl. CP, Crime",IGP,"Addl. CP, Crime",22263875,,22942372,,jtcpcrimebcp@ksp.gov.in
Commissionerates,Bengaluru City,Bengaluru City,"DIGP, Joint CP, Traffic",DIGP,"Joint CP, Traffic",22942276,,22862222,,"jtcptrafficbcp@ksp.gov.in, addlcptrafficbcp@ksp.gov.in"
Commissionerates,Bengaluru City,Bengaluru City,"DIGP, Joint CP, West Bengaluru City",DIGP,"Joint CP, West Bengaluru City",22200902,,22942259,,addlcpwest@ksp.gov.in
Commissionerates,Bengaluru City,Bengaluru City,"DIGP, Joint CP, East Bengaluru City",DIGP,"Joint CP, East Bengaluru City",22200904,,22942267,,addlcpeast@ksp.gov.in
Commissionerates,Bengaluru City,Bengaluru City,"DIGP, Joint CP, Admin",DIGP,"Joint CP, Admin",22268374,,22943359,,ddlcpadmin@ksp.gov.in
Commissionerates,Bengaluru City,Bengaluru City,"DCP, East",DCP,East,25567085,,22942312,,dcpeastbcp@ksp.gov.in
Commissionerates,Bengaluru City,Bengaluru City,"DCP, Traffic North",DCP,Traffic North,23551133,,22942411,,dcptrafficnorth@gmail.com
Commissionerates,Bengaluru City,Bengaluru City,"DCP, West",DCP,West,22370195,,22942356,,dcpwest@ksp.gov.in
Commissionerates,Bengaluru City,Bengaluru City,"DCP, Traffic South",DCP,Traffic South,22943561,,9480800820,,dcptrfsouthbcp@ksp.gov.in
Commissionerates,Bengaluru City,Bengaluru City,"DCP, Traffic West",DCP,Traffic West,22942318,,22943034,,"dcptrafficwest@gmail.com, dcptrfwest@ksp.gov.in"
Commissionerates,Bengaluru City,Bengaluru City,"DCP, South-East",DCP,South-East,25530284,,22943465,,dcpsoutheastbcp@ksp.gov.in
Commissionerates,Bengaluru City,Bengaluru City,"DCP, Crime-1",DCP,Crime-1,22200912,,22942366,,dcpcrbcp@ksp.gov.in
Commissionerates,Bengaluru City,Bengaluru City,"DCP, Central",DCP,Central,22942344,,22865907,,dcpcentral@ksp.gov.in
Commissionerates,Bengaluru City,Bengaluru City,"DCP, CAR, HQ",DCP,"CAR, HQ",26701406,,22942415,,dcpcarhq@gmail.com
Commissionerates,Bengaluru City,Bengaluru City,"DCP, North-West",DCP,North-West,22943553,,22943661 (C,,dcpnorthwestbcp@ksp.gov.in
Commissionerates,Bengaluru City,Bengaluru City,"DCP, South",DCP,South,26635199,,22942309,,dcpsouthbcp@ksp.gov.in
Commissionerates,Bengaluru City,Bengaluru City,"DCP, North",DCP,North,22942299,,23567714,,dcpnorth@ksp.gov.in
Commissionerates,Bengaluru City,Bengaluru City,"DCP, Command Center",DCP,Command Center,22202593,,22943177,,dcpcomdcentrebcp@ksp.gov.in
Commissionerates,Bengaluru City,Bengaluru City,"DCP, INT, Bengaluru City",DCP,"INT, Bengaluru City",22200920,,22942354,,dcpintbcp@ksp.gov.in
Commissionerates,Bengaluru City,Bengaluru City,"DCP, Whitefield",DCP,Whitefield,22942852,,25223022,,dcpwhitefieldbcp@ksp.gov.in
Commissionerates,Bengaluru City,Bengaluru City,"DCP, North-East",DCP,North-East,23632002,,22943676,,dcpnortheast@ksp.gov.in
Commissionerates,Bengaluru City,Bengaluru City,"DCP, Admin",DCP,Admin,22200918,,22942358,,dcpadminbcp@ksp.gov.in
Commissionerates,Bengaluru City,Bengaluru City,"DCP, Traffic East",DCP,Traffic East,22860787,,22942346,,dcptrfeast@ksp.gov.in
Commissionerates,Bengaluru City,Bengaluru City,"DCP, South-West",DCP,South-West,080-22942300,,9480801005,,dcpsouthwestbcp@ksp.gov.in
Commissionerates,Bengaluru City,Bengaluru City,"DCP, Electronic City",DCP,Electronic City,—,,9480801008,,
Commissionerates,Bengaluru City,Bengaluru City,"DCP, Vidhan Soudha Security",DCP,Vidhan Soudha Security,22353129,,22033968,,dcpvsoudhasec@ksp.gov.in
Commissionerates,Bengaluru City,Bengaluru City,"DCP, CAR-South",DCP,CAR-South,29510856,,22942370,,dcpcarsouthbcp@ksp.gov.in
Commissionerates,Bengaluru City,Bengaluru City,"DCP, CAR-North",DCP,CAR-North,28465406,,22942368,,dcpcarnorthbcp@ksp.gov.in
Commissionerates,Bengaluru City,Bengaluru City,"DCP, CAR-West",DCP,CAR-West,22942964,,9480806022,,dcpcarwestbcp@ksp.gov.in
Commissionerates,Bengaluru City,Bengaluru City,"DCP, Crime-2",DCP,Crime-2,22942374,,22202375,,dcpcrime2bcp@ksp.gov.in
Commissionerates,Bengaluru City,Bengaluru City,"DCP, VVIP Security",DCP,VVIP Security,22280020,,22942941,,dcpvvipsec@ksp.gov.in
Commissionerates,Bengaluru City,Bengaluru City,"DCP(W), C/Room, Bengaluru City",DCP(W),"C/Room, Bengaluru City",22942338,,22250999,,"dcpcontrol@ksp.gov.in, ccrblore@ksp.gov.in"
Commissionerates,Bengaluru City,Bengaluru City,"ACP(W), C/Room, Bengaluru City",ACP(W),"C/Room, Bengaluru City",22200914,,9480800905,,
Commissionerates,Bengaluru City,Bengaluru City,"PI(W)-1, C/Room, Bengaluru City",PI(W)-1,"C/Room, Bengaluru City",22943772,,9480801036,,
Commissionerates,Bengaluru City,Bengaluru City,"PI(W)-2, C/Room, Bengaluru City",PI(W)-2,"C/Room, Bengaluru City",—,,9480801701,,
Commissionerates,Bengaluru City,Bengaluru City,"C/Room, Bengaluru City",C/Room,Bengaluru City,22942222,,22943400,,ccrblore@ksp.gov.in
Commissionerates,Bengaluru City,Bengaluru City,"ACP Cyber Crime PS, Office",ACP Cyber Crime PS,Office,22375522,,9480801110,,
Commissionerates,Bengaluru City,Bengaluru City,"PI Cyber Crime PS, Office",PI Cyber Crime PS,Office,22375522,,9480801554,,
Commissionerates,Bengaluru City,Bengaluru City,"PI Cyber Crime PS, Office",PI Cyber Crime PS,Office,—,,9113201439,,
Commissionerates,Bengaluru City,Bengaluru City,"PI Cyber Crime PS, Office",PI Cyber Crime PS,Office,—,,9113201446,,
Commissionerates,Bengaluru City,Bengaluru City,"VIP C/Room, Office",VIP C/Room,Office,22943660,,—,,
Commissionerates,Bengaluru City,Bengaluru City,"Master C/Room, Office",Master C/Room,Office,22943322,,—,,
Commissionerates,Bengaluru City,Bengaluru City,"Central C/Room, Office",Central C/Room,Office,22943003,,9480801100,,
Commissionerates,Bengaluru City,Bengaluru City,"East C/Room, Office",East C/Room,Office,22943535,,9480801200,,
Commissionerates,Bengaluru City,Bengaluru City,"West C/Room, Office",West C/Room,Office,22943232,,9480801700,,
Commissionerates,Bengaluru City,Bengaluru City,"North C/Room, Office",North C/Room,Office,22943434,,9480801300,,
Commissionerates,Bengaluru City,Bengaluru City,"South C/Room, Office",South C/Room,Office,22943111,,22943296,,
Commissionerates,Bengaluru City,Bengaluru City,"South-East C/Room, Office",South-East C/Room,Office,22943482,,81,,
Commissionerates,Bengaluru City,Bengaluru City,"North-East C/Room, Office",North-East C/Room,Office,22943060,,9480801400,,
Commissionerates,Bengaluru City,Bengaluru City,"Whitefield C/Room, Office",Whitefield C/Room,Office,22942959,,9480801144,,
Commissionerates,Bengaluru City,Bengaluru City,"North-West C/Room, Office",North-West C/Room,Office,22943661,,9480801141,,
Commissionerates,Bengaluru City,Bengaluru City,"South-West C/Room, Office",South-West C/Room,Office,22943300,,9480801140,,
Commissionerates,Bengaluru City,Bengaluru City,"Electronic City C/Room, Office",Electronic City C/Room,Office,22943355,,9480801142,,
Commissionerates,Bengaluru City,Bengaluru City,"Hoysala C/Room, Office",Hoysala C/Room,Office,22943000,,22943743,,
Commissionerates,Bengaluru City,Bengaluru City,"Traffic Central C/Room, Office",Traffic Central C/Room,Office,22943663,,—,,
Commissionerates,Bengaluru City,Bengaluru City,"Traffic East C/Room, Office",Traffic East C/Room,Office,22943131,,22942346,,
Commissionerates,Bengaluru City,Bengaluru City,"Traffic West C/Room, Office",Traffic West C/Room,Office,22943030,,9480801900,,
Commissionerates,Bengaluru City,Bengaluru City,"Traffic North C/Room, Office",Traffic North C/Room,Office,22943684,,9480801096,,
Commissionerates,Bengaluru City,Bengaluru City,"Traffic South C/Room, Office",Traffic South C/Room,Office,22942704,,9480801097,,
Commissionerates,Bengaluru City,Bengaluru City,"Namma 112, Office",Namma 112,Office,22943747,,22943745,,
Commissionerates,Bengaluru City,Bengaluru City,"Makkala Sahayavani, Office",Makkala Sahayavani,Office,22943224,,—,,
Commissionerates,Bengaluru City,Bengaluru City,"Vanitha Sahayavani, Office",Vanitha Sahayavani,Office,22943225,,1091,,
Commissionerates,Bengaluru City,Bengaluru City,"Elders Helpline, Office",Elders Helpline,Office,22943226,,1090,,
Commissionerates,Bengaluru City,Bengaluru City,"NDPS, Office",NDPS,Office,22943769,,—,,
Commissionerates,Bengaluru City,Bengaluru City,"ACP PRO, Office",ACP PRO,Office,22259590,,9480801089,,
Commissionerates,Bengaluru City,Bengaluru City,"Social Media Cell, Office",Social Media Cell,Office,22943001,,9480801000,,
Commissionerates,Bengaluru City,Bengaluru City,"Deployment Section, Office",Deployment Section,Office,22942865,,—,,
Commissionerates,Bengaluru City,Bengaluru City,"Command Centre, Office",Command Centre,Office,22202593,,22943177,,
Commissionerates,Bengaluru City,Bengaluru City,"GPS, Office",GPS,Office,22943658,,—,,
Commissionerates,Bengaluru City,Bengaluru City,"CCTV, Office",CCTV,Office,22943746,,—,,
Commissionerates,Bengaluru City,Bengaluru City,"Arms, Office",Arms,Office,22942373,,—,,
Commissionerates,Bengaluru City,Bengaluru City,"Automation Centre, Office",Automation Centre,Office,22943381,,22943173,,
Commissionerates,Bengaluru City,Bengaluru City,"Studio Section, Office",Studio Section,Office,22943228,,—,,
Commissionerates,Bengaluru City,Bengaluru City,"COP Stores, Office",COP Stores,Office,22943667,,—,,
Commissionerates,Bengaluru City,Bengaluru City,"COP Main Gate, Office",COP Main Gate,Office,22943275,,—,,
Commissionerates,Bengaluru City,Bengaluru City,"COP Back Gate, Office",COP Back Gate,Office,22943100,,—,,
Commissionerates,Bengaluru City,Bengaluru City,"EST Accounts, Office",EST Accounts,Office,22943138,,22943395,,
Commissionerates,Bengaluru City,Bengaluru City,"Human Rights, Office",Human Rights,Office,22392205,,—,,
Commissionerates,Bengaluru City,Bengaluru City,"FRRO, Office",FRRO,Office,22218195,,—,,
Commissionerates,Bengaluru City,Bengaluru City,"KAS Officers Guest House, Office",KAS Officers Guest House,Office,22206287,,—,,
Commissionerates,Bengaluru City,Bengaluru City,"KSP App, Office",KSP App,Office,22943772,,—,,
Commissionerates,Bengaluru City,Bengaluru City,"Press Room, Office",Press Room,Office,22943227,,—,,
Commissionerates,Bengaluru City,Bengaluru City,"Wireless Workshop, Office",Wireless Workshop,Office,22943132,,—,,
Commissionerates,Bengaluru City,Bengaluru City,"Conference Hall, Office",Conference Hall,Office,22943274,,—,,
Commissionerates,Bengaluru City,Bengaluru City,"DE Section, Office",DE Section,Office,22942184,,—,,
Commissionerates,Bengaluru City,Bengaluru City,"Immigration, Office",Immigration,Office,22943278,,—,,
Commissionerates,Bengaluru City,Bengaluru City,"City SB, Office",City SB,Office,22943245,,—,,
Commissionerates,Bengaluru City,Bengaluru City,"Technical Centre, Office",Technical Centre,Office,22942620,,—,,
Commissionerates,Bengaluru City,Bengaluru City,"Computer Section, Office",Computer Section,Office,22943553,,—,,
Commissionerates,Bengaluru City,Bengaluru City,"Dog Squad, Office",Dog Squad,Office,22943085,,—,,
Commissionerates,Bengaluru City,Bengaluru City,"AO COP, Office",AO COP,Office,22942825,,—,,
Commissionerates,Bengaluru City,Bengaluru City,"SS EST, COP",SS EST,COP,22942834,,—,,
Commissionerates,Bengaluru City,Bengaluru City,"SS ACT, COP",SS ACT,COP,22943395,,—,,
Commissionerates,Bengaluru City,Bengaluru City,"SS Arms, Mag Genrl COP",SS Arms,Mag Genrl COP,22942373,,—,,
Commissionerates,Bengaluru City,Bengaluru City,"SS Building & Recruitment, Training & Pension",SS Building & Recruitment,Training & Pension,22943138,,—,,
Commissionerates,Bengaluru City,Bengaluru City,"SS Crime Section, Office",SS Crime Section,Office,22942187,,—,,
Commissionerates,Bengaluru City,Bengaluru City,"DCP, Central",DCP,Central,22942344,,22865907,,dcpcentral@ksp.gov.in
Commissionerates,Bengaluru City,Bengaluru City,"Central C/Room, Office",Central C/Room,Office,22943003,,9480801100,,
Commissionerates,Bengaluru City,Bengaluru City,"ACP Seshadripuram, Office",ACP Seshadripuram,Office,22942637,,9480801105,,ablesspurambcp@ksp.gov.in
Commissionerates,Bengaluru City,Bengaluru City,"PI Seshadripuram PS, Office",PI Seshadripuram PS,Office,22942586,,22942082,,sspurambcp@ksp.gov.in
Commissionerates,Bengaluru City,Bengaluru City,"PI High Ground PS, Office",PI High Ground PS,Office,22942587,,22942083,,hgroundbcp@ksp.gov.in
Commissionerates,Bengaluru City,Bengaluru City,"PI Vyalikaval PS, Office",PI Vyalikaval PS,Office,22942588,,22942084,,vkavalbcp@ksp.gov.in
Commissionerates,Bengaluru City,Bengaluru City,"PI Sadashiva Nagar PS, Office",PI Sadashiva Nagar PS,Office,22942589,,22942085,,ssnagarabcp@ksp.gov.in
Commissionerates,Bengaluru City,Bengaluru City,"ACP Cubbon Park, Office",ACP Cubbon Park,Office,22942167,,9480801107,,ablecparkbcp@ksp.gov.in
Commissionerates,Bengaluru City,Bengaluru City,"PI Cubbon Park PS, Office",PI Cubbon Park PS,Office,22942591,,22942087,,cparkbcp@ksp.gov.in
Commissionerates,Bengaluru City,Bengaluru City,"PI Ashoknagar PS, Office",PI Ashoknagar PS,Office,22942580,,22942076,,anagarbcp@ksp.gov.in
Commissionerates,Bengaluru City,Bengaluru City,"PI Viveknagar PS, Office",PI Viveknagar PS,Office,22942584,,22942080,,vknagarbcp@ksp.gov.in
Commissionerates,Bengaluru City,Bengaluru City,"PI Vidhana Soudha PS, Office",PI Vidhana Soudha PS,Office,22942590,,22942086,,vsoudhabcp@ksp.gov.in
Commissionerates,Bengaluru City,Bengaluru City,"ACP Halasoor Gate, Office",ACP Halasoor Gate,Office,22942171,,9480801106,,ableugatebcp@ksp.gov.in
Commissionerates,Bengaluru City,Bengaluru City,"PI Halasoor Gate PS, Office",PI Halasoor Gate PS,Office,22942579,,22942075,,hgatebcp@ksp.gov.in
Commissionerates,Bengaluru City,Bengaluru City,"PI Wilson Garden PS, Office",PI Wilson Garden PS,Office,22942581,,22942077,,wgardenbcp@ksp.gov.in
Commissionerates,Bengaluru City,Bengaluru City,"PI S.R Nagar PS, Office",PI S.R Nagar PS,Office,22942582,,22942078,,srnagarabcp@ksp.gov.in
Commissionerates,Bengaluru City,Bengaluru City,"PI S.J Park PS, Office",PI S.J Park PS,Office,22942583,,22942079,,sjparkbcp@ksp.gov.in
Commissionerates,Bengaluru City,Bengaluru City,"PI Women PS, Office",PI Women PS,Office,22942728,,9364107013,,womenpscentralbcp@ksp.gov.in
Commissionerates,Bengaluru City,Bengaluru City,"DCP Vidhana Soudha Security, Office",DCP Vidhana Soudha Security,Office,22943554,,22033968,,dcpvsoudhasec@ksp.gov.in
Commissionerates,Bengaluru City,Bengaluru City,"SP, Marshal Vidhana Soudha Assembly",SP,Marshal Vidhana Soudha Assembly,22943116,,9663730385,,
Commissionerates,Bengaluru City,Bengaluru City,"ACP, Marshal Vidhana Soudha Council",ACP,Marshal Vidhana Soudha Council,22943423,,—,,
Commissionerates,Bengaluru City,Bengaluru City,"ACP Vidhana Soudha Security, Office",ACP Vidhana Soudha Security,Office,22943731,,9480801108,,
Commissionerates,Bengaluru City,Bengaluru City,"PI Vidhana Soudha Security -1, Office",PI Vidhana Soudha Security -1,Office,22943548,,9480801131,,
Commissionerates,Bengaluru City,Bengaluru City,"PI Vidhana Soudha Security -2, Office",PI Vidhana Soudha Security -2,Office,22033703,,9480801124,,
Commissionerates,Bengaluru City,Bengaluru City,"ACP Vikasa Soudha Security, Office",ACP Vikasa Soudha Security,Office,22035199,,9480801068,,acpvikassoudhasecbcp@ksp.gov.in
Commissionerates,Bengaluru City,Bengaluru City,"PI Vikasa Soudha Security-1, Office",PI Vikasa Soudha Security-1,Office,22035200,,9480801130,,
Commissionerates,Bengaluru City,Bengaluru City,"PI Vikasa Soudha Security-2, Office",PI Vikasa Soudha Security-2,Office,22942908,,9480801129,,
Commissionerates,Bengaluru City,Bengaluru City,"PI L.H (Legislative House), Office",PI L.H (Legislative House),Office,22942692,,—,,
Commissionerates,Bengaluru City,Bengaluru City,"DCP High Court Vigilance, Office",DCP High Court Vigilance,Office,22954540,,9448289038 (High Court CUG),,
Commissionerates,Bengaluru City,Bengaluru City,"DySP High Court Vigilance, Office",DySP High Court Vigilance,Office,22954540,,22943282,,ablehcourtsecbcp@ksp.gov.in
Commissionerates,Bengaluru City,Bengaluru City,"PI High Court Vigilance, Office",PI High Court Vigilance,Office,—,,9448288649,,
Commissionerates,Bengaluru City,Bengaluru City,"ACP High Court Security, Office",ACP High Court Security,Office,22943282,,9480801093,,ablehcourtsec@ksp.gov.in
Commissionerates,Bengaluru City,Bengaluru City,"PI High Court Security, Office",PI High Court Security,Office,22943282,,—,,
Commissionerates,Bengaluru City,Bengaluru City,"DCP West, Office",DCP West,Office,22370195,,22942356,,dcpwest@ksp.gov.in
Commissionerates,Bengaluru City,Bengaluru City,"West C/Room, Office",West C/Room,Office,22943232,,9480801700,,westcontrolbcp@ksp.gov.in
Commissionerates,Bengaluru City,Bengaluru City,"ACP, Cyber Crime PS Basaveshwaranagar",ACP,Cyber Crime PS Basaveshwaranagar,22943242,,9480801112,,cenpswestbcp@ksp.gov.in
Commissionerates,Bengaluru City,Bengaluru City,"PI Cyber Crime PS Basaveshwaranagar, Office",PI Cyber Crime PS Basaveshwaranagar,Office,22943242,,9480801113,,cenpswestbcp@ksp.gov.in
Commissionerates,Bengaluru City,Bengaluru City,"ACP Chickpete, Office",ACP Chickpete,Office,22942149,,22251773,,ablechikpetbcp@ksp.gov.in
Commissionerates,Bengaluru City,Bengaluru City,"PI Upparpete PS, Office",PI Upparpete PS,Office,22942503,,22873367,,upetbcp@ksp.gov.in
Commissionerates,Bengaluru City,Bengaluru City,"PI City Market PS, Office",PI City Market PS,Office,22942506,,9480801717,,marketbcp@ksp.gov.in
Commissionerates,Bengaluru City,Bengaluru City,"PI Kalasipalya PS, Office",PI Kalasipalya PS,Office,22942504,,26702195,,kpalyabcp@ksp.gov.in
Commissionerates,Bengaluru City,Bengaluru City,"K.S.R.T.C Out Post, Office",K.S.R.T.C Out Post,Office,22943113,,—,,
Commissionerates,Bengaluru City,Bengaluru City,"PI Cottonpete PS, Office",PI Cottonpete PS,Office,22942508,,26700675,,cotpetbcp@ksp.gov.in
Commissionerates,Bengaluru City,Bengaluru City,"PI Chamarajapete PS, Office",PI Chamarajapete PS,Office,22942575,,9480801521,,cmpetbcp@ksp.gov.in
Commissionerates,Bengaluru City,Bengaluru City,"ACP Byatarayanapura, Office",ACP Byatarayanapura,Office,22942151,,9480801706,,ablebypurabcp@ksp.gov.in
Commissionerates,Bengaluru City,Bengaluru City,"PI J.J. Nagar PS, Office",PI J.J. Nagar PS,Office,22942509,,9480801720,,jjnagarbcp@ksp.gov.in
Commissionerates,Bengaluru City,Bengaluru City,"PI Byatarayanapura PS, Office",PI Byatarayanapura PS,Office,22942507,,9480801721,,bypurabcp@ksp.gov.in
Commissionerates,Bengaluru City,Bengaluru City,"PI Chandra Layout PS, Office",PI Chandra Layout PS,Office,22942512,,9480801722,,clayoutbcp@ksp.gov.in
Commissionerates,Bengaluru City,Bengaluru City,"PI Annapurneshwari Nagar PS, Office",PI Annapurneshwari Nagar PS,Office,23482644,,9480801715,,apnagarbcp@ksp.gov.in
Commissionerates,Bengaluru City,Bengaluru City,"PI Rajarajeshwarinagara PS (R R Nagar), Office",PI Rajarajeshwarinagara PS (R R Nagar),Office,22942559,,9480801725,,rrnagarbcp@ksp.gov.in
Commissionerates,Bengaluru City,Bengaluru City,"ACP Vijayanagar, Office",ACP Vijayanagar,Office,22942153,,9480801707,,ablevnagarbcp@ksp.gov.in
Commissionerates,Bengaluru City,Bengaluru City,"PI Women PS, Vijayanagar",PI Women PS,Vijayanagar,22943448,,9480801114,,womenpswestbcp@ksp.gov.in
Commissionerates,Bengaluru City,Bengaluru City,"PI Vijayanagar PS, Office",PI Vijayanagar PS,Office,22942514,,9480801726,,vjnagarbcp@ksp.gov.in
Commissionerates,Bengaluru City,Bengaluru City,"PI Magadi Road PS, Office",PI Magadi Road PS,Office,22942515,,9480801727,,mroadbcp@ksp.gov.in
Commissionerates,Bengaluru City,Bengaluru City,"PI K.P. Agrahara PS, Office",PI K.P. Agrahara PS,Office,22942518,,9480801730,,kpagarharabcp@ksp.gov.in
Commissionerates,Bengaluru City,Bengaluru City,"PI Basaveshwaranagar PS, Office",PI Basaveshwaranagar PS,Office,22942516,,9480801729,,bwnagarbcp@ksp.gov.in
Commissionerates,Bengaluru City,Bengaluru City,"PI Kamakshipalya PS, Office",PI Kamakshipalya PS,Office,22942517,,9480801728,,kmpalyabcp@ksp.gov.in
Commissionerates,Bengaluru City,Bengaluru City,"PI Govindarajnagar PS, Office",PI Govindarajnagar PS,Office,22942283,,9480801049,,grnagarbcp@ksp.gov.in
Commissionerates,Bengaluru City,Bengaluru City,"DCP East, Office",DCP East,Office,25567085,,22942312,,dcpeastbcp@ksp.gov.in
Commissionerates,Bengaluru City,Bengaluru City,"East C/Room, Office",East C/Room,Office,22943535,,9480801200,,eastcontrol75@gmail.com
Commissionerates,Bengaluru City,Bengaluru City,"ACP Cyber Crime PS, Office",ACP Cyber Crime PS,Office,22943089,,9480801023,,ablecenpseastbcp@ksp.gov.in
Commissionerates,Bengaluru City,Bengaluru City,"PI Cyber Crime PS, Office",PI Cyber Crime PS,Office,22943089,,9480801025,,cenpseastbcp@ksp.gov.in
Commissionerates,Bengaluru City,Bengaluru City,"ACP Halasoor, Office",ACP Halasoor,Office,22942143,,9480801205,,ableulsoorbcp@ksp.gov.in
Commissionerates,Bengaluru City,Bengaluru City,"PI Halasoor PS, Office",PI Halasoor PS,Office,22942540,,9480801226,,halsoorbcp@ksp.gov.in
Commissionerates,Bengaluru City,Bengaluru City,"PI Indiranagar PS, Office",PI Indiranagar PS,Office,22942541,,9480801228,,inagarbcp@ksp.gov.in
Commissionerates,Bengaluru City,Bengaluru City,"PI Byappanahalli PS, Office",PI Byappanahalli PS,Office,22942545,,9480801227,,bpnhallibcp@ksp.gov.in
Commissionerates,Bengaluru City,Bengaluru City,"PI J.B. Nagar PS, Office",PI J.B. Nagar PS,Office,22942543,,9480801229,,jbnagarbcp@ksp.gov.in
Commissionerates,Bengaluru City,Bengaluru City,"ACP Pulakeshinagar, Office",ACP Pulakeshinagar,Office,22942145,,9480801206,,ableftownbcp@ksp.gov.in
Commissionerates,Bengaluru City,Bengaluru City,"PI Women PS, Shivajinagar",PI Women PS,Shivajinagar,22942585,,9480801120,,womenpseastbcp@ksp.gov.in
Commissionerates,Bengaluru City,Bengaluru City,"PI Bharathinagar PS, Office",PI Bharathinagar PS,Office,22942547,,9480801216,,bnagarbcp@ksp.gov.in
Commissionerates,Bengaluru City,Bengaluru City,"PI Pulakeshinagar PS, Office",PI Pulakeshinagar PS,Office,22942548,,9480801215,,ftownbcp@ksp.gov.in
Commissionerates,Bengaluru City,Bengaluru City,"PI Shivajinagar PS, Office",PI Shivajinagar PS,Office,22942597,,9480801219,,snagarbcp@ksp.gov.in
Commissionerates,Bengaluru City,Bengaluru City,"Cyber Crime PS Shivajinagar PS, Office",Cyber Crime PS Shivajinagar PS,Office,22943089,,9480801025,,cenpseastbcp@ksp.gov.in
Commissionerates,Bengaluru City,Bengaluru City,"Boring Hospital OP, Office",Boring Hospital OP,Office,22943504,,—,,
Commissionerates,Bengaluru City,Bengaluru City,"PI Commercial Street PS, Office",PI Commercial Street PS,Office,22942549,,25587880,,commercialbcp@ksp.gov.in
Commissionerates,Bengaluru City,Bengaluru City,"ACP Banaswadi, Office",ACP Banaswadi,Office,22942147,,9480801207,,"ablekrpura@ksp.gov.in, bswadibcp@ksp.gov.in"
Commissionerates,Bengaluru City,Bengaluru City,"PI Ramamurthy Nagar PS, Office",PI Ramamurthy Nagar PS,Office,22942554,,9480801224,,rmnagarbcp@ksp.gov.in
Commissionerates,Bengaluru City,Bengaluru City,"PI Hennur PS, Office",PI Hennur PS,Office,22942557,,9480801225,,hennurbcp@ksp.gov.in
Commissionerates,Bengaluru City,Bengaluru City,"PI Banaswadi PS, Office",PI Banaswadi PS,Office,22942552,,9480801222,,bwadibcp@ksp.gov.in
Commissionerates,Bengaluru City,Bengaluru City,"ACP K.G. Halli, Office",ACP K.G. Halli,Office,22942725,,9480801013,,"acpkghalli@gmail.com, ablekghallibcp@ksp.gov.in"
Commissionerates,Bengaluru City,Bengaluru City,"PI K.G. Halli PS, Office",PI K.G. Halli PS,Office,22942556,,9480801223,,kghallibcp@ksp.gov.in
Commissionerates,Bengaluru City,Bengaluru City,"PI D.J. Halli PS, Office",PI D.J. Halli PS,Office,22942550,,9480801220,,djhallibcp@ksp.gov.in
Commissionerates,Bengaluru City,Bengaluru City,"PI Govindpura PS, Office",PI Govindpura PS,Office,22943305,,9480801024,,govindpurabcp@ksp.gov.in
Commissionerates,Bengaluru City,Bengaluru City,"DCP, South",DCP,South,26635199,,22942309,,dcpsouthbcp@ksp.gov.in
Commissionerates,Bengaluru City,Bengaluru City,"South C/Room, Office",South C/Room,Office,22943111,,22943296,,southcontrolbcp@ksp.gov.in
Commissionerates,Bengaluru City,Bengaluru City,"ACP Cyber Crime PS, Banashankari",ACP Cyber Crime PS,Banashankari,22943507,,9480801098,,
Commissionerates,Bengaluru City,Bengaluru City,"PI Cyber Crime PS, Banashankari (Cyber Economic Narcotic)",PI Cyber Crime PS,Banashankari (Cyber Economic Narcotic),22943507,,9480801099,,cenpssouthbcp@ksp.gov.in
Commissionerates,Bengaluru City,Bengaluru City,"ACP Jayanagar, Office",ACP Jayanagar,Office,22942161,,9480801505,,ablejayanagarbcp@ksp.gov.in
Commissionerates,Bengaluru City,Bengaluru City,"PI Jayanagar PS, Office",PI Jayanagar PS,Office,22942562,,9480801515,,pijnagarbcp@ksp.gov.in
Commissionerates,Bengaluru City,Bengaluru City,"PI Basavanagudi PS, Office",PI Basavanagudi PS,Office,22942057,,9480801516,,bgudibcp@ksp.gov.in
Commissionerates,Bengaluru City,Bengaluru City,"PI J.P. Nagar PS, Office",PI J.P. Nagar PS,Office,22942563,,9480801517,,jpnagarbcp@ksp.gov.in
Commissionerates,Bengaluru City,Bengaluru City,"PI Siddapura PS, Office",PI Siddapura PS,Office,22942572,,9480801519,,spurabcp@ksp.gov.in
Commissionerates,Bengaluru City,Bengaluru City,"PI Banashankari PS, Office",PI Banashankari PS,Office,22942564,,26710245,,bskbcpbcp@ksp.gov.in
Commissionerates,Bengaluru City,Bengaluru City,"PI Puttenahalli PS, Office",PI Puttenahalli PS,Office,22942566,,9480801523,,puttenahallipsbcp@ksp.gov.in
Commissionerates,Bengaluru City,Bengaluru City,"ACP V.V. Puram, Office",ACP V.V. Puram,Office,22942165,,9480801506,,ablevvpurabcp@ksp.gov.in
Commissionerates,Bengaluru City,Bengaluru City,"PI V.V. Puram PS, Office",PI V.V. Puram PS,Office,22942574,,9480801522,,vvpurapsbcp@ksp.gov.in
Commissionerates,Bengaluru City,Bengaluru City,"PI Hanumanthanagara PS, Office",PI Hanumanthanagara PS,Office,22942576,,9480801524,,hnagarbcp@ksp.gov.in
Commissionerates,Bengaluru City,Bengaluru City,"PI Kempegowda Nagar PS, Office",PI Kempegowda Nagar PS,Office,22942578,,9480801525,,kgnagarbcp@ksp.gov.in
Commissionerates,Bengaluru City,Bengaluru City,"PI Shankarapuram PS, Office",PI Shankarapuram PS,Office,22942558,,9480801526,,"piskpurabcp@ksp.gov.in, skpurabcp@ksp.gov.in"
Commissionerates,Bengaluru City,Bengaluru City,"PI Girinagar PS, Office",PI Girinagar PS,Office,22942577,,9480801528,,gnagarbcp@ksp.gov.in
Commissionerates,Bengaluru City,Bengaluru City,"PI Chennammanakere Achukattu PS, Office",PI Chennammanakere Achukattu PS,Office,22943483,,9480801532,,chkactps@ksp.gov.in
Commissionerates,Bengaluru City,Bengaluru City,"PI South Women PS, Office",PI South Women PS,Office,22943250,,9480801530,,womensouthbcp@ksp.gov.in
Commissionerates,Bengaluru City,Bengaluru City,"Victoria Hospital OP, Office",Victoria Hospital OP,Office,22943857,,—,,
Commissionerates,Bengaluru City,Bengaluru City,"DCP, North",DCP,North,23567714,,22942299,,"dcpnorth@ksp.gov.in, dcpnorthbcp@ksp.gov.in"
Commissionerates,Bengaluru City,Bengaluru City,"ACP CEN North, Office",ACP CEN North,Office,22942302,,9480801065,,cenpsnorthbcp@ksp.gov.in
Commissionerates,Bengaluru City,Bengaluru City,"PI CEN North, Office",PI CEN North,Office,—,,9449295758,,
Commissionerates,Bengaluru City,Bengaluru City,"North C/Room, Office",North C/Room,Office,22943434,,9480801300,,ccrnbcp@ksp.gov.in
Commissionerates,Bengaluru City,Bengaluru City,"ACP Malleshwaram, Office",ACP Malleshwaram,Office,22942155,,9480801305,,ablemvmbcp@ksp.gov.in
Commissionerates,Bengaluru City,Bengaluru City,"PI Malleshwaram PS, Office",PI Malleshwaram PS,Office,22942519,,9480801315,,mvmbcp@ksp.gov.in
Commissionerates,Bengaluru City,Bengaluru City,"PI Srirampura PS, Office",PI Srirampura PS,Office,22942520,,9480801321,,srpurambcp@ksp.gov.in
Commissionerates,Bengaluru City,Bengaluru City,"PI Rajajinagar PS, Office",PI Rajajinagar PS,Office,22942522,,9480801316,,rnagarbcp@ksp.gov.in
Commissionerates,Bengaluru City,Bengaluru City,"PI Subramanya Nagar PS, Office",PI Subramanya Nagar PS,Office,22942524,,9480801320,,sbnagarbcp@ksp.gov.in
Commissionerates,Bengaluru City,Bengaluru City,"PI Mahalakshmi Layout PS, Office",PI Mahalakshmi Layout PS,Office,22942523,,9480801318,,mllayoutbcp@ksp.gov.in
Commissionerates,Bengaluru City,Bengaluru City,"ACP Yeshwanthapura, Office",ACP Yeshwanthapura,Office,22942157,,9480801306,,ableypurabcp@ksp.gov.in
Commissionerates,Bengaluru City,Bengaluru City,"PI Yeshwanthapura PS, Office",PI Yeshwanthapura PS,Office,22942526,,9480801322,,yspurabcp@ksp.gov.in
Commissionerates,Bengaluru City,Bengaluru City,"PI Jalahalli PS, Office",PI Jalahalli PS,Office,22942527,,9480801323,,jhallibcp@ksp.gov.in
Commissionerates,Bengaluru City,Bengaluru City,"PI R.M.C Yard PS, Office",PI R.M.C Yard PS,Office,22942531,,9480801325,,rmcyardbcp@ksp.gov.in
Commissionerates,Bengaluru City,Bengaluru City,"PI Nandini Layout PS, Office",PI Nandini Layout PS,Office,22942539,,9480801317,,nlayoutbcp@ksp.gov.in
Commissionerates,Bengaluru City,Bengaluru City,"ACP J.C. Nagar, Office",ACP J.C. Nagar,Office,22942159,,9480801307,,ablejcngarbcp@ksp.gov.in
Commissionerates,Bengaluru City,Bengaluru City,"PI Women PS, Sanjayanagara",PI Women PS,Sanjayanagara,22942616,,9480801067,,womenpsnorthbcp@ksp.gov.in
Commissionerates,Bengaluru City,Bengaluru City,"PI J.C. Nagar PS, Office",PI J.C. Nagar PS,Office,22942534,,9480801329,,jcnagarbcp@ksp.gov.in
Commissionerates,Bengaluru City,Bengaluru City,"PI Sanjayanagar PS, Office",PI Sanjayanagar PS,Office,22942533,,9480801332,,sanjaynagarbcp@ksp.gov.in
Commissionerates,Bengaluru City,Bengaluru City,"PI Hebbala PS, Office",PI Hebbala PS,Office,22942535,,9480801331,,hebbalbcp@ksp.gov.in
Commissionerates,Bengaluru City,Bengaluru City,"PI R.T. Nagar PS, Office",PI R.T. Nagar PS,Office,22942538,,9480801330,,rtnagarbcp@ksp.gov.in
Commissionerates,Bengaluru City,Bengaluru City,"DCP, North-East",DCP,North-East,22942363,,22943676,,dcpnortheast@ksp.gov.in
Commissionerates,Bengaluru City,Bengaluru City,"North-East C/Room, Office",North-East C/Room,Office,22943060,,9480801400,,
Commissionerates,Bengaluru City,Bengaluru City,"ACP Cyber Crime PS Yelahanka, Office",ACP Cyber Crime PS Yelahanka,Office,22943810,,9480801050,,ablecenpsnortheastbcp@ksp.gov.in
Commissionerates,Bengaluru City,Bengaluru City,"PI Cyber Crime PS Yelahanka, Office",PI Cyber Crime PS Yelahanka,Office,22943810,,9480801051,,cenpsnortheastbcp@ksp.gov.in
Commissionerates,Bengaluru City,Bengaluru City,"ACP Yelahanka, Office",ACP Yelahanka,Office,22943734,,9480801070,,acpylkbcp@ksp.gov.in
Commissionerates,Bengaluru City,Bengaluru City,"PI Yelahanka PS, Office",PI Yelahanka PS,Office,22942536,,9480801415,,ylankabcp@ksp.gov.in
Commissionerates,Bengaluru City,Bengaluru City,"PI Yelahanka New Town PS, Office",PI Yelahanka New Town PS,Office,22942537,,9480801416,,"piylkntbcp@ksp.gov.in, ylkntbcp@ksp.gov.in"
Commissionerates,Bengaluru City,Bengaluru City,"PI Kodigehalli PS, Office",PI Kodigehalli PS,Office,22943703,,9480801422,,"pikodigehallibcp@ksp.gov.in, kodigehallibcp@ksp.gov.in"
Commissionerates,Bengaluru City,Bengaluru City,"PI Vidyaranyapura PS, Office",PI Vidyaranyapura PS,Office,22942528,,9480801327,,vrpurabcp@ksp.gov.in
Commissionerates,Bengaluru City,Bengaluru City,"ACP Sampigehalli, Office",ACP Sampigehalli,Office,22943690,,9480801069,,ablesampigehalli@ksp.gov.in
Commissionerates,Bengaluru City,Bengaluru City,"PI Sampigehalli PS, Office",PI Sampigehalli PS,Office,22943692,,9480801424,,sampigehallipsbcp@ksp.gov.in
Commissionerates,Bengaluru City,Bengaluru City,"PI Kothanur PS, Office",PI Kothanur PS,Office,22943694,,9480801423,,kottanurbcp@ksp.gov.in
Commissionerates,Bengaluru City,Bengaluru City,"PI Bhagaluru PS, Office",PI Bhagaluru PS,Office,28469100,,9480801418,,bhagalurpsbcp@ksp.gov.in
Commissionerates,Bengaluru City,Bengaluru City,"PI Amruthahalli PS, Office",PI Amruthahalli PS,Office,22943644,,9480801417,,amruthahallipsbcp@ksp.gov.in
Commissionerates,Bengaluru City,Bengaluru City,"PI Women PS Yelahanka, Office",PI Women PS Yelahanka,Office,22943188,,9480801052,,womenpsnebcp@ksp.gov.in
Commissionerates,Bengaluru City,Bengaluru City,"ACP Devanahalli, Office",ACP Devanahalli,Office,27680111,,9480801071,,abledevanahalli@ksp.gov.in
Commissionerates,Bengaluru City,Bengaluru City,"PI Devanahalli PS, Office",PI Devanahalli PS,Office,27680333,,9480801420,,devanahallipsbcp@ksp.gov.in
Commissionerates,Bengaluru City,Bengaluru City,"PI Chikkajala PS, Office",PI Chikkajala PS,Office,28467200,,9480801419,,chikkajalapsbcp@ksp.gov.in
Commissionerates,Bengaluru City,Bengaluru City,"PI Kempegowda International Airport (KIA) PS, Office",PI Kempegowda International Airport (KIA) PS,Office,22001102,,22001103,,biapsbcp@ksp.gov.in
Commissionerates,Bengaluru City,Bengaluru City,"Kempegowda International Airport (KIA) OP, Office",Kempegowda International Airport (KIA) OP,Office,22001101,,—,,
Commissionerates,Bengaluru City,Bengaluru City,"DCP, South-East",DCP,South-East,25530284,,22943465,,dcpsoutheastbcp@ksp.gov.in
Commissionerates,Bengaluru City,Bengaluru City,"South-East C/Room, Office",South-East C/Room,Office,22943481,,22943482,,southeastbcpcr@ksp.gov.in
Commissionerates,Bengaluru City,Bengaluru City,"ACP Cyber Crime PS, HSR Layout",ACP Cyber Crime PS,HSR Layout,22942759,,9480801057,,
Commissionerates,Bengaluru City,Bengaluru City,"PI Cyber Crime PS, HSR Layout",PI Cyber Crime PS,HSR Layout,22942759,,9480801058,,cenpssoutheastbcp@ksp.gov.in
Commissionerates,Bengaluru City,Bengaluru City,"ACP Mico Layout, Office",ACP Mico Layout,Office,22943466,,9480801605,,ablemicolayoutbcp@ksp.gov.in
Commissionerates,Bengaluru City,Bengaluru City,"PI Thilakanagar PS, Office",PI Thilakanagar PS,Office,22942571,,9480801621,,tlknagarbcp@ksp.gov.in
Commissionerates,Bengaluru City,Bengaluru City,"PI Mico Layout PS, Office",PI Mico Layout PS,Office,22942569,,9480801620,,micobcp@ksp.gov.in
Commissionerates,Bengaluru City,Bengaluru City,"PI Bommanahalli PS, Office",PI Bommanahalli PS,Office,22942269,,9480801544,,bommanahallibcp@ksp.gov.in
Commissionerates,Bengaluru City,Bengaluru City,"PI Suddguntepalya PS, Office",PI Suddguntepalya PS,Office,22942762,,9480801425,,sgpalyabcp@ksp.gov.in
Commissionerates,Bengaluru City,Bengaluru City,"ACP Madivala, Office",ACP Madivala,Office,22942163,,9480801606,,ablemadivalabcp@ksp.gov.in
Commissionerates,Bengaluru City,Bengaluru City,"PI Koramangala PS, Office",PI Koramangala PS,Office,22942570,,9480801625,,kmangalabcp@ksp.gov.in
Commissionerates,Bengaluru City,Bengaluru City,"PI Madivala PS, Office",PI Madivala PS,Office,22942568,,9480801624,,madivalabcp@ksp.gov.in
Commissionerates,Bengaluru City,Bengaluru City,"PI H.S.R Layout PS, Office",PI H.S.R Layout PS,Office,22943467,,9480801626,,hsrlayoutbcp@ksp.gov.in
Commissionerates,Bengaluru City,Bengaluru City,"PI Adugodi PS, Office",PI Adugodi PS,Office,22942573,,9480801518,,adugodibcp@ksp.gov.in
Commissionerates,Bengaluru City,Bengaluru City,"PI Women PS, Office",PI Women PS,Office,22943180,,9480801059,,womenpssebcp@ksp.gov.in
Commissionerates,Bengaluru City,Bengaluru City,"DCP North-West, Office",DCP North-West,Office,22943553,,9480801007,,dcpnorthwestbcp@ksp.gov.in
Commissionerates,Bengaluru City,Bengaluru City,"North-West C/Room, Office",North-West C/Room,Office,22943661,,9480801141,,
Commissionerates,Bengaluru City,Bengaluru City,"ACP Peenya, Office",ACP Peenya,Office,22942286,,9480801042,,ablepeenyabcp@ksp.gov.in
Commissionerates,Bengaluru City,Bengaluru City,"PI Peenya PS, Office",PI Peenya PS,Office,22942532,,9480801324,,peenyabcp@ksp.gov.in
Commissionerates,Bengaluru City,Bengaluru City,"PI Rajagopal Nagar PS, Office",PI Rajagopal Nagar PS,Office,22942525,,9480801319,,rgnagarbcp@ksp.gov.in
Commissionerates,Bengaluru City,Bengaluru City,"PI Madanayakanahalli PS, Office",PI Madanayakanahalli PS,Office,23713699,,9480802472,,mnayakahallibng@ksp.gov.in
Commissionerates,Bengaluru City,Bengaluru City,"PI Byadarahalli PS, Office",PI Byadarahalli PS,Office,23484899,,9480801550,,byhallibcp@ksp.gov.in
Commissionerates,Bengaluru City,Bengaluru City,"ACP Chikkabanavar, Office",ACP Chikkabanavar,Office,—,,,,
Commissionerates,Bengaluru City,Bengaluru City,"PI Gangammanagudi PS, Office",PI Gangammanagudi PS,Office,22942530,,22942026,,gggudibcp@ksp.gov.in
Commissionerates,Bengaluru City,Bengaluru City,"PI Soladevanahalli PS, Office",PI Soladevanahalli PS,Office,28394805,,9480801328,,sdhallibcp@ksp.gov.in
Commissionerates,Bengaluru City,Bengaluru City,"PI Bagalgunte PS, Office",PI Bagalgunte PS,Office,22942258,,9480801547,,bagalguntepsbcp@ksp.gov.in
Commissionerates,Bengaluru City,Bengaluru City,"PI Rajanukunte PS, Office",PI Rajanukunte PS,Office,28468936,,9480802457,,rajanukuntebng@ksp.gov.in
Commissionerates,Bengaluru City,Bengaluru City,"PI Chikkabanavar PS, Office",PI Chikkabanavar PS,Office,—,,,,
Commissionerates,Bengaluru City,Bengaluru City,"DCP, South-West",DCP,South-West,080-22942300,,9480801005,,dcpsouthwestbcp@ksp.gov.in
Commissionerates,Bengaluru City,Bengaluru City,"South-West C/Room, Office",South-West C/Room,Office,080-22943300,,9480801140,,
Commissionerates,Bengaluru City,Bengaluru City,"ACP Kengeri, Office",ACP Kengeri,Office,—,,9480801711,,
Commissionerates,Bengaluru City,Bengaluru City,"PI Kengeri PS, Office",PI Kengeri PS,Office,22942510,,9480801724,,kengeribcp@ksp.gov.in
Commissionerates,Bengaluru City,Bengaluru City,"PI Jnanabharathi PS, Office",PI Jnanabharathi PS,Office,22942513,,23213586,,jbharathibcp@ksp.gov.in
Commissionerates,Bengaluru City,Bengaluru City,"PI Kumbalagodu PS, Office",PI Kumbalagodu PS,Office,28437599,,9480802808,,kumbalagudurmn@ksp.gov.in
Commissionerates,Bengaluru City,Bengaluru City,"ACP Subramanyapura, Office",ACP Subramanyapura,Office,22943473,,9480801507,,ablesbpurabcp@ksp.gov.in
Commissionerates,Bengaluru City,Bengaluru City,"PI Subramanyapura PS, Office",PI Subramanyapura PS,Office,22942565,,9480801529,,sbpurabcp@ksp.gov.in
Commissionerates,Bengaluru City,Bengaluru City,"PI K.S. Layout PS, Office",PI K.S. Layout PS,Office,22942567,,9480801531,,kslayoutbcp@ksp.gov.in
Commissionerates,Bengaluru City,Bengaluru City,"PI Talaghattapura PS, Office",PI Talaghattapura PS,Office,22942359,,9480801075,,tgpurabcp@ksp.gov.in
Commissionerates,Bengaluru City,Bengaluru City,"PI Konanakunte PS, Office",PI Konanakunte PS,Office,22942560,,9480801520,,konanakuntepsbcp@ksp.gov.in
Commissionerates,Bengaluru City,Bengaluru City,"DCP, Whitefield",DCP,Whitefield,080-22942852,,22942959,,dcpwhitefieldbcp@ksp.gov.in
Commissionerates,Bengaluru City,Bengaluru City,"Whitefield C/Room, Office",Whitefield C/Room,Office,22942959,,7411747100,,
Commissionerates,Bengaluru City,Bengaluru City,"ACP Cyber Crime PS, Whitefield",ACP Cyber Crime PS,Whitefield,22942872,,9480801145,,
Commissionerates,Bengaluru City,Bengaluru City,"PI Cyber Crime PS, Whitefield",PI Cyber Crime PS,Whitefield,22942872,,9480801146,,cenpswhitefieldbcp@ksp.gov.in
Commissionerates,Bengaluru City,Bengaluru City,"ACP Whitefield, Office",ACP Whitefield,Office,22943155,,9480801076,,ablewhitefieldbcp@ksp.gov.in
Commissionerates,Bengaluru City,Bengaluru City,"PI Whitefield PS, Office",PI Whitefield PS,Office,22943472,,9480801617,,whitefieldbcp@ksp.gov.in
Commissionerates,Bengaluru City,Bengaluru City,"PI K.R. Puram PS, Office",PI K.R. Puram PS,Office,22942553,,9480801221,,krpurambcp@ksp.gov.in
Commissionerates,Bengaluru City,Bengaluru City,"PI Mahadevapura PS, Office",PI Mahadevapura PS,Office,22942546,,9480801230,,mdpurabcp@ksp.gov.in
Commissionerates,Bengaluru City,Bengaluru City,"PI Kadugodi PS, Office",PI Kadugodi PS,Office,22943471,,22943478,,
Commissionerates,Bengaluru City,Bengaluru City,"PI Avalahalli PS, Office",PI Avalahalli PS,Office,28472500,,9480802473,,avalahallibng@ksp.gov.in
Commissionerates,Bengaluru City,Bengaluru City,"PI Women PS, Office",PI Women PS,Office,22943510,,9480801147,,womenpswfbcp@gmail.com
Commissionerates,Bengaluru City,Bengaluru City,"ACP Marathahalli, Office",ACP Marathahalli,Office,22943199,,9480801607,,ablemarathahallibcp@ksp.gov.in
Commissionerates,Bengaluru City,Bengaluru City,"PI Marathahalli PS, Office",PI Marathahalli PS,Office,25639999,,9480801615,,marathahallibcp@ksp.gov.in
Commissionerates,Bengaluru City,Bengaluru City,"PI H.A.L PS, Office",PI H.A.L PS,Office,22942542,,9480801616,,halbcp@ksp.gov.in
Commissionerates,Bengaluru City,Bengaluru City,"PI Bellanduru PS, Office",PI Bellanduru PS,Office,25747771,,9480801543,,bellandurubcp@ksp.gov.in
Commissionerates,Bengaluru City,Bengaluru City,"PI Varthur PS, Office",PI Varthur PS,Office,28539196,,9480801618,,varthurbcp@ksp.gov.in
Commissionerates,Bengaluru City,Bengaluru City,"DCP, Electronic City",DCP,Electronic City,—,,9480801008,,dcpelectroniccitybcp@ksp.gov.in
Commissionerates,Bengaluru City,Bengaluru City,"C/Room, Office",C/Room,Office,22943355,,9480801142,,
Commissionerates,Bengaluru City,Bengaluru City,"ACP Electronic City, Office",ACP Electronic City,Office,22943603,,9480801063,,ableelectroniccitybcp@ksp.gov.in
Commissionerates,Bengaluru City,Bengaluru City,"PI Electronic City PS, Office",PI Electronic City PS,Office,22943469,,22943476,,electroniccitybcp@ksp.gov.in
Commissionerates,Bengaluru City,Bengaluru City,"PI Bandepalya PS, Office",PI Bandepalya PS,Office,22942236,,9480801078,,bandepalyabcp@ksp.gov.in
Commissionerates,Bengaluru City,Bengaluru City,"PI Hulimavu PS, Office",PI Hulimavu PS,Office,22943470,,9480801622,,hulimavubcp@ksp.gov.in
Commissionerates,Bengaluru City,Bengaluru City,"PI Beguru PS, Office",PI Beguru PS,Office,22942551,,9480801217,,begurbcp@ksp.gov.in
Commissionerates,Bengaluru City,Bengaluru City,"PI Parappana Agrahara PS, Office",PI Parappana Agrahara PS,Office,22943468,,9480801627,,pagraharabcp@ksp.gov.in
Commissionerates,Bengaluru City,Bengaluru City,"PI Hebbagodi PS, Office",PI Hebbagodi PS,Office,27832922,,9480802451,,hebbagodibng@ksp.gov.in
Commissionerates,Bengaluru City,Bengaluru City,"DCP, Traffic East",DCP,Traffic East,22860787,,22942346,,"dcptrfeast@ksp.gov.in, dcptrafficeastoffice@gmail.com"
Commissionerates,Bengaluru City,Bengaluru City,"Traffic East C/Room, Office",Traffic East C/Room,Office,22943131,,9480801095,,
Commissionerates,Bengaluru City,Bengaluru City,"ACP Traffic East, Office",ACP Traffic East,Office,22942098,,9480801806,,"acpeasttraffic123@gmail.com, acpeasttrafficbcp@ksp.gov.in"
Commissionerates,Bengaluru City,Bengaluru City,"PI Tr. Halasoor PS, Office",PI Tr. Halasoor PS,Office,22942659,,22942751,,halasoortrafficbcp@ksp.gov.in
Commissionerates,Bengaluru City,Bengaluru City,"PI Tr. Jeevanbheema Nagar PS, Office",PI Tr. Jeevanbheema Nagar PS,Office,22942919,,22942658,,jbnagartraffic@gmail.com
Commissionerates,Bengaluru City,Bengaluru City,"PI Tr. Shivajinagar PS, Office",PI Tr. Shivajinagar PS,Office,22942921,,9480801821,,shivajinagartrafficbcp@ksp.gov.in
Commissionerates,Bengaluru City,Bengaluru City,"PI Tr. Pulakeshi Nagar PS, Office",PI Tr. Pulakeshi Nagar PS,Office,22942924,,9480801820,,ftowntrafficps@gmail.com
Commissionerates,Bengaluru City,Bengaluru City,"PI Tr. Banasawadi PS, Office",PI Tr. Banasawadi PS,Office,22942217,,9480801819,,bwaditrafficbcp@ksp.gov.in
Commissionerates,Bengaluru City,Bengaluru City,"PI Tr. K.G. Halli PS, Office",PI Tr. K.G. Halli PS,Office,22942969,,9480801584,,kghallitrafficbcp@ksp.gov.in
Commissionerates,Bengaluru City,Bengaluru City,"ACP Traffic Whitefield, Office",ACP Traffic Whitefield,Office,29917704,,9480801132,,acpwhitefieldtraffic@gmail.com
Commissionerates,Bengaluru City,Bengaluru City,"PI Tr. HAL Airport PS, Office",PI Tr. HAL Airport PS,Office,22943115,,9480801817,,airporttrafficbcp@ksp.gov.in
Commissionerates,Bengaluru City,Bengaluru City,"PI Tr. Whitefield PS, Office",PI Tr. Whitefield PS,Office,22943706,,9480801831,,whitefieldtrafficbcp@ksp.gov.in
Commissionerates,Bengaluru City,Bengaluru City,"PI Tr. K.R. Puram PS, Office",PI Tr. K.R. Puram PS,Office,29532928,,9480801818,,krpuramtrafficbcp@ksp.gov.in
Commissionerates,Bengaluru City,Bengaluru City,"PI Tr. Mahadevapura PS, Office",PI Tr. Mahadevapura PS,Office,22943389,,9449296253,,mdpuratrfbcp@ksp.gov.in
Commissionerates,Bengaluru City,Bengaluru City,"DCP, Traffic West",DCP,Traffic West,22942318,,22943034,,"dcptrafficwest@gmail.com, dcptrfwest@ksp.gov.in"
Commissionerates,Bengaluru City,Bengaluru City,"Traffic West C/Room, Office",Traffic West C/Room,Office,22943030,,9480801900,,
Commissionerates,Bengaluru City,Bengaluru City,"ACP Traffic West, Office",ACP Traffic West,Office,22942094,,9480801905,,acpwesttrafficbcp@ksp.gov.in
Commissionerates,Bengaluru City,Bengaluru City,"PI Tr. Chamarajapete PS, Office",PI Tr. Chamarajapete PS,Office,22942664,,9480801916,,chickpettrafficbcp@ksp.gov.in
Commissionerates,Bengaluru City,Bengaluru City,"PI Tr. Upparpete PS, Office",PI Tr. Upparpete PS,Office,22942665,,9480801915,,upettrafficbcp@ksp.gov.in
Commissionerates,Bengaluru City,Bengaluru City,"PI Tr. City Market PS, Office",PI Tr. City Market PS,Office,22942808,,9480801917,,citymarkettrafficbcp@ksp.gov.in
Commissionerates,Bengaluru City,Bengaluru City,"PI Tr. Byatarayanapura PS, Office",PI Tr. Byatarayanapura PS,Office,22943011,,9480801919,,bypuratrafficpsbcp@ksp.gov.in
Commissionerates,Bengaluru City,Bengaluru City,"PI Tr. Kengeri PS, Office",PI Tr. Kengeri PS,Office,22943013,,9480806021,,kengeritrfbcp@ksp.gov.in
Commissionerates,Bengaluru City,Bengaluru City,"ACP Traffic Central, Office",ACP Traffic Central,Office,22942096,,9480801807,,"acpcentraltrafficbcp@gmail.com, acpcentraltrafficbcp@ksp.gov.in"
Commissionerates,Bengaluru City,Bengaluru City,"PI Tr. Cubbon Park PS, Office",PI Tr. Cubbon Park PS,Office,22942675,,22942912,,cparktrafficbcp@ksp.gov.in
Commissionerates,Bengaluru City,Bengaluru City,"PI Tr. Halsoor Gate PS, Office",PI Tr. Halsoor Gate PS,Office,22943124,,9480801829,,hgatetrafficbcp@ksp.gov.in
Commissionerates,Bengaluru City,Bengaluru City,"PI Tr. High Ground PS, Office",PI Tr. High Ground PS,Office,22942916,,9480801827,,hgroundtrafficbcp@ksp.gov.in
Commissionerates,Bengaluru City,Bengaluru City,"PI Tr. Ashokanagar PS, Office",PI Tr. Ashokanagar PS,Office,22943122,,9480801823,,angartrafficbcp@ksp.gov.in
Commissionerates,Bengaluru City,Bengaluru City,"PI Tr. Wilson Garden PS, Office",PI Tr. Wilson Garden PS,Office,22943120,,9480801826,,wgardentrafficbcp@ksp.gov.in
Commissionerates,Bengaluru City,Bengaluru City,"PI Tr. Sadashivanagar PS, Office",PI Tr. Sadashivanagar PS,Office,22942804,,9480801830,,ssnagrtrafficbcp@ksp.gov.in
Commissionerates,Bengaluru City,Bengaluru City,"PI Tr. Sheshadripuram PS, Office",PI Tr. Sheshadripuram PS,Office,22943774,,9480801138,,sspuramtraffic@gmail.com
Commissionerates,Bengaluru City,Bengaluru City,"ACP Traffic Vijayanagara, Office",ACP Traffic Vijayanagara,Office,22942943,,9480801611,,
Commissionerates,Bengaluru City,Bengaluru City,"PI Tr. Vijayanagar PS, Office",PI Tr. Vijayanagar PS,Office,22942809,,9480801920,,vijayanagartrafficbcp@ksp.gov.in
Commissionerates,Bengaluru City,Bengaluru City,"PI Tr. Magadi Road PS, Office",PI Tr. Magadi Road PS,Office,22943010,,9480801918,,mroadtraffic@gmail.com
Commissionerates,Bengaluru City,Bengaluru City,"PI Tr. Kamakshipalya PS, Office",PI Tr. Kamakshipalya PS,Office,22943009,,9480801921,,kamakshipalyatrps@gmail.com
Commissionerates,Bengaluru City,Bengaluru City,"PI Tr. Jnanabharathi PS, Office",PI Tr. Jnanabharathi PS,Office,22942271,,9480801137,,
Commissionerates,Bengaluru City,Bengaluru City,"DCP Traffic North, Office",DCP Traffic North,Office,22942411,,9480801133,,dcpnorthtrfbcp@ksp.gov.in
Commissionerates,Bengaluru City,Bengaluru City,"Traffic North C/Room, Office",Traffic North C/Room,Office,22943684,,9480801096,,
Commissionerates,Bengaluru City,Bengaluru City,"ACP Traffic North, Office",ACP Traffic North,Office,22942092,,22943015,,acpnorthtrafficbcp@ksp.gov.in
Commissionerates,Bengaluru City,Bengaluru City,"PI Tr. Malleshwaram PS, Office",PI Tr. Malleshwaram PS,Office,22942810,,9480801922,,mvmtrafficbcp@ksp.gov.in
Commissionerates,Bengaluru City,Bengaluru City,"PI Tr. Rajajinagar PS, Office",PI Tr. Rajajinagar PS,Office,22942807,,9480801924,,rnagartrafficbcp@ksp.gov.in
Commissionerates,Bengaluru City,Bengaluru City,"PI Tr. Yeshwanthapura PS, Office",PI Tr. Yeshwanthapura PS,Office,22942661,,9480801925,,yspuratrafficbcp@ksp.gov.in
Commissionerates,Bengaluru City,Bengaluru City,"PI Tr. Jalahalli PS, Office",PI Tr. Jalahalli PS,Office,22943020,,9480801558,,jalahallitrafficbcp@ksp.gov.in
Commissionerates,Bengaluru City,Bengaluru City,"PI Tr. Peenya PS, Office",PI Tr. Peenya PS,Office,22942674,,9480801923,,peenyatrafficbcp@ksp.gov.in
Commissionerates,Bengaluru City,Bengaluru City,"PI Tr. Chikkabanawara PS, Office",PI Tr. Chikkabanawara PS,Office,22943516,,9480801134,,
Commissionerates,Bengaluru City,Bengaluru City,"ACP Traffic North-East, Office",ACP Traffic North-East,Office,22943708,,9480801073,,ablenortheasttrafficbcp@ksp.gov.in
Commissionerates,Bengaluru City,Bengaluru City,"PI Tr. Yelahanka PS, Office",PI Tr. Yelahanka PS,Office,22943024,,22943025,,ylktrafficbcp@ksp.gov.in
Commissionerates,Bengaluru City,Bengaluru City,"PI Tr. Hebbala PS, Office",PI Tr. Hebbala PS,Office,22943023,,9480801931,,hebbaltrafficbcp@ksp.gov.in
Commissionerates,Bengaluru City,Bengaluru City,"PI Tr. Chikkajala PS, Office",PI Tr. Chikkajala PS,Office,22943186,,9480801934,,chikkajalatrafficbcp@ksp.gov.in
Commissionerates,Bengaluru City,Bengaluru City,"PI Tr. Devanahalli PS, Office",PI Tr. Devanahalli PS,Office,27681100,,9480801074,,bialtrafficbcp@ksp.gov.in
Commissionerates,Bengaluru City,Bengaluru City,"PI Tr. R.T. Nagar PS, Office",PI Tr. R.T. Nagar PS,Office,22943026,,9480801932,,rtnagartrafficbcp@ksp.gov.in
Commissionerates,Bengaluru City,Bengaluru City,"PI Tr. Hennur PS, Office",PI Tr. Hennur PS,Office,22943732,,9449295596,,hennurut@gmail.com
Commissionerates,Bengaluru City,Bengaluru City,"PI Tr. Sanjay Nagar PS, Office",PI Tr. Sanjay Nagar PS,Office,22943035,,9480801135,,"sanjayanagaratr@ksp.gov.in, sanjayanagaratr@gmail.com"
Commissionerates,Bengaluru City,Bengaluru City,"ACP Traffic Training & Road Safety Institute, Office",ACP Traffic Training & Road Safety Institute,Office,22942117,,9480801808,,ttitrfnorthbcpbcp@ksp.gov.in
Commissionerates,Bengaluru City,Bengaluru City,"DCP Traffic South, Office",DCP Traffic South,Office,22943561,,9480800820,,dcptrfsouthbcp@ksp.gov.in
Commissionerates,Bengaluru City,Bengaluru City,"Traffic South C/Room, Office",Traffic South C/Room,Office,22942704,,9480801097,,
Commissionerates,Bengaluru City,Bengaluru City,"ACP Traffic South, Office",ACP Traffic South,Office,22942090,,22942470,,"acpsouthtrafficbcp@ksp.gov.in, acptrafficsouth@gmail.com"
Commissionerates,Bengaluru City,Bengaluru City,"PI V.V. Puram PS, Office",PI V.V. Puram PS,Office,22942670,,22943029,,cmpettraffbcp@ksp.gov.in
Commissionerates,Bengaluru City,Bengaluru City,"PI Tr. Jayanagar PS, Office",PI Tr. Jayanagar PS,Office,22942669,,22943366,,"jnagartrafficbcp@ksp.gov.in, jayanagartrafficps@gmail.com"
Commissionerates,Bengaluru City,Bengaluru City,"PI Tr. Basavanagudi PS, Office",PI Tr. Basavanagudi PS,Office,22942668,,9480801928,,bguditrafficbcp@ksp.gov.in
Commissionerates,Bengaluru City,Bengaluru City,"PI Tr. Banashankari PS, Office",PI Tr. Banashankari PS,Office,22943108,,9480801929,,bsktrafficbcp@ksp.gov.in
Commissionerates,Bengaluru City,Bengaluru City,"PI Tr. Kumaraswamy Layout PS, Office",PI Tr. Kumaraswamy Layout PS,Office,22943109,,22942063,,kslyttrafficbcp@ksp.gov.in
Commissionerates,Bengaluru City,Bengaluru City,"PI Tr. Talaghattapura PS, Office",PI Tr. Talaghattapura PS,Office,22942862,,9449296259,,tgpuratraffic@gmail.com
Commissionerates,Bengaluru City,Bengaluru City,"PI Tr. JP Nagar PS, Office",PI Tr. JP Nagar PS,Office,22943192,,9480801136,,"jpnagartraffic@gmail.com, jpnagartrafficbc@ksp.gov.in"
Commissionerates,Bengaluru City,Bengaluru City,"ACP Traffic South-East, Office",ACP Traffic South-East,Office,22942115,,9480801805,,acpsetrf@gmail.com
Commissionerates,Bengaluru City,Bengaluru City,"PI Tr. Adugodi PS, Office",PI Tr. Adugodi PS,Office,22943125,,9480801822,,adugoditrafficbcp@ksp.gov.in
Commissionerates,Bengaluru City,Bengaluru City,"PI Tr. Madivala PS, Office",PI Tr. Madivala PS,Office,22942805,,9480801824,,madivalatrafficbcp@ksp.gov.in
Commissionerates,Bengaluru City,Bengaluru City,"PI Tr. Mico Layout PS, Office",PI Tr. Mico Layout PS,Office,22943118,,9480801825,,micolayouttrafficbcp@ksp.gov.in
Commissionerates,Bengaluru City,Bengaluru City,"PI Tr. Hulimavu PS, Office",PI Tr. Hulimavu PS,Office,22942884,,9480801553,,hulimavutrfebcp@ksp.gov.in
Commissionerates,Bengaluru City,Bengaluru City,"ACP Traffic HSR Layout, Office",ACP Traffic HSR Layout,Office,22942408,,9480801211,,"acphsrtr@gmail.com, acphsrlyttrsbcp@ksp.gov.in"
Commissionerates,Bengaluru City,Bengaluru City,"PI Tr. H.S.R Layout PS, Office",PI Tr. H.S.R Layout PS,Office,25747574,,22942399,,"hsrltrafficbcp@gmail.com, hsrlyttrafficbcp@gov.in"
Commissionerates,Bengaluru City,Bengaluru City,"PI Tr. Electronic City PS, Office",PI Tr. Electronic City PS,Office,22943718,,9480801832,,"electroniccitytraffic@gmail.com, electroniccitybcp@ksp.gov.in"
Commissionerates,Bengaluru City,Bengaluru City,"PI Tr. Bellanduru PS, Office",PI Tr. Bellanduru PS,Office,22943153,,9449296666,,"bellandurtrafficps@gmail.com, bellandurubcp@ksp.gov.in"
Commissionerates,Bengaluru City,Bengaluru City,"DCP, Crime-1",DCP,Crime-1,22200912,,22942366,,dcpcrbcp@ksp.gov.in
Commissionerates,Bengaluru City,Bengaluru City,"DCP, Crime-2",DCP,Crime-2,22942374,,22202375,,dcpcrime2bcp@gmail.com
Commissionerates,Bengaluru City,Bengaluru City,"CCB C/Room, Office",CCB C/Room,Office,22943084,,22942372,,
Commissionerates,Bengaluru City,Bengaluru City,"ACP EOW, Office",ACP EOW,Office,—,,9480801029,,ccbfms@gmail.com
Commissionerates,Bengaluru City,Bengaluru City,"PI EOW, Office",PI EOW,Office,—,,9480801559,,
Commissionerates,Bengaluru City,Bengaluru City,"PI EOW, Office",PI EOW,Office,—,,9480801562,,
Commissionerates,Bengaluru City,Bengaluru City,"PI EOW, Office",PI EOW,Office,—,,9113201453,,
Commissionerates,Bengaluru City,Bengaluru City,"PI EOW, Office",PI EOW,Office,—,,9480801560,,
Commissionerates,Bengaluru City,Bengaluru City,"ACP ANW, Office",ACP ANW,Office,—,,9480801028,,ccbanwbcp@ksp.gov.in
Commissionerates,Bengaluru City,Bengaluru City,"PI ANW, Office",PI ANW,Office,—,,9480801561,,
Commissionerates,Bengaluru City,Bengaluru City,"PI ANW, Office",PI ANW,Office,—,,9480801548,,
Commissionerates,Bengaluru City,Bengaluru City,"PI ANW, Office",PI ANW,Office,—,,9480801542,,
Commissionerates,Bengaluru City,Bengaluru City,"PI ANW, Office",PI ANW,Office,—,,9480801549,,
Commissionerates,Bengaluru City,Bengaluru City,"ACP OCW (West), Office",ACP OCW (West),Office,—,,9480801030,,
Commissionerates,Bengaluru City,Bengaluru City,"PI OCW, Office",PI OCW,Office,—,,9113201474,,
Commissionerates,Bengaluru City,Bengaluru City,"ACP OCW (East), Office",ACP OCW (East),Office,—,,9480801061,,
Commissionerates,Bengaluru City,Bengaluru City,"PI OCW, Office",PI OCW,Office,—,,9113201471,,
Commissionerates,Bengaluru City,Bengaluru City,"PI OCW, Office",PI OCW,Office,—,,9113201461,,
Commissionerates,Bengaluru City,Bengaluru City,"PI OCW, Office",PI OCW,Office,—,,9113201472,,
Commissionerates,Bengaluru City,Bengaluru City,"ACP SEW, Office",ACP SEW,Office,—,,9480801087,,
Commissionerates,Bengaluru City,Bengaluru City,"PI SEW, Office",PI SEW,Office,—,,9480801034,,
Commissionerates,Bengaluru City,Bengaluru City,"PI SEW, Office",PI SEW,Office,—,,9480801557,,
Commissionerates,Bengaluru City,Bengaluru City,"PI SEW, Office",PI SEW,Office,—,,9480801555,,
Commissionerates,Bengaluru City,Bengaluru City,"ACP WPW, Office",ACP WPW,Office,22942181,,9480801027,,
Commissionerates,Bengaluru City,Bengaluru City,"PI WPW, Office",PI WPW,Office,—,,9480801560,,
Commissionerates,Bengaluru City,Bengaluru City,"PI WPW, Office",PI WPW,Office,—,,9480801551,,
Commissionerates,Bengaluru City,Bengaluru City,"PI WPW, Office",PI WPW,Office,—,,9480801546,,
Commissionerates,Bengaluru City,Bengaluru City,"DCP, Intelligence, Bengaluru City",DCP,"Intelligence, Bengaluru City",22200920,,22942354,,dcpintbcp@ksp.gov.in
Commissionerates,Bengaluru City,Bengaluru City,"City SB C/Room, Office",City SB C/Room,Office,22943245,,—,,
Commissionerates,Bengaluru City,Bengaluru City,"ACP Admin, Office",ACP Admin,Office,22942186,,9480801033,,ableadminbcp@ksp.gov.in
Commissionerates,Bengaluru City,Bengaluru City,"City SB Admin, Office",City SB Admin,Office,22207055,,—,,
Commissionerates,Bengaluru City,Bengaluru City,"PI City SB, Office",PI City SB,Office,22943246,,—,,
Commissionerates,Bengaluru City,Bengaluru City,"ACP City SB Field, Office",ACP City SB Field,Office,22942186,,9480801031,,ableadminbcp@ksp.gov.in
Commissionerates,Bengaluru City,Bengaluru City,"ACP ATC, Office",ACP ATC,Office,—,,9480801089,,atcbcp@ksp.gov.in
Commissionerates,Bengaluru City,Bengaluru City,"PI City SB, Office",PI City SB,Office,—,,9480801086,,
Commissionerates,Bengaluru City,Bengaluru City,"PI City SB, Office",PI City SB,Office,—,,9480801085,,
Commissionerates,Bengaluru City,Bengaluru City,"PI City SB, Office",PI City SB,Office,—,,9480801088,,
Commissionerates,Bengaluru City,Bengaluru City,"DCP, VVIP Security",DCP,VVIP Security,22942941,,22280020,,dcpvvipsec@ksp.gov.in
Commissionerates,Bengaluru City,Bengaluru City,"ACP VVIP Security Admin, Office",ACP VVIP Security Admin,Office,22282065,,9113202103,,acpvvipsec@gmail.com
Commissionerates,Bengaluru City,Bengaluru City,"ACP VVIP Security (Field), Office",ACP VVIP Security (Field),Office,22943662,,9480801080,,
Commissionerates,Bengaluru City,Bengaluru City,"ACP Ex-PM Security, Office",ACP Ex-PM Security,Office,22942196,,9480801081,,acpexpmsecurity@ksp.gov.in
Commissionerates,Bengaluru City,Bengaluru City,"PI MTO, Office",PI MTO,Office,22942194,,9480801072,,
Commissionerates,Bengaluru City,Bengaluru City,"PI BDDS, Office",PI BDDS,Office,—,,9113201950,,
Commissionerates,Bengaluru City,Bengaluru City,"PI Admin, Office",PI Admin,Office,—,,9480801092,,
Commissionerates,Bengaluru City,Bengaluru City,"PI Field-1, Office",PI Field-1,Office,—,,9480801062,,
Commissionerates,Bengaluru City,Bengaluru City,"PI Field-2, Office",PI Field-2,Office,22942192,,9113202098,,
Commissionerates,Bengaluru City,Bengaluru City,"PI Field-3, Office",PI Field-3,Office,—,,9480801083,,
Commissionerates,Bengaluru City,Bengaluru City,"VVIP Security Section, Office",VVIP Security Section,Office,22942192,,22282066,,
Commissionerates,Bengaluru City,Bengaluru City,"DCP, CAR HQ",DCP,CAR HQ,26701406,,22942415,,"dcpcarhqbcp@ksp.gov.in, dcpcarhq@gmail.com"
Commissionerates,Bengaluru City,Bengaluru City,"CAR HQRS C/Room, Office",CAR HQRS C/Room,Office,22943555,,9845333551,,
Commissionerates,Bengaluru City,Bengaluru City,"ACP CAR HQRS, Office",ACP CAR HQRS,Office,—,,9480801039,,acp1carhqbcp@ksp.gov.in
Commissionerates,Bengaluru City,Bengaluru City,"ACP CAR HQRS, Office",ACP CAR HQRS,Office,—,,9480801038,,
Commissionerates,Bengaluru City,Bengaluru City,"ACP CAR HQRS, Office",ACP CAR HQRS,Office,—,,9480801040,,
Commissionerates,Bengaluru City,Bengaluru City,"ACP CAR HQRS, Office",ACP CAR HQRS,Office,—,,9480801037,,
Commissionerates,Bengaluru City,Bengaluru City,"ACP CAR HQRS, Office",ACP CAR HQRS,Office,—,,9480801041,,
Commissionerates,Bengaluru City,Bengaluru City,"DCP, CAR South",DCP,CAR South,22942492,,22942370,,dcpcarsouthbcp@ksp.gov.in
Commissionerates,Bengaluru City,Bengaluru City,"CAR South C/Room, Office",CAR South C/Room,Office,22943333,,—,,
Commissionerates,Bengaluru City,Bengaluru City,"ACP CAR South-I, Office",ACP CAR South-I,Office,—,,9480801054,,
Commissionerates,Bengaluru City,Bengaluru City,"ACP CAR South-II, Office",ACP CAR South-II,Office,—,,9480801055,,
Commissionerates,Bengaluru City,Bengaluru City,"ACP CAR South-III, Office",ACP CAR South-III,Office,—,,9480801056,,
Commissionerates,Bengaluru City,Bengaluru City,"ACP CAR South-IV, Office",ACP CAR South-IV,Office,—,,9480801053,,
Commissionerates,Bengaluru City,Bengaluru City,"Dog Squad, Office",Dog Squad,Office,22943085,,—,,
Commissionerates,Bengaluru City,Bengaluru City,"DCP, CAR North",DCP,CAR North,29736959,,22942368,,dcpcarnorthbcp@ksp.gov.in
Commissionerates,Bengaluru City,Bengaluru City,"CAR North C/Room, Office",CAR North C/Room,Office,22943222,,9480801046,,
Commissionerates,Bengaluru City,Bengaluru City,"ACP CAR North, Office",ACP CAR North,Office,—,,9480801047,,
Commissionerates,Bengaluru City,Bengaluru City,"ACP CAR North, Office",ACP CAR North,Office,—,,9480801048,,
Commissionerates,Bengaluru City,Bengaluru City,"DCP, CAR West",DCP,CAR West,22942964,,22942130,,dcpcarwestbcp@ksp.gov.in
Commissionerates,Bengaluru City,Bengaluru City,"CAR West C/Room, Office",CAR West C/Room,Office,22943441,,—,,crcarwestbcp@ksp.gov.in
Commissionerates,Bengaluru City,Bengaluru City,"ACP CAR West-1, Office",ACP CAR West-1,Office,—,,9480801911,,
Commissionerates,Bengaluru City,Bengaluru City,"ACP CAR West-2, Office",ACP CAR West-2,Office,—,,9480801111,,
Ranges,Central Range – Bengaluru,Bengaluru City,"IGP Central Range, Office",IGP Central Range,Office,22264412,,22942210,,igpcr@ksp.gov.in
Ranges,Central Range – Bengaluru,Bengaluru City,"AAO, IGP Office",AAO,IGP Office,22943053,,—,,
Ranges,Central Range – Bengaluru,Bengaluru City,"DySP DE, IGP Office",DySP DE,IGP Office,22942630,,9480802418,,
Ranges,Central Range – Bengaluru,Bengaluru City,"DySP FPB, IGP Office",DySP FPB,IGP Office,22942619,,22208393,,
Ranges,Central Range – Bengaluru,Bengaluru City,"Central Range C/Room, Office",Central Range C/Room,Office,22942250,,—,,crigcontrol@ksp.gov.in
Ranges,Central Range – Bengaluru,Bengaluru City,"SP, Bengaluru",SP,Bengaluru,22264350,,22943073,,spbng@ksp.gov.in
Ranges,Central Range – Bengaluru,Bengaluru City,"Addl. SP-1, Bengaluru",Addl. SP-1,Bengaluru,22260603,,22942404,,addlspbng@ksp.gov.in
Ranges,Central Range – Bengaluru,Bengaluru City,"Addl. SP-2, Bengaluru",Addl. SP-2,Bengaluru,22942632,,9480802409,,Addlspbng2@ksp.gov.in
Ranges,Central Range – Bengaluru,Bengaluru City,"District C/Room, Office",District C/Room,Office,22256767,,22942700,,dcblore@ksp.gov.in
Ranges,Central Range – Bengaluru,Bengaluru City,"PI (Wireless) C/Room, Office",PI (Wireless) C/Room,Office,22942643,,9480800930,,
Ranges,Central Range – Bengaluru,Bengaluru City,"DySP Cyber Crime PS, Office",DySP Cyber Crime PS,Office,22267868,,9480802408,,
Ranges,Central Range – Bengaluru,Bengaluru City,"Cyber Crime PS, Office",Cyber Crime PS,Office,22267868,,—,,cenpsbng@ksp.gov.in
Ranges,Central Range – Bengaluru,Bengaluru City,"DySP, Hosakote Sub-Division",DySP,Hosakote Sub-Division,27932111,,8277960586,,hosakotesdpobng@ksp.gov.in
Ranges,Central Range – Bengaluru,Bengaluru City,"PI Hosakote PS, Office",PI Hosakote PS,Office,27931570,,9480802432,,hosakotebng@ksp.gov.in
Ranges,Central Range – Bengaluru,Bengaluru City,"PI Nandagudi PS, Office",PI Nandagudi PS,Office,27961250,,9480802433,,nandagudibng@ksp.gov.in
Ranges,Central Range – Bengaluru,Bengaluru City,"PI Sulibele PS, Office",PI Sulibele PS,Office,27952415,,9480802446,,sulibelebng@ksp.gov.in
Ranges,Central Range – Bengaluru,Bengaluru City,"PI Tirumashettihalli PS, Office",PI Tirumashettihalli PS,Office,28549100,,9480802434,,tshallibng@ksp.gov.in
Ranges,Central Range – Bengaluru,Bengaluru City,"PI Anugondanahalli PS, Office",PI Anugondanahalli PS,Office,27945777,,9480802464,,anugondanhallibng@ksp.gov.in
Ranges,Central Range – Bengaluru,Bengaluru City,"PI Hosakote Traffic PS, Office",PI Hosakote Traffic PS,Office,27931199,,9480802445,,hosakotetrfbng@ksp.gov.in
Ranges,Central Range – Bengaluru,Bengaluru City,"DySP, Anekal Sub-Division",DySP,Anekal Sub-Division,22942612,,9480802420,,anekalsdpobng@ksp.gov.in
Ranges,Central Range – Bengaluru,Bengaluru City,"PI Anekal PS, Office",PI Anekal PS,Office,27859235,,9480802435,,anekalbng@ksp.gov.in
Ranges,Central Range – Bengaluru,Bengaluru City,"PI Bannerghatta PS, Office",PI Bannerghatta PS,Office,27828595,,9480802449,,bannerghattabng@ksp.gov.in
Ranges,Central Range – Bengaluru,Bengaluru City,"PI Suryanagar PS, Office",PI Suryanagar PS,Office,29765300,,8277960614,,suryanagarabng@ksp.gov.in
Ranges,Central Range – Bengaluru,Bengaluru City,"PI Attibele PS, Office",PI Attibele PS,Office,27821360,,9480802436,,attibelebng@ksp.gov.in
Ranges,Central Range – Bengaluru,Bengaluru City,"PI Sarjapura PS, Office",PI Sarjapura PS,Office,27823032,,9480802452,,sarjapurabng@ksp.gov.in
Ranges,Central Range – Bengaluru,Bengaluru City,"PI Jigani PS, Office",PI Jigani PS,Office,27825108,,9480802476,,jiganibng@ksp.gov.in
Ranges,Central Range – Bengaluru,Bengaluru City,"DySP Doddaballapura Sub-Division, Office",DySP Doddaballapura Sub-Division,Office,27622052,,9480802421,,sdpodbpurabng@ksp.gov.in
Ranges,Central Range – Bengaluru,Bengaluru City,"PI Doddaballapura Town PS, Office",PI Doddaballapura Town PS,Office,27625601,,9480802454,,dbpuratownbng@ksp.gov.in
Ranges,Central Range – Bengaluru,Bengaluru City,"PI Women PS, Office",PI Women PS,Office,25344432,,8277960670,,womenpsbng@ksp.gov.in
Ranges,Central Range – Bengaluru,Bengaluru City,"PI Dodda Belavangala PS, Office",PI Dodda Belavangala PS,Office,27655241,,9480802455,,dbvangalabng@ksp.gov.in
Ranges,Central Range – Bengaluru,Bengaluru City,"PI Hosahalli PS, Office",PI Hosahalli PS,Office,27656008,,9480802456,,hosahallybng@ksp.gov.in
Ranges,Central Range – Bengaluru,Bengaluru City,"PI Doddaballapur (R) PS, Office",PI Doddaballapur (R) PS,Office,27622025,,9480802453,,bdpuraruralbng@ksp.gov.in
Ranges,Central Range – Bengaluru,Bengaluru City,"PI Vijayapura PS, Office",PI Vijayapura PS,Office,27668444,,9480802458,,vijayapurabng@ksp.gov.in
Ranges,Central Range – Bengaluru,Bengaluru City,"PI Channarayapatna PS, Office",PI Channarayapatna PS,Office,29562444,,9480802459,,crpatnabng@ksp.gov.in
Ranges,Central Range – Bengaluru,Bengaluru City,"PI Vishwanathapura PS, Office",PI Vishwanathapura PS,Office,2522244,,9480802460,,vnpurabng@ksp.gov.in
Ranges,Central Range – Bengaluru,Bengaluru City,"DySP Nelamangala, Office",DySP Nelamangala,Office,27722688,,9480802422,,sdponmlbng@ksp.gov.in
Ranges,Central Range – Bengaluru,Bengaluru City,"PI Nelamangala (R) PS, Office",PI Nelamangala (R) PS,Office,27728223,,9480802430,,nmlruralbng@ksp.gov.in
Ranges,Central Range – Bengaluru,Bengaluru City,"PI Dobbespet PS, Office",PI Dobbespet PS,Office,27734231,,9480802462,,dobbaspethbng@ksp.gov.in
Ranges,Central Range – Bengaluru,Bengaluru City,"PI Thyamagondlu PS, Office",PI Thyamagondlu PS,Office,27732033,,9480802463,,tgondalubng@ksp.gov.in
Ranges,Central Range – Bengaluru,Bengaluru City,"PI Nelamangala (T) PS, Office",PI Nelamangala (T) PS,Office,27722133,,9480802461,,nmltownbng@ksp.gov.in
Ranges,Central Range – Bengaluru,Bengaluru City,"PI Nelamangala Traffic PS, Office",PI Nelamangala Traffic PS,Office,27722134,,9480802474,,nmltrafficbng@ksp.gov.in
Ranges,Central Range – Bengaluru,Bengaluru City,"AAO, Office",AAO,Office,22256111,,8277960645,,aaobng@ksp.gov.in
Ranges,Central Range – Bengaluru,Bengaluru City,"DySP DAR, Office",DySP DAR,Office,22942198,,9480802406,,darbng@ksp.gov.in
Ranges,Central Range – Bengaluru,Bengaluru City,"DySP DCRB, Office",DySP DCRB,Office,—,,,,dcrbbng@ksp.gov.in
Ranges,Central Range – Bengaluru,Bengaluru City,"PI DSB, Office",PI DSB,Office,22352466,,9480802407,,dsbbng@ksp.gov.in
Ranges,Central Range – Bengaluru,Bengaluru City,"PI FPB, Office",PI FPB,Office,22942498,,9480802410,,fpbbng@ksp.gov.in
Ranges,Central Range – Bengaluru,Bengaluru City,"Dog Squad, Office",Dog Squad,Office,22942198,,—,,
Ranges,Central Range – Bengaluru,Bengaluru City,"Computer Section, Office",Computer Section,Office,22942875,,—,,ccbng@ksp.gov.in
Ranges,Central Range – Bengaluru,Bengaluru City,"RPI DAR, Office",RPI DAR,Office,22942198,,9480802438,,darbng@ksp.gov.in
Ranges,Central Range – Bengaluru,Bengaluru City,"DC, Office",DC,Office,29781022,,9483546898,,
Ranges,Central Range – Bengaluru,Bengaluru City,"PWD, Office",PWD,Office,22872801,,—,,
Ranges,Central Range – Bengaluru,Bengaluru City,"Public Prosecutor, Office",Public Prosecutor,Office,22262371,,—,,
Ranges,Central Range – Bengaluru,Bengaluru City,"Blood Bank, Office",Blood Bank,Office,28060200,,—,,
Ranges,Central Range – Bengaluru,Bengaluru City,"KSRTC, Office",KSRTC,Office,—,,7760990864,,
Ranges,Central Range – Bengaluru,Bengaluru City,"Highway Toll, Office",Highway Toll,Office,27722134,,—,,
Ranges,Central Range – Bengaluru,Bengaluru City,"SP, Chikkaballapura",SP,Chikkaballapura,277210,,9480802501,,spcbpura@ksp.gov.in
Ranges,Central Range – Bengaluru,Bengaluru City,"Addl. SP, Chikkaballapura",Addl. SP,Chikkaballapura,277218,,9480802502,,addlspcbpura@ksp.gov.in
Ranges,Central Range – Bengaluru,Bengaluru City,"District C/Room, Office",District C/Room,Office,277211,,277213,,dccbpura@ksp.gov.in
Ranges,Central Range – Bengaluru,Bengaluru City,"PI (W) C/Room, Office",PI (W) C/Room,Office,—,,9480800934,,
Ranges,Central Range – Bengaluru,Bengaluru City,"DySP, Chikkaballapura",DySP,Chikkaballapura,272423,,9480802520,,sdpocbpura@ksp.gov.in
Ranges,Central Range – Bengaluru,Bengaluru City,"PI Women PS, Office",PI Women PS,Office,275122,,9480802507,,womenpscbpura@ksp.gov.in
Ranges,Central Range – Bengaluru,Bengaluru City,"PI Cyber Crime PS, Office",PI Cyber Crime PS,Office,270916,,9480802510,,dcbpscbpura@ksp.gov.in
Ranges,Central Range – Bengaluru,Bengaluru City,"CPI Chikkaballapura Circle, Office",CPI Chikkaballapura Circle,Office,275511,,9480802530,,cpicbpura@ksp.gov.in
Ranges,Central Range – Bengaluru,Bengaluru City,"PSI-1 Chikkaballapura (T) PS, Office",PSI-1 Chikkaballapura (T) PS,Office,272262,,9480802545,,townpscbpura@ksp.gov.in
Ranges,Central Range – Bengaluru,Bengaluru City,"PSI-2 Chikkaballapura (T) PS, Office",PSI-2 Chikkaballapura (T) PS,Office,272262,,9480802574,,
Ranges,Central Range – Bengaluru,Bengaluru City,"PSI-1 Chikkaballapura (R) PS, Office",PSI-1 Chikkaballapura (R) PS,Office,272657,,9480802546,,ruralpscbpura@ksp.gov.in
Ranges,Central Range – Bengaluru,Bengaluru City,"PSI-2 Chikkaballapura (R) PS, Office",PSI-2 Chikkaballapura (R) PS,Office,272657,,9480802538,,
Ranges,Central Range – Bengaluru,Bengaluru City,"PSI Nandigiridhama PS, Office",PSI Nandigiridhama PS,Office,262755,,9480802562,,nandigiridhamapscbpura@ksp.gov.in
Ranges,Central Range – Bengaluru,Bengaluru City,"PSI Chikkaballapura Traffic PS, Office",PSI Chikkaballapura Traffic PS,Office,275567,,9480802566,,cbpuratraffic@ksp.gov.in
Ranges,Central Range – Bengaluru,Bengaluru City,"CPI Gouribidnur Circle, Office",CPI Gouribidnur Circle,Office,286733,,286100,,cpigbnurcbpura@ksp.gov.in
Ranges,Central Range – Bengaluru,Bengaluru City,"PSI-1 Gouribidnur (T) PS, Office",PSI-1 Gouribidnur (T) PS,Office,286720,,9480802547,,gbnurtowncbpura@ksp.gov.in
Ranges,Central Range – Bengaluru,Bengaluru City,"PSI-2 Gouribidnur (T) PS, Office",PSI-2 Gouribidnur (T) PS,Office,286720,,—,,
Ranges,Central Range – Bengaluru,Bengaluru City,"PSI-1 Gouribidnur (R) PS, Office",PSI-1 Gouribidnur (R) PS,Office,286100,,9480802548,,gbnurruralcbpura@ksp.gov.in
Ranges,Central Range – Bengaluru,Bengaluru City,"PSI-2 Gouribidnur (R) PS, Office",PSI-2 Gouribidnur (R) PS,Office,286100,,9480802575,,
Ranges,Central Range – Bengaluru,Bengaluru City,"PSI Manchenahalli PS, Office",PSI Manchenahalli PS,Office,280238,,9480802549,,mhallicbpura@ksp.gov.in
Ranges,Central Range – Bengaluru,Bengaluru City,"CPI Gudibande Circle, Office",CPI Gudibande Circle,Office,261025,,9480802560,,cpigbandecbpura@ksp.gov.in
Ranges,Central Range – Bengaluru,Bengaluru City,"PSI Gudibande PS, Office",PSI Gudibande PS,Office,261025,,9480802561,,gbandecbpura@ksp.gov.in
Ranges,Central Range – Bengaluru,Bengaluru City,"PSI Peresandra PS, Office",PSI Peresandra PS,Office,200040,,9480802508,,psandrapscbpura@ksp.gov.in
Ranges,Central Range – Bengaluru,Bengaluru City,"CPI Chelur Circle, Office",CPI Chelur Circle,Office,280099,,9480802532,,cpichelurcbpura@ksp.gov.in
Ranges,Central Range – Bengaluru,Bengaluru City,"PSI Chelur PS, Office",PSI Chelur PS,Office,280099,,9480802551,,chelurpscbpura@ksp.gov.in
Ranges,Central Range – Bengaluru,Bengaluru City,"PSI Pathapalya PS, Office",PSI Pathapalya PS,Office,285133,,9480802552,,ppalyacbpura@ksp.gov.in
Ranges,Central Range – Bengaluru,Bengaluru City,"PI Bagepalli PS, Office",PI Bagepalli PS,Office,—,,9480802550,,bpallipscbpura@ksp.gov.in
Ranges,Central Range – Bengaluru,Bengaluru City,"PSI-1 Bagepalli PS, Office",PSI-1 Bagepalli PS,Office,—,,9480802565,,
Ranges,Central Range – Bengaluru,Bengaluru City,"PSI-2 Bagepalli PS, Office",PSI-2 Bagepalli PS,Office,282233,,—,,
Ranges,Central Range – Bengaluru,Bengaluru City,"DySP Chintamani, Office",DySP Chintamani,Office,252103,,9480802521,,sdpocmanicbpura@ksp.gov.in
Ranges,Central Range – Bengaluru,Bengaluru City,"CPI Kencharlahalli Circle, Office",CPI Kencharlahalli Circle,Office,258640,,9480802533,,cpikhallicbpura@ksp.gov.in
Ranges,Central Range – Bengaluru,Bengaluru City,"PSI Kencharlahalli PS, Office",PSI Kencharlahalli PS,Office,258640,,9480802555,,khallicbpura@ksp.gov.in
Ranges,Central Range – Bengaluru,Bengaluru City,"PSI Batlahalli PS, Office",PSI Batlahalli PS,Office,247265,,9480802556,,bhallipscbpura@ksp.gov.in
Ranges,Central Range – Bengaluru,Bengaluru City,"PI Chintamani (R) PS, Office",PI Chintamani (R) PS,Office,252121,,9480802554,,cmaniruralcbpura@ksp.gov.in
Ranges,Central Range – Bengaluru,Bengaluru City,"PI Chintamani (T) PS, Office",PI Chintamani (T) PS,Office,252140,,9480802553,,cmanitowncbpura@ksp.gov.in
Ranges,Central Range – Bengaluru,Bengaluru City,"PSI-1 Chintamani (T) PS, Office",PSI-1 Chintamani (T) PS,Office,252140,,9480802563,,
Ranges,Central Range – Bengaluru,Bengaluru City,"CPI Sidlaghatta Circle, Office",CPI Sidlaghatta Circle,Office,256509,,9480802534,,cpisghattacbpura@ksp.gov.in
Ranges,Central Range – Bengaluru,Bengaluru City,"PSI Sidlaghatta (T) PS, Office",PSI Sidlaghatta (T) PS,Office,256280,,9480802557,,sgattatowncbpura@ksp.gov.in
Ranges,Central Range – Bengaluru,Bengaluru City,"PSI Sidlaghatta (R) PS, Office",PSI Sidlaghatta (R) PS,Office,256270,,9480802558,,sgattaruralcbpura@ksp.gov.in
Ranges,Central Range – Bengaluru,Bengaluru City,"PSI Dibburhalli PS, Office",PSI Dibburhalli PS,Office,258125,,9480802559,,dbhallicbpura@ksp.gov.in
Ranges,Central Range – Bengaluru,Bengaluru City,"AAO, Office",AAO,Office,277214,,—,,aaocbpura@ksp.gov.in
Ranges,Central Range – Bengaluru,Bengaluru City,"PI DSB, Office",PI DSB,Office,277215,,9480802507,,dsbcbpura@ksp.gov.in
Ranges,Central Range – Bengaluru,Bengaluru City,"PI DCRB, Office",PI DCRB,Office,277216,,9480802509,,dcrbcbpura@ksp.gov.in
Ranges,Central Range – Bengaluru,Bengaluru City,"PI DCIB, Office",PI DCIB,Office,—,,9480802508,,dcibcbpura@ksp.gov.in
Ranges,Central Range – Bengaluru,Bengaluru City,"DySP DAR, Office",DySP DAR,Office,—,,9480802506,,darcbpura@ksp.gov.in
Ranges,Central Range – Bengaluru,Bengaluru City,"RPI DAR, Office",RPI DAR,Office,—,,9480802537,,
Ranges,Central Range – Bengaluru,Bengaluru City,"Home Guard, Office",Home Guard,Office,277057,,—,,
Ranges,Central Range – Bengaluru,Bengaluru City,"DC, Office",DC,Office,277001,,—,,
Ranges,Central Range – Bengaluru,Bengaluru City,"District Session Judge, Office",District Session Judge,Office,270966,,—,,
Ranges,Central Range – Bengaluru,Bengaluru City,"District Health Officer, Office",District Health Officer,Office,275077,,—,,
Ranges,Central Range – Bengaluru,Bengaluru City,"KSRTC, Office",KSRTC,Office,274444,,—,,
Ranges,Central Range – Bengaluru,Bengaluru City,"Toll, Office",Toll,Office,28394383,,—,,
Ranges,Central Range – Bengaluru,Bengaluru City,"SP, Kolar",SP,Kolar,243060,,RES-222004,,spklr@ksp.gov.in
Ranges,Central Range – Bengaluru,Bengaluru City,"Addl. SP-1, Kolar",Addl. SP-1,Kolar,243061,,RES-227844,,addlspklr@ksp.gov.in
Ranges,Central Range – Bengaluru,Bengaluru City,"Addl. SP-2, Kolar",Addl. SP-2,Kolar,—,,9480802603,,
Ranges,Central Range – Bengaluru,Bengaluru City,"District C/Room, Office",District C/Room,Office,243066,,243173,,dcklr@ksp.gov.in
Ranges,Central Range – Bengaluru,Bengaluru City,"PI (W) C/Room, Office",PI (W) C/Room,Office,—,,9480800933,,
Ranges,Central Range – Bengaluru,Bengaluru City,"DySP Kolar, Office",DySP Kolar,Office,225824,,9480802620,,sdpoklr@ksp.gov.in
Ranges,Central Range – Bengaluru,Bengaluru City,"PI Women PS, Office",PI Women PS,Office,226133,,—,,womenpsklr@ksp.gov.in
Ranges,Central Range – Bengaluru,Bengaluru City,"PI Cyber Crime PS, Office",PI Cyber Crime PS,Office,220950,,9480802610,,dcbkol@ksp.gov.in
Ranges,Central Range – Bengaluru,Bengaluru City,"PI Kolar Town PS, Office",PI Kolar Town PS,Office,222024,,9480802645,,townklr@ksp.gov.in
Ranges,Central Range – Bengaluru,Bengaluru City,"PI Kolar (R) PS, Office",PI Kolar (R) PS,Office,222616,,9480802631,,cpiruralklr@ksp.gov.in
Ranges,Central Range – Bengaluru,Bengaluru City,"PSI-1 Kolar (R) PS, Office",PSI-1 Kolar (R) PS,Office,—,,9480802648,,ruralklr@ksp.gov.in
Ranges,Central Range – Bengaluru,Bengaluru City,"CPI Gulpet Circle, Office",CPI Gulpet Circle,Office,240596,,9480802630,,
Ranges,Central Range – Bengaluru,Bengaluru City,"PSI Gulpet PS, Office",PSI Gulpet PS,Office,222025,,9480802646,,gulpetklr@ksp.gov.in
Ranges,Central Range – Bengaluru,Bengaluru City,"PSI Kolar Traffic PS, Office",PSI Kolar Traffic PS,Office,—,,9480802647,,trafficklr@ksp.gov.in
Ranges,Central Range – Bengaluru,Bengaluru City,"PI Vemagal PS, Office",PI Vemagal PS,Office,246421,,9480802649,,vemagalklr@ksp.gov.in
Ranges,Central Range – Bengaluru,Bengaluru City,"PI Malur PS, Office",PI Malur PS,Office,232220,,9480802632,,malurklr@ksp.gov.in
Ranges,Central Range – Bengaluru,Bengaluru City,"PSI-1 Malur PS, Office",PSI-1 Malur PS,Office,—,,9480802650,,
Ranges,Central Range – Bengaluru,Bengaluru City,"PI Masthi PS, Office",PI Masthi PS,Office,236222,,9480802651,,mastiklr@ksp.gov.in
Ranges,Central Range – Bengaluru,Bengaluru City,"ASP Mulbagal, Office",ASP Mulbagal,Office,242234,,9480802621,,sdpomulbagalklr@ksp.gov.in
Ranges,Central Range – Bengaluru,Bengaluru City,"CPI Mulbagal I Circle, Office",CPI Mulbagal I Circle,Office,242008,,9480802633,,cpimulbagalklr@ksp.gov.in
Ranges,Central Range – Bengaluru,Bengaluru City,"PSI Nangali PS, Office",PSI Nangali PS,Office,248126,,9480802653,,nangliklr@ksp.gov.in
Ranges,Central Range – Bengaluru,Bengaluru City,"PSI Mulbagal (R) PS, Office",PSI Mulbagal (R) PS,Office,244100,,9480802607,,mblruralklr@ksp.gov.in
Ranges,Central Range – Bengaluru,Bengaluru City,"PI Mulbagal (T) PS, Office",PI Mulbagal (T) PS,Office,242040,,9480802652,,mulbagalklr@ksp.gov.in
Ranges,Central Range – Bengaluru,Bengaluru City,"PSI-1 Mulbagal (T) PS, Office",PSI-1 Mulbagal (T) PS,Office,—,,9480802652,,mulbagalklr@ksp.gov.in
Ranges,Central Range – Bengaluru,Bengaluru City,"PI Srinivasapura PS, Office",PI Srinivasapura PS,Office,246234,,9480802654,,srinivaspuraklr@ksp.gov.in
Ranges,Central Range – Bengaluru,Bengaluru City,"CPI Gownpalli Circle, Office",CPI Gownpalli Circle,Office,—,,9480802634,,
Ranges,Central Range – Bengaluru,Bengaluru City,"PSI Rayapad PS, Office",PSI Rayapad PS,Office,240006,,9480802655,,ralaypadklr@ksp.gov.in
Ranges,Central Range – Bengaluru,Bengaluru City,"PSI Gownpalli PS, Office",PSI Gownpalli PS,Office,248106,,9480802656,,gownipalliklr@ksp.gov.in
Ranges,Central Range – Bengaluru,Bengaluru City,"AAO, Office",AAO,Office,243021,,—,,aaocbpura@ksp.gov.in
Ranges,Central Range – Bengaluru,Bengaluru City,"PI DSB, Office",PI DSB,Office,243444,,9480802608,,dsbklr@ksp.gov.in
Ranges,Central Range – Bengaluru,Bengaluru City,"PI DCRB, Office",PI DCRB,Office,243062,,9480802609,,dcrbklr@ksp.gov.in
Ranges,Central Range – Bengaluru,Bengaluru City,"DySP DAR, Office",DySP DAR,Office,222023,,9480802606,,darklr@ksp.gov.in
Ranges,Central Range – Bengaluru,Bengaluru City,"PI ISD, Office",PI ISD,Office,—,,9480800699,,
Ranges,Central Range – Bengaluru,Bengaluru City,"PI FPB, Office",PI FPB,Office,—,,9480802637,,
Ranges,Central Range – Bengaluru,Bengaluru City,"Home Guard, Office",Home Guard,Office,243149,,—,,
Ranges,Central Range – Bengaluru,Bengaluru City,"DC, Office",DC,Office,243666,,—,,
Ranges,Central Range – Bengaluru,Bengaluru City,"Fire Force Officer, Office",Fire Force Officer,Office,243222,,—,,
Ranges,Central Range – Bengaluru,Bengaluru City,"DHO, Office",DHO,Office,200339,,—,,
Ranges,Central Range – Bengaluru,Bengaluru City,"Excise, Office",Excise,Office,222115,,—,,
Ranges,Central Range – Bengaluru,Bengaluru City,"RTO Kolar, Office",RTO Kolar,Office,—,,9480059392,,
Ranges,Central Range – Bengaluru,Bengaluru City,"District Session Judge, Office",District Session Judge,Office,222091,,—,,
Ranges,Central Range – Bengaluru,Bengaluru City,"KSRTC DC, Office",KSRTC DC,Office,240151,,—,,
Ranges,Central Range – Bengaluru,Bengaluru City,"DFO, Office",DFO,Office,290070,,—,,
Ranges,Central Range – Bengaluru,Bengaluru City,"SP, KGF",SP,KGF,274291,,RES-271791,,spkgf@ksp.gov.in
Ranges,Central Range – Bengaluru,Bengaluru City,"District C/Room, Office",District C/Room,Office,274743,,274740,,dckgf@ksp.gov.in
Ranges,Central Range – Bengaluru,Bengaluru City,"PI (W) C/Room, Office",PI (W) C/Room,Office,274743,,9480800935,,dcrkgf@ksp.gov.in
Ranges,Central Range – Bengaluru,Bengaluru City,"DySP KGF, Office",DySP KGF,Office,08153-275284,,9480802720,,sdpokgf@ksp.gov.in
Ranges,Central Range – Bengaluru,Bengaluru City,"PI Cyber Crime PS, Office",PI Cyber Crime PS,Office,260500,,9480802708,,dcbkgf@ksp.gov.in
Ranges,Central Range – Bengaluru,Bengaluru City,"CPI Robertsonpet Circle, Office",CPI Robertsonpet Circle,Office,260776,,9480802732,,cpirobertsonpetkgf@ksp.gov.in
Ranges,Central Range – Bengaluru,Bengaluru City,"PSI Robertsonpet PS, Office",PSI Robertsonpet PS,Office,260224,,9480802749,,robertsonpetkgf@ksp.gov.in
Ranges,Central Range – Bengaluru,Bengaluru City,"PSI Andersonpet PS, Office",PSI Andersonpet PS,Office,274282,,9480802750,,andersonpetkgf@ksp.gov.in
Ranges,Central Range – Bengaluru,Bengaluru City,"CPI Oorgaum Circle, Office",CPI Oorgaum Circle,Office,262530,,9480802731,,cpioorgaumkgf@ksp.gov.in
Ranges,Central Range – Bengaluru,Bengaluru City,"PSI Oorgaum PS, Office",PSI Oorgaum PS,Office,260283,,9480802747,,oorgaumkgf@ksp.gov.in
Ranges,Central Range – Bengaluru,Bengaluru City,"PSI BEML PS, Office",PSI BEML PS,Office,263179,,9480802748,,bemlnagarkgf@ksp.gov.in
Ranges,Central Range – Bengaluru,Bengaluru City,"CPI Bethamangala Circle, Office",CPI Bethamangala Circle,Office,274575,,9480802730,,cpibethamangalakgf@ksp.gov.in
Ranges,Central Range – Bengaluru,Bengaluru City,"PSI Bethamangala PS, Office",PSI Bethamangala PS,Office,200623,,9480802752,,bethamangalakgf@ksp.gov.in
Ranges,Central Range – Bengaluru,Bengaluru City,"PSI Kyasamballi PS, Office",PSI Kyasamballi PS,Office,200289,,9480802745,,kyasamballikgf@ksp.gov.in
Ranges,Central Range – Bengaluru,Bengaluru City,"CPI Kamasamudram Circle, Office",CPI Kamasamudram Circle,Office,259028,,9480802733,,cpikamasamudramkgf@ksp.gov.in
Ranges,Central Range – Bengaluru,Bengaluru City,"PSI Kamasamudram PS, Office",PSI Kamasamudram PS,Office,259028,,9480802753,,kamasamudramkgf@ksp.gov.in
Ranges,Central Range – Bengaluru,Bengaluru City,"PSI Budikote PS, Office",PSI Budikote PS,Office,200450,,9480802746,,budikotekgf@ksp.gov.in
Ranges,Central Range – Bengaluru,Bengaluru City,"PI Bangarpet PS, Office",PI Bangarpet PS,Office,255402,,9480802751,,bangarpetkgf@ksp.gov.in
Ranges,Central Range – Bengaluru,Bengaluru City,"PSI Bangarpet PS, Office",PSI Bangarpet PS,Office,255228,,9480109383,,
Ranges,Central Range – Bengaluru,Bengaluru City,"PI DSB, Office",PI DSB,Office,274292,,9480802707,,dsbkgf@ksp.gov.in
Ranges,Central Range – Bengaluru,Bengaluru City,"PI DCIB, Office",PI DCIB,Office,274577,,9480802708,,dcibkgf@ksp.gov.in
Ranges,Central Range – Bengaluru,Bengaluru City,"PI DCRB, Office",PI DCRB,Office,274577,,9480802709,,dcrbkgf@ksp.gov.in
Ranges,Central Range – Bengaluru,Bengaluru City,"AAO DPO, Office",AAO DPO,Office,276100,,—,,aaokgf@ksp.gov.in
Ranges,Central Range – Bengaluru,Bengaluru City,"Fire Station KGF, Office",Fire Station KGF,Office,266000,,9480823713,,
Ranges,Central Range – Bengaluru,Bengaluru City,"Fire Station Bangarpet, Office",Fire Station Bangarpet,Office,257101,,—,,
Ranges,Central Range – Bengaluru,Bengaluru City,"Tahsildar Taluk Office Bangarpet, Office",Tahsildar Taluk Office Bangarpet,Office,255263,,—,,
Ranges,Central Range – Bengaluru,Bengaluru City,"Tahsildar Taluk Office KGF, Office",Tahsildar Taluk Office KGF,Office,270404,,—,,
Ranges,Central Range – Bengaluru,Bengaluru City,"Jailer Sub Jail K.G.F, Office",Jailer Sub Jail K.G.F,Office,274625,,9480806419,,
Ranges,Central Range – Bengaluru,Bengaluru City,"SP, Bengaluru South (Ramanagara)",SP,Bengaluru South (Ramanagara),27278800 (R),,27273700 (O),,sprmn@ksp.gov.in
Ranges,Central Range – Bengaluru,Bengaluru City,"Addl. SP-1, Bengaluru South (Ramanagara)",Addl. SP-1,Bengaluru South (Ramanagara),27275070,,9480802802,,addlsprmn@ksp.gov.in
Ranges,Central Range – Bengaluru,Bengaluru City,"Addl. SP-2, Bengaluru South (Ramanagara)",Addl. SP-2,Bengaluru South (Ramanagara),27271003,,9480802810,,addlsprmn2@ksp.gov.in
Ranges,Central Range – Bengaluru,Bengaluru City,"District C/Room, Office",District C/Room,Office,27271100,,9480802800,,dcrmn@ksp.gov.in
Ranges,Central Range – Bengaluru,Bengaluru City,"PI (W) C/Room, Office",PI (W) C/Room,Office,27273456,,9480800931,,
Ranges,Central Range – Bengaluru,Bengaluru City,"Women PS, Office",Women PS,Office,27276446,,9480802871,,womenpsrmn@ksp.gov.in
Ranges,Central Range – Bengaluru,Bengaluru City,"ACP Cyber Crime PS, Office",ACP Cyber Crime PS,Office,27271824,,9480802870,,dcbpsrmn@ksp.gov.in
Ranges,Central Range – Bengaluru,Bengaluru City,"DySP, Ramanagara",DySP,Ramanagara,27271878,,9480802820,,sdporamnagararmn2@ksp.gov.in
Ranges,Central Range – Bengaluru,Bengaluru City,"CPI Ramanagara (T) Circle, Office",CPI Ramanagara (T) Circle,Office,27271422,,9480802830,,cpirnagartownrmn@ksp.gov.in
Ranges,Central Range – Bengaluru,Bengaluru City,"PSI-1 Ramanagara (T) PS, Office",PSI-1 Ramanagara (T) PS,Office,27271230,,9480802845,,rnagartownrmn@ksp.gov.in
Ranges,Central Range – Bengaluru,Bengaluru City,"PSI-2 Ramanagara (T) PS, Office",PSI-2 Ramanagara (T) PS,Office,27271230,,—,,
Ranges,Central Range – Bengaluru,Bengaluru City,"PSI Ijoor PS, Office",PSI Ijoor PS,Office,27271786,,9480802847,,ijoorrmn@ksp.gov.in
Ranges,Central Range – Bengaluru,Bengaluru City,"PSI Ramanagara Traffic PS, Office",PSI Ramanagara Traffic PS,Office,27273904,,9480802846,,tfcrmn@ksp.gov.in
Ranges,Central Range – Bengaluru,Bengaluru City,"PI Ramanagara (R) PS, Office",PI Ramanagara (R) PS,Office,27271321,,9480802831,,cpirnagarrmn2@ksp.gov.in
Ranges,Central Range – Bengaluru,Bengaluru City,"PSI Ramanagara (R) PS, Office",PSI Ramanagara (R) PS,Office,27271321,,9480802848,,rnagarruralrmn@ksp.gov.in
Ranges,Central Range – Bengaluru,Bengaluru City,"PI Bidadi PS, Office",PI Bidadi PS,Office,27282237,,9480802849,,bidadirmn@ksp.gov.in
Ranges,Central Range – Bengaluru,Bengaluru City,"PSI Bidadi PS, Office",PSI Bidadi PS,Office,27282237,,—,,
Ranges,Central Range – Bengaluru,Bengaluru City,"PI Harohally PS, Office",PI Harohally PS,Office,27562240,,9480802832,,cpihhallirmn@ksp.gov.in
Ranges,Central Range – Bengaluru,Bengaluru City,"PSI Harohally PS, Office",PSI Harohally PS,Office,27562240,,9480802850,,hhallirmn@ksp.gov.in
Ranges,Central Range – Bengaluru,Bengaluru City,"PI Kaggalipura PS, Office",PI Kaggalipura PS,Office,28435250,,9480802851,,kaggalipurps@ksp.gov.in
Ranges,Central Range – Bengaluru,Bengaluru City,"PSI Kaggalipura PS, Office",PSI Kaggalipura PS,Office,28435250,,—,,
Ranges,Central Range – Bengaluru,Bengaluru City,"DySP, Magadi",DySP,Magadi,28434100,,9480802866,,Sdpomagadirmn2@ksp.gov.in
Ranges,Central Range – Bengaluru,Bengaluru City,"PI Magadi PS, Office",PI Magadi PS,Office,27745224,,9480802852,,cpimagadirmn@ksp.gov.in
Ranges,Central Range – Bengaluru,Bengaluru City,"PSI Magadi PS, Office",PSI Magadi PS,Office,27745224,,—,,magadirmn@ksp.gov.in
Ranges,Central Range – Bengaluru,Bengaluru City,"PI Kudur PS, Office",PI Kudur PS,Office,27762241,,9480802853,,kudurrmn@ksp.gov.in
Ranges,Central Range – Bengaluru,Bengaluru City,"PSI Kudur PS, Office",PSI Kudur PS,Office,27762241,,—,,
Ranges,Central Range – Bengaluru,Bengaluru City,"PI Tavarekere PS, Office",PI Tavarekere PS,Office,28434365,,9480802854,,tkerermn2@ksp.gov.in
Ranges,Central Range – Bengaluru,Bengaluru City,"PSI Tavarekere PS, Office",PSI Tavarekere PS,Office,28434365,,—,,
Ranges,Central Range – Bengaluru,Bengaluru City,"DySP, Channapatna",DySP,Channapatna,27251415,,9480802821,,sdpocpatnarmn@ksp.gov.in
Ranges,Central Range – Bengaluru,Bengaluru City,"CPI Channapatna (T) Circle, Office",CPI Channapatna (T) Circle,Office,27251621,,9480802834,,cpipatnatownrmn@ksp.gov.in
Ranges,Central Range – Bengaluru,Bengaluru City,"PSI Channapatna (T) PS, Office",PSI Channapatna (T) PS,Office,27251749,,9480802855,,cpatnatownrmn@ksp.gov.in
Ranges,Central Range – Bengaluru,Bengaluru City,"PSI-1 Channapatna East PS, Office",PSI-1 Channapatna East PS,Office,27251229,,9480802856,,cpatnaeastrmn@ksp.gov.in
Ranges,Central Range – Bengaluru,Bengaluru City,"PSI-2 Channapatna East PS, Office",PSI-2 Channapatna East PS,Office,27251229,,—,,
Ranges,Central Range – Bengaluru,Bengaluru City,"PSI Channapatna Traffic PS, Office",PSI Channapatna Traffic PS,Office,27271010,,—,,cpatnatfcrmn2@ksp.gov.in
Ranges,Central Range – Bengaluru,Bengaluru City,"CPI Channapatna Rural Circle, Office",CPI Channapatna Rural Circle,Office,27251416,,9480802835,,cpicpatnatownrmn@ksp.gov.in
Ranges,Central Range – Bengaluru,Bengaluru City,"PSI Channapatna Rural PS, Office",PSI Channapatna Rural PS,Office,27251256,,9480802857,,cpatnaruralrmn@ksp.gov.in
Ranges,Central Range – Bengaluru,Bengaluru City,"PSI Akkur PS, Office",PSI Akkur PS,Office,27263253,,9480802858,,akkurrmn@ksp.gov.in
Ranges,Central Range – Bengaluru,Bengaluru City,"PSI M.K. Doddi PS, Office",PSI M.K. Doddi PS,Office,—,,9480802859,,mkdoddirmn@ksp.gov.in
Ranges,Central Range – Bengaluru,Bengaluru City,"PI Kanakapura (T) PS, Office",PI Kanakapura (T) PS,Office,27522441,,9480802860,,kpuratownrmn@ksp.gov.in
Ranges,Central Range – Bengaluru,Bengaluru City,"PSI Kanakapura (T) PS, Office",PSI Kanakapura (T) PS,Office,27522441,,9480802868,,
Ranges,Central Range – Bengaluru,Bengaluru City,"PSI Kanakapura Traffic, Office",PSI Kanakapura Traffic,Office,27562270,,9480802869,,kpuratfcrmn@ksp.gov.in
Ranges,Central Range – Bengaluru,Bengaluru City,"CPI Kanakapura Circle, Office",CPI Kanakapura Circle,Office,27522044,,9480802836,,kpuraruralrmn@ksp.gov.in
Ranges,Central Range – Bengaluru,Bengaluru City,"PSI Kanakapura (R) PS, Office",PSI Kanakapura (R) PS,Office,27523616,,9480802861,,kpuraruralrmn@ksp.gov.in
Ranges,Central Range – Bengaluru,Bengaluru City,"PSI Kodihalli PS, Office",PSI Kodihalli PS,Office,27541240,,9480802862,,khallirmn@ksp.gov.in
Ranges,Central Range – Bengaluru,Bengaluru City,"PSI Sathanur PS, Office",PSI Sathanur PS,Office,27551233,,9480802863,,Sathnoorrmn2@ksp.gov.in
Ranges,Central Range – Bengaluru,Bengaluru City,"AAO, Office",AAO,Office,27271101,,—,,aaormn@ksp.gov.in
Ranges,Central Range – Bengaluru,Bengaluru City,"PI DSB, Office",PI DSB,Office,27271102,,9480802807,,dsbrmn@ksp.gov.in
Ranges,Central Range – Bengaluru,Bengaluru City,"PI DCRB, Office",PI DCRB,Office,27271103,,9480802809,,dcrbrmn@ksp.gov.in
Ranges,Central Range – Bengaluru,Bengaluru City,"PI DCIB, Office",PI DCIB,Office,—,,,,dcibsectionrmn@ksp.gov.in
Ranges,Central Range – Bengaluru,Bengaluru City,"DySP DAR, Office",DySP DAR,Office,27255488,,9480802806,,darrmn@ksp.gov.in
Ranges,Central Range – Bengaluru,Bengaluru City,"RPI MTO, Office",RPI MTO,Office,27255488,,9480802837,,
Ranges,Central Range – Bengaluru,Bengaluru City,"PI ACB, Office",PI ACB,Office,27272705,,9480806272,,
Ranges,Central Range – Bengaluru,Bengaluru City,"PI INT, Office",PI INT,Office,27271807,,9449878600,,
Ranges,Central Range – Bengaluru,Bengaluru City,"PI BESCOM, Office",PI BESCOM,Office,27273014,,9448094808,,
Ranges,Central Range – Bengaluru,Bengaluru City,"District Jail, Office",District Jail,Office,27274220,,9480806415,,
Ranges,Central Range – Bengaluru,Bengaluru City,"Homeguard, Office",Homeguard,Office,27272265,,—,,
Ranges,Central Range – Bengaluru,Bengaluru City,"DC, Office",DC,Office,27273777,,—,,
Ranges,Central Range – Bengaluru,Bengaluru City,"CEO ZP Office, Office",CEO ZP Office,Office,27276720,,—,,
Ranges,Central Range – Bengaluru,Bengaluru City,"Govt. Hospital Ramanagara, Office",Govt. Hospital Ramanagara,Office,27272248,,—,,
Ranges,Central Range – Bengaluru,Bengaluru City,"RTO, Office",RTO,Office,27273471,,—,,
Ranges,Central Range – Bengaluru,Bengaluru City,"Excise, Office",Excise,Office,27271059,,—,,
Ranges,Central Range – Bengaluru,Bengaluru City,"District Fire Officer, Office",District Fire Officer,Office,27273101,,—,,
Ranges,Central Range – Bengaluru,Bengaluru City,"Fire Station, Office",Fire Station,Office,29785101,,—,,
Ranges,Central Range – Bengaluru,Bengaluru City,"SP, Tumkur",SP,Tumkur,2272451,,RES-2272461,,sptkr@ksp.gov.in
Ranges,Central Range – Bengaluru,Bengaluru City,"Addl. SP-1, Tumkur",Addl. SP-1,Tumkur,2274130,,9480802902,,addlsptkr@ksp.gov.in
Ranges,Central Range – Bengaluru,Bengaluru City,"Addl. SP-2, Tumkur",Addl. SP-2,Tumkur,—,,9480802905,,addlsp2tkr@ksp.gov.in
Ranges,Central Range – Bengaluru,Bengaluru City,"District C/Room, Office",District C/Room,Office,2278000,,2277222,,dctkr@ksp.gov.in
Ranges,Central Range – Bengaluru,Bengaluru City,"PI (W) C/Room, Office",PI (W) C/Room,Office,—,,9480800932,,
Ranges,Central Range – Bengaluru,Bengaluru City,"DySP, Tumkur Sub Division",DySP,Tumkur Sub Division,2272340,,9480802920,,sdpotkr@ksp.gov.in
Ranges,Central Range – Bengaluru,Bengaluru City,"PI Women PS, Office",PI Women PS,Office,2290832,,9480802985,,womenpstkr@ksp.gov.in
Ranges,Central Range – Bengaluru,Bengaluru City,"PSI-1 Women PS, Office",PSI-1 Women PS,Office,2290832,,9364098541,,
Ranges,Central Range – Bengaluru,Bengaluru City,"PSI-2 Women PS, Office",PSI-2 Women PS,Office,2290832,,9364098542,,
Ranges,Central Range – Bengaluru,Bengaluru City,"PI Cyber Crime PS, Office",PI Cyber Crime PS,Office,2271479,,9480802908,,
Ranges,Central Range – Bengaluru,Bengaluru City,"PI Tumkur Town PS, Office",PI Tumkur Town PS,Office,2278388,,9480802930,,towntkr@ksp.gov.in
Ranges,Central Range – Bengaluru,Bengaluru City,"PSI-1 Tumkur Town PS, Office",PSI-1 Tumkur Town PS,Office,—,,9480802945,,
Ranges,Central Range – Bengaluru,Bengaluru City,"PSI-2 Tumkur Town PS, Office",PSI-2 Tumkur Town PS,Office,—,,9364098496,,
Ranges,Central Range – Bengaluru,Bengaluru City,"PI Tumkur Traffic PS, Office",PI Tumkur Traffic PS,Office,2278207,,9480802929,,trafficeasttkr@ksp.gov.in
Ranges,Central Range – Bengaluru,Bengaluru City,"PSI-1 Tumkur Traffic East PS, Office",PSI-1 Tumkur Traffic East PS,Office,2278207,,9480802947,,
Ranges,Central Range – Bengaluru,Bengaluru City,"PSI-2 Tumkur Traffic West PS, Office",PSI-2 Tumkur Traffic West PS,Office,2278207,,9480802946,,
Ranges,Central Range – Bengaluru,Bengaluru City,"CPI Thilak Park Circle, Office",CPI Thilak Park Circle,Office,2276424,,9480802932,,cpithilakparktkr@ksp.gov.in
Ranges,Central Range – Bengaluru,Bengaluru City,"PSI-1 Thilak Park PS, Office",PSI-1 Thilak Park PS,Office,2278202,,9480802981,,thilakparktkr@ksp.gov.in
Ranges,Central Range – Bengaluru,Bengaluru City,"PSI-2 Thilak Park PS, Office",PSI-2 Thilak Park PS,Office,2278202,,9364098499,,
Ranges,Central Range – Bengaluru,Bengaluru City,"PSI-1 New Extn PS, Office",PSI-1 New Extn PS,Office,2278224,,9480802951,,newextenttkr@ksp.gov.in
Ranges,Central Range – Bengaluru,Bengaluru City,"PSI-2 New Extn PS, Office",PSI-2 New Extn PS,Office,2278224,,9364098487,,
Ranges,Central Range – Bengaluru,Bengaluru City,"PSI-1 Jayanagara PS, Office",PSI-1 Jayanagara PS,Office,2293389,,9480802986,,jayanagarpstkr@ksp.gov.in
Ranges,Central Range – Bengaluru,Bengaluru City,"PSI-2 Jayanagara PS, Office",PSI-2 Jayanagara PS,Office,2293389,,9364098494,,
Ranges,Central Range – Bengaluru,Bengaluru City,"CPI Kyathasandra Circle, Office",CPI Kyathasandra Circle,Office,2281120,,9480802933,,kyathtasandratkr@ksp.gov.in
Ranges,Central Range – Bengaluru,Bengaluru City,"PSI-1 Kyathasandra PS, Office",PSI-1 Kyathasandra PS,Office,2281124,,9480802952,,
Ranges,Central Range – Bengaluru,Bengaluru City,"PSI-2 Kyathasandra PS, Office",PSI-2 Kyathasandra PS,Office,2281124,,9364098498,,
Ranges,Central Range – Bengaluru,Bengaluru City,"PSI-1 Hebbur PS, Office",PSI-1 Hebbur PS,Office,2241036,,9480802953,,hebburtkr@ksp.gov.in
Ranges,Central Range – Bengaluru,Bengaluru City,"PSI-2 Hebbur PS, Office",PSI-2 Hebbur PS,Office,2241036,,9364098497,,
Ranges,Central Range – Bengaluru,Bengaluru City,"CPI Tumkur Rural Circle, Office",CPI Tumkur Rural Circle,Office,2275301,,9480802931,,cpiruraltkr@ksp.gov.in
Ranges,Central Range – Bengaluru,Bengaluru City,"PSI-1 Tumkur Rural PS, Office",PSI-1 Tumkur Rural PS,Office,2278381,,9480802948,,tumkurruraltkr@ksp.gov.in
Ranges,Central Range – Bengaluru,Bengaluru City,"PSI-2 Tumkur Rural PS, Office",PSI-2 Tumkur Rural PS,Office,2278381,,9364098490,,
Ranges,Central Range – Bengaluru,Bengaluru City,"PSI-1 Kora PS, Office",PSI-1 Kora PS,Office,2242006,,9480802949,,koratkr@ksp.gov.in
Ranges,Central Range – Bengaluru,Bengaluru City,"PSI-2 Kora PS, Office",PSI-2 Kora PS,Office,2242006,,9364098489,,
Ranges,Central Range – Bengaluru,Bengaluru City,"PSI-1 Bellavi PS, Office",PSI-1 Bellavi PS,Office,2240046,,9480802950,,bellavitkr@ksp.gov.in
Ranges,Central Range – Bengaluru,Bengaluru City,"PSI-2 Bellavi PS, Office",PSI-2 Bellavi PS,Office,2240046,,9364098493,,
Ranges,Central Range – Bengaluru,Bengaluru City,"DySP, Sira",DySP,Sira,08135-275184,,9480802921,,sdposiratkr@ksp.gov.in
Ranges,Central Range – Bengaluru,Bengaluru City,"CPI Sira Rural Circle, Office",CPI Sira Rural Circle,Office,275257,,9480802934,,cpisiraruraltkr@ksp.gov.in
Ranges,Central Range – Bengaluru,Bengaluru City,"PSI-1 Kallambella PS, Office",PSI-1 Kallambella PS,Office,274738,,9480802955,,kallambellatkr@ksp.gov.in
Ranges,Central Range – Bengaluru,Bengaluru City,"PSI-2 Kallambella PS, Office",PSI-2 Kallambella PS,Office,274738,,9364098518,,
Ranges,Central Range – Bengaluru,Bengaluru City,"PSI-1 Patta Nayakana Hally PS, Office",PSI-1 Patta Nayakana Hally PS,Office,271058,,9480802956,,pnhallitkr@ksp.gov.in
Ranges,Central Range – Bengaluru,Bengaluru City,"PSI-2 Patta Nayakana Hally PS, Office",PSI-2 Patta Nayakana Hally PS,Office,271058,,9364098527,,
Ranges,Central Range – Bengaluru,Bengaluru City,"PSI-1 Tavarekere PS, Office",PSI-1 Tavarekere PS,Office,272541,,9480802957,,tavarekeretkr@ksp.gov.in
Ranges,Central Range – Bengaluru,Bengaluru City,"PSI-2 Tavarekere PS, Office",PSI-2 Tavarekere PS,Office,272541,,9364098520,,
Ranges,Central Range – Bengaluru,Bengaluru City,"PI Sira Town, Office",PI Sira Town,Office,275237,,9480802958,,siratowntkr@ksp.gov.in
Ranges,Central Range – Bengaluru,Bengaluru City,"PSI-1 Sira PS, Office",PSI-1 Sira PS,Office,275237,,9364098521,,
Ranges,Central Range – Bengaluru,Bengaluru City,"PSI-2 Sira PS, Office",PSI-2 Sira PS,Office,275237,,9364098522,,
Ranges,Central Range – Bengaluru,Bengaluru City,"PSI-3 Sira PS, Office",PSI-3 Sira PS,Office,275237,,9364098523,,
Ranges,Central Range – Bengaluru,Bengaluru City,"PSI-4 Sira PS, Office",PSI-4 Sira PS,Office,275237,,9364098524,,
Ranges,Central Range – Bengaluru,Bengaluru City,"Bukkapatna OP, Office",Bukkapatna OP,Office,271509,,—,,
Ranges,Central Range – Bengaluru,Bengaluru City,"CPI Gubbi Circle, Office",CPI Gubbi Circle,Office,222210,,9480802935,,cpigubbitkr@ksp.gov.in
Ranges,Central Range – Bengaluru,Bengaluru City,"PSI-1 Gubbi PS, Office",PSI-1 Gubbi PS,Office,222229,,9480802959,,gubbitkr@ksp.gov.in
Ranges,Central Range – Bengaluru,Bengaluru City,"PSI-2 Gubbi PS, Office",PSI-2 Gubbi PS,Office,222229,,9364098519,,
Ranges,Central Range – Bengaluru,Bengaluru City,"PSI-1 C.S Pura PS, Office",PSI-1 C.S Pura PS,Office,246522,,9480802960,,cspuratkr@ksp.gov.in
Ranges,Central Range – Bengaluru,Bengaluru City,"PSI-2 C.S Pura PS, Office",PSI-2 C.S Pura PS,Office,246522,,9364098526,,
Ranges,Central Range – Bengaluru,Bengaluru City,"PSI-1 Chelur PS, Office",PSI-1 Chelur PS,Office,242222,,9480802961,,chelurtkr@ksp.gov.in
Ranges,Central Range – Bengaluru,Bengaluru City,"PSI-2 Chelur PS, Office",PSI-2 Chelur PS,Office,—,,9364098525,,
Ranges,Central Range – Bengaluru,Bengaluru City,"DySP, Kunigal",DySP,Kunigal,2202294,,9480802922,,sdpokunigaltkr@ksp.gov.in
Ranges,Central Range – Bengaluru,Bengaluru City,"PI Kunigal PS, Office",PI Kunigal PS,Office,220229,,9480802962,,kunigaltkr@ksp.gov.in
Ranges,Central Range – Bengaluru,Bengaluru City,"PSI-1 Kunigal PS, Office",PSI-1 Kunigal PS,Office,—,,9364098511,,
Ranges,Central Range – Bengaluru,Bengaluru City,"PSI-2 Kunigal PS, Office",PSI-2 Kunigal PS,Office,—,,9364098512,,
Ranges,Central Range – Bengaluru,Bengaluru City,"PSI-3 Kunigal PS, Office",PSI-3 Kunigal PS,Office,—,,9364098513,,
Ranges,Central Range – Bengaluru,Bengaluru City,"PSI-4 Kunigal PS, Office",PSI-4 Kunigal PS,Office,—,,9364098514,,
Ranges,Central Range – Bengaluru,Bengaluru City,"CPI Amruthur Circle, Office",CPI Amruthur Circle,Office,225229,,9480802936,,cpiamrutgurtkr@ksp.gov.in
Ranges,Central Range – Bengaluru,Bengaluru City,"PSI-1 Amruthur PS, Office",PSI-1 Amruthur PS,Office,—,,9480802963,,amrutgurtkr@ksp.gov.in
Ranges,Central Range – Bengaluru,Bengaluru City,"PSI-2 Amruthur PS, Office",PSI-2 Amruthur PS,Office,—,,9364098510,,
Ranges,Central Range – Bengaluru,Bengaluru City,"PSI-1 Huliyurdurga PS, Office",PSI-1 Huliyurdurga PS,Office,223338,,9480802964,,huliyurdurgatkr@ksp.gov.in
Ranges,Central Range – Bengaluru,Bengaluru City,"PSI-2 Huliyurdurga PS, Office",PSI-2 Huliyurdurga PS,Office,—,,9364098517,,
Ranges,Central Range – Bengaluru,Bengaluru City,"CPI Turuvekere Circle, Office",CPI Turuvekere Circle,Office,287466,,9480802937,,cpitvkeretkr@ksp.gov.in
Ranges,Central Range – Bengaluru,Bengaluru City,"PSI-1 Turuvekere PS, Office",PSI-1 Turuvekere PS,Office,287334,,9480802965,,turuvekeretkr@ksp.gov.in
Ranges,Central Range – Bengaluru,Bengaluru City,"PSI-2 Turuvekere PS, Office",PSI-2 Turuvekere PS,Office,287334,,9364098515,,
Ranges,Central Range – Bengaluru,Bengaluru City,"PSI-1 Dandinashivara PS, Office",PSI-1 Dandinashivara PS,Office,278355,,9480802966,,dshivaratkr@ksp.gov.in
Ranges,Central Range – Bengaluru,Bengaluru City,"PSI-2 Dandinashivara PS, Office",PSI-2 Dandinashivara PS,Office,—,,9364098516,,
Ranges,Central Range – Bengaluru,Bengaluru City,"DySP, Tiptur",DySP,Tiptur,08134-251084,,9480802923,,sdpotipturtkr@ksp.gov.in
Ranges,Central Range – Bengaluru,Bengaluru City,"PI Tiptur Town PS, Office",PI Tiptur Town PS,Office,251041,,9480802970,,tipturtowntkr@ksp.gov.in
Ranges,Central Range – Bengaluru,Bengaluru City,"PSI-1 Tiptur Town PS, Office",PSI-1 Tiptur Town PS,Office,251041,,9364098501,,
Ranges,Central Range – Bengaluru,Bengaluru City,"PSI-2 Tiptur Town PS, Office",PSI-2 Tiptur Town PS,Office,251041,,9364098502,,
Ranges,Central Range – Bengaluru,Bengaluru City,"PI Tipatur Rural PS, Office",PI Tipatur Rural PS,Office,251007,,9480802967,,tipturruraltkr@ksp.gov.in
Ranges,Central Range – Bengaluru,Bengaluru City,"PSI-1 Tipatur Rural PS, Office",PSI-1 Tipatur Rural PS,Office,251007,,9364098470,,
Ranges,Central Range – Bengaluru,Bengaluru City,"PSI-2 Tipatur Rural PS, Office",PSI-2 Tipatur Rural PS,Office,—,,9364098471,,
Ranges,Central Range – Bengaluru,Bengaluru City,"CPI Tiptur Rural Circle, Office",CPI Tiptur Rural Circle,Office,2513827,,9480802938,,cpitipturruraltkr@ksp.gov.in
Ranges,Central Range – Bengaluru,Bengaluru City,"PSI-1 Honnavalli PS, Office",PSI-1 Honnavalli PS,Office,264710,,9480802968,,honnavallitkr@ksp.gov.in
Ranges,Central Range – Bengaluru,Bengaluru City,"PSI-2 Honnavalli PS, Office",PSI-2 Honnavalli PS,Office,264710,,9364098503,,
Ranges,Central Range – Bengaluru,Bengaluru City,"PSI-1 Nonavinakere PS, Office",PSI-1 Nonavinakere PS,Office,258024,,9480802969,,nvkeretke@ksp.gov.in
Ranges,Central Range – Bengaluru,Bengaluru City,"PSI-2 Nonavinakere PS, Office",PSI-2 Nonavinakere PS,Office,258024,,9364098508,,
Ranges,Central Range – Bengaluru,Bengaluru City,"PSI-1 K.B. Cross PS, Office",PSI-1 K.B. Cross PS,Office,262055,,9480802989,,kbcrosstkr@ksp.gov.in
Ranges,Central Range – Bengaluru,Bengaluru City,"PSI-2 K.B. Cross PS, Office",PSI-2 K.B. Cross PS,Office,262055,,9364098505,,
Ranges,Central Range – Bengaluru,Bengaluru City,"CPI C.N.Halli Circle, Office",CPI C.N.Halli Circle,Office,267234,,9480802939,,cpicnhallitkr@ksp.gov.in
Ranges,Central Range – Bengaluru,Bengaluru City,"PSI-1 C.N. Halli PS, Office",PSI-1 C.N. Halli PS,Office,267234,,9480802971,,
Ranges,Central Range – Bengaluru,Bengaluru City,"PSI-2 C.N. Halli PS, Office",PSI-2 C.N. Halli PS,Office,267234,,9364098506,,
Ranges,Central Range – Bengaluru,Bengaluru City,"PSI-1 Huliyar PS, Office",PSI-1 Huliyar PS,Office,256150,,9480802972,,huliyartkr@ksp.gov.in
Ranges,Central Range – Bengaluru,Bengaluru City,"PSI-2 Huliyar PS, Office",PSI-2 Huliyar PS,Office,256150,,9364098509,,
Ranges,Central Range – Bengaluru,Bengaluru City,"PSI-1 Handanakere PS, Office",PSI-1 Handanakere PS,Office,257660,,9480802973,,handanakeretkr@ksp.gov.in
Ranges,Central Range – Bengaluru,Bengaluru City,"PSI-2 Handanakere PS, Office",PSI-2 Handanakere PS,Office,257660,,9364098507,,
Ranges,Central Range – Bengaluru,Bengaluru City,"DySP, Madhugiri",DySP,Madhugiri,282378,,9480802924,,sdpomadhugiritkr@ksp.gov.in
Ranges,Central Range – Bengaluru,Bengaluru City,"CPI Madhugiri Circle, Office",CPI Madhugiri Circle,Office,282381,,9480802940,,cpimadhugiritkr@ksp.gov.in
Ranges,Central Range – Bengaluru,Bengaluru City,"PSI-1 Madhugiri PS, Office",PSI-1 Madhugiri PS,Office,282381,,9480802974,,
Ranges,Central Range – Bengaluru,Bengaluru City,"PSI-2 Madhugiri PS, Office",PSI-2 Madhugiri PS,Office,282381,,9364098528,,
Ranges,Central Range – Bengaluru,Bengaluru City,"PSI-1 Kodigenahalli PS, Office",PSI-1 Kodigenahalli PS,Office,279534,,9480802975,,kodigenahallitkr@ksp.gov.in
Ranges,Central Range – Bengaluru,Bengaluru City,"PSI-2 Kodigenahalli PS, Office",PSI-2 Kodigenahalli PS,Office,279534,,9364098534,,
Ranges,Central Range – Bengaluru,Bengaluru City,"PSI-1 Midigeshi PS, Office",PSI-1 Midigeshi PS,Office,278634,,9480802976,,midigeshitkr@ksp.gov.in
Ranges,Central Range – Bengaluru,Bengaluru City,"PSI-2 Midigeshi PS, Office",PSI-2 Midigeshi PS,Office,278634,,9364098535,,
Ranges,Central Range – Bengaluru,Bengaluru City,"PI Badavanahalli PS, Office",PI Badavanahalli PS,Office,284901,,9480802982,,badavanahallitkr@ksp.gov.in
Ranges,Central Range – Bengaluru,Bengaluru City,"PSI-1 B D Halli PS, Office",PSI-1 B D Halli PS,Office,284901,,9364098529,,
Ranges,Central Range – Bengaluru,Bengaluru City,"PSI-2 B D Halli PS, Office",PSI-2 B D Halli PS,Office,284901,,9364098530,,
Ranges,Central Range – Bengaluru,Bengaluru City,"PI Pavagada (T) PS, Office",PI Pavagada (T) PS,Office,245666,,9480802941,,pavagadatkr@ksp.gov.in
Ranges,Central Range – Bengaluru,Bengaluru City,"PSI-1 Pavagada (T) PS, Office",PSI-1 Pavagada (T) PS,Office,—,,9480802977,,
Ranges,Central Range – Bengaluru,Bengaluru City,"PSI-2 Pavagada (T) PS, Office",PSI-2 Pavagada (T) PS,Office,—,,9364098531,,
Ranges,Central Range – Bengaluru,Bengaluru City,"PSI-3 Pavagada (T) PS, Office",PSI-3 Pavagada (T) PS,Office,—,,9364098532,,
Ranges,Central Range – Bengaluru,Bengaluru City,"PSI-4 Pavagada (T) PS, Office",PSI-4 Pavagada (T) PS,Office,—,,9364098533,,
Ranges,Central Range – Bengaluru,Bengaluru City,"CPI Pavagada Rural Circle, Office",CPI Pavagada Rural Circle,Office,—,,9480802942,,cpipavagadaruraltkr@ksp.gov.in
Ranges,Central Range – Bengaluru,Bengaluru City,"PSI-1 Arasikere PS, Office",PSI-1 Arasikere PS,Office,248433,,9480802978,,arasikeretkr@ksp.gov.in
Ranges,Central Range – Bengaluru,Bengaluru City,"PSI-2 Arasikere PS, Office",PSI-2 Arasikere PS,Office,248433,,9364098536,,
Ranges,Central Range – Bengaluru,Bengaluru City,"PSI-1 Thirumani PS, Office",PSI-1 Thirumani PS,Office,240047,,9480802980,,thirumanitkr@ksp.gov.in
Ranges,Central Range – Bengaluru,Bengaluru City,"PSI-2 Thirumani PS, Office",PSI-2 Thirumani PS,Office,240047,,9364098537,,
Ranges,Central Range – Bengaluru,Bengaluru City,"PSI-1 Y.N.Hosakote PS, Office",PSI-1 Y.N.Hosakote PS,Office,247635,,9480802979,,ynhosakotetkr@ksp.gov.in
Ranges,Central Range – Bengaluru,Bengaluru City,"PSI-2 Y.N.Hosakote PS, Office",PSI-2 Y.N.Hosakote PS,Office,247635,,9364098540,,
Ranges,Central Range – Bengaluru,Bengaluru City,"CPI Koratagere Circle, Office",CPI Koratagere Circle,Office,232136,,9480802954,,cpikoratageretkr@ksp.gov.in
Ranges,Central Range – Bengaluru,Bengaluru City,"PSI-1 Koratagere PS, Office",PSI-1 Koratagere PS,Office,232136,,9480802988,,koratageretkr@ksp.gov.in
Ranges,Central Range – Bengaluru,Bengaluru City,"PSI-2 Koratagere PS, Office",PSI-2 Koratagere PS,Office,232136,,9364098538,,
Ranges,Central Range – Bengaluru,Bengaluru City,"PSI-1 Kolala PS, Office",PSI-1 Kolala PS,Office,236648,,9480802987,,kolalapstkr@ksp.gov.in
Ranges,Central Range – Bengaluru,Bengaluru City,"PSI-2 Kolala PS, Office",PSI-2 Kolala PS,Office,236648,,9364098539,,
Ranges,Central Range – Bengaluru,Bengaluru City,"AAO, Office",AAO,Office,2271580,,—,,
Ranges,Central Range – Bengaluru,Bengaluru City,"DySP DCRE, Office",DySP DCRE,Office,0816-2260824,,9480806117,,
Ranges,Central Range – Bengaluru,Bengaluru City,"DySP DAR, Office",DySP DAR,Office,2285031,,9480802906,,dartkr@ksp.gov.in
Ranges,Central Range – Bengaluru,Bengaluru City,"PI DSB, Office",PI DSB,Office,2278140,,9480802907,,dsbtkr@ksp.gov.in
Ranges,Central Range – Bengaluru,Bengaluru City,"PSI DSB, Office",PSI DSB,Office,—,,9364098480,,
Ranges,Central Range – Bengaluru,Bengaluru City,"PI DCRB, Office",PI DCRB,Office,2271789,,9480802909,,
Ranges,Central Range – Bengaluru,Bengaluru City,"PSI-1 DCRB, Office",PSI-1 DCRB,Office,—,,9364098466,,
Ranges,Central Range – Bengaluru,Bengaluru City,"PSI-2 DCRB, Office",PSI-2 DCRB,Office,—,,9364098467,,
Ranges,Central Range – Bengaluru,Bengaluru City,"DySP INT, Office",DySP INT,Office,2277554,,9449878627,,piinttkr@ksp.gov.in
Ranges,Central Range – Bengaluru,Bengaluru City,"PI FPB, Office",PI FPB,Office,—,,9480802910,,
Ranges,Central Range – Bengaluru,Bengaluru City,"PSI FPB, Office",PSI FPB,Office,—,,9364098488,,
Ranges,Central Range – Bengaluru,Bengaluru City,"DySP ACB, Office",DySP ACB,Office,2255522,,9480806221,,
Ranges,Central Range – Bengaluru,Bengaluru City,"PI ISD, Office",PI ISD,Office,—,,9480800703,,
Ranges,Central Range – Bengaluru,Bengaluru City,"PI Cyber Crime PS, Office",PI Cyber Crime PS,Office,2271479,,9480802908,,picentkr@ksp.gov.in
Ranges,Central Range – Bengaluru,Bengaluru City,"PSI-1 Cyber Crime PS, Office",PSI-1 Cyber Crime PS,Office,—,,9364098491,,pidcbtkr@ksp.gov.in
Ranges,Central Range – Bengaluru,Bengaluru City,"PSI-2 Cyber Crime PS, Office",PSI-2 Cyber Crime PS,Office,—,,9364098492,,
Ranges,Central Range – Bengaluru,Bengaluru City,"PI CIB, Office",PI CIB,Office,2260050,,—,,
Ranges,Central Range – Bengaluru,Bengaluru City,"RPI DAR, Office",RPI DAR,Office,—,,9480802983,,
Ranges,Central Range – Bengaluru,Bengaluru City,"RPI DAR (MTO), Office",RPI DAR (MTO),Office,—,,9480802984,,
Ranges,Central Range – Bengaluru,Bengaluru City,"RSI DAR (multiple entries), Office",RSI DAR (multiple entries),Office,—,,9364098481 to 9364098486,,
Ranges,Central Range – Bengaluru,Bengaluru City,"PI BESCOM Vigilance, Office",PI BESCOM Vigilance,Office,—,,9448094812,,
Ranges,Central Range – Bengaluru,Bengaluru City,"DC, Office",DC,Office,0816-2272480,,2278312,,
Ranges,Central Range – Bengaluru,Bengaluru City,"CEO ZP, Office",CEO ZP,Office,0816-2272898,,—,,
Ranges,Central Range – Bengaluru,Bengaluru City,"RTO Tumkur, Office",RTO Tumkur,Office,0816-2278473,,—,,
Ranges,Central Range – Bengaluru,Bengaluru City,"Home Guard, Office",Home Guard,Office,0816-2278460,,—,,
Ranges,Central Range – Bengaluru,Bengaluru City,"District Session Judge, Office",District Session Judge,Office,0816-2278273,,—,,
Ranges,Central Range – Bengaluru,Bengaluru City,"Public Prosecutor, Office",Public Prosecutor,Office,0816-2272885,,—,,
Ranges,Central Range – Bengaluru,Bengaluru City,"DHO, Office",DHO,Office,0816-2278387,,0816-2252025,,
Ranges,Central Range – Bengaluru,Bengaluru City,"Fire Office, Office",Fire Office,Office,0816-2283101,,—,,
Ranges,Central Range – Bengaluru,Bengaluru City,"DySP Excise, Office",DySP Excise,Office,2272927,,—,,
Ranges,Central Range – Bengaluru,Bengaluru City,"District Fire Officer, Office",District Fire Officer,Office,2283101,,—,,
Ranges,Central Range – Bengaluru,Bengaluru City,"Forest Officer, Office",Forest Officer,Office,2201196,,—,,
Ranges,Central Range – Bengaluru,Bengaluru City,"DC KSRTC, Office",DC KSRTC,Office,2257149,,7760990900,,
Ranges,Central Range – Bengaluru,Bengaluru City,"D.D, Women & Child Welfare Department",D.D,Women & Child Welfare Department,2272590,,—,,
Ranges,Central Range – Bengaluru,Bengaluru City,"Tahsildar Koratagere, Office",Tahsildar Koratagere,Office,08138-232153,,—,,
Ranges,Central Range – Bengaluru,Bengaluru City,"Tahsildar Madhugiri, Office",Tahsildar Madhugiri,Office,08137-295533,,—,,